unix_timestamp,esc_data
1788186328.1171649,-4,-2,7,4,17595,20573,12117,21128,1175322,1175323,1175325,1175326,0,0,0,0
1788186328.1368606,3,2,-1,2,17597,20571,12115,21129,1175352,1175353,1175355,1175356,0,0,0,0
1788186328.2501283,1,4,-4,-3,17598,20570,12114,21131,1175412,1175413,1175415,1175416,0,0,0,0
1788186328.3178213,1,0,-1,-5,17600,20567,12111,21132,1175442,1175443,1175445,1175446,0,0,0,0
1788186328.333655,2,-2,-2,-1,17603,20565,12109,21135,1175472,1175473,1175475,1175476,0,0,0,0
1788186328.3973641,4,-3,-3,-5,17606,20562,12106,21138,1175502,1175503,1175505,1175506,0,0,0,0
1788186328.5256367,3,-1,-1,-2,17610,20559,12102,21141,1175562,1175563,1175565,1175566,0,0,0,0
1788186328.6418166,-2,-3,-2,2,17609,20560,12104,21140,1175592,1175593,1175595,1175596,0,0,0,0
1788186328.6492488,-5,4,-1,3,17606,20563,12107,21136,1175652,1175653,1175655,1175656,0,0,0,0
1788186328.7331824,-2,1,2,1,17609,20560,12104,21141,1175682,1175683,1175685,1175686,0,0,0,0
1788186328.7685888,5,4,0,0,17613,20556,12099,21145,1175712,1175713,1175715,1175716,0,0,0,0
1788186328.9353256,2,3,1,0,17616,20552,12097,21148,1175742,1175743,1175745,1175746,0,0,0,0
1788186328.940882,0,0,-3,-2,17617,20553,12099,21148,1175802,1175803,1175805,1175806,0,0,0,0
1788186329.0532527,4,-3,-5,-4,17614,20553,12098,21145,1175832,1175833,1175835,1175836,0,0,0,0
1788186329.0587363,2,1,3,0,17618,20549,12095,21149,1175892,1175893,1175895,1175896,0,0,0,0
1788186329.1427836,-1,-1,-3,0,17622,20545,12090,21154,1175922,1175923,1175925,1175926,0,0,0,0
1788186329.1573946,-2,-2,0,-3,17624,20541,12088,21156,1175952,1175953,1175955,1175956,0,0,0,0
1788186329.2745605,-2,-5,-4,0,17626,20540,12086,21158,1176012,1176013,1176015,1176016,0,0,0,0
1788186329.343694,0,1,-1,2,17626,20540,12086,21158,1176042,1176043,1176045,1176046,0,0,0,0
1788186329.3573527,-3,1,0,-1,17627,20539,12086,21158,1176072,1176073,1176075,1176076,0,0,0,0
1788186329.468398,3,-2,0,-3,17627,20539,12085,21158,1176102,1176103,1176105,1176106,0,0,0,0
1788186329.5513217,-4,-6,-6,0,17624,20541,12088,21156,1176192,1176193,1176195,1176196,0,0,0,0
1788186329.5838373,1,0,-5,0,17624,20540,12086,21157,1176222,1176223,1176225,1176226,0,0,0,0
1788186329.7291079,0,3,3,-6,17628,20536,12083,21160,1176282,1176283,1176285,1176286,0,0,0,0
1788186329.7291079,3,1,-2,0,17628,20537,12083,21160,1176312,1176313,1176315,1176316,0,0,0,0
1788186329.8426778,0,0,-6,0,17625,20538,12086,21158,1176372,1176373,1176375,1176376,0,0,0,0
1788186329.9482255,-5,1,-7,0,17627,20537,12084,21159,1176402,1176403,1176405,1176406,0,0,0,0
1788186329.9640326,-1,0,-11,-4,17630,20535,12081,21161,1176432,1176433,1176435,1176436,0,0,0,0
1788186329.9640326,-1,3,-1,-2,17629,20537,12082,21160,1176462,1176463,1176465,1176466,0,0,0,0
1788186330.0762665,-3,4,-6,1,17630,20535,12082,21162,1176522,1176523,1176525,1176526,0,0,0,0
1788186330.1271334,-3,2,5,4,17632,20533,12079,21163,1176552,1176553,1176555,1176556,0,0,0,0
1788186330.177486,4,1,-5,9,17633,20531,12077,21164,1176582,1176583,1176585,1176586,0,0,0,0
1788186330.2596803,3,-5,3,-8,17634,20531,12077,21165,1176612,1176613,1176615,1176616,0,0,0,0
1788186330.3628228,1,-2,-2,1,17634,20531,12076,21164,1176642,1176643,1176645,1176646,0,0,0,0
1788186330.378663,-2,0,2,1,17634,20532,12078,21164,1176702,1176703,1176705,1176706,0,0,0,0
1788186330.5031962,-2,-2,-3,1,17635,20531,12076,21166,1176732,1176733,1176735,1176736,0,0,0,0
1788186330.5674703,0,4,-8,-2,17635,20530,12076,21165,1176792,1176793,1176795,1176796,0,0,0,0
1788186330.6320512,0,4,11,-2,17633,20532,12078,21164,1176822,1176823,1176825,1176826,0,0,0,0
1788186330.7311463,-1,-3,-1,1,17633,20533,12078,21163,1176852,1176853,1176855,1176856,0,0,0,0
1788186330.7311463,1,-1,-1,2,17636,20529,12075,21166,1176912,1176913,1176915,1176916,0,0,0,0
1788186330.8595338,-3,0,1,6,17636,20530,12075,21167,1176972,1176973,1176975,1176976,0,0,0,0
1788186330.9828744,0,-2,-2,-1,17634,20531,12077,21165,1177032,1177033,1177035,1177036,0,0,0,0
1788186330.9990108,0,3,7,-2,17635,20529,12075,21167,1177062,1177063,1177065,1177066,0,0,0,0
1788186331.095967,-1,2,-3,-2,17636,20529,12074,21167,1177092,1177093,1177095,1177096,0,0,0,0
1788186331.1573615,1,3,1,2,17638,20527,12073,21168,1177152,1177153,1177155,1177156,0,0,0,0
1788186331.1979344,-1,6,5,-4,17639,20527,12073,21170,1177182,1177183,1177185,1177186,0,0,0,0
1788186331.246442,3,-5,-1,4,17662,20514,12064,21189,1177212,1177213,1177215,1177216,0,0,0,0
1788186331.3540087,26,-18,-23,25,17953,20224,11820,21487,1177242,1177243,1177245,1177246,0,0,0,0
1788186331.3540087,90,-65,-50,64,19512,19112,10849,22517,1177272,1177273,1177275,1177276,0,0,0,0
1788186331.3915563,87,-63,-64,66,21556,17483,9100,24195,1177302,1177303,1177305,1177306,0,0,0,0
1788186331.4762385,75,-78,-82,78,23569,15548,6988,26321,1177332,1177333,1177335,1177336,0,0,0,0
1788186331.5793571,74,-79,-91,87,25922,13476,4792,28587,1177362,1177363,1177365,1177366,0,0,0,0
1788186331.5793571,69,-63,-88,63,28159,11493,2608,30693,1177392,1177393,1177395,1177396,0,0,0,0
1788186331.59253,66,-55,-72,52,30107,9657,688,32469,1177422,1177423,1177425,1177426,0,0,0,0
1788186331.698504,49,-36,-44,39,335,7149,30566,2282,1177482,1177483,1177485,1177486,0,0,0,0
1788186331.782075,54,-43,-49,37,1577,6086,29278,3367,1177512,1177513,1177515,1177516,0,0,0,0
1788186331.7956939,61,-41,-60,34,3020,5005,27829,4534,1177542,1177543,1177545,1177546,0,0,0,0
1788186331.857632,50,-46,-67,32,4721,3872,26060,5646,1177572,1177573,1177575,1177576,0,0,0,0
1788186331.8997152,69,-53,-68,46,6681,2599,24122,7013,1177602,1177603,1177605,1177606,0,0,0,0
1788186331.9938295,80,-56,-63,63,8719,1117,22004,8448,1177632,1177633,1177635,1177636,0,0,0,0
1788186332.0958543,65,-60,-82,54,10746,32403,19896,10158,1177662,1177663,1177665,1177666,0,0,0,0
1788186332.1971302,68,-52,-57,51,14642,29267,16081,13183,1177722,1177723,1177725,1177726,0,0,0,0
1788186332.1971302,49,-45,-58,53,16300,27977,14434,14491,1177752,1177753,1177755,1177756,0,0,0,0
1788186332.2176182,57,-40,-52,54,17877,26719,12891,15777,1177782,1177783,1177785,1177786,0,0,0,0
1788186332.3172019,52,-39,-74,46,21024,24210,9679,18251,1177842,1177843,1177845,1177846,0,0,0,0
1788186332.4056816,73,-54,-65,41,22883,22982,7841,19505,1177872,1177873,1177875,1177876,0,0,0,0
1788186332.4056816,70,-49,-64,47,24742,21612,5867,20946,1177902,1177903,1177905,1177906,0,0,0,0
1788186332.523411,69,-49,-79,50,26712,20202,3877,22245,1177932,1177933,1177935,1177936,0,0,0,0
1788186332.523411,70,-50,-78,56,28683,18781,1859,23669,1177962,1177963,1177965,1177966,0,0,0,0
1788186332.6186798,60,-45,-66,58,30490,17329,96,25153,1177992,1177993,1177995,1177996,0,0,0,0
1788186332.6348107,70,-49,-54,43,32246,15955,31203,26530,1178022,1178023,1178025,1178026,0,0,0,0
1788186332.7471948,48,-57,-59,45,1010,14572,29648,27954,1178052,1178053,1178055,1178056,0,0,0,0
1788186332.7471948,55,-52,-56,56,2619,13124,28067,29439,1178082,1178083,1178085,1178086,0,0,0,0
1788186332.8265998,52,-54,-67,48,5692,10169,24924,32484,1178142,1178143,1178145,1178146,0,0,0,0
1788186332.8265998,62,-67,-59,58,7230,8571,23417,1222,1178172,1178173,1178175,1178176,0,0,0,0
1788186332.954611,54,-45,-53,59,8885,7001,21804,2862,1178202,1178203,1178205,1178206,0,0,0,0
1788186332.970335,64,-62,-53,69,11987,3686,18567,6268,1178262,1178263,1178265,1178266,0,0,0,0
1788186333.0351691,51,-59,-53,47,13598,2040,16965,7907,1178292,1178293,1178295,1178296,0,0,0,0
1788186333.0882893,51,-63,-57,67,15045,385,15489,9539,1178322,1178323,1178325,1178326,0,0,0,0
1788186333.2330687,40,-71,-46,57,17922,29931,12689,12880,1178382,1178383,1178385,1178386,0,0,0,0
1788186333.2811697,57,-63,-50,64,19324,28237,11308,14540,1178412,1178413,1178415,1178416,0,0,0,0
1788186333.2970455,42,-37,-51,38,20731,26644,9938,16236,1178442,1178443,1178445,1178446,0,0,0,0
1788186333.442961,-5,-8,-6,14,22145,25085,8819,17714,1178502,1178503,1178505,1178506,0,0,0,0
1788186333.4591045,-21,11,9,-15,21582,25127,9013,17671,1178532,1178533,1178535,1178536,0,0,0,0
1788186333.5726023,-30,24,20,-9,20364,26225,10079,16499,1178592,1178593,1178595,1178596,0,0,0,0
1788186333.640865,-18,11,15,-12,19778,26644,10562,16001,1178622,1178623,1178625,1178626,0,0,0,0
1788186333.6567886,-7,8,3,-6,19509,26885,10873,15758,1178652,1178653,1178655,1178656,0,0,0,0
1788186333.7528436,-3,3,6,-3,19386,27015,11006,15617,1178682,1178683,1178685,1178686,0,0,0,0
1788186333.8524318,-4,1,2,-5,19292,27105,11099,15524,1178712,1178713,1178715,1178716,0,0,0,0
1788186333.8524318,-4,5,-2,-4,19142,27258,11242,15378,1178772,1178773,1178775,1178776,0,0,0,0
1788186334.0594032,-1,5,0,-3,19042,27363,11328,15287,1178892,1178893,1178895,1178896,0,0,0,0
1788186334.1696954,-1,2,0,0,19064,27342,11310,15307,1178952,1178953,1178955,1178956,0,0,0,0
1788186334.2622123,0,-3,5,-1,19068,27340,11308,15309,1178982,1178983,1178985,1178986,0,0,0,0
1788186334.2745457,1,0,2,0,19065,27345,11311,15304,1179012,1179013,1179015,1179016,0,0,0,0
1788186334.3954618,-1,-1,7,-4,19056,27354,11319,15295,1179072,1179073,1179075,1179076,0,0,0,0
1788186334.4626803,2,-2,-2,0,19060,27350,11315,15300,1179132,1179133,1179135,1179136,0,0,0,0
1788186334.5737286,-3,3,-5,-1,19060,27349,11315,15299,1179192,1179193,1179195,1179196,0,0,0,0
1788186334.6638167,-2,-4,-3,-3,19059,27351,11316,15298,1179222,1179223,1179225,1179226,0,0,0,0
1788186334.6638167,0,-3,-6,1,19060,27351,11315,15299,1179252,1179253,1179255,1179256,0,0,0,0
1788186334.7158039,-1,-1,-2,-4,19062,27348,11313,15301,1179282,1179283,1179285,1179286,0,0,0,0
1788186334.799561,-1,-3,-2,-2,19063,27346,11312,15302,1179312,1179313,1179315,1179316,0,0,0,0
1788186334.8172665,2,2,-10,1,19069,27342,11303,15309,1179342,1179343,1179345,1179346,0,0,0,0
1788186334.8785925,14,-16,-11,17,19241,27141,11145,15504,1179372,1179373,1179375,1179376,0,0,0,0
1788186334.9101098,86,-62,-42,38,20319,26252,10368,16277,1179402,1179403,1179405,1179406,0,0,0,0
1788186335.0377822,83,-50,-67,82,22558,24555,8783,18000,1179432,1179433,1179435,1179436,0,0,0,0
1788186335.0860543,77,-74,-85,76,26682,20761,4592,22236,1179492,1179493,1179495,1179496,0,0,0,0
1788186335.1553235,68,-65,-74,63,28953,18685,2346,24411,1179522,1179523,1179525,1179526,0,0,0,0
1788186335.2457314,69,-53,-68,61,31015,16897,302,26255,1179552,1179553,1179555,1179556,0,0,0,0
1788186335.2827067,53,-42,-50,36,1431,14285,29989,28997,1179612,1179613,1179615,1179616,0,0,0,0
1788186335.357023,51,-33,-55,32,2811,13318,28704,30075,1179642,1179643,1179645,1179646,0,0,0,0
1788186335.4565012,57,-46,-64,45,5805,11211,25618,32286,1179702,1179703,1179705,1179706,0,0,0,0
1788186335.4890156,86,-50,-73,50,7639,9842,23770,802,1179732,1179733,1179735,1179736,0,0,0,0
1788186335.5577402,71,-67,-66,46,9573,8313,21769,2320,1179762,1179763,1179765,1179766,0,0,0,0
1788186335.5787897,62,-64,-65,74,11600,6843,19688,3970,1179792,1179793,1179795,1179796,0,0,0,0
1788186335.6137218,67,-61,-74,54,13603,5181,17679,5638,1179822,1179823,1179825,1179826,0,0,0,0
1788186335.7729049,72,-54,-69,59,15425,3644,15935,7207,1179852,1179853,1179855,1179856,0,0,0,0
1788186335.7797732,69,-39,-63,59,17218,2377,14177,8467,1179882,1179883,1179885,1179886,0,0,0,0
1788186335.7797732,53,-42,-53,53,18846,1081,12492,9747,1179912,1179913,1179915,1179916,0,0,0,0
1788186335.8849454,66,-32,-68,46,20563,32724,10830,10889,1179942,1179943,1179945,1179946,0,0,0,0
1788186335.8849454,71,-44,-72,54,24006,30285,7292,13318,1180002,1180003,1180005,1180006,0,0,0,0
1788186336.0026405,70,-54,-69,46,27821,27596,3565,16139,1180062,1180063,1180065,1180066,0,0,0,0
1788186336.1063244,73,-62,-78,49,29641,26203,1549,17504,1180092,1180093,1180095,1180096,0,0,0,0
1788186336.1063244,69,-56,-72,57,31599,24719,32493,18930,1180122,1180123,1180125,1180126,0,0,0,0
1788186336.1385267,61,-46,-66,66,664,23315,30754,20388,1180152,1180153,1180155,1180156,0,0,0,0
1788186336.2359548,65,-57,-71,48,3875,20574,27468,23195,1180212,1180213,1180215,1180216,0,0,0,0
1788186336.3097036,55,-67,-51,64,5456,19068,25867,24703,1180242,1180243,1180245,1180246,0,0,0,0
1788186336.3257518,48,-57,-54,58,6982,17495,24291,26278,1180272,1180273,1180275,1180276,0,0,0,0
1788186336.453846,60,-61,-60,66,10169,14292,21237,29448,1180332,1180333,1180335,1180336,0,0,0,0
1788186336.5022674,56,-49,-47,58,11676,12719,19542,31062,1180362,1180363,1180365,1180366,0,0,0,0
1788186336.5615797,61,-58,-72,48,13324,11232,17988,32703,1180392,1180393,1180395,1180396,0,0,0,0
1788186336.6620157,48,-58,-54,69,14863,9581,16426,1560,1180422,1180423,1180425,1180426,0,0,0,0
1788186336.677852,42,-56,-52,49,16357,7870,14911,3166,1180452,1180453,1180455,1180456,0,0,0,0
1788186336.7197604,56,-64,-60,54,17973,6346,13445,4827,1180482,1180483,1180485,1180486,0,0,0,0
1788186336.7712476,61,-50,-56,68,19426,4662,11929,6415,1180512,1180513,1180515,1180516,0,0,0,0
1788186336.9253373,54,-61,-48,87,22271,1377,9144,9864,1180572,1180573,1180575,1180576,0,0,0,0
1788186336.9355526,40,-49,-43,39,23527,32559,7904,11361,1180602,1180603,1180605,1180606,0,0,0,0
1788186336.936546,16,-19,-32,15,24363,31507,7287,12178,1180632,1180633,1180635,1180636,0,0,0,0
1788186337.0545115,15,-17,-10,12,24939,31150,6838,12809,1180662,1180663,1180665,1180666,0,0,0,0
1788186337.0545115,7,-7,-2,-3,25211,30867,6602,12908,1180692,1180693,1180695,1180696,0,0,0,0
1788186337.1373026,-6,-1,-1,-2,25223,30849,6594,12907,1180722,1180723,1180725,1180726,0,0,0,0
1788186337.1373026,-4,7,4,-3,25153,30933,6674,12842,1180752,1180753,1180755,1180756,0,0,0,0
1788186337.2530022,-4,5,3,-7,25053,31025,6759,12769,1180782,1180783,1180785,1180786,0,0,0,0
1788186337.3221002,-6,8,5,-2,24881,31167,6893,12647,1180842,1180843,1180845,1180846,0,0,0,0
1788186337.386206,2,1,2,-3,24818,31214,6942,12600,1180872,1180873,1180875,1180876,0,0,0,0
1788186337.386206,3,3,3,-3,24771,31254,6985,12562,1180902,1180903,1180905,1180906,0,0,0,0
1788186337.532753,3,3,-1,0,24738,31277,7009,12536,1180932,1180933,1180935,1180936,0,0,0,0
1788186337.5466764,-2,-4,-5,2,24717,31292,7027,12521,1180992,1180993,1180995,1180996,0,0,0,0
1788186337.6652536,0,-3,5,2,24729,31283,7016,12532,1181052,1181053,1181055,1181056,0,0,0,0
1788186337.756078,2,5,4,4,24732,31281,7014,12534,1181082,1181083,1181085,1181086,0,0,0,0
1788186337.756078,2,-2,0,0,24729,31282,7017,12531,1181112,1181113,1181115,1181116,0,0,0,0
1788186337.8576663,5,2,0,-1,24725,31286,7020,12528,1181142,1181143,1181145,1181146,0,0,0,0
1788186337.936042,-7,-2,-1,-1,24723,31288,7023,12526,1181172,1181173,1181175,1181176,0,0,0,0
1788186337.9517214,-3,5,-4,-1,24724,31288,7023,12527,1181202,1181203,1181205,1181206,0,0,0,0
1788186338.0670538,7,1,-3,-1,24729,31283,7018,12531,1181262,1181263,1181265,1181266,0,0,0,0
1788186338.14751,-2,1,-3,-3,24726,31286,7021,12529,1181352,1181353,1181355,1181356,0,0,0,0
1788186338.273807,-2,-5,1,-1,24725,31287,7023,12527,1181412,1181413,1181415,1181416,0,0,0,0
1788186338.3601627,-5,0,-1,0,24727,31289,7025,12527,1181442,1181443,1181445,1181446,0,0,0,0
1788186338.3856993,4,-4,12,4,24728,31287,7024,12530,1181472,1181473,1181475,1181476,0,0,0,0
1788186338.418117,7,-9,0,5,24774,31250,6989,12571,1181502,1181503,1181505,1181506,0,0,0,0
1788186338.497616,80,-78,-52,50,26736,29504,5378,14048,1181562,1181563,1181565,1181566,0,0,0,0
1788186338.5183694,66,-63,-66,70,28876,27751,3408,15938,1181592,1181593,1181595,1181596,0,0,0,0
1788186338.610832,93,-75,-77,82,30856,25731,1299,17923,1181622,1181623,1181625,1181626,0,0,0,0
1788186338.6269464,82,-70,-87,80,305,23612,31820,20124,1181652,1181653,1181655,1181656,0,0,0,0
1788186338.7238529,71,-68,-77,54,2411,21677,29732,22135,1181682,1181683,1181685,1181686,0,0,0,0
1788186338.7238529,67,-57,-65,60,4358,19935,27782,23896,1181712,1181713,1181715,1181716,0,0,0,0
1788186338.8145819,49,-42,-55,50,5882,18565,26214,25291,1181742,1181743,1181745,1181746,0,0,0,0
1788186338.8145819,50,-33,-52,39,7226,17369,24854,26404,1181772,1181773,1181775,1181776,0,0,0,0
1788186338.9533684,49,-34,-55,43,8638,16386,23667,27454,1181802,1181803,1181805,1181806,0,0,0,0
1788186338.9533684,65,-38,-54,40,10048,15376,22060,28461,1181832,1181833,1181835,1181836,0,0,0,0
1788186339.0436993,53,-55,-83,57,11710,14192,20346,29725,1181862,1181863,1181865,1181866,0,0,0,0
1788186339.0577033,68,-54,-79,54,13765,12878,18353,31085,1181892,1181893,1181895,1181896,0,0,0,0
1788186339.1510544,75,-50,-69,51,15928,11373,16186,32617,1181922,1181923,1181925,1181926,0,0,0,0
1788186339.154896,81,-60,-65,68,17959,9779,14127,1411,1181952,1181953,1181955,1181956,0,0,0,0
1788186339.2569041,65,-51,-58,43,21598,6836,10406,4530,1182012,1182013,1182015,1182016,0,0,0,0
1788186339.3628905,57,-46,-60,41,24772,4203,7236,7148,1182072,1182073,1182075,1182076,0,0,0,0
1788186339.438947,64,-42,-48,48,26406,2980,5641,8300,1182102,1182103,1182105,1182106,0,0,0,0
1788186339.454121,53,-44,-69,43,28129,1813,3883,9546,1182132,1182133,1182135,1182136,0,0,0,0
1788186339.5643375,80,-48,-67,51,29957,473,2006,10796,1182162,1182163,1182165,1182166,0,0,0,0
1788186339.572624,76,-52,-74,53,31901,31913,95,12180,1182192,1182193,1182195,1182196,0,0,0,0
1788186339.6730037,59,-56,-70,55,1058,30475,30865,13680,1182222,1182223,1182225,1182226,0,0,0,0
1788186339.6730037,65,-50,-61,52,2991,28980,29040,15123,1182252,1182253,1182255,1182256,0,0,0,0
1788186339.696674,47,-64,-72,58,4727,27473,27302,16732,1182282,1182283,1182285,1182286,0,0,0,0
1788186339.776854,62,-62,-50,53,6302,25969,25732,18285,1182312,1182313,1182315,1182316,0,0,0,0
1788186339.7927542,62,-45,-52,50,7798,24440,24210,19712,1182342,1182343,1182345,1182346,0,0,0,0
1788186339.9852083,71,-56,-53,51,12201,19888,19702,24334,1182432,1182433,1182435,1182436,0,0,0,0
1788186340.0173056,44,-60,-77,57,13840,18320,18154,25965,1182462,1182463,1182465,1182466,0,0,0,0
1788186340.1141524,64,-60,-51,60,16997,14958,14877,29308,1182522,1182523,1182525,1182526,0,0,0,0
1788186340.194333,43,-63,-58,61,18567,13215,13446,30984,1182552,1182553,1182555,1182556,0,0,0,0
1788186340.210218,58,-49,-50,41,20053,11614,11956,32604,1182582,1182583,1182585,1182586,0,0,0,0
1788186340.315728,56,-60,-48,70,21489,9974,10541,1518,1182612,1182613,1182615,1182616,0,0,0,0
1788186340.4084938,52,-59,-47,54,22912,8196,9172,3213,1182642,1182643,1182645,1182646,0,0,0,0
1788186340.4084938,29,-34,-18,13,25145,5496,7136,5825,1182702,1182703,1182705,1182706,0,0,0,0
1788186340.4761553,19,-31,-7,-9,25608,5111,6991,5617,1182732,1182733,1182735,1182736,0,0,0,0
1788186340.5371213,2,-7,-4,2,25784,4796,6785,5710,1182762,1182763,1182765,1182766,0,0,0,0
1788186340.6154876,-3,-3,2,2,25867,4702,6711,5783,1182822,1182823,1182825,1182826,0,0,0,0
1788186340.7279677,-1,2,0,-3,25811,4751,6769,5724,1182912,1182913,1182915,1182916,0,0,0,0
1788186340.8146162,0,3,1,4,25786,4772,6791,5705,1182942,1182943,1182945,1182946,0,0,0,0
1788186340.8146162,-2,-1,0,1,25775,4784,6803,5694,1182972,1182973,1182975,1182976,0,0,0,0
1788186340.877354,-1,3,-3,1,25770,4788,6807,5690,1183002,1183003,1183005,1183006,0,0,0,0
1788186341.0226905,-1,0,-1,-1,25772,4787,6805,5691,1183032,1183033,1183035,1183036,0,0,0,0
1788186341.0226905,1,-6,-5,-1,25775,4784,6803,5695,1183062,1183063,1183065,1183066,0,0,0,0
1788186341.1401825,-7,-1,0,-2,25776,4782,6801,5695,1183152,1183153,1183155,1183156,0,0,0,0
1788186341.238262,-8,-3,3,1,25777,4782,6801,5695,1183212,1183213,1183215,1183216,0,0,0,0
1788186341.2728093,1,0,1,2,25779,4781,6800,5696,1183242,1183243,1183245,1183246,0,0,0,0
1788186341.4017344,-56,-43,-58,-55,24416,3503,5322,4410,1183272,1183273,1183275,1183276,0,0,0,0
1788186341.4181,-66,-57,-53,-59,22887,2137,3759,2766,1183302,1183303,1183305,1183306,0,0,0,0
1788186341.449917,-54,-42,-50,-56,21451,778,2357,1271,1183332,1183333,1183335,1183336,0,0,0,0
1788186341.5797353,-42,-56,-66,-52,18683,30765,32190,31148,1183392,1183393,1183395,1183396,0,0,0,0
1788186341.5897362,-58,-44,-68,-64,17219,29126,30657,29597,1183422,1183423,1183425,1183426,0,0,0,0
1788186341.6340334,-64,-58,-55,-41,15780,27707,29157,28020,1183452,1183453,1183455,1183456,0,0,0,0
1788186341.751946,-54,-58,-65,-46,14136,26029,27472,26512,1183482,1183483,1183485,1183486,0,0,0,0
1788186341.751946,-65,-54,-51,-64,12537,24392,25954,24897,1183512,1183513,1183515,1183516,0,0,0,0
1788186341.827817,-68,-54,-54,-54,10943,22869,24383,23393,1183542,1183543,1183545,1183546,0,0,0,0
1788186341.834949,-55,-56,-64,-51,9321,21164,22862,21788,1183572,1183573,1183575,1183576,0,0,0,0
1788186341.932065,-59,-54,-54,-80,7769,19679,21319,20158,1183602,1183603,1183605,1183606,0,0,0,0
1788186341.932065,-63,-62,-59,-49,6121,18062,19562,18565,1183632,1183633,1183635,1183636,0,0,0,0
1788186342.0505414,-52,-64,-74,-64,4643,16433,17916,16889,1183662,1183663,1183665,1183666,0,0,0,0
1788186342.0571482,-56,-43,-54,-63,3030,14935,16269,15123,1183692,1183693,1183695,1183696,0,0,0,0
1788186342.1746829,-52,-52,-60,-71,32591,11686,12985,12000,1183752,1183753,1183755,1183756,0,0,0,0
1788186342.251747,-63,-65,-57,-42,30915,9937,11429,10437,1183782,1183783,1183785,1183786,0,0,0,0
1788186342.364017,-29,-26,-24,-30,26639,5750,7304,6397,1183872,1183873,1183875,1183876,0,0,0,0
1788186342.4530485,-11,-14,-14,-14,26119,5224,6771,5794,1183902,1183903,1183905,1183906,0,0,0,0
1788186342.4530485,-10,-4,-9,-6,25873,4992,6442,5537,1183932,1183933,1183935,1183936,0,0,0,0
1788186342.5706847,-2,0,-1,1,25854,4949,6320,5494,1183992,1183993,1183995,1183996,0,0,0,0
1788186342.6862752,0,0,1,2,25882,4927,6293,5516,1184052,1184053,1184055,1184056,0,0,0,0
1788186342.834128,0,1,3,-2,25883,4912,6278,5517,1184082,1184083,1184085,1184086,0,0,0,0
1788186342.834128,2,1,8,5,25892,4913,6279,5522,1184112,1184113,1184115,1184116,0,0,0,0
1788186342.8486557,-2,-8,-1,2,25887,4913,6280,5519,1184172,1184173,1184175,1184176,0,0,0,0
1788186342.967917,-1,-1,-6,-1,25888,4916,6283,5519,1184202,1184203,1184205,1184206,0,0,0,0
1788186342.973934,-1,-1,-6,0,25886,4916,6282,5518,1184232,1184233,1184235,1184236,0,0,0,0
1788186343.0638964,38,-29,-26,27,26381,4506,5785,5927,1184292,1184293,1184295,1184296,0,0,0,0
1788186343.0772326,57,-68,-74,47,27906,3053,4698,7005,1184322,1184323,1184325,1184326,0,0,0,0
1788186343.1099284,87,-68,-75,80,29731,1275,2635,8583,1184352,1184353,1184355,1184356,0,0,0,0
1788186343.2039905,100,-96,-83,85,31915,32078,547,10754,1184382,1184383,1184385,1184386,0,0,0,0
1788186343.2039905,84,-94,-86,94,1346,29821,30905,13182,1184412,1184413,1184415,1184416,0,0,0,0
1788186343.2746043,71,-60,-76,72,3502,27802,28795,15217,1184442,1184443,1184445,1184446,0,0,0,0
1788186343.3149648,62,-62,-51,56,5410,25976,26960,17086,1184472,1184473,1184475,1184476,0,0,0,0
1788186343.419294,43,-46,-41,37,6878,24448,25606,18502,1184502,1184503,1184505,1184506,0,0,0,0
1788186343.5304034,34,-43,-45,36,9201,22097,23407,20981,1184562,1184563,1184565,1184566,0,0,0,0
1788186343.5366423,45,-58,-42,49,10357,20778,22145,22237,1184592,1184593,1184595,1184596,0,0,0,0
1788186343.634601,44,-68,-49,70,11631,19244,20872,23875,1184622,1184623,1184625,1184626,0,0,0,0
1788186343.682329,72,-66,-58,62,13337,17475,19167,25705,1184652,1184653,1184655,1184656,0,0,0,0
1788186343.6959283,60,-76,-61,70,15055,15554,17271,27678,1184682,1184683,1184685,1184686,0,0,0,0
1788186343.7577603,69,-64,-64,80,16827,13669,15479,29607,1184712,1184713,1184715,1184716,0,0,0,0
1788186343.841597,49,-60,-52,53,18566,11841,13855,31431,1184742,1184743,1184745,1184746,0,0,0,0
1788186343.841597,56,-51,-58,59,20097,10299,12302,236,1184772,1184773,1184775,1184776,0,0,0,0
1788186343.897753,56,-59,-54,60,21664,8947,10816,1665,1184802,1184803,1184805,1184806,0,0,0,0
1788186343.9533832,45,-44,-50,46,23059,7544,9464,2977,1184832,1184833,1184835,1184836,0,0,0,0
1788186344.049765,43,-56,-59,55,24413,6223,8052,4425,1184862,1184863,1184865,1184866,0,0,0,0
1788186344.049765,56,-48,-56,52,25909,4694,6516,5806,1184892,1184893,1184895,1184896,0,0,0,0
1788186344.0980835,64,-52,-65,66,27694,3210,4812,7456,1184922,1184923,1184925,1184926,0,0,0,0
1788186344.1552944,72,-65,-65,46,29418,1743,3069,9091,1184952,1184953,1184955,1184956,0,0,0,0
1788186344.1768656,55,-52,-61,54,31336,157,1098,10605,1184982,1184983,1184985,1184986,0,0,0,0
1788186344.257607,68,-45,-75,63,448,31453,31960,12073,1185012,1185013,1185015,1185016,0,0,0,0
1788186344.2735255,60,-55,-63,58,2244,30078,30268,13502,1185042,1185043,1185045,1185046,0,0,0,0
1788186344.3706067,50,-57,-56,40,5606,27458,26800,16126,1185102,1185103,1185105,1185106,0,0,0,0
1788186344.4902463,67,-46,-71,43,7295,26203,25154,17430,1185132,1185133,1185135,1185136,0,0,0,0
1788186344.4998665,54,-59,-50,45,9020,24849,23564,18725,1185162,1185163,1185165,1185166,0,0,0,0
1788186344.5973892,53,-45,-59,61,10622,23442,21832,20100,1185192,1185193,1185195,1185196,0,0,0,0
1788186344.6131475,72,-44,-65,59,12288,21965,20085,21677,1185222,1185223,1185225,1185226,0,0,0,0
1788186344.693701,49,-63,-66,58,13993,20440,18467,23191,1185252,1185253,1185255,1185256,0,0,0,0
1788186344.7176352,68,-60,-61,69,15676,18809,16736,24850,1185282,1185283,1185285,1185286,0,0,0,0
1788186344.820875,49,-62,-60,54,18814,15579,13549,28115,1185342,1185343,1185345,1185346,0,0,0,0
1788186344.9014802,64,-48,-60,62,20384,13971,12008,29700,1185372,1185373,1185375,1185376,0,0,0,0
1788186344.9178703,54,-54,-53,46,21897,12507,10498,31199,1185402,1185403,1185405,1185406,0,0,0,0
1788186344.949878,43,-64,-45,45,23374,11015,9077,32712,1185432,1185433,1185435,1185436,0,0,0,0
1788186345.1165352,62,-63,-59,73,24918,9424,7509,1533,1185462,1185463,1185465,1185466,0,0,0,0
1788186345.228395,34,-44,-27,23,27718,6532,4811,4526,1185522,1185523,1185525,1185526,0,0,0,0
1788186345.230398,1,5,1,-4,28486,5598,3954,5343,1185582,1185583,1185585,1185586,0,0,0,0
1788186345.3234088,0,-3,-3,-4,28495,5577,4027,5286,1185642,1185643,1185645,1185646,0,0,0,0
1788186345.356941,3,-9,-4,5,28487,5571,4024,5287,1185672,1185673,1185675,1185676,0,0,0,0
1788186345.4557552,-1,-2,-1,-2,28514,5551,3998,5311,1185702,1185703,1185705,1185706,0,0,0,0
1788186345.5193932,1,-1,-2,-1,28544,5526,3967,5339,1185732,1185733,1185735,1185736,0,0,0,0
1788186345.5321367,1,-2,-5,2,28578,5495,3934,5370,1185762,1185763,1185765,1185766,0,0,0,0
1788186345.7279546,-1,0,1,-3,28608,5469,3906,5394,1185792,1185793,1185795,1185796,0,0,0,0
1788186345.7334077,3,-4,1,2,28640,5442,3878,5423,1185822,1185823,1185825,1185826,0,0,0,0
1788186345.7334077,-1,-6,-1,0,28689,5397,3830,5463,1185882,1185883,1185885,1185886,0,0,0,0
1788186345.8348253,-1,-5,1,-1,28725,5365,3801,5488,1185942,1185943,1185945,1185946,0,0,0,0
1788186345.9295375,-1,-4,-1,-4,28734,5358,3793,5495,1185972,1185973,1185975,1185976,0,0,0,0
1788186346.0503666,0,-3,-3,-2,28738,5352,3789,5498,1186002,1186003,1186005,1186006,0,0,0,0
1788186346.0503666,0,7,-1,-1,28751,5343,3778,5506,1186092,1186093,1186095,1186096,0,0,0,0
1788186346.139906,-1,-3,1,-3,28757,5340,3774,5508,1186122,1186123,1186125,1186126,0,0,0,0
1788186346.2487533,4,0,-3,2,28762,5336,3771,5512,1186152,1186153,1186155,1186156,0,0,0,0
1788186346.3372083,0,2,1,2,28788,5312,3749,5532,1186242,1186243,1186245,1186246,0,0,0,0
1788186346.3529155,-4,-4,-2,0,28796,5304,3740,5538,1186272,1186273,1186275,1186276,0,0,0,0
1788186346.45288,0,-1,-5,-7,28804,5301,3736,5542,1186302,1186303,1186305,1186306,0,0,0,0
1788186346.4674203,3,4,-7,2,28811,5301,3734,5547,1186332,1186333,1186335,1186336,0,0,0,0
1788186346.4778862,-2,-2,-5,-5,28816,5296,3731,5552,1186362,1186363,1186365,1186366,0,0,0,0
1788186346.5562441,4,-2,-2,1,28827,5285,3725,5570,1186392,1186393,1186395,1186396,0,0,0,0
1788186346.6674318,14,-23,-15,19,29046,5078,3553,5829,1186422,1186423,1186425,1186426,0,0,0,0
1788186346.6674318,59,-73,-29,51,30071,3953,2949,6762,1186452,1186453,1186455,1186456,0,0,0,0
1788186346.7470524,63,-62,-70,97,31781,2084,1444,8531,1186482,1186483,1186485,1186486,0,0,0,0
1788186346.7470524,64,-75,-76,82,884,70,32379,10681,1186512,1186513,1186515,1186516,0,0,0,0
1788186346.7947307,81,-79,-74,91,3014,30763,30177,13086,1186542,1186543,1186545,1186546,0,0,0,0
1788186346.856378,78,-83,-73,81,5102,28524,28023,15282,1186572,1186573,1186575,1186576,0,0,0,0
1788186346.8771527,66,-59,-64,63,6967,26553,26171,17430,1186602,1186603,1186605,1186606,0,0,0,0
1788186346.9674659,56,-63,-48,63,8580,24798,24675,19166,1186632,1186633,1186635,1186636,0,0,0,0
1788186346.994747,42,-47,-30,49,9784,23343,23563,20622,1186662,1186663,1186665,1186666,0,0,0,0
1788186347.0912204,33,-41,-34,46,10769,21969,22489,21908,1186692,1186693,1186695,1186696,0,0,0,0
1788186347.0912204,40,-55,-37,41,11730,20624,21607,23330,1186722,1186723,1186725,1186726,0,0,0,0
1788186347.1745987,42,-70,-53,70,12886,19065,20407,24884,1186752,1186753,1186755,1186756,0,0,0,0
1788186347.202403,61,-65,-55,53,14290,17315,19018,26706,1186782,1186783,1186785,1186786,0,0,0,0
1788186347.2926602,64,-72,-53,85,15946,15235,17327,28776,1186812,1186813,1186815,1186816,0,0,0,0
1788186347.2926602,60,-82,-65,79,17508,13194,15790,30846,1186842,1186843,1186845,1186846,0,0,0,0
1788186347.3759077,55,-76,-52,68,18963,11286,14273,56,1186872,1186873,1186875,1186876,0,0,0,0
1788186347.4176552,50,-61,-41,59,20410,9444,12879,2048,1186902,1186903,1186905,1186906,0,0,0,0
1788186347.4523427,50,-60,-38,71,21710,7656,11593,3734,1186932,1186933,1186935,1186936,0,0,0,0
1788186347.5843117,45,-62,-43,52,22948,5994,10395,5466,1186962,1186963,1186965,1186966,0,0,0,0
1788186347.5912552,47,-50,-44,55,24159,4435,9189,7034,1186992,1186993,1186995,1186996,0,0,0,0
1788186347.6120553,47,-51,-48,71,25514,2888,7872,8585,1187022,1187023,1187025,1187026,0,0,0,0
1788186347.7244186,63,-59,-65,67,28590,32487,4684,11950,1187082,1187083,1187085,1187086,0,0,0,0
1788186347.8291967,56,-58,-54,57,30345,30792,3076,13727,1187112,1187113,1187115,1187116,0,0,0,0
1788186347.8613846,71,-43,-62,58,32003,29062,1316,15312,1187142,1187143,1187145,1187146,0,0,0,0
1788186347.877044,51,-60,-64,64,879,27537,32532,17054,1187172,1187173,1187175,1187176,0,0,0,0
1788186347.9040887,48,-44,-55,44,2425,26049,31017,18548,1187202,1187203,1187205,1187206,0,0,0,0
1788186348.0485814,62,-44,-57,61,3920,24519,29469,20040,1187232,1187233,1187235,1187236,0,0,0,0
1788186348.0645957,57,-49,-54,54,5432,23115,27964,21554,1187262,1187263,1187265,1187266,0,0,0,0
1788186348.0645957,47,-55,-58,49,6981,21618,26398,23025,1187292,1187293,1187295,1187296,0,0,0,0
1788186348.1608315,60,-51,-70,50,10311,18674,23118,25986,1187352,1187353,1187355,1187356,0,0,0,0
1788186348.2748377,71,-57,-59,42,15891,14404,17494,30317,1187442,1187443,1187445,1187446,0,0,0,0
1788186348.4079866,67,-43,-52,50,19323,11739,13995,204,1187502,1187503,1187505,1187506,0,0,0,0
1788186348.493103,51,-48,-68,57,21006,10373,12372,1603,1187532,1187533,1187535,1187536,0,0,0,0
1788186348.5088124,77,-47,-68,49,22723,9011,10636,3000,1187562,1187563,1187565,1187566,0,0,0,0
1788186348.5245414,57,-47,-63,51,24438,7548,8931,4517,1187592,1187593,1187595,1187596,0,0,0,0
1788186348.7067502,67,-60,-66,42,26181,6269,7088,5798,1187622,1187623,1187625,1187626,0,0,0,0
1788186348.7067502,14,-12,-20,-12,28404,4568,5420,6920,1187682,1187683,1187685,1187686,0,0,0,0
1788186348.7955468,14,-6,-7,39,28770,4102,4922,6808,1187712,1187713,1187715,1187716,0,0,0,0
1788186348.8114197,5,0,-3,0,28909,3966,4834,6942,1187742,1187743,1187745,1187746,0,0,0,0
1788186348.8746748,-3,2,3,0,28912,3972,4837,6926,1187772,1187773,1187775,1187776,0,0,0,0
1788186348.8905911,-1,0,-1,3,28890,4011,4869,6894,1187802,1187803,1187805,1187806,0,0,0,0
1788186349.0120323,-4,3,5,-5,28841,4061,4917,6850,1187832,1187833,1187835,1187836,0,0,0,0
1788186349.1231,-1,5,4,2,28738,4182,5031,6756,1187892,1187893,1187895,1187896,0,0,0,0
1788186349.1231,0,3,-1,-3,28692,4230,5081,6717,1187922,1187923,1187925,1187926,0,0,0,0
1788186349.2074125,-1,-4,-4,6,28663,4262,5113,6692,1187952,1187953,1187955,1187956,0,0,0,0
1788186349.2074125,-1,-1,-2,3,28647,4278,5130,6680,1187982,1187983,1187985,1187986,0,0,0,0
1788186349.4153728,-2,-1,-1,-3,28643,4278,5131,6678,1188012,1188013,1188015,1188016,0,0,0,0
1788186349.4153728,1,-2,2,-2,28648,4273,5126,6683,1188042,1188043,1188045,1188046,0,0,0,0
1788186349.4308782,-2,-5,3,-5,28659,4265,5117,6692,1188102,1188103,1188105,1188106,0,0,0,0
1788186349.5424612,0,-2,-7,-4,28655,4269,5120,6688,1188132,1188133,1188135,1188136,0,0,0,0
1788186349.5424612,6,-1,-2,-1,28650,4273,5126,6683,1188162,1188163,1188165,1188166,0,0,0,0
1788186349.5560608,-5,-2,-1,0,28646,4275,5129,6682,1188192,1188193,1188195,1188196,0,0,0,0
1788186349.6363266,0,0,3,-1,28650,4274,5129,6685,1188222,1188223,1188225,1188226,0,0,0,0
1788186349.7362313,-4,-1,2,-1,28653,4273,5129,6686,1188282,1188283,1188285,1188286,0,0,0,0
1788186349.749825,-4,-2,-2,0,28652,4276,5132,6686,1188312,1188313,1188315,1188316,0,0,0,0
1788186349.8292747,-5,2,-4,0,28651,4275,5132,6686,1188342,1188343,1188345,1188346,0,0,0,0
1788186349.8770041,0,4,-1,2,28652,4274,5131,6687,1188372,1188373,1188375,1188376,0,0,0,0
1788186349.9401908,3,-5,2,1,28653,4273,5131,6688,1188402,1188403,1188405,1188406,0,0,0,0
1788186349.956198,-2,1,-3,1,28655,4276,5134,6691,1188432,1188433,1188435,1188436,0,0,0,0
1788186350.017565,-3,-5,-1,0,28654,4276,5135,6689,1188462,1188463,1188465,1188466,0,0,0,0
1788186350.1184845,0,-3,4,-1,28654,4280,5140,6690,1188492,1188493,1188495,1188496,0,0,0,0
1788186350.129962,4,-2,-2,-1,28662,4276,5136,6705,1188522,1188523,1188525,1188526,0,0,0,0
1788186350.2453067,14,-17,-13,16,28896,4089,4969,6891,1188552,1188553,1188555,1188556,0,0,0,0
1788186350.2591808,87,-73,-68,61,32279,1587,2664,9377,1188612,1188613,1188615,1188616,0,0,0,0
1788186350.3558912,80,-75,-74,76,1402,32501,704,11383,1188642,1188643,1188645,1188646,0,0,0,0
1788186350.3558912,83,-77,-70,83,3624,30466,31184,13666,1188672,1188673,1188675,1188676,0,0,0,0
1788186350.4525633,67,-57,-60,68,7943,26503,26845,17776,1188732,1188733,1188735,1188736,0,0,0,0
1788186350.564148,57,-51,-56,45,9655,25066,25204,19310,1188762,1188763,1188765,1188766,0,0,0,0
1788186350.564148,47,-44,-47,44,11169,23887,23838,20568,1188792,1188793,1188795,1188796,0,0,0,0
1788186350.5771637,58,-35,-52,38,12466,22886,22494,21576,1188822,1188823,1188825,1188826,0,0,0,0
1788186350.655896,45,-37,-52,44,13893,21899,21242,22584,1188852,1188853,1188855,1188856,0,0,0,0
1788186350.6740897,66,-43,-57,53,15420,20739,19515,23725,1188882,1188883,1188885,1188886,0,0,0,0
1788186350.7646651,71,-64,-80,66,17162,19364,17711,25212,1188912,1188913,1188915,1188916,0,0,0,0
1788186350.7777705,68,-63,-66,66,18957,17699,15897,26799,1188942,1188943,1188945,1188946,0,0,0,0
1788186350.8547614,60,-64,-65,71,20929,16005,14038,28689,1188972,1188973,1188975,1188976,0,0,0,0
1788186350.8891835,76,-70,-71,57,22833,14295,12080,30396,1189002,1189003,1189005,1189006,0,0,0,0
1788186350.9794135,56,-47,-54,58,24551,12757,10308,31924,1189032,1189033,1189035,1189036,0,0,0,0
1788186351.028131,66,-46,-65,53,26231,11421,8647,518,1189062,1189063,1189065,1189066,0,0,0,0
1788186351.034992,50,-47,-61,50,27932,10145,7016,1782,1189092,1189093,1189095,1189096,0,0,0,0
1788186351.0972643,65,-51,-54,46,29547,8983,5487,2971,1189122,1189123,1189125,1189126,0,0,0,0
1788186351.187679,51,-44,-65,57,31253,7685,3744,4316,1189152,1189153,1189155,1189156,0,0,0,0
1788186351.1947217,62,-56,-68,37,190,6417,1967,5548,1189182,1189183,1189185,1189186,0,0,0,0
1788186351.2926316,67,-53,-74,53,2048,4982,146,6983,1189212,1189213,1189215,1189216,0,0,0,0
1788186351.2992463,90,-61,-65,61,3905,3606,31030,8404,1189242,1189243,1189245,1189246,0,0,0,0
1788186351.350013,66,-42,-68,57,5778,2261,29067,9924,1189272,1189273,1189275,1189276,0,0,0,0
1788186351.393932,79,-48,-72,57,7593,807,27175,11294,1189302,1189303,1189305,1189306,0,0,0,0
1788186351.4728782,57,-53,-67,38,9373,32211,25477,12685,1189332,1189333,1189335,1189336,0,0,0,0
1788186351.512465,63,-44,-62,43,11062,30909,23809,13994,1189362,1189363,1189365,1189366,0,0,0,0
1788186351.6124027,74,-51,-79,50,14429,28263,20300,16647,1189422,1189423,1189425,1189426,0,0,0,0
1788186351.6602159,50,-48,-62,52,16311,26904,18565,17992,1189452,1189453,1189455,1189456,0,0,0,0
1788186351.7231498,73,-52,-69,53,18213,25615,16697,19348,1189482,1189483,1189485,1189486,0,0,0,0
1788186351.7558296,70,-46,-67,52,19996,24230,14797,20707,1189512,1189513,1189515,1189516,0,0,0,0
1788186351.8358378,72,-52,-73,47,23753,21611,11014,23329,1189572,1189573,1189575,1189576,0,0,0,0
1788186351.9482815,57,-58,-58,53,25540,20240,9245,24695,1189602,1189603,1189605,1189606,0,0,0,0
1788186352.0804646,59,-51,-60,53,28799,17266,5990,27729,1189662,1189663,1189665,1189666,0,0,0,0
1788186352.0971107,53,-59,-52,46,30350,15788,4442,29217,1189692,1189693,1189695,1189696,0,0,0,0
1788186352.2092028,20,-21,-6,-13,32580,13733,2439,30852,1189752,1189753,1189755,1189756,0,0,0,0
1788186352.2144828,5,-7,-15,2,176,13232,2086,30606,1189782,1189783,1189785,1189786,0,0,0,0
1788186352.2832458,-3,-4,-7,9,347,13066,1943,30731,1189812,1189813,1189815,1189816,0,0,0,0
1788186352.3977802,2,-3,-4,0,420,13000,1876,30791,1189872,1189873,1189875,1189876,0,0,0,0
1788186352.415446,3,4,3,-2,435,12989,1865,30802,1189902,1189903,1189905,1189906,0,0,0,0
1788186352.476921,1,1,-2,0,440,12981,1856,30806,1189932,1189933,1189935,1189936,0,0,0,0
1788186352.5909824,0,0,-2,1,428,12997,1874,30789,1190022,1190023,1190025,1190026,0,0,0,0
1788186352.6950824,-2,0,1,-1,432,12995,1871,30794,1190082,1190083,1190085,1190086,0,0,0,0
1788186352.8064864,-4,-2,0,-1,438,12987,1866,30801,1190112,1190113,1190115,1190116,0,0,0,0
1788186352.8156054,3,-1,8,-1,442,12983,1861,30804,1190172,1190173,1190175,1190176,0,0,0,0
1788186352.9170792,-5,2,0,-5,441,12983,1862,30802,1190202,1190203,1190205,1190206,0,0,0,0
1788186352.9770277,-5,0,-4,-7,442,12983,1862,30803,1190232,1190233,1190235,1190236,0,0,0,0
1788186353.0224094,1,2,-1,-5,442,12985,1864,30803,1190262,1190263,1190265,1190266,0,0,0,0
1788186353.0224094,-2,-1,5,-3,442,12984,1864,30807,1190292,1190293,1190295,1190296,0,0,0,0
1788186353.109353,-82,-45,-71,-55,31984,11622,205,29465,1190322,1190323,1190325,1190326,0,0,0,0
1788186353.1437492,-48,-49,-53,-49,30437,10120,31341,27934,1190352,1190353,1190355,1190356,0,0,0,0
1788186353.2965388,-49,-47,-58,-68,27803,7309,28634,25254,1190412,1190413,1190415,1190416,0,0,0,0
1788186353.3126597,-57,-66,-55,-68,26214,5820,26980,23712,1190442,1190443,1190445,1190446,0,0,0,0
1788186353.4340353,-55,-47,-52,-47,24634,4339,25502,22074,1190472,1190473,1190475,1190476,0,0,0,0
1788186353.4340353,-54,-60,-53,-56,23134,2838,24027,20698,1190502,1190503,1190505,1190506,0,0,0,0
1788186353.4340353,-64,-56,-69,-54,21495,1254,22416,19018,1190532,1190533,1190535,1190536,0,0,0,0
1788186353.5124946,-48,-49,-51,-57,19920,32414,20992,17487,1190562,1190563,1190565,1190566,0,0,0,0
1788186353.624544,-52,-61,-50,-55,18444,30879,19322,15955,1190592,1190593,1190595,1190596,0,0,0,0
1788186353.624544,-58,-53,-70,-65,16837,29146,17601,14234,1190622,1190623,1190625,1190626,0,0,0,0
1788186353.6343315,-59,-61,-53,-50,15267,27647,16041,12664,1190652,1190653,1190655,1190656,0,0,0,0
1788186353.8329678,-68,-53,-55,-64,12040,24333,12845,9516,1190712,1190713,1190715,1190716,0,0,0,0
1788186353.8329678,-58,-60,-57,-45,10499,22798,11217,7861,1190742,1190743,1190745,1190746,0,0,0,0
1788186353.9100702,-59,-54,-69,-84,8925,21109,9632,6232,1190772,1190773,1190775,1190776,0,0,0,0
1788186353.9100702,-61,-56,-49,-58,7151,19609,8057,4642,1190802,1190803,1190805,1190806,0,0,0,0
1788186353.923153,-54,-60,-63,-58,5570,18007,6438,2913,1190832,1190833,1190835,1190836,0,0,0,0
1788186354.0525687,-68,-56,-61,-64,4022,16269,4850,1300,1190862,1190863,1190865,1190866,0,0,0,0
1788186354.0759711,-55,-57,-53,-59,2435,14739,3145,32462,1190892,1190893,1190895,1190896,0,0,0,0
1788186354.1253972,-58,-60,-61,-71,811,13010,1436,30816,1190922,1190923,1190925,1190926,0,0,0,0
1788186354.131606,-63,-53,-57,-47,31945,11469,32624,29208,1190952,1190953,1190955,1190956,0,0,0,0
1788186354.2501256,-56,-61,-62,-58,30349,9775,31061,27653,1190982,1190983,1190985,1190986,0,0,0,0
1788186354.2571647,-69,-55,-62,-58,28712,7991,29371,26063,1191012,1191013,1191015,1191016,0,0,0,0
1788186354.33591,-62,-58,-70,-89,25435,4744,26106,22770,1191072,1191073,1191075,1191076,0,0,0,0
1788186354.4472835,-58,-61,-52,-52,23804,3209,24473,21158,1191102,1191103,1191105,1191106,0,0,0,0
1788186354.4630013,-62,-63,-76,-56,22154,1647,22900,19429,1191132,1191133,1191135,1191136,0,0,0,0
1788186354.526679,-65,-59,-57,-65,20561,32729,21258,17774,1191162,1191163,1191165,1191166,0,0,0,0
1788186354.542481,-57,-51,-60,-52,18877,31177,19553,16129,1191192,1191193,1191195,1191196,0,0,0,0
1788186354.6536057,-55,-70,-69,-57,17289,29445,17927,14490,1191222,1191223,1191225,1191226,0,0,0,0
1788186354.7340002,-50,-55,-55,-55,14076,26239,14600,11290,1191282,1191283,1191285,1191286,0,0,0,0
1788186354.7498987,-62,-60,-59,-65,12509,24507,12999,9810,1191312,1191313,1191315,1191316,0,0,0,0
1788186354.8565629,-54,-67,-64,-80,9270,21337,9814,6450,1191372,1191373,1191375,1191376,0,0,0,0
1788186354.888095,-67,-54,-50,-55,7652,19816,8182,4773,1191402,1191403,1191405,1191406,0,0,0,0
1788186354.952369,-56,-59,-63,-53,6000,18269,6510,3094,1191432,1191433,1191435,1191436,0,0,0,0
1788186355.0166755,-51,-77,-60,-69,4503,16522,4906,1469,1191462,1191463,1191465,1191466,0,0,0,0
1788186355.1467505,-35,-32,-29,-17,1702,13795,2116,31508,1191522,1191523,1191525,1191526,0,0,0,0
1788186355.1467505,-21,-20,-16,-21,990,13107,1442,31006,1191552,1191553,1191555,1191556,0,0,0,0
1788186355.2568264,-9,-14,-6,-4,603,12654,1053,30594,1191582,1191583,1191585,1191586,0,0,0,0
1788186355.2568264,9,4,-4,-5,525,12567,897,30496,1191612,1191613,1191615,1191616,0,0,0,0
1788186355.3657103,76,-37,-36,26,1616,11617,32698,31411,1191672,1191673,1191675,1191676,0,0,0,0
1788186355.4681087,75,-51,-55,79,3859,10156,31224,259,1191702,1191703,1191705,1191706,0,0,0,0
1788186355.472344,71,-68,-77,65,5730,8311,29255,2339,1191732,1191733,1191735,1191736,0,0,0,0
1788186355.5713484,80,-75,-81,66,10236,4250,24722,6721,1191792,1191793,1191795,1191796,0,0,0,0
1788186355.686639,83,-51,-85,72,12335,2429,22639,8623,1191822,1191823,1191825,1191826,0,0,0,0
1788186355.686639,52,-46,-62,46,14130,891,20960,10189,1191852,1191853,1191855,1191856,0,0,0,0
1788186355.7635376,54,-39,-49,37,15744,32522,19473,11375,1191882,1191883,1191885,1191886,0,0,0,0
1788186355.7777255,51,-32,-57,28,17118,31407,18196,12485,1191912,1191913,1191915,1191916,0,0,0,0
1788186355.8826594,66,-46,-58,46,20048,29374,15161,14496,1191972,1191973,1191975,1191976,0,0,0,0
1788186355.9726498,82,-53,-79,51,23869,26647,11385,17410,1192032,1192033,1192035,1192036,0,0,0,0
1788186355.9726498,72,-70,-70,66,25949,24993,9180,19055,1192062,1192063,1192065,1192066,0,0,0,0
1788186356.0343199,62,-58,-77,57,28053,23402,7133,20741,1192092,1192093,1192095,1192096,0,0,0,0
1788186356.117579,71,-43,-60,48,29938,21884,5352,22181,1192122,1192123,1192125,1192126,0,0,0,0
1788186356.1731606,57,-59,-53,49,31606,20527,3623,23538,1192152,1192153,1192155,1192156,0,0,0,0
1788186356.207877,59,-51,-56,42,434,19285,2092,24761,1192182,1192183,1192185,1192186,0,0,0,0
1788186356.3125074,61,-46,-56,52,1960,18071,591,26029,1192212,1192213,1192215,1192216,0,0,0,0
1788186356.3125074,59,-49,-60,57,3538,16919,31709,27278,1192242,1192243,1192245,1192246,0,0,0,0
1788186356.3819582,67,-48,-63,52,5272,15645,30060,28557,1192272,1192273,1192275,1192276,0,0,0,0
1788186356.4172666,60,-61,-72,56,7052,14181,28168,30022,1192302,1192303,1192305,1192306,0,0,0,0
1788186356.5140193,63,-55,-70,55,8958,12690,26239,31521,1192332,1192333,1192335,1192336,0,0,0,0
1788186356.5291584,57,-66,-57,66,10682,11136,24448,547,1192362,1192363,1192365,1192366,0,0,0,0
1788186356.5306814,67,-56,-70,51,12334,9412,22800,2190,1192392,1192393,1192395,1192396,0,0,0,0
1788186356.6427188,61,-65,-44,53,15512,6332,19604,5387,1192452,1192453,1192455,1192456,0,0,0,0
1788186356.75495,49,-49,-49,62,18498,3292,16716,8308,1192512,1192513,1192515,1192516,0,0,0,0
1788186356.8528907,38,-64,-58,57,19887,1782,15269,10083,1192542,1192543,1192545,1192546,0,0,0,0
1788186356.8689435,59,-54,-48,58,21344,141,13897,11575,1192572,1192573,1192575,1192576,0,0,0,0
1788186356.9166152,55,-55,-55,69,22878,31276,12317,13295,1192602,1192603,1192605,1192606,0,0,0,0
1788186356.9328525,49,-73,-66,58,24332,29484,10832,15019,1192632,1192633,1192635,1192636,0,0,0,0
1788186356.9972444,51,-63,-49,75,25829,27801,9374,16885,1192662,1192663,1192665,1192666,0,0,0,0
1788186357.078639,57,-61,-48,55,27293,25919,7937,18640,1192692,1192693,1192695,1192696,0,0,0,0
1788186357.0960097,54,-55,-49,71,28696,24157,6542,20484,1192722,1192723,1192725,1192726,0,0,0,0
1788186357.2067387,45,-56,-55,63,31549,20922,3670,23777,1192782,1192783,1192785,1192786,0,0,0,0
1788186357.3681438,57,-61,-56,53,311,19403,2153,25349,1192812,1192813,1192815,1192816,0,0,0,0
1788186357.3839598,66,-54,-58,52,1819,17867,672,26791,1192842,1192843,1192845,1192846,0,0,0,0
1788186357.3839598,16,-30,-27,19,4066,15575,31386,28920,1192902,1192903,1192905,1192906,0,0,0,0
1788186357.4917326,19,-9,-11,8,4413,15104,30924,29344,1192932,1192933,1192935,1192936,0,0,0,0
1788186357.6042006,-3,-3,1,-5,4811,14781,30633,29694,1193022,1193023,1193025,1193026,0,0,0,0
1788186357.7113552,-6,-2,0,-7,4826,14774,30628,29704,1193052,1193053,1193055,1193056,0,0,0,0
1788186357.7172778,-4,2,-1,2,4817,14788,30642,29690,1193082,1193083,1193085,1193086,0,0,0,0
1788186357.812341,0,-1,4,-2,4776,14839,30695,29642,1193142,1193143,1193145,1193146,0,0,0,0
1788186357.9241223,-4,1,0,0,4758,14858,30711,29621,1193172,1193173,1193175,1193176,0,0,0,0
1788186357.9373176,-1,6,0,-5,4749,14870,30722,29610,1193202,1193203,1193205,1193206,0,0,0,0
1788186358.0190957,-2,2,-5,-2,4745,14872,30728,29606,1193232,1193233,1193235,1193236,0,0,0,0
1788186358.0376716,-4,-5,-5,0,4746,14875,30729,29608,1193262,1193263,1193265,1193266,0,0,0,0
1788186358.0510354,0,-5,-5,-2,4744,14875,30731,29607,1193292,1193293,1193295,1193296,0,0,0,0
1788186358.209627,-1,-5,5,-1,4744,14876,30735,29607,1193322,1193323,1193325,1193326,0,0,0,0
1788186358.209627,2,0,-11,-4,4744,14879,30739,29609,1193352,1193353,1193355,1193356,0,0,0,0
1788186358.2366774,-4,1,0,0,4745,14880,30742,29613,1193382,1193383,1193385,1193386,0,0,0,0
1788186358.3341725,0,0,-6,1,4745,14879,30744,29617,1193412,1193413,1193415,1193416,0,0,0,0
1788186358.3341725,35,45,43,57,4772,14930,30841,29828,1193442,1193443,1193445,1193446,0,0,0,0
1788186358.4258308,60,51,60,52,6368,16530,32393,31546,1193472,1193473,1193475,1193476,0,0,0,0
1788186358.4258308,50,61,54,49,7978,18042,1271,306,1193502,1193503,1193505,1193506,0,0,0,0
1788186358.5521505,36,49,49,52,9269,19406,2713,1608,1193532,1193533,1193535,1193536,0,0,0,0
1788186358.5521505,49,54,55,63,10625,20827,4290,3014,1193562,1193563,1193565,1193566,0,0,0,0
1788186358.627475,63,65,47,55,12101,22308,5812,4606,1193592,1193593,1193595,1193596,0,0,0,0
1788186358.627475,49,60,58,62,13801,23985,7320,6083,1193622,1193623,1193625,1193626,0,0,0,0
1788186358.8401458,54,61,59,60,20201,30185,13560,12407,1193742,1193743,1193745,1193746,0,0,0,0
1788186358.9311826,57,57,64,54,21802,31725,15198,13964,1193772,1193773,1193775,1193776,0,0,0,0
1788186358.9311826,46,56,57,69,23316,579,16812,15639,1193802,1193803,1193805,1193806,0,0,0,0
1788186358.978208,60,53,51,54,24863,2173,18608,17235,1193832,1193833,1193835,1193836,0,0,0,0
1788186359.054958,60,66,71,57,26493,3713,20201,18788,1193862,1193863,1193865,1193866,0,0,0,0
1788186359.0906258,50,61,50,75,28161,5365,21808,20412,1193892,1193893,1193895,1193896,0,0,0,0
1788186359.2498806,53,60,62,50,2048,11831,28307,26748,1194012,1194013,1194015,1194016,0,0,0,0
1788186359.2775257,32,36,29,34,3405,13278,29730,28196,1194042,1194043,1194045,1194046,0,0,0,0
1788186359.3601077,24,20,19,13,4226,14035,30363,28897,1194072,1194073,1194075,1194076,0,0,0,0
1788186359.3740237,12,19,10,6,4629,14586,30821,29173,1194102,1194103,1194105,1194106,0,0,0,0
1788186359.4573538,12,19,10,6,4629,14586,30821,29173,1194102,1194103,1194105,1194106,0,0,0,0
1788186359.5662506,0,-2,-1,-3,4712,15072,31224,29173,1194192,1194193,1194195,1194196,0,0,0,0
1788186359.569686,-2,5,4,-2,4682,15107,31255,29137,1194222,1194223,1194225,1194226,0,0,0,0
1788186359.762209,4,-2,3,0,4668,15117,31265,29130,1194282,1194283,1194285,1194286,0,0,0,0
1788186359.762209,-3,-3,-4,0,4687,15103,31250,29150,1194312,1194313,1194315,1194316,0,0,0,0
1788186359.762209,1,0,-5,-1,4706,15081,31228,29174,1194342,1194343,1194345,1194346,0,0,0,0
1788186359.8744469,-4,-4,-4,-1,4743,15044,31192,29210,1194402,1194403,1194405,1194406,0,0,0,0
1788186359.972775,-6,0,4,-1,4747,15036,31186,29215,1194432,1194433,1194435,1194436,0,0,0,0
1788186359.9787846,4,-2,-9,5,4795,14956,31130,29279,1194462,1194463,1194465,1194466,0,0,0,0
1788186360.069112,44,-70,-64,68,6935,12631,29377,31243,1194522,1194523,1194525,1194526,0,0,0,0
1788186360.1877193,77,-70,-87,76,8783,10771,27510,329,1194552,1194553,1194555,1194556,0,0,0,0
1788186360.1877193,81,-109,-86,77,10850,8679,25335,2565,1194582,1194583,1194585,1194586,0,0,0,0
1788186360.2764075,80,-86,-85,86,13065,6566,23077,4882,1194612,1194613,1194615,1194616,0,0,0,0
1788186360.3048604,68,-69,-66,58,15104,4478,20949,6864,1194642,1194643,1194645,1194646,0,0,0,0
1788186360.384537,60,-54,-56,61,16890,2669,19198,8535,1194672,1194673,1194675,1194676,0,0,0,0
1788186360.384537,41,-48,-51,41,18366,1231,17781,9990,1194702,1194703,1194705,1194706,0,0,0,0
1788186360.437464,40,-37,-38,41,19502,88,16663,11128,1194732,1194733,1194735,1194736,0,0,0,0
1788186360.5278018,43,-43,-48,52,20589,31718,15529,12282,1194762,1194763,1194765,1194766,0,0,0,0
1788186360.5341914,49,-52,-46,55,21846,30537,14242,13567,1194792,1194793,1194795,1194796,0,0,0,0
1788186360.6319468,48,-48,-54,55,23376,28930,12695,15035,1194822,1194823,1194825,1194826,0,0,0,0
1788186360.6319468,74,-77,-79,75,25125,27203,10941,16925,1194852,1194853,1194855,1194856,0,0,0,0
1788186360.693434,73,-76,-69,60,26966,25445,9059,18727,1194882,1194883,1194885,1194886,0,0,0,0
1788186360.7569373,68,-61,-67,66,28874,23561,7146,20699,1194912,1194913,1194915,1194916,0,0,0,0
1788186360.8541002,65,-60,-61,55,32177,20253,3889,23933,1194972,1194973,1194975,1194976,0,0,0,0
1788186360.8954427,43,-51,-56,52,807,18879,2534,25351,1195002,1195003,1195005,1195006,0,0,0,0
1788186361.0506635,54,-59,-56,66,4951,14724,31072,29643,1195092,1195093,1195095,1195096,0,0,0,0
1788186361.0967722,62,-68,-63,57,6580,13059,29472,31265,1195122,1195123,1195125,1195126,0,0,0,0
1788186361.1588306,62,-70,-59,66,8245,11331,27805,217,1195152,1195153,1195155,1195156,0,0,0,0
1788186361.2168343,64,-57,-65,55,9896,9540,26086,2062,1195182,1195183,1195185,1195186,0,0,0,0
1788186361.2734544,47,-59,-47,75,11495,7782,24400,3772,1195212,1195213,1195215,1195216,0,0,0,0
1788186361.3632061,51,-65,-59,49,13075,6181,22936,5529,1195242,1195243,1195245,1195246,0,0,0,0
1788186361.3632061,59,-46,-44,55,14448,4534,21588,7253,1195272,1195273,1195275,1195276,0,0,0,0
1788186361.47581,51,-60,-61,70,15832,2859,20265,8892,1195302,1195303,1195305,1195306,0,0,0,0
1788186361.4920204,59,-57,-43,52,17064,1217,19020,10506,1195332,1195333,1195335,1195336,0,0,0,0
1788186361.5883965,42,-69,-58,73,18412,32404,17593,12174,1195362,1195363,1195365,1195366,0,0,0,0
1788186361.5883965,57,-52,-50,91,21143,28855,14829,15726,1195422,1195423,1195425,1195426,0,0,0,0
1788186361.7113867,60,-74,-61,64,22655,27016,13431,17603,1195452,1195453,1195455,1195456,0,0,0,0
1788186361.7113867,53,-78,-49,66,24109,25279,11951,19443,1195482,1195483,1195485,1195486,0,0,0,0
1788186361.8386338,46,-63,-41,59,26845,21614,9225,23100,1195542,1195543,1195545,1195546,0,0,0,0
1788186361.9024878,40,-46,-42,70,28156,19802,7930,24839,1195572,1195573,1195575,1195576,0,0,0,0
1788186361.9024878,60,-56,-51,66,30851,16394,5348,28340,1195632,1195633,1195635,1195636,0,0,0,0
1788186362.0138054,55,-61,-57,53,32185,14751,3916,30123,1195662,1195663,1195665,1195666,0,0,0,0
1788186362.109289,32,-48,-47,52,741,13171,2715,31611,1195692,1195693,1195695,1195696,0,0,0,0
1788186362.109289,27,-26,-1,5,1556,12193,1986,32504,1195722,1195723,1195725,1195726,0,0,0,0
1788186362.1723163,14,-19,-9,8,2063,11771,1628,120,1195752,1195753,1195755,1195756,0,0,0,0
1788186362.3105285,3,-5,-5,-3,2408,11433,1286,467,1195812,1195813,1195815,1195816,0,0,0,0
1788186362.4266145,-8,-1,-4,-3,2550,11289,1155,621,1195872,1195873,1195875,1195876,0,0,0,0
1788186362.4266145,2,-5,0,1,2646,11193,1074,716,1195932,1195933,1195935,1195936,0,0,0,0
1788186362.5195663,1,2,-1,3,2680,11152,1044,747,1195962,1195963,1195965,1195966,0,0,0,0
1788186362.6583843,3,-3,1,2,2733,11096,1003,795,1196022,1196023,1196025,1196026,0,0,0,0
1788186362.7296898,-6,1,-1,-1,2751,11078,989,812,1196052,1196053,1196055,1196056,0,0,0,0
1788186362.7369146,5,2,-2,-3,2774,11050,969,832,1196112,1196113,1196115,1196116,0,0,0,0
1788186362.8386497,-3,-1,-5,-3,2782,11042,963,837,1196142,1196143,1196145,1196146,0,0,0,0
1788186362.856394,-1,3,-4,-1,2783,11038,962,838,1196172,1196173,1196175,1196176,0,0,0,0
1788186362.9348624,2,-3,1,2,2786,11037,961,841,1196202,1196203,1196205,1196206,0,0,0,0
1788186362.9348624,-2,5,0,-2,2790,11030,957,845,1196232,1196233,1196235,1196236,0,0,0,0
1788186363.0548227,-3,-1,5,1,2798,11022,950,852,1196262,1196263,1196265,1196266,0,0,0,0
1788186363.0548227,-1,0,-3,4,2808,11013,943,861,1196292,1196293,1196295,1196296,0,0,0,0
1788186363.2505333,-1,-2,0,1,2815,11003,936,869,1196322,1196323,1196325,1196326,0,0,0,0
1788186363.2505333,-4,-5,-2,3,2830,10989,926,880,1196382,1196383,1196385,1196386,0,0,0,0
1788186363.2505333,1,0,-3,1,2837,10981,921,885,1196412,1196413,1196415,1196416,0,0,0,0
1788186363.3489141,-1,2,1,3,2851,10965,909,899,1196472,1196473,1196475,1196476,0,0,0,0
1788186363.4461281,2,0,-4,-1,2864,10952,898,909,1196532,1196533,1196535,1196536,0,0,0,0
1788186363.540687,2,-1,-1,-2,2870,10949,895,913,1196562,1196563,1196565,1196566,0,0,0,0
1788186363.540687,1,-11,0,3,2877,10932,889,928,1196592,1196593,1196595,1196596,0,0,0,0
1788186363.6665437,18,-15,-11,17,3099,10686,735,1141,1196622,1196623,1196625,1196626,0,0,0,0
1788186363.7472067,69,-63,-55,80,5747,7856,31413,3822,1196682,1196683,1196685,1196686,0,0,0,0
1788186363.7472067,86,-84,-85,91,7722,5907,29479,6054,1196712,1196713,1196715,1196716,0,0,0,0
1788186363.7973802,72,-82,-93,90,9847,3633,27302,8344,1196742,1196743,1196745,1196746,0,0,0,0
1788186363.8906193,77,-74,-82,78,11930,1443,25186,10701,1196772,1196773,1196775,1196776,0,0,0,0
1788186363.9161696,49,-75,-54,60,13834,32241,23385,12759,1196802,1196803,1196805,1196806,0,0,0,0
1788186363.9644005,52,-54,-39,58,15287,30507,21956,14477,1196832,1196833,1196835,1196836,0,0,0,0
1788186364.012435,34,-46,-37,48,16443,28997,20863,15965,1196862,1196863,1196865,1196866,0,0,0,0
1788186364.0958717,34,-42,-30,42,17498,27707,19837,17292,1196892,1196893,1196895,1196896,0,0,0,0
1788186364.1581433,33,-47,-36,40,18478,26384,18887,18572,1196922,1196923,1196925,1196926,0,0,0,0
1788186364.2082298,44,-74,-53,71,19625,24745,17645,20101,1196952,1196953,1196955,1196956,0,0,0,0
1788186364.2136617,44,-69,-51,61,20988,23029,16224,22039,1196982,1196983,1196985,1196986,0,0,0,0
1788186364.3122034,60,-82,-69,80,24163,18870,13046,26247,1197042,1197043,1197045,1197046,0,0,0,0
1788186364.3742285,49,-79,-48,71,25832,16930,11507,28268,1197072,1197073,1197075,1197076,0,0,0,0
1788186364.478848,61,-63,-53,58,27332,15084,10018,30170,1197102,1197103,1197105,1197106,0,0,0,0
1788186364.4993646,42,-65,-48,66,28640,13334,8688,31833,1197132,1197133,1197135,1197136,0,0,0,0
1788186364.513637,46,-50,-44,58,29842,11688,7490,706,1197162,1197163,1197165,1197166,0,0,0,0
1788186364.5752902,38,-58,-37,47,31047,10123,6358,2332,1197192,1197193,1197195,1197196,0,0,0,0
1788186364.639007,57,-73,-45,81,32283,8386,5211,4088,1197222,1197223,1197225,1197226,0,0,0,0
1788186364.7289922,40,-63,-57,62,785,6750,3815,5832,1197252,1197253,1197255,1197256,0,0,0,0
1788186364.7352118,58,-65,-42,79,3592,2909,1009,9716,1197312,1197313,1197315,1197316,0,0,0,0
1788186364.7768877,53,-65,-54,65,5060,1052,32264,11584,1197342,1197343,1197345,1197346,0,0,0,0
1788186364.9335582,54,-69,-54,69,6615,32072,30840,13485,1197372,1197373,1197375,1197376,0,0,0,0
1788186364.9498813,52,-51,-55,58,9585,28919,27778,16645,1197432,1197433,1197435,1197436,0,0,0,0
1788186365.047069,48,-65,-51,57,11088,27367,26273,18170,1197462,1197463,1197465,1197466,0,0,0,0
1788186365.047069,58,-56,-52,47,12598,25904,24704,19629,1197492,1197493,1197495,1197496,0,0,0,0
1788186365.1687448,53,-51,-58,64,14083,24359,23209,21211,1197522,1197523,1197525,1197526,0,0,0,0
1788186365.176455,65,-54,-65,49,17432,21217,19912,24427,1197582,1197583,1197585,1197586,0,0,0,0
1788186365.2757814,62,-58,-56,61,20764,18125,16559,27610,1197642,1197643,1197645,1197646,0,0,0,0
1788186365.3877778,66,-52,-65,54,24096,15201,13305,30523,1197702,1197703,1197705,1197706,0,0,0,0
1788186365.4910045,67,-52,-65,50,27560,12472,9886,470,1197762,1197763,1197765,1197766,0,0,0,0
1788186365.5371745,61,-51,-61,55,29293,11169,8045,1781,1197792,1197793,1197795,1197796,0,0,0,0
1788186365.6987815,52,-51,-62,44,31084,9869,6295,3096,1197822,1197823,1197825,1197826,0,0,0,0
1788186365.6987815,37,-47,-34,27,32464,8708,4990,4249,1197852,1197853,1197855,1197856,0,0,0,0
1788186365.6987815,19,-6,-22,16,431,8012,4468,4669,1197882,1197883,1197885,1197886,0,0,0,0
1788186365.795008,13,-7,-11,11,823,7612,4052,5056,1197912,1197913,1197915,1197916,0,0,0,0
1788186365.810946,0,-2,-7,4,971,7434,3912,5242,1197942,1197943,1197945,1197946,0,0,0,0
1788186365.9179482,4,-4,-4,1,1047,7372,3844,5310,1197972,1197973,1197975,1197976,0,0,0,0
1788186365.9237447,3,-3,0,-1,1083,7338,3813,5344,1198002,1198003,1198005,1198006,0,0,0,0
1788186366.0032556,2,1,-6,-3,1083,7332,3812,5338,1198062,1198063,1198065,1198066,0,0,0,0
1788186366.0744803,1,-3,-3,-5,1070,7350,3830,5324,1198092,1198093,1198095,1198096,0,0,0,0
1788186366.2126746,2,-5,2,-4,1056,7363,3845,5308,1198122,1198123,1198125,1198126,0,0,0,0
1788186366.2126746,2,0,2,-1,1045,7375,3857,5297,1198182,1198183,1198185,1198186,0,0,0,0
1788186366.324134,2,2,4,-2,1046,7373,3855,5298,1198212,1198213,1198215,1198216,0,0,0,0
1788186366.324134,-5,-5,-4,5,1046,7372,3855,5299,1198242,1198243,1198245,1198246,0,0,0,0
1788186366.324134,2,2,0,-6,1046,7372,3853,5299,1198272,1198273,1198275,1198276,0,0,0,0
1788186366.4211295,0,-2,0,-2,1047,7372,3854,5300,1198302,1198303,1198305,1198306,0,0,0,0
1788186366.539877,0,2,-5,0,1048,7372,3854,5301,1198332,1198333,1198335,1198336,0,0,0,0
1788186366.5467806,3,-1,3,0,1055,7364,3845,5307,1198392,1198393,1198395,1198396,0,0,0,0
1788186366.6372201,-2,-2,-3,2,1058,7361,3842,5311,1198422,1198423,1198425,1198426,0,0,0,0
1788186366.6654398,-3,-2,-2,-1,1058,7359,3841,5312,1198452,1198453,1198455,1198456,0,0,0,0
1788186366.8252847,-4,-6,1,-1,1058,7361,3842,5309,1198482,1198483,1198485,1198486,0,0,0,0
1788186366.8252847,-1,-3,2,0,1056,7365,3847,5306,1198542,1198543,1198545,1198546,0,0,0,0
1788186366.9541984,-5,-3,0,-2,1055,7366,3848,5305,1198572,1198573,1198575,1198576,0,0,0,0
1788186366.9541984,3,0,2,-5,1055,7366,3846,5305,1198602,1198603,1198605,1198606,0,0,0,0
1788186366.9541984,-1,-1,-3,6,1057,7366,3846,5307,1198632,1198633,1198635,1198636,0,0,0,0
1788186367.0369544,0,2,1,0,1059,7366,3847,5310,1198662,1198663,1198665,1198666,0,0,0,0
1788186367.1325738,-4,-2,3,-3,1059,7366,3849,5310,1198692,1198693,1198695,1198696,0,0,0,0
1788186367.1325738,1,1,4,0,1059,7366,3849,5311,1198722,1198723,1198725,1198726,0,0,0,0
1788186367.2443721,8,-10,-7,8,1144,7296,3784,5386,1198752,1198753,1198755,1198756,0,0,0,0
1788186367.3441558,79,-63,-64,43,3602,5313,2127,7048,1198812,1198813,1198815,1198816,0,0,0,0
1788186367.3551319,68,-77,-84,81,5513,3538,255,9014,1198842,1198843,1198845,1198846,0,0,0,0
1788186367.3673346,94,-86,-85,87,7742,1498,30749,11267,1198872,1198873,1198875,1198876,0,0,0,0
1788186367.4489188,86,-71,-86,78,12208,30141,26211,15594,1198932,1198933,1198935,1198936,0,0,0,0
1788186367.5530977,56,-54,-52,45,14113,28436,24309,17246,1198962,1198963,1198965,1198966,0,0,0,0
1788186367.553791,59,-39,-55,38,15687,27227,22863,18473,1198992,1198993,1198995,1198996,0,0,0,0
1788186367.643809,50,-32,-40,29,16983,26297,21647,19495,1199022,1199023,1199025,1199026,0,0,0,0
1788186367.6507337,43,-35,-60,39,18381,25350,20293,20379,1199052,1199053,1199055,1199056,0,0,0,0
1788186367.7642026,51,-34,-64,40,19831,24319,18739,21396,1199082,1199083,1199085,1199086,0,0,0,0
1788186367.7756872,69,-59,-67,57,23551,21657,14885,24164,1199142,1199143,1199145,1199146,0,0,0,0
1788186367.8522546,65,-62,-68,56,25630,20069,12839,25782,1199172,1199173,1199175,1199176,0,0,0,0
1788186367.8744638,76,-59,-87,68,27676,18378,10859,27586,1199202,1199203,1199205,1199206,0,0,0,0
1788186367.9751246,66,-54,-61,51,29439,16754,8981,29174,1199232,1199233,1199235,1199236,0,0,0,0
1788186367.9751246,50,-47,-58,47,31235,15426,7234,30576,1199262,1199263,1199265,1199266,0,0,0,0
1788186368.055419,55,-41,-52,41,132,14161,5644,31726,1199292,1199293,1199295,1199296,0,0,0,0
1788186368.07509,74,-42,-68,33,1706,13080,3991,44,1199322,1199323,1199325,1199326,0,0,0,0
1788186368.1722512,52,-40,-62,42,3351,11907,2361,1224,1199352,1199353,1199355,1199356,0,0,0,0
1788186368.1722512,70,-53,-67,45,5092,10674,572,2480,1199382,1199383,1199385,1199386,0,0,0,0
1788186368.2695906,61,-48,-60,63,6944,9372,31374,3865,1199412,1199413,1199415,1199416,0,0,0,0
1788186368.3844974,70,-45,-77,50,8915,7898,29447,5370,1199442,1199443,1199445,1199446,0,0,0,0
1788186368.3981128,62,-55,-61,55,12796,5037,25543,8226,1199502,1199503,1199505,1199506,0,0,0,0
1788186368.4626327,68,-53,-63,55,14573,3680,23781,9743,1199532,1199533,1199535,1199536,0,0,0,0
1788186368.494733,47,-39,-52,52,16223,2376,22112,11053,1199562,1199563,1199565,1199566,0,0,0,0
1788186368.590245,58,-52,-59,49,19233,32382,19182,13930,1199622,1199623,1199625,1199626,0,0,0,0
1788186368.6706636,53,-54,-55,57,20763,30835,17555,15399,1199652,1199653,1199655,1199656,0,0,0,0
1788186368.7194703,60,-49,-59,54,22300,29196,16048,17077,1199682,1199683,1199685,1199686,0,0,0,0
1788186368.8325317,64,-64,-61,56,23948,27672,14412,18715,1199712,1199713,1199715,1199716,0,0,0,0
1788186368.8489802,70,-52,-59,55,27209,24315,11195,22082,1199772,1199773,1199775,1199776,0,0,0,0
1788186368.961638,50,-67,-51,57,30275,21011,8113,25448,1199832,1199833,1199835,1199836,0,0,0,0
1788186369.0584085,50,-49,-48,66,31693,19461,6672,26952,1199862,1199863,1199865,1199866,0,0,0,0
1788186369.0743237,54,-60,-58,62,406,17864,5314,28658,1199892,1199893,1199895,1199896,0,0,0,0
1788186369.2796173,34,-47,-39,35,4537,12901,1118,774,1199982,1199983,1199985,1199986,0,0,0,0
1788186369.2958307,24,-21,-2,11,5389,11895,390,1737,1200012,1200013,1200015,1200016,0,0,0,0
1788186369.40884,-4,4,1,-22,5728,11569,514,1492,1200042,1200043,1200045,1200046,0,0,0,0
1788186369.40884,-27,13,11,-19,4775,11845,1005,507,1200102,1200103,1200105,1200106,0,0,0,0
1788186369.4882412,-6,3,7,0,4004,12633,1850,32654,1200162,1200163,1200165,1200166,0,0,0,0
1788186369.6013129,-2,-2,-5,0,3783,12823,2048,32496,1200222,1200223,1200225,1200226,0,0,0,0
1788186369.6885746,3,1,0,3,3738,12860,2088,32461,1200252,1200253,1200255,1200256,0,0,0,0
1788186369.6942043,-3,-3,-2,-3,3721,12875,2101,32452,1200282,1200283,1200285,1200286,0,0,0,0
1788186369.8098288,4,6,-1,2,3726,12869,2098,32458,1200342,1200343,1200345,1200346,0,0,0,0
1788186369.8911226,4,-3,1,-1,3736,12861,2089,32465,1200372,1200373,1200375,1200376,0,0,0,0
1788186369.9916992,-1,8,-4,0,3743,12856,2084,32472,1200402,1200403,1200405,1200406,0,0,0,0
1788186369.9916992,2,-6,-3,5,3744,12856,2086,32470,1200462,1200463,1200465,1200466,0,0,0,0
1788186370.0918636,-1,3,-3,0,3739,12863,2092,32466,1200522,1200523,1200525,1200526,0,0,0,0
1788186370.3074038,-3,2,4,-3,3739,12862,2092,32466,1200552,1200553,1200555,1200556,0,0,0,0
1788186370.3074038,62,61,59,52,7584,16962,6242,4034,1200642,1200643,1200645,1200646,0,0,0,0
1788186370.4208412,47,51,55,51,9014,18416,7588,5252,1200672,1200673,1200675,1200676,0,0,0,0
1788186370.437039,47,54,54,53,10544,20000,9082,6717,1200702,1200703,1200705,1200706,0,0,0,0
1788186370.437039,63,60,51,51,11997,21549,10597,8149,1200732,1200733,1200735,1200736,0,0,0,0
1788186370.5082006,48,56,68,65,13674,23102,12192,9814,1200762,1200763,1200765,1200766,0,0,0,0
1788186370.714357,54,53,64,55,18382,27683,17010,14616,1200852,1200853,1200855,1200856,0,0,0,0
1788186370.7199142,48,50,49,49,19896,29213,18697,16223,1200882,1200883,1200885,1200886,0,0,0,0
1788186370.8356757,66,64,74,66,21534,30854,20280,17787,1200912,1200913,1200915,1200916,0,0,0,0
1788186370.8356757,56,52,50,54,23216,32525,21916,19322,1200942,1200943,1200945,1200946,0,0,0,0
1788186370.9215155,61,57,60,47,24841,1347,23538,20995,1200972,1200973,1200975,1200976,0,0,0,0
1788186370.9283488,62,55,68,70,26499,3030,25086,22535,1201002,1201003,1201005,1201006,0,0,0,0
1788186370.9987395,51,46,50,54,28152,4622,26773,24194,1201032,1201033,1201035,1201036,0,0,0,0
1788186371.0407033,69,65,63,52,29772,6226,28438,25778,1201062,1201063,1201065,1201066,0,0,0,0
1788186371.0533261,60,53,59,75,31397,7792,30139,27456,1201092,1201093,1201095,1201096,0,0,0,0
1788186371.137099,59,57,60,52,329,9397,31735,29111,1201122,1201123,1201125,1201126,0,0,0,0
1788186371.2351325,61,58,59,59,1963,10996,624,30742,1201152,1201153,1201155,1201156,0,0,0,0
1788186371.2351325,28,37,34,32,3164,12282,1869,31867,1201182,1201183,1201185,1201186,0,0,0,0
1788186371.3310034,-3,-5,-6,-1,4215,13227,2854,32690,1201272,1201273,1201275,1201276,0,0,0,0
1788186371.5238323,6,-1,-2,-2,4179,13205,2851,32675,1201302,1201303,1201305,1201306,0,0,0,0
1788186371.539974,1,-5,-5,-4,4189,13199,2843,32683,1201392,1201393,1201395,1201396,0,0,0,0
1788186371.654735,-4,-1,-3,-3,4199,13196,2839,32688,1201422,1201423,1201425,1201426,0,0,0,0
1788186371.6686778,-1,-3,1,-1,4200,13190,2835,32690,1201482,1201483,1201485,1201486,0,0,0,0
1788186371.7478876,-5,-4,-3,1,4200,13192,2837,32689,1201512,1201513,1201515,1201516,0,0,0,0
1788186371.790499,-2,2,-1,-2,4196,13194,2838,32687,1201542,1201543,1201545,1201546,0,0,0,0
1788186371.8761058,18,-15,-22,21,4483,12850,2570,176,1201602,1201603,1201605,1201606,0,0,0,0
1788186371.9491673,53,-61,-53,39,5847,11793,1578,1080,1201632,1201633,1201635,1201636,0,0,0,0
1788186372.0076375,79,-66,-67,73,7317,9915,32554,2665,1201662,1201663,1201665,1201666,0,0,0,0
1788186372.0237017,73,-74,-84,89,9488,7771,30307,4907,1201692,1201693,1201695,1201696,0,0,0,0
1788186372.0945804,83,-81,-79,90,11846,5659,27910,7132,1201722,1201723,1201725,1201726,0,0,0,0
1788186372.150019,80,-72,-76,65,14155,3585,25561,9237,1201752,1201753,1201755,1201756,0,0,0,0
1788186372.1818194,54,-64,-63,56,16214,1955,23553,10860,1201782,1201783,1201785,1201786,0,0,0,0
1788186372.2966344,53,-41,-46,39,19193,32213,20608,13284,1201842,1201843,1201845,1201846,0,0,0,0
1788186372.35174,53,-34,-41,31,20459,31247,19306,14243,1201872,1201873,1201875,1201876,0,0,0,0
1788186372.4988341,50,-39,-66,38,21862,30323,17961,15183,1201902,1201903,1201905,1201906,0,0,0,0
1788186372.5043886,51,-41,-56,42,23408,29067,16268,16400,1201932,1201933,1201935,1201936,0,0,0,0
1788186372.5604296,90,-63,-83,61,27351,26082,12242,19469,1201992,1201993,1201995,1201996,0,0,0,0
1788186372.6161437,81,-54,-70,63,29448,24364,10137,21244,1202022,1202023,1202025,1202026,0,0,0,0
1788186372.637581,58,-62,-66,66,31464,22860,8142,22778,1202052,1202053,1202055,1202056,0,0,0,0
1788186372.7133584,69,-49,-68,43,545,21376,6283,24233,1202082,1202083,1202085,1202086,0,0,0,0
1788186372.7687528,56,-48,-53,38,2197,20052,4683,25509,1202112,1202113,1202115,1202116,0,0,0,0
1788186372.8105597,59,-39,-43,37,3678,18782,3178,26680,1202142,1202143,1202145,1202146,0,0,0,0
1788186372.9154215,57,-46,-59,35,5222,17576,1622,27990,1202172,1202173,1202175,1202176,0,0,0,0
1788186372.9286304,70,-45,-69,43,8660,15075,30943,30556,1202232,1202233,1202235,1202236,0,0,0,0
1788186373.0195692,72,-38,-67,55,10693,13775,28994,31896,1202262,1202263,1202265,1202266,0,0,0,0
1788186373.0335195,71,-46,-78,47,12743,12500,26771,439,1202292,1202293,1202295,1202296,0,0,0,0
1788186373.1412945,68,-55,-75,44,16615,9786,22860,3123,1202352,1202353,1202355,1202356,0,0,0,0
1788186373.2372005,69,-39,-57,42,20160,7217,19358,5771,1202412,1202413,1202415,1202416,0,0,0,0
1788186373.3660247,57,-39,-61,48,23517,4657,15968,8304,1202472,1202473,1202475,1202476,0,0,0,0
1788186373.4730196,69,-48,-62,62,25297,3294,14272,9748,1202502,1202503,1202505,1202506,0,0,0,0
1788186373.489103,65,-47,-61,54,26970,1991,12505,11118,1202532,1202533,1202535,1202536,0,0,0,0
1788186373.5697155,58,-57,-63,57,30497,31661,8984,14254,1202592,1202593,1202595,1202596,0,0,0,0
1788186373.5855925,65,-58,-70,71,32219,30116,7302,15923,1202622,1202623,1202625,1202626,0,0,0,0
1788186373.709641,50,-57,-59,63,2526,26937,4237,19011,1202682,1202683,1202685,1202686,0,0,0,0
1788186373.7823098,59,-55,-66,58,4071,25501,2781,20605,1202712,1202713,1202715,1202716,0,0,0,0
1788186373.7823098,52,-57,-50,51,5547,23924,1139,22116,1202742,1202743,1202745,1202746,0,0,0,0
1788186373.9103155,59,-52,-51,55,8649,20699,30974,25419,1202802,1202803,1202805,1202806,0,0,0,0
1788186373.988465,47,-46,-47,46,10015,19305,29597,26813,1202832,1202833,1202835,1202836,0,0,0,0
1788186373.988465,23,-23,-12,7,10966,18322,28764,27659,1202862,1202863,1202865,1202866,0,0,0,0
1788186374.128368,18,0,-9,8,11485,17854,28345,28038,1202892,1202893,1202895,1202896,0,0,0,0
1788186374.1445017,-11,2,1,6,11683,17532,28125,28176,1202952,1202953,1202955,1202956,0,0,0,0
1788186374.2126212,1,3,3,5,11659,17548,28146,28150,1202982,1202983,1202985,1202986,0,0,0,0
1788186374.2756581,-1,4,0,-5,11624,17593,28192,28107,1203012,1203013,1203015,1203016,0,0,0,0
1788186374.3370354,-6,3,6,-5,11588,17633,28233,28074,1203042,1203043,1203045,1203046,0,0,0,0
1788186374.3998241,3,-2,0,-3,11562,17665,28262,28044,1203072,1203073,1203075,1203076,0,0,0,0
1788186374.4160378,-5,-2,-1,0,11550,17684,28277,28034,1203102,1203103,1203105,1203106,0,0,0,0
1788186374.609119,0,3,-2,2,11563,17666,28260,28049,1203192,1203193,1203195,1203196,0,0,0,0
1788186374.615158,-5,-3,4,-2,11565,17661,28256,28051,1203222,1203223,1203225,1203226,0,0,0,0
1788186374.7223754,1,-4,1,-6,11559,17670,28267,28045,1203282,1203283,1203285,1203286,0,0,0,0
1788186374.8064435,2,-4,4,-2,11555,17673,28269,28042,1203312,1203313,1203315,1203316,0,0,0,0
1788186374.816586,-2,-2,-2,-4,11557,17673,28268,28044,1203342,1203343,1203345,1203346,0,0,0,0
1788186374.9290924,0,-3,-3,-3,11562,17667,28263,28050,1203372,1203373,1203375,1203376,0,0,0,0
1788186374.9350772,-60,-42,-43,-54,11158,17163,27696,27503,1203432,1203433,1203435,1203436,0,0,0,0
1788186375.0170257,-56,-55,-64,-56,9625,15692,26146,26050,1203462,1203463,1203465,1203466,0,0,0,0
1788186375.2182295,-64,-60,-69,-72,4110,9928,20357,20138,1203582,1203583,1203585,1203586,0,0,0,0
1788186375.2289963,-52,-65,-48,-48,2618,8319,18869,18683,1203612,1203613,1203615,1203616,0,0,0,0
1788186375.3470807,-68,-65,-65,-66,32296,5130,15768,15572,1203672,1203673,1203675,1203676,0,0,0,0
1788186375.3763447,-59,-64,-57,-49,30566,3594,14198,13926,1203702,1203703,1203705,1203706,0,0,0,0
1788186375.4280589,-59,-57,-55,-56,28994,2064,12586,12402,1203732,1203733,1203735,1203736,0,0,0,0
1788186375.4971821,-64,-66,-56,-57,27411,470,10971,10679,1203762,1203763,1203765,1203766,0,0,0,0
1788186375.629714,-54,-60,-59,-51,24259,30069,7756,7616,1203822,1203823,1203825,1203826,0,0,0,0
1788186375.6363473,-61,-63,-67,-59,22656,28394,6084,5867,1203852,1203853,1203855,1203856,0,0,0,0
1788186375.8380852,-71,-60,-53,-64,17851,23522,1181,984,1203942,1203943,1203945,1203946,0,0,0,0
1788186375.9482756,-49,-55,-55,-60,16248,21874,32401,32243,1203972,1203973,1203975,1203976,0,0,0,0
1788186375.9482756,-57,-50,-63,-57,12950,18583,29132,28980,1204032,1204033,1204035,1204036,0,0,0,0
1788186376.031679,-46,-63,-71,-69,11384,17020,27438,27267,1204062,1204063,1204065,1204066,0,0,0,0
1788186376.1446385,-64,-59,-59,-60,9793,15293,25789,25659,1204092,1204093,1204095,1204096,0,0,0,0
1788186376.1446385,-74,-63,-58,-65,6514,11974,22573,22273,1204152,1204153,1204155,1204156,0,0,0,0
1788186376.2348354,-56,-56,-54,-49,4838,10319,21113,20844,1204182,1204183,1204185,1204186,0,0,0,0
1788186376.2506783,-53,-77,-50,-59,3213,8714,19427,19151,1204212,1204213,1204215,1204216,0,0,0,0
1788186376.363587,-51,-62,-50,-61,32757,5337,16161,15895,1204272,1204273,1204275,1204276,0,0,0,0
1788186376.4428718,-58,-69,-56,-68,31122,3749,14455,14161,1204302,1204303,1204305,1204306,0,0,0,0
1788186376.563863,-64,-53,-61,-48,29513,2144,12835,12672,1204332,1204333,1204335,1204336,0,0,0,0
1788186376.563863,-63,-53,-56,-66,26265,31584,9575,9492,1204392,1204393,1204395,1204396,0,0,0,0
1788186376.6444936,-60,-63,-54,-77,23068,28389,6236,6061,1204452,1204453,1204455,1204456,0,0,0,0
1788186376.7733219,-66,-58,-66,-65,18179,23490,1400,1235,1204542,1204543,1204545,1204546,0,0,0,0
1788186376.8556023,-54,-57,-57,-54,16498,21779,32603,32466,1204572,1204573,1204575,1204576,0,0,0,0
1788186376.8694303,-56,-58,-58,-73,14889,20172,30882,30810,1204602,1204603,1204605,1204606,0,0,0,0
1788186376.964738,-39,-35,-40,-39,13508,18736,29435,29346,1204632,1204633,1204635,1204636,0,0,0,0
1788186376.964738,-16,-18,-22,-18,12737,18011,28666,28704,1204662,1204663,1204665,1204666,0,0,0,0
1788186377.032487,-7,0,-18,1,12379,17619,28191,28249,1204692,1204693,1204695,1204696,0,0,0,0
1788186377.0741947,8,-7,-14,5,12515,17520,28061,28365,1204722,1204723,1204725,1204726,0,0,0,0
1788186377.1634958,93,-57,-43,58,14740,15671,26419,30061,1204782,1204783,1204785,1204786,0,0,0,0
1788186377.258846,91,-71,-92,99,19042,11861,22371,1405,1204842,1204843,1204845,1204846,0,0,0,0
1788186377.4033384,92,-79,-87,98,21455,9724,19944,3757,1204872,1204873,1204875,1204876,0,0,0,0
1788186377.4033384,83,-64,-77,63,23703,7637,17756,5828,1204902,1204903,1204905,1204906,0,0,0,0
1788186377.4676151,55,-37,-46,44,27102,4787,14602,8840,1204962,1204963,1204965,1204966,0,0,0,0
1788186377.6161945,43,-42,-52,44,28380,3810,13400,9855,1204992,1204993,1204995,1204996,0,0,0,0
1788186377.6223707,59,-40,-67,38,31231,2069,10641,11696,1205052,1205053,1205055,1205056,0,0,0,0
1788186377.6838074,72,-46,-70,51,209,791,8875,12973,1205082,1205083,1205085,1205086,0,0,0,0
1788186377.734207,71,-67,-74,68,2228,32079,6791,14522,1205112,1205113,1205115,1205116,0,0,0,0
1788186377.8237333,80,-56,-95,65,6443,28844,2540,17901,1205172,1205173,1205175,1205176,0,0,0,0
1788186377.8931394,70,-63,-66,47,8342,27203,654,19509,1205202,1205203,1205205,1205206,0,0,0,0
1788186377.9422297,61,-51,-52,41,10118,25818,31614,20941,1205232,1205233,1205235,1205236,0,0,0,0
1788186378.0313413,51,-38,-46,39,11649,24551,30127,22138,1205262,1205263,1205265,1205266,0,0,0,0
1788186378.0313413,58,-36,-63,39,13277,23437,28543,23299,1205292,1205293,1205295,1205296,0,0,0,0
1788186378.0944185,61,-45,-62,38,14844,22236,26877,24459,1205322,1205323,1205325,1205326,0,0,0,0
1788186378.241088,56,-47,-73,44,16489,21038,25223,25706,1205352,1205353,1205355,1205356,0,0,0,0
1788186378.2465131,60,-48,-64,57,18403,19728,23408,26960,1205382,1205383,1205385,1205386,0,0,0,0
1788186378.2465131,72,-49,-67,64,20222,18325,21452,28520,1205412,1205413,1205415,1205416,0,0,0,0
1788186378.2958772,69,-66,-65,56,22168,16811,19484,30118,1205442,1205443,1205445,1205446,0,0,0,0
1788186378.3577416,65,-51,-70,52,24050,15310,17592,31575,1205472,1205473,1205475,1205476,0,0,0,0
1788186378.4540305,55,-50,-55,52,25742,13720,15985,381,1205502,1205503,1205505,1205506,0,0,0,0
1788186378.4540305,63,-58,-52,52,27290,12221,14404,1890,1205532,1205533,1205535,1205536,0,0,0,0
1788186378.5664058,57,-57,-54,48,28766,10773,12884,3297,1205562,1205563,1205565,1205566,0,0,0,0
1788186378.5841653,61,-50,-62,65,31736,7787,9936,6428,1205622,1205623,1205625,1205626,0,0,0,0
1788186378.6743388,56,-70,-63,49,565,6255,8399,7974,1205652,1205653,1205655,1205656,0,0,0,0
1788186378.6902604,60,-53,-47,69,2115,4597,6841,9651,1205682,1205683,1205685,1205686,0,0,0,0
1788186378.787366,61,-67,-57,58,5219,1308,3694,12975,1205742,1205743,1205745,1205746,0,0,0,0
1788186378.9162502,52,-58,-58,56,6737,32466,2230,14745,1205772,1205773,1205775,1205776,0,0,0,0
1788186378.9320266,49,-46,-65,64,9650,29020,32147,18148,1205832,1205833,1205835,1205836,0,0,0,0
1788186379.0322638,63,-62,-43,63,12396,25649,29340,21560,1205892,1205893,1205895,1205896,0,0,0,0
1788186379.1123044,43,-64,-46,59,13780,23852,28006,23278,1205922,1205923,1205925,1205926,0,0,0,0
1788186379.1568556,37,-47,-38,54,14995,22203,26690,24951,1205952,1205953,1205955,1205956,0,0,0,0
1788186379.3177736,2,-1,8,-18,16280,20958,25748,25513,1206012,1206013,1206015,1206016,0,0,0,0
1788186379.4329193,-19,24,15,-28,16057,21218,26099,24998,1206042,1206043,1206045,1206046,0,0,0,0
1788186379.4329193,-31,27,26,-27,14406,22666,27627,23445,1206102,1206103,1206105,1206106,0,0,0,0
1788186379.4474416,-5,16,9,-9,13902,23201,28118,22991,1206132,1206133,1206135,1206136,0,0,0,0
1788186379.5334995,-7,9,8,-10,13678,23480,28431,22729,1206162,1206163,1206165,1206166,0,0,0,0
1788186379.5821161,-1,7,2,-6,13557,23608,28559,22607,1206192,1206193,1206195,1206196,0,0,0,0
1788186379.5893312,-4,3,5,-9,13483,23682,28622,22530,1206222,1206223,1206225,1206226,0,0,0,0
1788186379.7175064,-2,1,1,-1,13436,23731,28665,22482,1206252,1206253,1206255,1206256,0,0,0,0
1788186379.7353482,-3,-2,5,-1,13402,23766,28696,22447,1206282,1206283,1206285,1206286,0,0,0,0
1788186379.9260714,-6,1,-2,-2,13342,23827,28752,22387,1206342,1206343,1206345,1206346,0,0,0,0
1788186379.9260714,-4,0,2,-4,13264,23904,28823,22309,1206402,1206403,1206405,1206406,0,0,0,0
1788186380.037591,-5,-3,-2,-6,13104,24061,28969,22166,1206492,1206493,1206495,1206496,0,0,0,0
1788186380.1358979,-5,-3,-2,-6,13104,24061,28969,22166,1206492,1206493,1206495,1206496,0,0,0,0
1788186380.1427603,-61,-48,-67,-46,12512,23632,28378,21581,1206552,1206553,1206555,1206556,0,0,0,0
1788186380.248443,-55,-66,-47,-63,10979,22186,26659,19918,1206582,1206583,1206585,1206586,0,0,0,0
1788186380.248443,-50,-52,-60,-39,9513,20742,25152,18517,1206612,1206613,1206615,1206616,0,0,0,0
1788186380.264263,-48,-47,-49,-53,8268,19510,23893,17167,1206642,1206643,1206645,1206646,0,0,0,0
1788186380.343531,-51,-63,-62,-62,6819,18026,22337,15638,1206672,1206673,1206675,1206676,0,0,0,0
1788186380.3912659,-52,-59,-55,-50,5348,16359,20929,14024,1206702,1206703,1206705,1206706,0,0,0,0
1788186380.4226818,-72,-47,-54,-50,3793,14892,19234,12604,1206732,1206733,1206735,1206736,0,0,0,0
1788186380.5390055,-57,-65,-68,-62,2347,13250,17657,11027,1206762,1206763,1206765,1206766,0,0,0,0
1788186380.5515645,-60,-61,-49,-65,705,11734,16140,9549,1206792,1206793,1206795,1206796,0,0,0,0
1788186380.7528222,-70,-68,-58,-37,31833,10108,14587,7891,1206822,1206823,1206825,1206826,0,0,0,0
1788186380.753449,-66,-51,-58,-61,28621,6912,11405,4715,1206882,1206883,1206885,1206886,0,0,0,0
1788186380.9568512,-52,-65,-49,-64,25373,3715,8122,1440,1206942,1206943,1206945,1206946,0,0,0,0
1788186380.9568512,-57,-55,-58,-56,20657,31564,3156,29282,1207032,1207033,1207035,1207036,0,0,0,0
1788186381.0513334,-51,-61,-55,-59,17448,28312,32630,26120,1207092,1207093,1207095,1207096,0,0,0,0
1788186381.1491842,-34,-38,-39,-32,14322,25316,29655,23105,1207152,1207153,1207155,1207156,0,0,0,0
1788186381.266675,-19,-20,-22,-21,13634,24431,28922,22295,1207182,1207183,1207185,1207186,0,0,0,0
1788186381.266675,-17,-12,-18,-9,13101,23981,28433,21898,1207212,1207213,1207215,1207216,0,0,0,0
1788186381.266675,-3,-4,-2,-5,12839,23715,28184,21747,1207242,1207243,1207245,1207246,0,0,0,0
1788186381.3752637,1,1,1,2,12847,23685,28166,21794,1207272,1207273,1207275,1207276,0,0,0,0
1788186381.414439,5,-9,-6,4,12951,23557,28053,21889,1207302,1207303,1207305,1207306,0,0,0,0
1788186381.4304981,46,-35,-39,31,13563,22930,27527,22372,1207332,1207333,1207335,1207336,0,0,0,0
1788186381.4940562,57,-64,-51,57,15196,21575,26378,23587,1207362,1207363,1207365,1207366,0,0,0,0
1788186381.574365,86,-63,-72,72,17026,19741,24514,25657,1207392,1207393,1207395,1207396,0,0,0,0
1788186381.5904682,106,-82,-86,70,19195,17583,22327,27950,1207422,1207423,1207425,1207426,0,0,0,0
1788186381.7027524,90,-64,-93,74,21522,15310,20003,30348,1207452,1207453,1207455,1207456,0,0,0,0
1788186381.7027524,74,-70,-83,61,23744,13169,17885,32482,1207482,1207483,1207485,1207486,0,0,0,0
1788186381.766619,50,-50,-39,60,25506,11526,16266,1331,1207512,1207513,1207515,1207516,0,0,0,0
1788186381.809246,39,-43,-42,49,26803,10156,14914,2673,1207542,1207543,1207545,1207546,0,0,0,0
1788186381.886411,32,-39,-36,43,28023,9086,13869,3782,1207572,1207573,1207575,1207576,0,0,0,0
1788186381.8923857,42,-40,-40,40,29065,7917,12760,4911,1207602,1207603,1207605,1207606,0,0,0,0
1788186381.97674,40,-45,-41,59,30371,6759,11497,6157,1207632,1207633,1207635,1207636,0,0,0,0
1788186382.0179675,68,-66,-65,61,31913,5212,9903,7732,1207662,1207663,1207665,1207666,0,0,0,0
1788186382.0454047,59,-68,-74,65,992,3518,8040,9495,1207692,1207693,1207695,1207696,0,0,0,0
1788186382.1363382,74,-69,-77,61,2990,1863,6020,11409,1207722,1207723,1207725,1207726,0,0,0,0
1788186382.1363382,64,-59,-72,69,4956,91,3952,13153,1207752,1207753,1207755,1207756,0,0,0,0
1788186382.2266898,56,-53,-65,50,6861,31253,2065,14670,1207782,1207783,1207785,1207786,0,0,0,0
1788186382.2324715,60,-54,-61,45,8635,29968,414,16061,1207812,1207813,1207815,1207816,0,0,0,0
1788186382.3358393,52,-47,-57,39,10151,28705,31572,17248,1207842,1207843,1207845,1207846,0,0,0,0
1788186382.3585594,52,-49,-56,38,11598,27602,30212,18425,1207872,1207873,1207875,1207876,0,0,0,0
1788186382.5400903,60,-58,-70,47,14911,25053,26784,20934,1207932,1207933,1207935,1207936,0,0,0,0
1788186382.5400903,66,-50,-82,58,16681,23589,24925,22397,1207962,1207963,1207965,1207966,0,0,0,0
1788186382.5519722,53,-49,-68,66,18595,22025,23165,24093,1207992,1207993,1207995,1207996,0,0,0,0
1788186382.6453352,73,-68,-64,51,20406,20404,21409,25752,1208022,1208023,1208025,1208026,0,0,0,0
1788186382.6453352,57,-56,-55,73,22089,18755,19646,27425,1208052,1208053,1208055,1208056,0,0,0,0
1788186382.7242491,61,-58,-64,61,23684,17137,18007,28963,1208082,1208083,1208085,1208086,0,0,0,0
1788186382.7558742,58,-56,-57,46,25242,15672,16498,30452,1208112,1208113,1208115,1208116,0,0,0,0
1788186382.8856606,51,-57,-49,62,26684,14265,14998,31932,1208142,1208143,1208145,1208146,0,0,0,0
1788186382.8866885,46,-43,-67,54,28220,12927,13548,496,1208172,1208173,1208175,1208176,0,0,0,0
1788186382.9821148,68,-42,-63,54,29858,11621,11855,1923,1208202,1208203,1208205,1208206,0,0,0,0
1788186382.9821148,66,-48,-70,39,31595,10261,10109,3254,1208232,1208233,1208235,1208236,0,0,0,0
1788186383.0513134,64,-62,-66,45,679,8832,8246,4767,1208262,1208263,1208265,1208266,0,0,0,0
1788186383.0930974,63,-43,-68,59,2509,7356,6387,6214,1208292,1208293,1208295,1208296,0,0,0,0
1788186383.1091316,63,-55,-66,47,4383,5950,4563,7741,1208322,1208323,1208325,1208326,0,0,0,0
1788186383.205945,64,-43,-54,41,7913,3222,973,10511,1208382,1208383,1208385,1208386,0,0,0,0
1788186383.3188813,63,-47,-60,46,11289,594,30314,13101,1208442,1208443,1208445,1208446,0,0,0,0
1788186383.4140048,66,-57,-61,43,13081,32089,28606,14434,1208472,1208473,1208475,1208476,0,0,0,0
1788186383.4140048,60,-54,-55,56,14842,30763,26674,15879,1208502,1208503,1208505,1208506,0,0,0,0
1788186383.6122315,19,-22,-11,13,18399,27838,23666,18375,1208592,1208593,1208595,1208596,0,0,0,0
1788186383.6292896,8,-14,-7,6,18643,27494,23409,18617,1208622,1208623,1208625,1208626,0,0,0,0
1788186383.7553985,7,-13,-7,-2,18780,27301,23257,18747,1208652,1208653,1208655,1208656,0,0,0,0
1788186383.7553985,2,-6,-5,3,18875,27168,23152,18854,1208682,1208683,1208685,1208686,0,0,0,0
1788186383.7745554,3,-3,-3,3,18943,27086,23088,18915,1208712,1208713,1208715,1208716,0,0,0,0
1788186383.8315969,3,0,-3,3,18979,27051,23057,18947,1208742,1208743,1208745,1208746,0,0,0,0
1788186383.9382741,-3,3,1,-1,18997,27032,23042,18962,1208772,1208773,1208775,1208776,0,0,0,0
1788186383.9414418,3,4,-4,-2,18992,27036,23047,18955,1208802,1208803,1208805,1208806,0,0,0,0
1788186383.9562368,-2,-2,-2,-3,18985,27044,23055,18946,1208832,1208833,1208835,1208836,0,0,0,0
1788186384.0242696,-1,-7,-1,1,18974,27056,23067,18936,1208862,1208863,1208865,1208866,0,0,0,0
1788186384.0743554,3,-2,3,1,18969,27058,23071,18930,1208892,1208893,1208895,1208896,0,0,0,0
1788186384.2307403,3,4,1,9,18971,27059,23070,18931,1208952,1208953,1208955,1208956,0,0,0,0
1788186384.2307403,0,0,-4,1,18971,27057,23070,18932,1208982,1208983,1208985,1208986,0,0,0,0
1788186384.3479562,-4,0,5,0,18971,27060,23073,18930,1209042,1209043,1209045,1209046,0,0,0,0
1788186384.4406521,0,-3,0,1,18973,27059,23072,18932,1209072,1209073,1209075,1209076,0,0,0,0
1788186384.4551187,-1,-4,2,0,18976,27058,23070,18934,1209102,1209103,1209105,1209106,0,0,0,0
1788186384.5611484,-61,-48,-60,-67,16999,25502,21144,16991,1209162,1209163,1209165,1209166,0,0,0,0
1788186384.5611484,-44,-62,-54,-47,14211,22686,18309,14139,1209222,1209223,1209225,1209226,0,0,0,0
1788186384.641763,-55,-56,-67,-45,12902,21155,16681,12738,1209252,1209253,1209255,1209256,0,0,0,0
1788186384.7710495,-61,-56,-66,-66,9975,18148,13654,9729,1209312,1209313,1209315,1209316,0,0,0,0
1788186384.788842,-54,-68,-56,-46,8500,16547,12124,8066,1209342,1209343,1209345,1209346,0,0,0,0
1788186384.8511243,-48,-39,-57,-64,6858,15074,10564,6593,1209372,1209373,1209375,1209376,0,0,0,0
1788186384.962103,-49,-51,-66,-50,3530,11848,7452,3290,1209432,1209433,1209435,1209436,0,0,0,0
1788186385.0515926,-63,-58,-53,-61,2002,10221,5897,1810,1209462,1209463,1209465,1209466,0,0,0,0
1788186385.0515926,-56,-71,-64,-52,373,8574,4325,110,1209492,1209493,1209495,1209496,0,0,0,0
1788186385.1624033,-47,-48,-71,-52,31500,6978,2698,31389,1209522,1209523,1209525,1209526,0,0,0,0
1788186385.1766574,-56,-59,-52,-58,30001,5291,973,29812,1209552,1209553,1209555,1209556,0,0,0,0
1788186385.253924,-51,-67,-58,-71,28342,3649,32054,28147,1209582,1209583,1209585,1209586,0,0,0,0
1788186385.3719857,-58,-53,-63,-55,23492,31607,27056,23210,1209672,1209673,1209675,1209676,0,0,0,0
1788186385.4616187,-60,-66,-59,-52,21893,30053,25544,21597,1209702,1209703,1209705,1209706,0,0,0,0
1788186385.4758794,-49,-44,-37,-54,20336,28536,24180,20140,1209732,1209733,1209735,1209736,0,0,0,0
1788186385.5872328,-19,-20,-19,-15,19558,27720,23472,19461,1209762,1209763,1209765,1209766,0,0,0,0
1788186385.5872328,-14,-17,-21,-15,19115,27186,22958,19012,1209792,1209793,1209795,1209796,0,0,0,0
1788186385.5930314,-1,-7,-14,-9,18932,26906,22536,18759,1209822,1209823,1209825,1209826,0,0,0,0
1788186385.6761365,3,-2,-1,3,18955,26842,22372,18724,1209852,1209853,1209855,1209856,0,0,0,0
1788186385.7776034,3,-4,0,1,19009,26794,22322,18776,1209882,1209883,1209885,1209886,0,0,0,0
1788186385.7776034,-4,-2,-1,13,19055,26760,22282,18816,1209912,1209913,1209915,1209916,0,0,0,0
1788186385.7936287,-1,-2,1,-4,19086,26738,22259,18842,1209942,1209943,1209945,1209946,0,0,0,0
1788186385.8736012,-2,3,4,-2,19096,26731,22251,18850,1209972,1209973,1209975,1209976,0,0,0,0
1788186385.985664,1,-1,2,-1,19074,26750,22271,18826,1210032,1210033,1210035,1210036,0,0,0,0
1788186386.0689738,1,1,4,-4,19059,26763,22285,18813,1210062,1210063,1210065,1210066,0,0,0,0
1788186386.0729284,7,-3,-1,-4,19050,26767,22290,18806,1210092,1210093,1210095,1210096,0,0,0,0
1788186386.0938401,5,2,-2,2,19064,26753,22272,18822,1210122,1210123,1210125,1210126,0,0,0,0
1788186386.1768334,21,-15,-17,20,19317,26532,22016,19109,1210152,1210153,1210155,1210156,0,0,0,0
1788186386.1924942,67,-60,-55,58,20466,25327,21259,20010,1210182,1210183,1210185,1210186,0,0,0,0
1788186386.2925518,71,-86,-76,89,24367,21451,17432,24063,1210242,1210243,1210245,1210246,0,0,0,0
1788186386.3856215,80,-84,-79,95,26612,19321,15143,26333,1210272,1210273,1210275,1210276,0,0,0,0
1788186386.4216237,76,-76,-82,77,28828,17141,12996,28519,1210302,1210303,1210305,1210306,0,0,0,0
1788186386.481546,69,-63,-60,56,30799,15230,11225,30478,1210332,1210333,1210335,1210336,0,0,0,0
1788186386.5239453,50,-42,-48,52,32438,13770,9727,31929,1210362,1210363,1210365,1210366,0,0,0,0
1788186386.6287768,37,-36,-43,48,826,12564,8522,299,1210392,1210393,1210395,1210396,0,0,0,0
1788186386.635,45,-37,-43,44,1937,11516,7510,1391,1210422,1210423,1210425,1210426,0,0,0,0
1788186386.6899247,46,-44,-49,51,3081,10314,6290,2596,1210452,1210453,1210455,1210456,0,0,0,0
1788186386.7329972,50,-71,-61,72,4548,8843,4893,4140,1210482,1210483,1210485,1210486,0,0,0,0
1788186386.8370762,73,-66,-75,76,9865,3494,32142,9693,1210572,1210573,1210575,1210576,0,0,0,0
1788186386.892447,50,-69,-61,59,11590,1730,30412,11490,1210602,1210603,1210605,1210606,0,0,0,0
1788186386.955353,65,-54,-48,59,13274,79,28820,13104,1210632,1210633,1210635,1210636,0,0,0,0
1788186386.9757776,54,-43,-53,48,14703,31401,27300,14558,1210662,1210663,1210665,1210666,0,0,0,0
1788186387.0579262,43,-49,-56,52,16129,30108,25973,15970,1210692,1210693,1210695,1210696,0,0,0,0
1788186387.1493206,56,-44,-53,50,17464,28736,24567,17309,1210722,1210723,1210725,1210726,0,0,0,0
1788186387.1558096,53,-70,-56,57,18863,27246,23204,18704,1210752,1210753,1210755,1210756,0,0,0,0
1788186387.2536476,57,-62,-60,55,22208,24138,19720,21982,1210812,1210813,1210815,1210816,0,0,0,0
1788186387.3159611,69,-64,-73,67,24090,22459,17944,23669,1210842,1210843,1210845,1210846,0,0,0,0
1788186387.359478,51,-56,-63,56,25781,20852,16264,25470,1210872,1210873,1210875,1210876,0,0,0,0
1788186387.4756246,53,-54,-47,49,30427,16159,11656,30145,1210962,1210963,1210965,1210966,0,0,0,0
1788186387.5846593,49,-58,-46,60,31807,14688,10267,31596,1210992,1210993,1210995,1210996,0,0,0,0
1788186387.5846593,52,-60,-53,64,490,13128,8893,358,1211022,1211023,1211025,1211026,0,0,0,0
1788186387.687668,52,-67,-54,72,3375,9853,5873,3687,1211082,1211083,1211085,1211086,0,0,0,0
1788186387.7989714,57,-68,-58,62,6390,6384,2934,7344,1211142,1211143,1211145,1211146,0,0,0,0
1788186387.927387,41,-68,-52,68,9219,2731,105,10989,1211202,1211203,1211205,1211206,0,0,0,0
1788186388.0238667,37,-58,-49,54,10511,1001,31465,12796,1211232,1211233,1211235,1211236,0,0,0,0
1788186388.0238667,45,-75,-46,69,11741,32027,30241,14542,1211262,1211263,1211265,1211266,0,0,0,0
1788186388.0782597,47,-58,-45,51,13125,30333,28941,16307,1211292,1211293,1211295,1211296,0,0,0,0
1788186388.1196299,57,-66,-51,72,14493,28505,27600,18054,1211322,1211323,1211325,1211326,0,0,0,0
1788186388.1549697,53,-49,-47,44,15857,26840,26228,19657,1211352,1211353,1211355,1211356,0,0,0,0
1788186388.327965,37,-31,-23,9,16875,25768,25245,20837,1211382,1211383,1211385,1211386,0,0,0,0
1788186388.327965,5,-8,3,-35,17432,25321,24972,20353,1211412,1211413,1211415,1211416,0,0,0,0
1788186388.327965,-19,1,14,-23,17257,25261,25276,19935,1211442,1211443,1211445,1211446,0,0,0,0
1788186388.4409852,-26,18,28,-16,15723,26040,26551,18958,1211502,1211503,1211505,1211506,0,0,0,0
1788186388.521664,-13,8,12,-5,15158,26381,27083,18646,1211532,1211533,1211535,1211536,0,0,0,0
1788186388.65061,-8,2,3,0,14750,26753,27521,18304,1211592,1211593,1211595,1211596,0,0,0,0
1788186388.65061,-7,0,0,-1,14573,26886,27684,18155,1211652,1211653,1211655,1211656,0,0,0,0
1788186388.8479075,5,-3,-2,2,14583,26878,27668,18172,1211742,1211743,1211745,1211746,0,0,0,0
1788186388.9443445,-2,3,-2,0,14612,26857,27645,18198,1211772,1211773,1211775,1211776,0,0,0,0
1788186388.9443445,-1,-2,1,2,14629,26844,27630,18212,1211802,1211803,1211805,1211806,0,0,0,0
1788186389.0402048,1,3,-1,0,14634,26841,27628,18214,1211862,1211863,1211865,1211866,0,0,0,0
1788186389.0559936,0,-2,1,3,14628,26847,27634,18208,1211892,1211893,1211895,1211896,0,0,0,0
1788186389.0789819,0,-1,2,-1,14624,26850,27639,18204,1211922,1211923,1211925,1211926,0,0,0,0
1788186389.155278,64,74,45,65,15030,27671,28148,18914,1211952,1211953,1211955,1211956,0,0,0,0
1788186389.2539034,57,47,45,9,17830,30515,31319,21957,1212012,1212013,1212015,1212016,0,0,0,0
1788186389.2700014,64,57,50,43,19114,31914,32724,23255,1212042,1212043,1212045,1212046,0,0,0,0
1788186389.3487616,70,51,56,52,20547,646,1449,24625,1212072,1212073,1212075,1212076,0,0,0,0
1788186389.4604104,51,44,59,46,22138,2206,3072,26150,1212102,1212103,1212105,1212106,0,0,0,0
1788186389.4604104,68,72,54,56,23738,3657,4550,27742,1212132,1212133,1212135,1212136,0,0,0,0
1788186389.5569284,57,58,60,54,25386,5245,6017,29244,1212162,1212163,1212165,1212166,0,0,0,0
1788186389.6692965,49,58,64,57,30247,10001,10926,1217,1212252,1212253,1212255,1212256,0,0,0,0
1788186389.7599585,69,51,50,61,31797,11550,12572,2813,1212282,1212283,1212285,1212286,0,0,0,0
1788186389.7599585,56,62,60,49,645,13258,14204,4537,1212312,1212313,1212315,1212316,0,0,0,0
1788186389.8866565,53,66,64,62,2264,14942,15889,6008,1212342,1212343,1212345,1212346,0,0,0,0
1788186389.8908608,50,65,59,48,5505,18153,19159,9206,1212402,1212403,1212405,1212406,0,0,0,0
1788186389.9744906,59,50,60,60,7072,19667,20848,10798,1212432,1212433,1212435,1212436,0,0,0,0
1788186390.0875247,64,58,71,63,8754,21260,22371,12595,1212462,1212463,1212465,1212466,0,0,0,0
1788186390.0875247,64,70,54,65,10363,22906,24069,14209,1212492,1212493,1212495,1212496,0,0,0,0
1788186390.0875247,54,50,48,55,11893,24472,25726,15936,1212522,1212523,1212525,1212526,0,0,0,0
1788186390.1752117,32,32,26,22,13219,25638,26766,16945,1212552,1212553,1212555,1212556,0,0,0,0
1788186390.2878094,13,7,13,6,14347,26768,27731,17789,1212612,1212613,1212615,1212616,0,0,0,0
1788186390.2932115,2,0,-1,-1,14607,26979,27857,17881,1212642,1212643,1212645,1212646,0,0,0,0
1788186390.4932966,-2,5,-4,-3,14527,27059,27931,17772,1212732,1212733,1212735,1212736,0,0,0,0
1788186390.5821097,-2,1,-5,-4,14517,27081,27949,17763,1212762,1212763,1212765,1212766,0,0,0,0
1788186390.5978935,-3,2,-1,1,14510,27080,27949,17763,1212792,1212793,1212795,1212796,0,0,0,0
1788186390.6785624,2,0,-3,1,14520,27067,27940,17771,1212822,1212823,1212825,1212826,0,0,0,0
1788186390.6954484,-4,-2,-1,1,14531,27058,27931,17783,1212852,1212853,1212855,1212856,0,0,0,0
1788186390.717349,1,-2,0,-5,14535,27051,27925,17786,1212882,1212883,1212885,1212886,0,0,0,0
1788186390.79449,0,-5,0,-2,14532,27053,27927,17782,1212912,1212913,1212915,1212916,0,0,0,0
1788186390.8944123,26,-23,-21,26,14873,26645,27561,18203,1212972,1212973,1212975,1212976,0,0,0,0
1788186390.9157774,52,-91,-40,64,16046,25168,26539,19300,1213002,1213003,1213005,1213006,0,0,0,0
1788186390.9962866,66,-82,-74,74,17907,22794,24889,21263,1213032,1213033,1213035,1213036,0,0,0,0
1788186391.0943842,70,-82,-88,93,19880,20715,22847,23609,1213062,1213063,1213065,1213066,0,0,0,0
1788186391.0943842,71,-78,-99,83,22077,18474,20508,25920,1213092,1213093,1213095,1213096,0,0,0,0
1788186391.1093264,66,-70,-66,64,24169,16289,18451,28081,1213122,1213123,1213125,1213126,0,0,0,0
1788186391.216786,40,-40,-34,40,28243,11557,14489,32696,1213212,1213213,1213215,1213216,0,0,0,0
1788186391.307654,36,-82,-39,64,30185,8799,12531,2771,1213272,1213273,1213275,1213276,0,0,0,0
1788186391.3625746,44,-54,-60,52,31444,7052,11294,4637,1213302,1213303,1213305,1213306,0,0,0,0
1788186391.481553,51,-72,-61,75,159,5003,9737,6627,1213332,1213333,1213335,1213336,0,0,0,0
1788186391.494829,76,-72,-62,93,1778,3004,8093,8711,1213362,1213363,1213365,1213366,0,0,0,0
1788186391.5573223,54,-68,-57,72,3386,1002,6375,10773,1213392,1213393,1213395,1213396,0,0,0,0
1788186391.599575,53,-65,-63,67,4942,31850,4864,12836,1213422,1213423,1213425,1213426,0,0,0,0
1788186391.6412377,57,-65,-45,63,6368,30084,3506,14618,1213452,1213453,1213455,1213456,0,0,0,0
1788186391.745404,53,-63,-51,45,7645,28444,2247,16254,1213482,1213483,1213485,1213486,0,0,0,0
1788186391.7513134,42,-55,-37,57,8844,26843,1085,17767,1213512,1213513,1213515,1213516,0,0,0,0
1788186391.806752,35,-59,-47,59,9966,25338,32674,19345,1213542,1213543,1213545,1213546,0,0,0,0
1788186391.8533032,45,-71,-37,74,11172,23578,31404,21101,1213572,1213573,1213575,1213576,0,0,0,0
1788186391.8697948,53,-67,-50,70,12559,21700,30138,23055,1213602,1213603,1213605,1213606,0,0,0,0
1788186391.9750288,62,-73,-61,75,15375,17928,27111,26870,1213662,1213663,1213665,1213666,0,0,0,0
1788186392.0361612,64,-53,-45,69,16968,16048,25626,28820,1213692,1213693,1213695,1213696,0,0,0,0
1788186392.1016176,40,-76,-48,60,18489,14296,24139,30532,1213722,1213723,1213725,1213726,0,0,0,0
1788186392.1822438,44,-54,-58,64,19843,12587,22771,32257,1213752,1213753,1213755,1213756,0,0,0,0
1788186392.1822438,46,-69,-40,57,21208,11028,21514,1117,1213782,1213783,1213785,1213786,0,0,0,0
1788186392.298144,53,-58,-49,69,22519,9357,20085,2800,1213812,1213813,1213815,1213816,0,0,0,0
1788186392.298144,44,-58,-41,54,23813,7604,18887,4618,1213842,1213843,1213845,1213846,0,0,0,0
1788186392.4183526,49,-68,-46,64,26501,3983,16201,8212,1213902,1213903,1213905,1213906,0,0,0,0
1788186392.433949,41,-54,-55,58,27971,2184,14794,10194,1213932,1213933,1213935,1213936,0,0,0,0
1788186392.5147123,56,-79,-58,75,29322,372,13358,11910,1213962,1213963,1213965,1213966,0,0,0,0
1788186392.530815,58,-54,-44,56,30757,31396,11951,13847,1213992,1213993,1213995,1213996,0,0,0,0
1788186392.6279511,48,-57,-47,49,780,27923,9286,17358,1214052,1214053,1214055,1214056,0,0,0,0
1788186392.8361838,45,-62,-44,67,2079,26179,7962,19045,1214082,1214083,1214085,1214086,0,0,0,0
1788186392.8361838,4,-24,-12,-8,4800,22967,5451,21838,1214172,1214173,1214175,1214176,0,0,0,0
1788186392.952668,-9,5,7,-9,4763,22739,5327,21668,1214202,1214203,1214205,1214206,0,0,0,0
1788186392.953707,-6,12,12,-3,4577,22969,5603,21397,1214232,1214233,1214235,1214236,0,0,0,0
1788186393.114608,-6,8,-1,-6,4140,23425,6013,20995,1214292,1214293,1214295,1214296,0,0,0,0
1788186393.1307206,-4,4,2,-3,4036,23515,6103,20925,1214322,1214323,1214325,1214326,0,0,0,0
1788186393.1545918,-3,1,1,0,3970,23566,6156,20883,1214352,1214353,1214355,1214356,0,0,0,0
1788186393.2518036,-2,1,3,-4,3893,23635,6241,20833,1214412,1214413,1214415,1214416,0,0,0,0
1788186393.3562818,0,-2,-4,0,3861,23663,6267,20811,1214442,1214443,1214445,1214446,0,0,0,0
1788186393.3767722,-2,4,1,3,3833,23689,6296,20789,1214472,1214473,1214475,1214476,0,0,0,0
1788186393.390997,-2,2,2,4,3810,23717,6323,20770,1214502,1214503,1214505,1214506,0,0,0,0
1788186393.5091085,3,-4,-1,1,3772,23762,6375,20739,1214562,1214563,1214565,1214566,0,0,0,0
1788186393.663549,-1,0,4,-3,3757,23781,6397,20728,1214592,1214593,1214595,1214596,0,0,0,0
1788186393.6645453,1,5,-2,2,3729,23815,6435,20707,1214652,1214653,1214655,1214656,0,0,0,0
1788186393.6680968,1,-2,2,1,3711,23827,6453,20695,1214682,1214683,1214685,1214686,0,0,0,0
1788186393.768347,-60,-52,-53,-50,1998,22070,4633,18491,1214742,1214743,1214745,1214746,0,0,0,0
1788186393.868358,-53,-50,-51,-60,484,20660,3198,16958,1214772,1214773,1214775,1214776,0,0,0,0
1788186394.004754,-52,-56,-55,-52,30543,17904,446,14181,1214832,1214833,1214835,1214836,0,0,0,0
1788186394.0118995,-54,-62,-55,-46,29099,16285,31580,12784,1214862,1214863,1214865,1214866,0,0,0,0
1788186394.0630825,-58,-50,-53,-54,27693,14858,30060,11220,1214892,1214893,1214895,1214896,0,0,0,0
1788186394.0630825,-59,-58,-68,-66,26102,13253,28527,9757,1214922,1214923,1214925,1214926,0,0,0,0
1788186394.183137,-55,-51,-50,-45,24494,11783,26878,8058,1214952,1214953,1214955,1214956,0,0,0,0
1788186394.1957057,-63,-53,-66,-64,22918,10174,25312,6616,1214982,1214983,1214985,1214986,0,0,0,0
1788186394.2728627,-55,-83,-55,-60,21276,8579,23806,5012,1215012,1215013,1215015,1215016,0,0,0,0
1788186394.3776836,-55,-50,-55,-45,19680,6998,22158,3343,1215042,1215043,1215045,1215046,0,0,0,0
1788186394.3776836,-64,-64,-64,-63,18136,5340,20685,1856,1215072,1215073,1215075,1215076,0,0,0,0
1788186394.3969765,-54,-66,-56,-51,16481,3796,19008,124,1215102,1215103,1215105,1215106,0,0,0,0
1788186394.4739897,-65,-56,-60,-53,14902,2164,17257,31338,1215132,1215133,1215135,1215136,0,0,0,0
1788186394.5859644,-65,-60,-67,-68,13345,589,15673,29717,1215162,1215163,1215165,1215166,0,0,0,0
1788186394.5859644,-50,-65,-58,-51,11653,31662,14099,28040,1215192,1215193,1215195,1215196,0,0,0,0
1788186394.5915823,-64,-61,-55,-47,10130,30099,12538,26485,1215222,1215223,1215225,1215226,0,0,0,0
1788186394.6748977,-66,-64,-62,-64,8435,28393,10931,24774,1215252,1215253,1215255,1215256,0,0,0,0
1788186394.6888247,-55,-51,-47,-50,6781,26731,9276,23172,1215282,1215283,1215285,1215286,0,0,0,0
1788186394.7721894,-61,-70,-55,-60,5146,25213,7687,21568,1215312,1215313,1215315,1215316,0,0,0,0
1788186394.794297,-48,-59,-52,-62,3511,23512,6059,19824,1215342,1215343,1215345,1215346,0,0,0,0
1788186394.8774545,-68,-56,-53,-57,1999,21875,4454,18341,1215372,1215373,1215375,1215376,0,0,0,0
1788186394.926195,-64,-55,-57,-62,346,20205,2813,16595,1215402,1215403,1215405,1215406,0,0,0,0
1788186395.0880623,-54,-53,-52,-53,31475,18587,1059,14964,1215432,1215433,1215435,1215436,0,0,0,0
1788186395.0880623,-55,-67,-63,-61,29936,17002,32129,13292,1215462,1215463,1215465,1215466,0,0,0,0
1788186395.0880623,-59,-58,-57,-62,28278,15291,30474,11623,1215492,1215493,1215495,1215496,0,0,0,0
1788186395.0880623,-59,-55,-58,-52,26639,13688,28911,10134,1215522,1215523,1215525,1215526,0,0,0,0
1788186395.1552222,-65,-56,-69,-65,24943,12034,27202,8370,1215552,1215553,1215555,1215556,0,0,0,0
1788186395.219862,-51,-61,-58,-50,23307,10400,25603,6930,1215582,1215583,1215585,1215586,0,0,0,0
1788186395.281995,-53,-76,-55,-53,21657,8815,24018,5282,1215612,1215613,1215615,1215616,0,0,0,0
1788186395.281995,-59,-51,-68,-68,19954,7114,22344,3545,1215642,1215643,1215645,1215646,0,0,0,0
1788186395.4961395,-52,-61,-63,-56,18446,5401,20843,2022,1215672,1215673,1215675,1215676,0,0,0,0
1788186395.4981425,-59,-61,-60,-61,16756,3848,19141,272,1215702,1215703,1215705,1215706,0,0,0,0
1788186395.5139058,-57,-61,-63,-67,13617,664,15801,29872,1215762,1215763,1215765,1215766,0,0,0,0
1788186395.62917,-62,-86,-57,-71,11889,31714,14182,28160,1215792,1215793,1215795,1215796,0,0,0,0
1788186395.6510127,-55,-70,-56,-52,10394,30110,12613,26532,1215822,1215823,1215825,1215826,0,0,0,0
1788186395.6921604,-56,-64,-68,-72,8792,28439,10995,24886,1215852,1215853,1215855,1215856,0,0,0,0
1788186395.7143028,-55,-55,-60,-52,7038,26761,9315,23331,1215882,1215883,1215885,1215886,0,0,0,0
1788186395.8150826,-18,-16,-23,-24,4084,23797,6445,20530,1215972,1215973,1215975,1215976,0,0,0,0
1788186395.9123876,6,-10,-10,8,3843,23507,6111,20267,1216032,1216033,1216035,1216036,0,0,0,0
1788186396.030765,39,-48,-21,21,4368,22838,5655,20897,1216062,1216063,1216065,1216066,0,0,0,0
1788186396.046585,60,-79,-53,72,5916,21027,4584,22259,1216092,1216093,1216095,1216096,0,0,0,0
1788186396.1116567,85,-74,-76,70,7688,18907,2895,24320,1216122,1216123,1216125,1216126,0,0,0,0
1788186396.1160061,88,-93,-83,69,9768,16795,617,26546,1216152,1216153,1216155,1216156,0,0,0,0
1788186396.2191591,91,-94,-80,83,11900,14534,31117,28990,1216182,1216183,1216185,1216186,0,0,0,0
1788186396.2305994,61,-68,-62,70,13944,12466,29142,31144,1216212,1216213,1216215,1216216,0,0,0,0
1788186396.315808,58,-63,-56,60,15625,10596,27545,133,1216242,1216243,1216245,1216246,0,0,0,0
1788186396.3486633,47,-45,-38,60,16872,9152,26339,1616,1216272,1216273,1216275,1216276,0,0,0,0
1788186396.3772206,42,-40,-40,49,17922,7769,25378,2895,1216302,1216303,1216305,1216306,0,0,0,0
1788186396.4600852,26,-49,-28,47,18775,6563,24443,4313,1216332,1216333,1216335,1216336,0,0,0,0
1788186396.4600852,41,-64,-44,54,19813,4959,23428,5730,1216362,1216363,1216365,1216366,0,0,0,0
1788186396.5291867,50,-74,-46,70,21167,3177,22071,7664,1216392,1216393,1216395,1216396,0,0,0,0
1788186396.5774658,63,-75,-69,81,22792,1241,20614,9672,1216422,1216423,1216425,1216426,0,0,0,0
1788186396.6716566,54,-86,-64,81,24392,31949,18856,11762,1216452,1216453,1216455,1216456,0,0,0,0
1788186396.6742516,59,-83,-50,62,26013,29970,17205,13885,1216482,1216483,1216485,1216486,0,0,0,0
1788186396.7304566,58,-52,-56,85,27615,28076,15772,15814,1216512,1216513,1216515,1216516,0,0,0,0
1788186396.7722642,41,-53,-52,53,28893,26275,14453,17519,1216542,1216543,1216545,1216546,0,0,0,0
1788186396.8552449,44,-60,-42,58,30095,24547,13254,19212,1216572,1216573,1216575,1216576,0,0,0,0
1788186396.8697672,35,-55,-47,58,31271,23071,12145,20867,1216602,1216603,1216605,1216606,0,0,0,0
1788186396.931233,43,-61,-47,71,32515,21415,10962,22464,1216632,1216633,1216635,1216636,0,0,0,0
1788186396.9877996,40,-60,-57,64,958,19737,9680,24232,1216662,1216663,1216665,1216666,0,0,0,0
1788186397.091101,56,-68,-48,58,3826,15926,6798,28020,1216722,1216723,1216725,1216726,0,0,0,0
1788186397.158489,56,-67,-58,65,5287,13974,5361,30074,1216752,1216753,1216755,1216756,0,0,0,0
1788186397.200053,47,-66,-59,76,6777,12248,3833,31839,1216782,1216783,1216785,1216786,0,0,0,0
1788186397.298149,53,-60,-57,55,8289,10571,2366,784,1216812,1216813,1216815,1216816,0,0,0,0
1788186397.3122666,58,-55,-47,51,9786,9074,828,2296,1216842,1216843,1216845,1216846,0,0,0,0
1788186397.4083407,55,-55,-65,65,11269,7493,32033,3761,1216872,1216873,1216875,1216876,0,0,0,0
1788186397.421725,60,-59,-58,50,12755,6049,30591,5333,1216902,1216903,1216905,1216906,0,0,0,0
1788186397.4243639,65,-48,-57,53,14241,4550,29073,6909,1216932,1216933,1216935,1216936,0,0,0,0
1788186397.521948,59,-60,-58,61,17623,1424,25776,10122,1216992,1216993,1216995,1216996,0,0,0,0
1788186397.639804,69,-48,-57,57,19256,32661,24137,11663,1217022,1217023,1217025,1217026,0,0,0,0
1788186397.649032,53,-54,-68,62,20921,31115,22479,13276,1217052,1217053,1217055,1217056,0,0,0,0
1788186397.7653623,60,-47,-55,56,24150,27995,19260,16372,1217112,1217113,1217115,1217116,0,0,0,0
1788186397.85124,48,-54,-62,65,25690,26471,17687,17938,1217142,1217143,1217145,1217146,0,0,0,0
1788186397.8842304,67,-75,-46,53,27245,24928,16226,19497,1217172,1217173,1217175,1217176,0,0,0,0
1788186397.8842304,54,-55,-58,67,28755,23370,14716,21120,1217202,1217203,1217205,1217206,0,0,0,0
1788186397.945922,50,-48,-57,62,30283,21819,13286,22682,1217232,1217233,1217235,1217236,0,0,0,0
1788186398.0772939,36,-48,-42,41,31545,20406,11897,24118,1217262,1217263,1217265,1217266,0,0,0,0
1788186398.158889,22,-20,-13,26,32459,19552,11275,24655,1217292,1217293,1217295,1217296,0,0,0,0
1788186398.1635222,7,-7,-10,5,106,19165,10862,25115,1217322,1217323,1217325,1217326,0,0,0,0
1788186398.1635222,6,-10,-2,11,288,18938,10644,25328,1217352,1217353,1217355,1217356,0,0,0,0
1788186398.280372,1,-6,2,2,577,18654,10372,25593,1217412,1217413,1217415,1217416,0,0,0,0
1788186398.3728719,2,-5,-3,8,677,18555,10278,25680,1217442,1217443,1217445,1217446,0,0,0,0
1788186398.3728719,7,-7,-4,3,734,18493,10218,25731,1217472,1217473,1217475,1217476,0,0,0,0
1788186398.4850433,1,2,-2,0,753,18479,10206,25743,1217502,1217503,1217505,1217506,0,0,0,0
1788186398.4850433,-4,3,3,-3,735,18494,10227,25721,1217532,1217533,1217535,1217536,0,0,0,0
1788186398.5657718,-2,1,1,-7,700,18528,10263,25685,1217562,1217563,1217565,1217566,0,0,0,0
1788186398.5657718,1,-7,-2,0,666,18563,10298,25656,1217592,1217593,1217595,1217596,0,0,0,0
1788186398.6813233,-4,4,-3,1,643,18582,10317,25638,1217652,1217653,1217655,1217656,0,0,0,0
1788186398.774884,-3,2,1,1,654,18573,10305,25649,1217682,1217683,1217685,1217686,0,0,0,0
1788186398.8652756,1,-2,1,-3,670,18558,10290,25663,1217742,1217743,1217745,1217746,0,0,0,0
1788186398.8652756,-4,2,-2,-3,667,18562,10295,25659,1217772,1217773,1217775,1217776,0,0,0,0
1788186398.9794264,0,-4,0,2,661,18566,10300,25654,1217802,1217803,1217805,1217806,0,0,0,0
1788186399.0887187,-72,-42,-53,-45,32328,17548,8980,24243,1217862,1217863,1217865,1217866,0,0,0,0
1788186399.106095,-44,-57,-48,-49,29519,14685,5856,21399,1217922,1217923,1217925,1217926,0,0,0,0
1788186399.1861174,-47,-61,-58,-58,28244,13169,4472,19944,1217952,1217953,1217955,1217956,0,0,0,0
1788186399.2272804,-47,-53,-64,-42,26777,11636,2931,18558,1217982,1217983,1217985,1217986,0,0,0,0
1788186399.3460789,-63,-69,-47,-65,23742,8476,32653,15454,1218042,1218043,1218045,1218046,0,0,0,0
1788186399.3460789,-51,-44,-53,-53,22129,6968,31131,13852,1218072,1218073,1218075,1218076,0,0,0,0
1788186399.3778305,-66,-68,-57,-60,20513,5317,29562,12362,1218102,1218103,1218105,1218106,0,0,0,0
1788186399.4666882,-57,-62,-58,-59,18882,3739,27994,10654,1218132,1218133,1218135,1218136,0,0,0,0
1788186399.4728827,-56,-54,-56,-58,17304,2188,26395,9102,1218162,1218163,1218165,1218166,0,0,0,0
1788186399.5908177,-50,-56,-57,-53,14065,31729,23173,5730,1218222,1218223,1218225,1218226,0,0,0,0
1788186399.7033513,-63,-57,-54,-57,12515,30182,21582,4287,1218252,1218253,1218255,1218256,0,0,0,0
1788186399.7088394,-63,-65,-62,-65,10942,28486,19855,2589,1218282,1218283,1218285,1218286,0,0,0,0
1788186399.7987905,-50,-53,-63,-68,9284,26800,18330,959,1218312,1218313,1218315,1218316,0,0,0,0
1788186399.9114833,-62,-69,-56,-63,7703,25291,16583,32169,1218342,1218343,1218345,1218346,0,0,0,0
1788186399.9114833,-59,-50,-63,-67,4459,21963,13455,28811,1218402,1218403,1218405,1218406,0,0,0,0
1788186400.0008073,-57,-42,-51,-63,2809,20375,11860,27107,1218432,1218433,1218435,1218436,0,0,0,0
1788186400.0080297,-29,-21,-30,-20,1784,19435,10886,26267,1218462,1218463,1218465,1218466,0,0,0,0
1788186400.1198006,-19,-18,-21,-21,1204,18793,10260,25739,1218492,1218493,1218495,1218496,0,0,0,0
1788186400.1257806,11,-5,-4,-2,1010,18555,9920,25522,1218522,1218523,1218525,1218526,0,0,0,0
1788186400.1326892,11,-16,-11,16,1134,18350,9821,25681,1218552,1218553,1218555,1218556,0,0,0,0
1788186400.1961591,60,-66,-30,45,1897,17338,9294,26418,1218582,1218583,1218585,1218586,0,0,0,0
1788186400.2309628,58,-71,-51,54,3547,15079,8054,27895,1218612,1218613,1218615,1218616,0,0,0,0
1788186400.309196,79,-84,-87,85,5377,13140,6230,29952,1218642,1218643,1218645,1218646,0,0,0,0
1788186400.3310766,94,-89,-85,95,7502,10979,4061,32247,1218672,1218673,1218675,1218676,0,0,0,0
1788186400.4021108,79,-103,-78,90,9663,8687,1841,1801,1218702,1218703,1218705,1218706,0,0,0,0
1788186400.450045,58,-69,-65,82,11637,6669,32727,3883,1218732,1218733,1218735,1218736,0,0,0,0
1788186400.546819,54,-59,-45,47,13219,4819,31117,5704,1218762,1218763,1218765,1218766,0,0,0,0
1788186400.546819,47,-45,-40,50,14448,3370,29983,7187,1218792,1218793,1218795,1218796,0,0,0,0
1788186400.65992,28,-44,-29,46,15427,2166,28999,8338,1218822,1218823,1218825,1218826,0,0,0,0
1788186400.65992,29,-55,-56,67,16357,763,28077,9730,1218852,1218853,1218855,1218856,0,0,0,0
1788186400.731432,49,-71,-50,63,17497,32026,26877,11305,1218882,1218883,1218885,1218886,0,0,0,0
1788186400.7714367,47,-70,-25,79,18776,30277,25588,13177,1218912,1218913,1218915,1218916,0,0,0,0
1788186400.7929974,59,-76,-58,79,20340,28331,24045,15264,1218942,1218943,1218945,1218946,0,0,0,0
1788186400.8971174,60,-76,-63,65,21990,26164,22365,17460,1218972,1218973,1218975,1218976,0,0,0,0
1788186400.929327,57,-60,-59,67,23592,24149,20872,19502,1219002,1219003,1219005,1219006,0,0,0,0
1788186400.993956,55,-67,-49,66,25107,22233,19325,21436,1219032,1219033,1219035,1219036,0,0,0,0
1788186401.0100791,45,-61,-56,53,26394,20607,18004,23094,1219062,1219063,1219065,1219066,0,0,0,0
1788186401.106441,42,-63,-39,57,27702,19005,16822,24681,1219092,1219093,1219095,1219096,0,0,0,0
1788186401.1866105,37,-55,-56,45,28906,17422,15674,26280,1219122,1219123,1219125,1219126,0,0,0,0
1788186401.202285,44,-60,-44,49,30124,15764,14402,27959,1219152,1219153,1219155,1219156,0,0,0,0
1788186401.202285,51,-70,-55,77,31417,14008,13092,29782,1219182,1219183,1219185,1219186,0,0,0,0
1788186401.3159797,62,-67,-56,69,1515,10385,10220,745,1219242,1219243,1219245,1219246,0,0,0,0
1788186401.4410777,48,-55,-59,71,4670,6805,7157,4519,1219302,1219303,1219305,1219306,0,0,0,0
1788186401.5381083,58,-50,-49,51,7445,3387,4314,7892,1219362,1219363,1219365,1219366,0,0,0,0
1788186401.5521405,48,-63,-42,58,8859,1873,3074,9525,1219392,1219393,1219395,1219396,0,0,0,0
1788186401.6346934,48,-56,-56,59,10166,199,1677,11103,1219422,1219423,1219425,1219426,0,0,0,0
1788186401.648506,39,-48,-48,50,11466,31345,330,12814,1219452,1219453,1219455,1219456,0,0,0,0
1788186401.76145,63,-66,-51,56,14517,27925,30138,16376,1219512,1219513,1219515,1219516,0,0,0,0
1788186401.76145,51,-69,-65,72,16118,26187,28567,18125,1219542,1219543,1219545,1219546,0,0,0,0
1788186401.8421905,62,-55,-51,56,17696,24354,26971,19823,1219572,1219573,1219575,1219576,0,0,0,0
1788186401.8738375,60,-70,-38,64,19185,22717,25430,21595,1219602,1219603,1219605,1219606,0,0,0,0
1788186401.9812984,52,-50,-58,61,22140,19597,22486,24731,1219662,1219663,1219665,1219666,0,0,0,0
1788186402.044759,53,-59,-45,60,23623,18016,21129,26323,1219692,1219693,1219695,1219696,0,0,0,0
1788186402.0923724,65,-59,-48,49,25169,16385,19544,27916,1219722,1219723,1219725,1219726,0,0,0,0
1788186402.123929,51,-50,-66,63,26649,14870,18024,29526,1219752,1219753,1219755,1219756,0,0,0,0
1788186402.203635,54,-60,-50,57,28213,13219,16500,31130,1219782,1219783,1219785,1219786,0,0,0,0
1788186402.2512553,38,-40,-30,32,29446,11936,15255,32524,1219812,1219813,1219815,1219816,0,0,0,0
1788186402.4574745,19,2,-4,12,30668,11056,14705,523,1219872,1219873,1219875,1219876,0,0,0,0
1788186402.473109,-6,3,10,-12,30841,11469,14879,355,1219932,1219933,1219935,1219936,0,0,0,0
1788186402.5795898,-4,6,0,0,30669,11537,15022,179,1219962,1219963,1219965,1219966,0,0,0,0
1788186402.5795898,-4,-4,5,1,30560,11619,15108,82,1219992,1219993,1219995,1219996,0,0,0,0
1788186402.5955808,0,-2,0,-5,30523,11648,15139,52,1220022,1220023,1220025,1220026,0,0,0,0
1788186402.6764345,-2,-4,-2,-4,30525,11643,15131,60,1220052,1220053,1220055,1220056,0,0,0,0
1788186402.7728157,0,-5,-2,5,30588,11586,15069,126,1220112,1220113,1220115,1220116,0,0,0,0
1788186402.7886605,-4,-4,-2,7,30626,11555,15033,161,1220142,1220143,1220145,1220146,0,0,0,0
1788186402.873162,6,-2,-6,-4,30661,11525,15001,193,1220172,1220173,1220175,1220176,0,0,0,0
1788186402.9419577,4,1,0,5,30694,11499,14973,224,1220202,1220203,1220205,1220206,0,0,0,0
1788186403.0602193,6,-5,2,-2,30764,11438,14910,288,1220292,1220293,1220295,1220296,0,0,0,0
1788186403.1085756,2,-2,0,1,30775,11429,14902,296,1220322,1220323,1220325,1220326,0,0,0,0
1788186403.2021453,-1,-1,0,0,30780,11426,14899,300,1220352,1220353,1220355,1220356,0,0,0,0
1788186403.2021453,-15,-59,-30,-56,30778,11362,14790,120,1220382,1220383,1220385,1220386,0,0,0,0
1788186403.2502596,-58,-52,-61,-51,29477,10106,13206,31531,1220412,1220413,1220415,1220416,0,0,0,0
1788186403.381132,-50,-75,-50,-52,27991,8620,11663,30060,1220442,1220443,1220445,1220446,0,0,0,0
1788186403.4764338,-51,-63,-57,-63,25147,5878,9003,27101,1220502,1220503,1220505,1220506,0,0,0,0
1788186403.4921148,-58,-50,-59,-59,23644,4350,7472,25640,1220532,1220533,1220535,1220536,0,0,0,0
1788186403.5944228,-54,-58,-51,-52,22157,2736,5863,24137,1220562,1220563,1220565,1220566,0,0,0,0
1788186403.6106064,-62,-62,-62,-54,19106,32401,2759,21036,1220622,1220623,1220625,1220626,0,0,0,0
1788186403.6907709,-69,-59,-52,-50,17540,30858,1115,19381,1220652,1220653,1220655,1220656,0,0,0,0
1788186403.804168,-58,-57,-53,-74,12659,25937,29143,14454,1220742,1220743,1220745,1220746,0,0,0,0
1788186403.888348,-59,-52,-71,-54,11057,24275,27524,12888,1220772,1220773,1220775,1220776,0,0,0,0
1788186404.0927436,-59,-67,-54,-62,9406,22731,25885,11235,1220802,1220803,1220805,1220806,0,0,0,0
1788186404.0927436,-57,-55,-73,-48,3023,16218,19344,4661,1220922,1220923,1220925,1220926,0,0,0,0
1788186404.2069485,-70,-64,-61,-59,1370,14703,17556,2970,1220952,1220953,1220955,1220956,0,0,0,0
1788186404.3032634,-53,-51,-45,-52,32598,13012,16123,1475,1220982,1220983,1220985,1220986,0,0,0,0
1788186404.3052788,-20,-26,-15,-16,30930,11440,14717,133,1221042,1221043,1221045,1221046,0,0,0,0
1788186404.410165,-6,-7,-9,-10,30600,11113,14432,32654,1221072,1221073,1221075,1221076,0,0,0,0
1788186404.4259746,-4,-7,-1,4,30602,11112,14396,32643,1221102,1221103,1221105,1221106,0,0,0,0
1788186404.5069094,59,-50,-45,37,31675,10034,13466,857,1221162,1221163,1221165,1221166,0,0,0,0
1788186404.5229478,47,-66,-74,51,977,8100,11983,2343,1221192,1221193,1221195,1221196,0,0,0,0
1788186404.618724,78,-87,-86,79,2895,6255,9842,4488,1221222,1221223,1221225,1221226,0,0,0,0
1788186404.618724,88,-87,-95,74,5104,4054,7558,6871,1221252,1221253,1221255,1221256,0,0,0,0
1788186404.7144346,87,-84,-80,63,7314,1839,5426,9148,1221282,1221283,1221285,1221286,0,0,0,0
1788186404.7508607,62,-59,-59,63,9303,32665,3486,11074,1221312,1221313,1221315,1221316,0,0,0,0
1788186404.8263521,49,-56,-48,47,10835,31069,1933,12695,1221342,1221343,1221345,1221346,0,0,0,0
1788186404.8584414,40,-57,-36,38,12021,29781,807,13955,1221372,1221373,1221375,1221376,0,0,0,0
1788186404.876889,34,-46,-35,38,13069,28591,32550,15127,1221402,1221403,1221405,1221406,0,0,0,0
1788186404.9696205,30,-59,-36,44,14068,27214,31503,16516,1221432,1221433,1221435,1221436,0,0,0,0
1788186405.020368,45,-60,-44,70,15250,25683,30371,18143,1221462,1221463,1221465,1221466,0,0,0,0
1788186405.0347397,60,-75,-52,76,16624,23848,28911,19968,1221492,1221493,1221495,1221496,0,0,0,0
1788186405.0832093,55,-75,-68,64,18409,21826,27253,22098,1221522,1221523,1221525,1221526,0,0,0,0
1788186405.1943717,61,-76,-58,74,21717,17800,23941,26156,1221582,1221583,1221585,1221586,0,0,0,0
1788186405.3070958,51,-64,-58,52,23257,16021,22381,28033,1221612,1221613,1221615,1221616,0,0,0,0
1788186405.4200554,37,-51,-49,50,25720,12804,19929,31235,1221672,1221673,1221675,1221676,0,0,0,0
1788186405.4200554,42,-51,-41,56,26846,11217,18862,50,1221702,1221703,1221705,1221706,0,0,0,0
1788186405.4200554,35,-63,-46,77,28114,9505,17575,1797,1221732,1221733,1221735,1221736,0,0,0,0
1788186405.5332823,48,-56,-39,73,29394,7710,16261,3545,1221762,1221763,1221765,1221766,0,0,0,0
1788186405.5332823,62,-72,-51,61,30829,5861,14850,5622,1221792,1221793,1221795,1221796,0,0,0,0
1788186405.6557891,57,-66,-65,68,32308,4003,13430,7598,1221822,1221823,1221825,1221826,0,0,0,0
1788186405.7217398,47,-63,-55,69,984,2099,11972,9484,1221852,1221853,1221855,1221856,0,0,0,0
1788186405.754274,56,-65,-50,65,2460,252,10531,11337,1221882,1221883,1221885,1221886,0,0,0,0
1788186405.759643,51,-56,-42,73,3832,31315,9157,13148,1221912,1221913,1221915,1221916,0,0,0,0
1788186405.8666928,43,-68,-42,55,5120,29561,7866,14864,1221942,1221943,1221945,1221946,0,0,0,0
1788186405.9314792,47,-57,-44,62,6401,27949,6640,16723,1221972,1221973,1221975,1221976,0,0,0,0
1788186405.9566946,54,-71,-48,61,7581,26120,5483,18481,1222002,1222003,1222005,1222006,0,0,0,0
1788186405.9566946,43,-56,-46,76,8849,24261,4194,20313,1222032,1222033,1222035,1222036,0,0,0,0
1788186406.0847325,54,-87,-58,60,10163,22422,2915,22178,1222062,1222063,1222065,1222066,0,0,0,0
1788186406.0945325,37,-65,-58,64,11533,20614,1372,24068,1222092,1222093,1222095,1222096,0,0,0,0
1788186406.1380978,57,-63,-63,55,13105,18914,32670,25785,1222122,1222123,1222125,1222126,0,0,0,0
1788186406.1540213,64,-54,-58,72,14697,17237,31080,27523,1222152,1222153,1222155,1222156,0,0,0,0
1788186406.2011435,43,-58,-59,56,16271,15625,29445,29097,1222182,1222183,1222185,1222186,0,0,0,0
1788186406.3127255,60,-44,-50,53,17842,14036,27964,30634,1222212,1222213,1222215,1222216,0,0,0,0
1788186406.3285365,60,-53,-52,60,19370,12593,26465,32185,1222242,1222243,1222245,1222246,0,0,0,0
1788186406.4413486,61,-55,-58,51,22388,9591,23469,2399,1222302,1222303,1222305,1222306,0,0,0,0
1788186406.4413486,57,-44,-38,60,23928,8082,21931,3956,1222332,1222333,1222335,1222336,0,0,0,0
1788186406.6711714,37,-26,-17,19,25038,7156,20948,5014,1222362,1222363,1222365,1222366,0,0,0,0
1788186406.6711714,5,-13,-12,8,25578,6687,20522,5408,1222392,1222393,1222395,1222396,0,0,0,0
1788186406.6829574,3,-5,0,1,25764,6404,20332,5521,1222422,1222423,1222425,1222426,0,0,0,0
1788186406.6829574,1,-3,0,1,25842,6341,20290,5560,1222452,1222453,1222455,1222456,0,0,0,0
1788186406.7593312,2,-3,-4,-5,25871,6321,20270,5585,1222482,1222483,1222485,1222486,0,0,0,0
1788186406.770706,0,1,-1,-2,25893,6292,20244,5604,1222512,1222513,1222515,1222516,0,0,0,0
1788186406.819117,-1,1,0,2,25901,6272,20226,5614,1222542,1222543,1222545,1222546,0,0,0,0
1788186406.9642904,0,0,-2,1,25918,6249,20203,5626,1222572,1222573,1222575,1222576,0,0,0,0
1788186406.9642904,3,-3,-2,6,25963,6191,20146,5664,1222662,1222663,1222665,1222666,0,0,0,0
1788186407.0771534,-3,0,-1,-6,26006,6143,20096,5701,1222722,1222723,1222725,1222726,0,0,0,0
1788186407.174405,2,1,1,3,26058,6086,20041,5746,1222782,1222783,1222785,1222786,0,0,0,0
1788186407.2230067,1,-6,-5,1,26086,6052,20011,5772,1222812,1222813,1222815,1222816,0,0,0,0
1788186407.3346148,-1,-1,1,2,26115,6017,19978,5797,1222842,1222843,1222845,1222846,0,0,0,0
1788186407.3546863,1,-5,1,0,26142,5987,19949,5821,1222872,1222873,1222875,1222876,0,0,0,0
1788186407.4513257,1,-1,-5,3,26171,5955,19921,5844,1222902,1222903,1222905,1222906,0,0,0,0
1788186407.4643734,45,70,58,57,26669,6683,20537,6742,1222932,1222933,1222935,1222936,0,0,0,0
1788186407.5753987,60,50,50,48,29827,9678,23540,9681,1222992,1222993,1222995,1222996,0,0,0,0
1788186407.5753987,55,54,66,53,31132,11103,24855,10856,1223022,1223023,1223025,1223026,0,0,0,0
1788186407.6958766,50,53,54,60,32642,12594,26510,12349,1223052,1223053,1223055,1223056,0,0,0,0
1788186407.7842288,56,56,61,46,1274,14053,28140,13829,1223082,1223083,1223085,1223086,0,0,0,0
1788186407.7908998,55,57,56,61,4491,17176,31284,16936,1223142,1223143,1223145,1223146,0,0,0,0
1788186407.894044,64,50,61,49,6000,18715,144,18557,1223172,1223173,1223175,1223176,0,0,0,0
1788186407.9160054,70,61,60,71,7644,20181,1753,20169,1223202,1223203,1223205,1223206,0,0,0,0
1788186407.9950106,59,44,61,64,10923,23358,5048,23543,1223262,1223263,1223265,1223266,0,0,0,0
1788186408.1069002,73,65,61,69,12548,24957,6618,25123,1223292,1223293,1223295,1223296,0,0,0,0
1788186408.117824,59,55,50,49,14195,26728,8173,26588,1223322,1223323,1223325,1223326,0,0,0,0
1788186408.182227,68,67,53,49,15986,28374,9763,28135,1223352,1223353,1223355,1223356,0,0,0,0
1788186408.2298636,49,63,58,62,17575,30088,11322,29740,1223382,1223383,1223385,1223386,0,0,0,0
1788186408.2455614,63,60,60,58,19178,31657,12943,31355,1223412,1223413,1223415,1223416,0,0,0,0
1788186408.3505318,48,57,52,60,22301,2171,16365,1974,1223472,1223473,1223475,1223476,0,0,0,0
1788186408.478595,39,37,32,35,25269,4991,19407,4967,1223532,1223533,1223535,1223536,0,0,0,0
1788186408.591622,19,21,20,16,25964,5724,20082,5583,1223562,1223563,1223565,1223566,0,0,0,0
1788186408.6079104,2,2,3,7,26740,6464,20894,6217,1223622,1223623,1223625,1223626,0,0,0,0
1788186408.7141228,0,4,-3,-2,26757,6415,20896,6273,1223682,1223683,1223685,1223686,0,0,0,0
1788186408.8025024,-3,-6,0,-2,26790,6380,20863,6311,1223742,1223743,1223745,1223746,0,0,0,0
1788186408.9280727,3,3,-1,2,26802,6361,20848,6325,1223772,1223773,1223775,1223776,0,0,0,0
1788186409.0086682,0,3,-3,1,26826,6332,20822,6356,1223832,1223833,1223835,1223836,0,0,0,0
1788186409.0152035,-4,2,-3,2,26835,6318,20810,6368,1223862,1223863,1223865,1223866,0,0,0,0
1788186409.110448,-1,-7,4,1,26860,6287,20785,6400,1223922,1223923,1223925,1223926,0,0,0,0
1788186409.225485,11,-13,-21,15,27044,6032,20585,6615,1223952,1223953,1223955,1223956,0,0,0,0
1788186409.225485,85,-60,-69,75,29971,3307,18393,9049,1224012,1224013,1224015,1224016,0,0,0,0
1788186409.324666,85,-99,-79,87,1353,31890,14113,13565,1224072,1224073,1224075,1224076,0,0,0,0
1788186409.4274518,76,-87,-67,92,3553,29769,11893,15768,1224102,1224103,1224105,1224106,0,0,0,0
1788186409.5409014,67,-59,-71,67,5525,27869,9897,17704,1224132,1224133,1224135,1224136,0,0,0,0
1788186409.5409014,51,-50,-51,54,7071,26202,8345,19307,1224162,1224163,1224165,1224166,0,0,0,0
1788186409.5409014,45,-51,-45,47,8425,24942,7107,20554,1224192,1224193,1224195,1224196,0,0,0,0
1788186409.6217518,37,-42,-35,46,9475,23869,6047,21623,1224222,1224223,1224225,1224226,0,0,0,0
1788186409.6530786,41,-53,-48,51,10667,22710,4895,22787,1224252,1224253,1224255,1224256,0,0,0,0
1788186409.7331913,58,-58,-49,60,11928,21269,3511,24198,1224282,1224283,1224285,1224286,0,0,0,0
1788186409.7492142,57,-55,-65,56,13656,19665,1870,25823,1224312,1224313,1224315,1224316,0,0,0,0
1788186409.8284407,76,-69,-74,65,15427,17877,38,27782,1224342,1224343,1224345,1224346,0,0,0,0
1788186409.876275,72,-62,-69,80,17334,16018,30899,29692,1224372,1224373,1224375,1224376,0,0,0,0
1788186409.8957446,74,-62,-65,56,19123,14184,29034,31443,1224402,1224403,1224405,1224406,0,0,0,0
1788186409.9831753,49,-58,-63,57,20775,12541,27371,299,1224432,1224433,1224435,1224436,0,0,0,0
1788186410.031274,46,-54,-55,44,22268,11127,25906,1776,1224462,1224463,1224465,1224466,0,0,0,0
1788186410.0952454,53,-52,-46,47,23626,9742,24494,3095,1224492,1224493,1224495,1224496,0,0,0,0
1788186410.1109595,52,-64,-50,44,24981,8326,23163,4567,1224522,1224523,1224525,1224526,0,0,0,0
1788186410.1437316,63,-45,-43,57,26399,6947,21727,5923,1224552,1224553,1224555,1224556,0,0,0,0
1788186410.2285058,45,-56,-70,58,27987,5328,20124,7570,1224582,1224583,1224585,1224586,0,0,0,0
1788186410.2768087,71,-69,-60,60,29676,3681,18531,9268,1224612,1224613,1224615,1224616,0,0,0,0
1788186410.3210032,51,-60,-63,68,31389,2015,16791,11023,1224642,1224643,1224645,1224646,0,0,0,0
1788186410.3689482,59,-67,-61,62,282,275,15078,12785,1224672,1224673,1224675,1224676,0,0,0,0
1788186410.4444125,53,-63,-49,53,3287,29768,12149,16214,1224732,1224733,1224735,1224736,0,0,0,0
1788186410.5433798,40,-59,-52,55,4711,28222,10726,17703,1224762,1224763,1224765,1224766,0,0,0,0
1788186410.5433798,36,-49,-49,57,6053,26672,9320,19264,1224792,1224793,1224795,1224796,0,0,0,0
1788186410.5734403,65,-78,-40,56,7406,24982,7968,20922,1224822,1224823,1224825,1224826,0,0,0,0
1788186410.6541002,54,-52,-58,73,8872,23292,6569,22649,1224852,1224853,1224855,1224856,0,0,0,0
1788186410.7776415,46,-67,-61,53,10267,21494,5217,24511,1224882,1224883,1224885,1224886,0,0,0,0
1788186410.8515856,50,-72,-52,60,13261,17958,2202,28148,1224942,1224943,1224945,1224946,0,0,0,0
1788186410.8676941,45,-66,-41,66,14644,16035,830,30041,1224972,1224973,1224975,1224976,0,0,0,0
1788186410.8676941,53,-77,-50,72,15992,14168,32197,31744,1225002,1225003,1225005,1225006,0,0,0,0
1788186410.9806306,33,-60,-44,51,18505,10893,29747,2437,1225062,1225063,1225065,1225066,0,0,0,0
1788186411.0612383,32,-35,-21,16,19418,9793,28843,3475,1225092,1225093,1225095,1225096,0,0,0,0
1788186411.184074,4,-5,5,-16,19878,9387,28735,3372,1225122,1225123,1225125,1225126,0,0,0,0
1788186411.184074,-14,4,8,-19,19724,9430,29019,3048,1225152,1225153,1225155,1225156,0,0,0,0
1788186411.190243,-28,14,22,-20,19013,9762,29483,2457,1225182,1225183,1225185,1225186,0,0,0,0
1788186411.2729733,-16,15,27,-15,18374,10204,30185,1995,1225212,1225213,1225215,1225216,0,0,0,0
1788186411.4145658,-11,13,11,-9,17941,10590,30696,1708,1225242,1225243,1225245,1225246,0,0,0,0
1788186411.4145658,0,-4,-5,-2,17751,10705,30808,1583,1225272,1225273,1225275,1225276,0,0,0,0
1788186411.4631834,3,-1,-3,12,17769,10680,30775,1592,1225302,1225303,1225305,1225306,0,0,0,0
1788186411.4631834,-1,-5,-2,1,17804,10648,30742,1629,1225332,1225333,1225335,1225336,0,0,0,0
1788186411.6666226,-1,2,0,-1,17796,10661,30757,1610,1225422,1225423,1225425,1225426,0,0,0,0
1788186411.7863464,-3,3,-4,-2,17774,10683,30777,1590,1225482,1225483,1225485,1225486,0,0,0,0
1788186411.7937334,-1,2,-6,1,17769,10688,30780,1586,1225542,1225543,1225545,1225546,0,0,0,0
1788186411.8781905,2,-3,2,2,17768,10688,30779,1584,1225572,1225573,1225575,1225576,0,0,0,0
1788186411.890488,-2,4,-4,2,17769,10688,30780,1585,1225602,1225603,1225605,1225606,0,0,0,0
1788186411.993247,-56,-37,-48,-42,17292,10240,30229,975,1225662,1225663,1225665,1225666,0,0,0,0
1788186412.0849729,-52,-60,-67,-69,15964,8896,28738,32340,1225692,1225693,1225695,1225696,0,0,0,0
1788186412.0910094,-48,-44,-51,-55,14452,7402,27101,30781,1225722,1225723,1225725,1225726,0,0,0,0
1788186412.188033,-52,-50,-44,-41,11788,4616,24338,27940,1225782,1225783,1225785,1225786,0,0,0,0
1788186412.29005,-53,-61,-55,-68,8865,1474,21412,24946,1225842,1225843,1225845,1225846,0,0,0,0
1788186412.4007077,-60,-53,-56,-52,7172,32689,19812,23463,1225872,1225873,1225875,1225876,0,0,0,0
1788186412.4143567,-50,-50,-61,-51,5590,31197,18302,21881,1225902,1225903,1225905,1225906,0,0,0,0
1788186412.494312,-70,-67,-64,-86,4032,29511,16687,20342,1225932,1225933,1225935,1225936,0,0,0,0
1788186412.5103612,-54,-57,-57,-53,2461,28018,15080,18660,1225962,1225963,1225965,1225966,0,0,0,0
1788186412.6187556,-52,-52,-65,-65,845,26340,13545,17033,1225992,1225993,1225995,1225996,0,0,0,0
1788186412.6187556,-68,-61,-58,-68,32017,24666,11852,15426,1226022,1226023,1226025,1226026,0,0,0,0
1788186412.6344845,-58,-49,-57,-51,30425,23141,10270,13790,1226052,1226053,1226055,1226056,0,0,0,0
1788186412.7150006,-61,-65,-65,-68,28817,21442,8629,12301,1226082,1226083,1226085,1226086,0,0,0,0
1788186412.8121176,-54,-57,-57,-67,25607,18278,5415,8940,1226142,1226143,1226145,1226146,0,0,0,0
1788186412.82791,-62,-75,-56,-56,24039,16616,3653,7338,1226172,1226173,1226175,1226176,0,0,0,0
1788186412.907925,-64,-49,-59,-53,22362,15071,2022,5587,1226202,1226203,1226205,1226206,0,0,0,0
1788186413.0211153,-64,-72,-67,-75,20684,13422,479,4058,1226232,1226233,1226235,1226236,0,0,0,0
1788186413.0211153,-59,-60,-48,-55,17335,10084,30017,744,1226292,1226293,1226295,1226296,0,0,0,0
1788186413.112179,-78,-70,-65,-64,15772,8336,28404,31932,1226322,1226323,1226325,1226326,0,0,0,0
1788186413.225168,-66,-64,-67,-68,12503,5017,25082,28748,1226382,1226383,1226385,1226386,0,0,0,0
1788186413.2977905,-59,-59,-65,-60,10928,3387,23497,26997,1226412,1226413,1226415,1226416,0,0,0,0
1788186413.31143,-59,-66,-49,-59,9317,1797,21779,25419,1226442,1226443,1226445,1226446,0,0,0,0
1788186413.4191375,-66,-56,-67,-64,7753,138,20104,23761,1226472,1226473,1226475,1226476,0,0,0,0
1788186413.4358199,-70,-56,-53,-47,6040,31373,18561,21999,1226502,1226503,1226505,1226506,0,0,0,0
1788186413.4518006,-55,-73,-61,-81,4485,29714,16916,20475,1226532,1226533,1226535,1226536,0,0,0,0
1788186413.573316,-60,-58,-53,-52,2753,28078,15229,18795,1226562,1226563,1226565,1226566,0,0,0,0
1788186413.7141602,-67,-78,-63,-70,32282,24764,12026,15561,1226622,1226623,1226625,1226626,0,0,0,0
1788186413.7141602,-56,-56,-59,-47,30635,23193,10398,13904,1226652,1226653,1226655,1226656,0,0,0,0
1788186413.730264,-51,-63,-69,-64,29065,21493,8744,12407,1226682,1226683,1226685,1226686,0,0,0,0
1788186413.843719,-67,-60,-54,-49,27481,19859,6946,10605,1226712,1226713,1226715,1226716,0,0,0,0
1788186413.843719,-51,-76,-53,-57,24291,16685,3670,7362,1226772,1226773,1226775,1226776,0,0,0,0
1788186413.9241686,-67,-53,-60,-44,22633,15128,2039,5589,1226802,1226803,1226805,1226806,0,0,0,0
1788186414.0519962,-58,-58,-63,-68,20999,13490,419,4072,1226832,1226833,1226835,1226836,0,0,0,0
1788186414.0519962,-47,-42,-28,-34,19458,11994,31739,2594,1226862,1226863,1226865,1226866,0,0,0,0
1788186414.0732892,-22,-24,-16,-13,18608,11209,31097,1987,1226892,1226893,1226895,1226896,0,0,0,0
1788186414.1190934,-22,-16,-14,-17,18065,10565,30614,1519,1226922,1226923,1226925,1226926,0,0,0,0
1788186414.176577,10,4,4,2,17707,10232,30340,1210,1226952,1226953,1226955,1226956,0,0,0,0
1788186414.2082436,7,-13,-9,5,17780,10186,30301,1294,1226982,1226983,1226985,1226986,0,0,0,0
1788186414.3055284,75,-65,-46,62,19967,8114,28892,2773,1227042,1227043,1227045,1227046,0,0,0,0
1788186414.4340146,71,-69,-84,68,21889,6515,27111,4742,1227072,1227073,1227075,1227076,0,0,0,0
1788186414.5145376,86,-68,-90,68,26458,2349,22431,9255,1227132,1227133,1227135,1227136,0,0,0,0
1788186414.530321,81,-60,-85,75,28726,250,20225,11297,1227162,1227163,1227165,1227166,0,0,0,0
1788186414.628384,72,-50,-67,57,30672,31374,18443,13009,1227192,1227193,1227195,1227196,0,0,0,0
1788186414.6442428,57,-46,-48,41,32297,30164,16933,14360,1227222,1227223,1227225,1227226,0,0,0,0
1788186414.6442428,44,-31,-45,39,832,29094,15683,15365,1227252,1227253,1227255,1227256,0,0,0,0
1788186414.850491,59,-45,-71,33,3462,27209,13068,17326,1227312,1227313,1227315,1227316,0,0,0,0
1788186414.8665278,77,-49,-75,58,7156,24512,9251,20019,1227372,1227373,1227375,1227376,0,0,0,0
1788186414.954278,65,-61,-79,61,11393,21292,4981,23509,1227432,1227433,1227435,1227436,0,0,0,0
1788186414.9648392,74,-53,-64,59,13370,19662,3092,25106,1227462,1227463,1227465,1227466,0,0,0,0
1788186415.0599267,56,-53,-64,34,16594,16966,32494,27856,1227522,1227523,1227525,1227526,0,0,0,0
1788186415.1879137,49,-48,-64,37,19761,14629,29447,30204,1227582,1227583,1227585,1227586,0,0,0,0
1788186415.2693245,77,-47,-66,43,21504,13424,27733,31409,1227612,1227613,1227615,1227616,0,0,0,0
1788186415.3587716,73,-58,-70,48,25391,10742,23779,1374,1227672,1227673,1227675,1227676,0,0,0,0
1788186415.3748016,86,-51,-62,55,27300,9302,21829,2883,1227702,1227703,1227705,1227706,0,0,0,0
1788186415.4232163,58,-46,-68,58,29174,7691,19936,4501,1227732,1227733,1227735,1227736,0,0,0,0
1788186415.5400167,65,-60,-68,55,30932,6321,18290,5919,1227762,1227763,1227765,1227766,0,0,0,0
1788186415.5400167,49,-49,-50,52,32556,4824,16653,7494,1227792,1227793,1227795,1227796,0,0,0,0
1788186415.6328423,53,-50,-47,54,1224,3451,15065,8902,1227822,1227823,1227825,1227826,0,0,0,0
1788186415.6488912,56,-44,-60,42,2790,2160,13638,10281,1227852,1227853,1227855,1227856,0,0,0,0
1788186415.7422643,64,-67,-58,58,6076,32022,10342,13112,1227912,1227913,1227915,1227916,0,0,0,0
1788186415.8588328,72,-57,-71,56,7852,30566,8638,14659,1227942,1227943,1227945,1227946,0,0,0,0
1788186415.869832,61,-43,-59,45,9525,28980,6781,16247,1227972,1227973,1227975,1227976,0,0,0,0
1788186415.9907615,52,-57,-93,57,12894,25843,3475,19466,1228032,1228033,1228035,1228036,0,0,0,0
1788186416.1024613,55,-64,-59,59,16080,22804,335,22462,1228092,1228093,1228095,1228096,0,0,0,0
1788186416.115719,51,-44,-41,49,17539,21357,31501,23966,1228122,1228123,1228125,1228126,0,0,0,0
1788186416.1804378,25,-30,-27,26,18692,20271,30443,24915,1228152,1228153,1228155,1228156,0,0,0,0
1788186416.283916,11,1,-4,-26,19286,19714,30054,24858,1228182,1228183,1228185,1228186,0,0,0,0
1788186416.283916,-11,11,13,-6,19283,19791,30254,24358,1228212,1228213,1228215,1228216,0,0,0,0
1788186416.3205543,-26,24,24,-36,18699,20336,30777,23766,1228242,1228243,1228245,1228246,0,0,0,0
1788186416.3817708,-27,19,25,-31,18030,20999,31306,22985,1228272,1228273,1228275,1228276,0,0,0,0
1788186416.4435704,-8,5,6,-8,17156,21755,32048,22196,1228332,1228333,1228335,1228336,0,0,0,0
1788186416.4754972,-8,5,6,-8,17156,21755,32048,22196,1228332,1228333,1228335,1228336,0,0,0,0
1788186416.5908751,-3,0,4,-3,17005,21891,32200,22085,1228362,1228363,1228365,1228366,0,0,0,0
1788186416.5908751,0,-1,-1,-1,16908,21956,32288,22019,1228392,1228393,1228395,1228396,0,0,0,0
1788186416.6041603,-3,-1,8,3,16859,21988,32329,21989,1228422,1228423,1228425,1228426,0,0,0,0
1788186416.7963812,-1,2,1,0,16858,21993,32334,21990,1228452,1228453,1228455,1228456,0,0,0,0
1788186416.8111746,1,-1,-3,0,16965,21907,32220,22073,1228572,1228573,1228575,1228576,0,0,0,0
1788186416.9081838,-4,1,1,1,16973,21898,32210,22078,1228602,1228603,1228605,1228606,0,0,0,0
1788186417.0094326,2,1,0,1,16973,21901,32215,22075,1228632,1228633,1228635,1228636,0,0,0,0
1788186417.01359,-2,-5,-3,-1,16963,21908,32224,22068,1228662,1228663,1228665,1228666,0,0,0,0
1788186417.1940007,-3,1,-4,-2,16952,21916,32236,22060,1228692,1228693,1228695,1228696,0,0,0,0
1788186417.1940007,41,41,51,47,19868,25521,3005,25738,1228782,1228783,1228785,1228786,0,0,0,0
1788186417.3347766,52,50,51,48,21194,26845,4390,26935,1228812,1228813,1228815,1228816,0,0,0,0
1788186417.3357763,59,64,61,56,24309,29771,7313,29965,1228872,1228873,1228875,1228876,0,0,0,0
1788186417.4040947,59,45,73,50,25917,31307,8806,31429,1228902,1228903,1228905,1228906,0,0,0,0
1788186417.6134973,66,54,51,51,27609,64,10338,154,1228932,1228933,1228935,1228936,0,0,0,0
1788186417.6134973,58,55,53,59,32374,4767,15234,4992,1229022,1229023,1229025,1229026,0,0,0,0
1788186417.7326708,46,69,60,61,1085,6399,16839,6589,1229052,1229053,1229055,1229056,0,0,0,0
1788186417.8061159,64,56,71,64,4386,9611,20253,9756,1229112,1229113,1229115,1229116,0,0,0,0
1788186417.8267558,57,57,50,55,5912,11210,21845,11383,1229142,1229143,1229145,1229146,0,0,0,0
1788186417.94726,65,56,61,62,7603,12770,23508,13027,1229172,1229173,1229175,1229176,0,0,0,0
1788186418.021044,59,60,51,45,10904,15958,26751,16290,1229232,1229233,1229235,1229236,0,0,0,0
1788186418.034284,68,64,59,68,12594,17636,28418,17894,1229262,1229263,1229265,1229266,0,0,0,0
1788186418.139392,57,64,55,49,14188,19231,29995,19482,1229292,1229293,1229295,1229296,0,0,0,0
1788186418.139392,22,18,19,20,16294,21167,31942,21519,1229352,1229353,1229355,1229356,0,0,0,0
1788186418.2348568,11,12,12,9,16697,21611,32417,21913,1229382,1229383,1229385,1229386,0,0,0,0
1788186418.2507303,1,-5,-6,-1,16883,21723,32580,22060,1229412,1229413,1229415,1229416,0,0,0,0
1788186418.3419442,42,-45,-40,40,17786,20653,31699,22971,1229472,1229473,1229475,1229476,0,0,0,0
1788186418.441359,79,-78,-68,56,19479,18974,30314,24370,1229502,1229503,1229505,1229506,0,0,0,0
1788186418.4573586,86,-87,-92,64,21382,16991,28263,26547,1229532,1229533,1229535,1229536,0,0,0,0
1788186418.585407,95,-103,-93,83,23769,14590,25840,28923,1229562,1229563,1229565,1229566,0,0,0,0
1788186418.585407,58,-59,-66,60,27992,10382,21663,437,1229622,1229623,1229625,1229626,0,0,0,0
1788186418.6973307,55,-66,-52,45,29493,8785,20027,2036,1229652,1229653,1229655,1229656,0,0,0,0
1788186418.713364,42,-45,-32,37,30737,7450,18925,3249,1229682,1229683,1229685,1229686,0,0,0,0
1788186418.8263128,45,-50,-31,45,32693,4884,16932,5732,1229742,1229743,1229745,1229746,0,0,0,0
1788186418.9382243,37,-63,-53,64,1048,3381,15756,7360,1229772,1229773,1229775,1229776,0,0,0,0
1788186418.9382243,48,-78,-52,66,2413,1597,14322,9211,1229802,1229803,1229805,1229806,0,0,0,0
1788186418.9546573,75,-72,-56,79,4067,32392,12702,11288,1229832,1229833,1229835,1229836,0,0,0,0
1788186419.050919,57,-77,-66,79,5728,30276,11004,13477,1229862,1229863,1229865,1229866,0,0,0,0
1788186419.1480298,36,-74,-44,64,10310,24778,6479,18922,1229952,1229953,1229955,1229956,0,0,0,0
1788186419.244252,46,-57,-43,50,12599,21637,4215,22078,1230012,1230013,1230015,1230016,0,0,0,0
1788186419.3413923,54,-59,-61,53,15150,18383,1483,25523,1230072,1230073,1230075,1230076,0,0,0,0
1788186419.4890375,54,-70,-55,66,18342,14730,31177,29116,1230132,1230133,1230135,1230136,0,0,0,0
1788186419.5660253,52,-63,-63,66,19822,12871,29630,30947,1230162,1230163,1230165,1230166,0,0,0,0
1788186419.5660253,58,-74,-49,52,21333,11247,28077,32680,1230192,1230193,1230195,1230196,0,0,0,0
1788186419.613622,61,-55,-46,65,22865,9568,26612,1579,1230222,1230223,1230225,1230226,0,0,0,0
1788186419.6749415,47,-57,-48,53,24274,7936,25265,3163,1230252,1230253,1230255,1230256,0,0,0,0
1788186419.7228215,42,-62,-47,52,25641,6429,23944,4854,1230282,1230283,1230285,1230286,0,0,0,0
1788186419.8243077,56,-56,-63,70,26990,4771,22491,6395,1230312,1230313,1230315,1230316,0,0,0,0
1788186419.8350167,50,-59,-53,44,28528,3249,21059,7975,1230342,1230343,1230345,1230346,0,0,0,0
1788186419.867074,51,-64,-53,63,30111,1639,19458,9657,1230372,1230373,1230375,1230376,0,0,0,0
1788186419.9474754,65,-52,-69,60,31654,32755,17870,11377,1230402,1230403,1230405,1230406,0,0,0,0
1788186420.0406692,56,-58,-57,67,509,31068,16328,13116,1230432,1230433,1230435,1230436,0,0,0,0
1788186420.1637921,37,-38,-29,30,7789,23379,9137,20926,1230582,1230583,1230585,1230586,0,0,0,0
1788186420.2765143,13,-7,-6,1,8841,22317,8334,21775,1230642,1230643,1230645,1230646,0,0,0,0
1788186420.3568466,-3,1,-3,3,8900,22255,8292,21828,1230672,1230673,1230675,1230676,0,0,0,0
1788186420.372758,2,0,4,-5,8915,22240,8282,21840,1230702,1230703,1230705,1230706,0,0,0,0
1788186420.4851856,-1,1,0,7,8934,22221,8265,21854,1230762,1230763,1230765,1230766,0,0,0,0
1788186420.6131718,0,3,-6,-1,8934,22222,8267,21852,1230822,1230823,1230825,1230826,0,0,0,0
1788186420.6252747,-1,-2,1,-7,8933,22224,8268,21851,1230852,1230853,1230855,1230856,0,0,0,0
1788186420.6883895,-1,-4,-3,-1,8931,22226,8271,21850,1230882,1230883,1230885,1230886,0,0,0,0
1788186420.8061664,-1,1,-1,1,8933,22224,8269,21851,1230912,1230913,1230915,1230916,0,0,0,0
1788186420.8061664,-3,-2,2,0,8934,22222,8267,21851,1230942,1230943,1230945,1230946,0,0,0,0
1788186420.8804743,4,-2,2,1,8937,22221,8266,21854,1230972,1230973,1230975,1230976,0,0,0,0
1788186420.8804743,0,-9,4,-1,8937,22219,8265,21854,1231002,1231003,1231005,1231006,0,0,0,0
1788186421.0093887,-2,-6,2,-2,8937,22220,8265,21854,1231032,1231033,1231035,1231036,0,0,0,0
1788186421.0260265,3,3,3,-2,8935,22221,8267,21852,1231062,1231063,1231065,1231066,0,0,0,0
1788186421.0615919,-1,-3,-3,1,8934,22224,8268,21852,1231092,1231093,1231095,1231096,0,0,0,0
1788186421.1822188,-3,-2,4,0,8934,22223,8268,21852,1231122,1231123,1231125,1231126,0,0,0,0
1788186421.1822188,30,56,40,40,8958,22323,8374,21982,1231152,1231153,1231155,1231156,0,0,0,0
1788186421.1822188,65,56,70,63,10106,24022,9905,23849,1231182,1231183,1231185,1231186,0,0,0,0
1788186421.294178,53,50,44,36,13136,26886,12830,26644,1231242,1231243,1231245,1231246,0,0,0,0
1788186421.374877,63,54,55,50,14527,28340,14138,28012,1231272,1231273,1231275,1231276,0,0,0,0
1788186421.423269,48,61,62,61,16189,29898,15691,29469,1231302,1231303,1231305,1231306,0,0,0,0
1788186421.5036771,56,48,57,55,17682,31390,17256,31017,1231332,1231333,1231335,1231336,0,0,0,0
1788186421.5036771,59,49,59,51,19159,110,18878,32544,1231362,1231363,1231365,1231366,0,0,0,0
1788186421.6637561,57,46,52,64,22271,3216,22055,3010,1231422,1231423,1231425,1231426,0,0,0,0
1788186421.6637561,67,53,57,52,23872,4720,23710,4650,1231452,1231453,1231455,1231456,0,0,0,0
1788186421.7121527,55,65,66,65,25526,6343,25355,6178,1231482,1231483,1231485,1231486,0,0,0,0
1788186421.825291,62,59,60,53,28841,9606,28626,9277,1231542,1231543,1231545,1231546,0,0,0,0
1788186421.9047687,59,53,59,57,30495,11242,30208,10793,1231572,1231573,1231575,1231576,0,0,0,0
1788186421.9205873,69,59,64,62,32224,12854,31820,12541,1231602,1231603,1231605,1231606,0,0,0,0
1788186422.0336018,62,52,65,66,2604,16060,2448,15728,1231662,1231663,1231665,1231666,0,0,0,0
1788186422.0493078,69,56,68,55,4264,17707,4153,17373,1231692,1231693,1231695,1231696,0,0,0,0
1788186422.1252577,47,65,45,63,5784,19266,5765,18985,1231722,1231723,1231725,1231726,0,0,0,0
1788186422.2298498,59,56,53,58,7312,20705,7386,20679,1231752,1231753,1231755,1231756,0,0,0,0
1788186422.2298498,7,6,13,9,8870,22114,8865,22032,1231812,1231813,1231815,1231816,0,0,0,0
1788186422.3320866,1,-1,-11,7,9118,22145,9052,22315,1231872,1231873,1231875,1231876,0,0,0,0
1788186422.3623812,26,-21,-31,27,9467,21766,8532,22783,1231902,1231903,1231905,1231906,0,0,0,0
1788186422.4509125,77,-70,-61,59,10884,20480,7504,23836,1231932,1231933,1231935,1231936,0,0,0,0
1788186422.522972,67,-67,-64,61,13023,18596,5585,25646,1231962,1231963,1231965,1231966,0,0,0,0
1788186422.522972,75,-86,-67,73,15152,16508,3348,27829,1231992,1231993,1231995,1231996,0,0,0,0
1788186422.5707982,93,-81,-72,75,17469,14336,955,30137,1232022,1232023,1232025,1232026,0,0,0,0
1788186422.6774688,63,-73,-66,75,19662,12328,31399,32121,1232052,1232053,1232055,1232056,0,0,0,0
1788186422.6932251,62,-57,-58,49,21545,10607,29572,897,1232082,1232083,1232085,1232086,0,0,0,0
1788186422.7523308,47,-30,-44,37,23151,9349,28068,2223,1232112,1232113,1232115,1232116,0,0,0,0
1788186422.789955,39,-37,-44,32,24413,8290,26801,3282,1232142,1232143,1232145,1232146,0,0,0,0
1788186422.919105,59,-52,-44,42,27024,6383,24108,5293,1232202,1232203,1232205,1232206,0,0,0,0
1788186422.9351234,72,-58,-73,59,28739,4978,22415,6624,1232232,1232233,1232235,1232236,0,0,0,0
1788186422.9997468,72,-70,-77,61,30569,3405,20608,8160,1232262,1232263,1232265,1232266,0,0,0,0
1788186423.1120331,68,-70,-73,71,32592,1661,18632,10136,1232292,1232293,1232295,1232296,0,0,0,0
1788186423.1280296,53,-64,-57,55,3338,30790,14885,13875,1232352,1232353,1232355,1232356,0,0,0,0
1788186423.2304811,50,-48,-61,62,4900,29140,13409,15365,1232382,1232383,1232385,1232386,0,0,0,0
1788186423.3415225,55,-49,-40,57,7641,26348,10710,18271,1232442,1232443,1232445,1232446,0,0,0,0
1788186423.34922,45,-73,-43,46,8973,24850,9397,19661,1232472,1232473,1232475,1232476,0,0,0,0
1788186423.3834698,46,-51,-60,60,10276,23252,8035,21351,1232502,1232503,1232505,1232506,0,0,0,0
1788186423.4767542,47,-65,-57,61,11659,21531,6577,23075,1232532,1232533,1232535,1232536,0,0,0,0
1788186423.5415463,58,-56,-64,75,13300,19752,5062,24865,1232562,1232563,1232565,1232566,0,0,0,0
1788186423.573964,54,-72,-50,53,14806,17929,3438,26702,1232592,1232593,1232595,1232596,0,0,0,0
1788186423.688006,57,-75,-50,53,17815,14165,518,30368,1232652,1232653,1232655,1232656,0,0,0,0
1788186423.7607603,51,-59,-51,73,19091,12503,31885,32099,1232682,1232683,1232685,1232686,0,0,0,0
1788186423.7716095,49,-69,-42,54,20397,10846,30700,1078,1232712,1232713,1232715,1232716,0,0,0,0
1788186423.89312,47,-56,-47,65,21640,9179,29402,2804,1232742,1232743,1232745,1232746,0,0,0,0
1788186423.9125829,44,-62,-48,56,22961,7301,28176,4644,1232772,1232773,1232775,1232776,0,0,0,0
1788186423.9125829,49,-47,-46,76,24241,5527,26804,6415,1232802,1232803,1232805,1232806,0,0,0,0
1788186423.9734194,44,-73,-54,62,25653,3780,25455,8171,1232832,1232833,1232835,1232836,0,0,0,0
1788186424.02151,56,-61,-58,75,27084,2053,24002,10098,1232862,1232863,1232865,1232866,0,0,0,0
1788186424.133623,53,-54,-50,58,29999,31196,21238,13765,1232922,1232923,1232925,1232926,0,0,0,0
1788186424.1749814,44,-69,-44,78,31353,29335,19830,15487,1232952,1232953,1232955,1232956,0,0,0,0
1788186424.2425528,44,-69,-49,73,1194,25905,17189,19080,1233012,1233013,1233015,1233016,0,0,0,0
1788186424.3555794,47,-61,-46,68,2511,24029,16000,20928,1233042,1233043,1233045,1233046,0,0,0,0
1788186424.3715584,56,-66,-45,73,3820,22161,14666,22841,1233072,1233073,1233075,1233076,0,0,0,0
1788186424.4689617,38,-37,-33,25,7658,17197,10893,27843,1233162,1233163,1233165,1233166,0,0,0,0
1788186424.679785,-19,-11,-3,-9,8134,16215,10314,27361,1233222,1233223,1233225,1233226,0,0,0,0
1788186424.679785,-22,2,7,-11,7687,16215,10358,26960,1233252,1233253,1233255,1233256,0,0,0,0
1788186424.6954803,-16,7,13,-7,7219,16410,10702,26650,1233282,1233283,1233285,1233286,0,0,0,0
1788186424.788448,-2,3,8,-4,6805,16896,11277,26286,1233342,1233343,1233345,1233346,0,0,0,0
1788186424.8708076,-6,8,7,-6,6679,17069,11421,26145,1233372,1233373,1233375,1233376,0,0,0,0
1788186424.900168,-1,2,-2,-7,6552,17198,11536,26022,1233402,1233403,1233405,1233406,0,0,0,0
1788186424.9892209,-8,1,3,-3,6329,17388,11716,25837,1233462,1233463,1233465,1233466,0,0,0,0
1788186425.0937402,2,2,0,-3,6228,17475,11801,25765,1233522,1233523,1233525,1233526,0,0,0,0
1788186425.190514,-3,-3,-1,-2,6224,17478,11804,25767,1233582,1233583,1233585,1233586,0,0,0,0
1788186425.3026803,-3,2,5,4,6249,17458,11785,25788,1233642,1233643,1233645,1233646,0,0,0,0
1788186425.3685868,0,-2,-2,-1,6252,17456,11781,25789,1233672,1233673,1233675,1233676,0,0,0,0
1788186425.3946934,-3,1,0,-7,6249,17458,11783,25787,1233702,1233703,1233705,1233706,0,0,0,0
1788186425.4557424,4,3,-4,-1,6250,17459,11787,25790,1233732,1233733,1233735,1233736,0,0,0,0
1788186425.5945253,9,-12,-12,17,6402,17331,11689,25913,1233762,1233763,1233765,1233766,0,0,0,0
1788186425.5945253,38,-52,-32,36,7018,16665,11146,26552,1233792,1233793,1233795,1233796,0,0,0,0
1788186425.696218,57,-87,-61,69,8847,14755,9930,28201,1233822,1233823,1233825,1233826,0,0,0,0
1788186425.696218,67,-72,-59,57,10609,12639,7950,30339,1233852,1233853,1233855,1233856,0,0,0,0
1788186425.7154045,72,-74,-73,74,12782,10396,5764,32706,1233882,1233883,1233885,1233886,0,0,0,0
1788186425.8026161,73,-82,-65,71,16961,6083,1568,4392,1233942,1233943,1233945,1233946,0,0,0,0
1788186425.932321,38,-43,-44,58,18530,4441,97,6026,1233972,1233973,1233975,1233976,0,0,0,0
1788186425.9518836,37,-49,-35,53,20622,1771,30777,8683,1234032,1234033,1234035,1234036,0,0,0,0
1788186426.0126817,42,-53,-45,57,21521,399,29895,10127,1234062,1234063,1234065,1234066,0,0,0,0
1788186426.1580837,45,-56,-46,61,22659,31605,28748,11629,1234092,1234093,1234095,1234096,0,0,0,0
1788186426.1740062,57,-75,-54,94,25654,27807,25653,15640,1234152,1234153,1234155,1234156,0,0,0,0
1788186426.2731855,76,-69,-60,75,27377,25750,23986,17754,1234182,1234183,1234185,1234186,0,0,0,0
1788186426.28698,52,-69,-60,64,28972,23709,22318,19797,1234212,1234213,1234215,1234216,0,0,0,0
1788186426.383072,52,-51,-56,57,30515,21937,20911,21695,1234242,1234243,1234245,1234246,0,0,0,0
1788186426.383072,50,-73,-45,49,31899,20280,19494,23205,1234272,1234273,1234275,1234276,0,0,0,0
1788186426.4957285,48,-53,-49,49,500,18865,18238,24652,1234302,1234303,1234305,1234306,0,0,0,0
1788186426.4957285,54,-58,-43,54,1764,17470,16934,26078,1234332,1234333,1234335,1234336,0,0,0,0
1788186426.5117993,46,-50,-52,63,3058,15970,15665,27627,1234362,1234363,1234365,1234366,0,0,0,0
1788186426.641111,58,-73,-56,79,7264,10463,11348,420,1234452,1234453,1234455,1234456,0,0,0,0
1788186426.7215838,52,-90,-44,69,8816,8497,9877,2460,1234482,1234483,1234485,1234486,0,0,0,0
1788186426.7215838,50,-64,-53,69,10214,6702,8487,4484,1234512,1234513,1234515,1234516,0,0,0,0
1788186426.8329127,42,-51,-46,45,12873,3104,5815,7950,1234572,1234573,1234575,1234576,0,0,0,0
1788186426.9438167,53,-46,-39,58,15540,32720,3176,11192,1234632,1234633,1234635,1234636,0,0,0,0
1788186427.0245461,59,-53,-63,51,17048,31126,1669,12850,1234662,1234663,1234665,1234666,0,0,0,0
1788186427.056765,43,-61,-62,64,18596,29441,192,14459,1234692,1234693,1234695,1234696,0,0,0,0
1788186427.0727983,58,-64,-39,55,20134,27872,31290,16202,1234722,1234723,1234725,1234726,0,0,0,0
1788186427.229253,40,-52,-48,46,23244,24681,28314,19368,1234782,1234783,1234785,1234786,0,0,0,0
1788186427.2451851,14,-23,-22,6,24171,23683,27428,20221,1234812,1234813,1234815,1234816,0,0,0,0
1788186427.3418605,-2,-3,3,-17,24419,23375,27313,19713,1234842,1234843,1234845,1234846,0,0,0,0
1788186427.3418605,-24,16,23,-14,24065,23619,27748,19432,1234872,1234873,1234875,1234876,0,0,0,0
1788186427.3993526,-31,19,24,-28,23289,24205,28495,18890,1234902,1234903,1234905,1234906,0,0,0,0
1788186427.430595,-32,15,19,-22,22377,24609,29155,18246,1234932,1234933,1234935,1234936,0,0,0,0
1788186427.559444,-9,12,5,-11,21846,25016,29588,17786,1234962,1234963,1234965,1234966,0,0,0,0
1788186427.559444,-6,9,6,-4,21669,25246,29783,17553,1234992,1234993,1234995,1234996,0,0,0,0
1788186427.559444,-6,-5,4,-1,21576,25356,29872,17491,1235022,1235023,1235025,1235026,0,0,0,0
1788186427.6397934,-4,-3,1,-5,21534,25403,29915,17456,1235052,1235053,1235055,1235056,0,0,0,0
1788186427.7509105,1,3,-6,1,21522,25414,29923,17453,1235112,1235113,1235115,1235116,0,0,0,0
1788186427.7668586,2,-1,3,1,21539,25398,29906,17469,1235142,1235143,1235145,1235146,0,0,0,0
1788186427.863844,-1,0,-2,5,21562,25375,29883,17487,1235172,1235173,1235175,1235176,0,0,0,0
1788186427.8678553,-1,-4,-1,-2,21582,25354,29862,17503,1235202,1235203,1235205,1235206,0,0,0,0
1788186428.0510738,0,1,28,3,21607,25330,29838,17524,1235262,1235263,1235265,1235266,0,0,0,0
1788186428.0633953,-1,0,-5,-1,21616,25320,29828,17530,1235322,1235323,1235325,1235326,0,0,0,0
1788186428.1849167,65,42,55,48,22910,27122,31383,19480,1235382,1235383,1235385,1235386,0,0,0,0
1788186428.2617083,47,52,63,41,24476,28585,244,21057,1235412,1235413,1235415,1235416,0,0,0,0
1788186428.2617083,43,58,56,45,25796,29862,1664,22272,1235442,1235443,1235445,1235446,0,0,0,0
1788186428.3328185,61,46,48,60,27287,31326,3110,23684,1235472,1235473,1235475,1235476,0,0,0,0
1788186428.4145257,60,52,49,65,28824,43,4598,25192,1235502,1235503,1235505,1235506,0,0,0,0
1788186428.4613984,49,64,63,44,30412,1572,6074,26603,1235532,1235533,1235535,1235536,0,0,0,0
1788186428.5032327,69,55,50,57,32076,3092,7685,28192,1235562,1235563,1235565,1235566,0,0,0,0
1788186428.6638427,51,63,66,49,2452,6293,10897,31306,1235622,1235623,1235625,1235626,0,0,0,0
1788186428.6796975,66,51,53,58,3966,7830,12569,117,1235652,1235653,1235655,1235656,0,0,0,0
1788186428.6937954,54,49,48,68,5628,9414,14167,1754,1235682,1235683,1235685,1235686,0,0,0,0
1788186428.7881527,56,58,58,64,8845,12566,17490,5094,1235742,1235743,1235745,1235746,0,0,0,0
1788186428.8698628,54,55,58,55,10422,14094,19128,6678,1235772,1235773,1235775,1235776,0,0,0,0
1788186428.8869972,62,63,52,53,11952,15800,20798,8184,1235802,1235803,1235805,1235806,0,0,0,0
1788186429.012932,51,57,53,58,13743,17420,22231,9888,1235832,1235833,1235835,1235836,0,0,0,0
1788186429.012932,65,59,54,60,15328,18960,23941,11407,1235862,1235863,1235865,1235866,0,0,0,0
1788186429.0795894,64,66,69,65,16893,20620,25610,13087,1235892,1235893,1235895,1235896,0,0,0,0
1788186429.1892047,46,56,64,53,18544,22168,27284,14795,1235922,1235923,1235925,1235926,0,0,0,0
1788186429.1892047,35,40,38,34,19924,23667,28857,16174,1235952,1235953,1235955,1235956,0,0,0,0
1788186429.204856,24,17,10,23,20810,24436,29537,16869,1235982,1235983,1235985,1235986,0,0,0,0
1788186429.294868,16,14,12,8,21360,24966,29981,17322,1236012,1236013,1236015,1236016,0,0,0,0
1788186429.3264282,1,-5,-6,-7,21696,25205,30086,17464,1236042,1236043,1236045,1236046,0,0,0,0
1788186429.4217796,9,-15,-14,15,21804,25026,29914,17558,1236072,1236073,1236075,1236076,0,0,0,0
1788186429.4217796,59,-43,-42,36,22495,24269,29228,18219,1236102,1236103,1236105,1236106,0,0,0,0
1788186429.4900882,69,-71,-60,59,24355,22574,27850,19504,1236132,1236133,1236135,1236136,0,0,0,0
1788186429.517228,89,-73,-80,81,26348,20707,25736,21526,1236162,1236163,1236165,1236166,0,0,0,0
1788186429.64589,92,-69,-81,77,31003,16381,21077,25995,1236222,1236223,1236225,1236226,0,0,0,0
1788186429.6943913,69,-64,-68,57,336,14495,18919,27878,1236252,1236253,1236255,1236256,0,0,0,0
1788186429.742894,59,-46,-52,49,2067,13020,17100,29414,1236282,1236283,1236285,1236286,0,0,0,0
1788186429.7748296,45,-35,-50,37,3481,11844,15755,30545,1236312,1236313,1236315,1236316,0,0,0,0
1788186429.8726618,52,-37,-56,37,6015,9998,13186,32434,1236372,1236373,1236375,1236376,0,0,0,0
1788186429.9048707,64,-58,-81,45,9439,7461,9730,2182,1236432,1236433,1236435,1236436,0,0,0,0
1788186430.0817783,78,-63,-72,55,13574,4339,5547,5530,1236492,1236493,1236495,1236496,0,0,0,0
1788186430.1944976,78,-56,-66,65,15579,2703,3472,7116,1236522,1236523,1236525,1236526,0,0,0,0
1788186430.2069857,58,-42,-55,55,18977,32506,32753,10133,1236582,1236583,1236585,1236586,0,0,0,0
1788186430.3190715,57,-43,-40,48,20427,31129,31341,11435,1236612,1236613,1236615,1236616,0,0,0,0
1788186430.4325273,56,-52,-66,72,24662,26859,27014,15818,1236702,1236703,1236705,1236706,0,0,0,0
1788186430.5164416,67,-63,-54,56,29787,21784,22028,20930,1236792,1236793,1236795,1236796,0,0,0,0
1788186430.6372707,52,-49,-53,51,147,18485,18956,24341,1236852,1236853,1236855,1236856,0,0,0,0
1788186430.7178514,59,-72,-47,47,1510,16889,17476,25873,1236882,1236883,1236885,1236886,0,0,0,0
1788186430.7178514,49,-57,-40,61,2895,15303,16210,27478,1236912,1236913,1236915,1236916,0,0,0,0
1788186430.7743156,48,-56,-49,57,4263,13650,14873,29106,1236942,1236943,1236945,1236946,0,0,0,0
1788186430.8499646,44,-65,-49,65,5522,11940,13550,30827,1236972,1236973,1236975,1236976,0,0,0,0
1788186430.8616881,35,-67,-58,56,6873,10110,12169,32658,1237002,1237003,1237005,1237006,0,0,0,0
1788186430.925737,50,-69,-57,76,8365,8208,10698,1760,1237032,1237033,1237035,1237036,0,0,0,0
1788186430.9896262,53,-70,-51,75,9810,6519,9261,3620,1237062,1237063,1237065,1237066,0,0,0,0
1788186431.1001863,45,-61,-45,60,12680,2877,6411,7360,1237122,1237123,1237125,1237126,0,0,0,0
1788186431.2008011,46,-63,-59,65,13964,1095,5106,9071,1237152,1237153,1237155,1237156,0,0,0,0
1788186431.211416,49,-75,-49,63,15260,32186,3781,10762,1237182,1237183,1237185,1237186,0,0,0,0
1788186431.2275407,53,-63,-49,68,16572,30482,2518,12572,1237212,1237213,1237215,1237216,0,0,0,0
1788186431.3302047,44,-45,-37,45,19175,27247,32714,15807,1237272,1237273,1237275,1237276,0,0,0,0
1788186431.4227498,2,-1,-2,-2,20287,26169,31646,16700,1237332,1237333,1237335,1237336,0,0,0,0
1788186431.533894,-6,1,6,-6,20282,26169,31711,16590,1237362,1237363,1237365,1237366,0,0,0,0
1788186431.5496163,-8,6,10,-8,20136,26303,31854,16440,1237392,1237393,1237395,1237396,0,0,0,0
1788186431.6430073,-6,3,3,-7,19900,26549,32119,16229,1237452,1237453,1237455,1237456,0,0,0,0
1788186431.7235262,-4,2,3,1,19819,26628,32217,16155,1237482,1237483,1237485,1237486,0,0,0,0
1788186431.7235262,0,3,4,-7,19764,26679,32284,16103,1237512,1237513,1237515,1237516,0,0,0,0
1788186431.8366833,-3,5,-3,0,19726,26718,32330,16074,1237542,1237543,1237545,1237546,0,0,0,0
1788186431.9497337,-1,0,1,0,19713,26726,32339,16084,1237632,1237633,1237635,1237636,0,0,0,0
1788186432.063333,1,-1,-1,1,19724,26716,32329,16093,1237692,1237693,1237695,1237696,0,0,0,0
1788186432.149125,1,4,-1,2,19721,26721,32333,16090,1237752,1237753,1237755,1237756,0,0,0,0
1788186432.330952,4,1,0,-4,19720,26722,32335,16088,1237812,1237813,1237815,1237816,0,0,0,0
1788186432.330952,-5,-2,1,0,19721,26721,32333,16090,1237842,1237843,1237845,1237846,0,0,0,0
1788186432.347119,4,-10,-5,8,19759,26674,32299,16150,1237872,1237873,1237875,1237876,0,0,0,0
1788186432.4453602,62,-121,-35,52,21208,24711,31086,17689,1237932,1237933,1237935,1237936,0,0,0,0
1788186432.53926,57,-72,-74,77,23177,22261,29457,19491,1237962,1237963,1237965,1237966,0,0,0,0
1788186432.53926,90,-89,-95,86,25205,20235,27193,21784,1237992,1237993,1237995,1237996,0,0,0,0
1788186432.666677,71,-70,-77,77,29470,15852,22837,26297,1238052,1238053,1238055,1238056,0,0,0,0
1788186432.6933084,50,-54,-57,59,31204,13990,21208,28128,1238082,1238083,1238085,1238086,0,0,0,0
1788186432.7667792,37,-46,-41,55,32566,12414,19785,29736,1238112,1238113,1238115,1238116,0,0,0,0
1788186432.7952545,28,-37,-34,52,824,11208,18872,30981,1238142,1238143,1238145,1238146,0,0,0,0
1788186432.9118521,43,-65,-42,55,2762,8430,16888,954,1238202,1238203,1238205,1238206,0,0,0,0
1788186433.0088987,58,-63,-60,76,4036,6733,15612,2774,1238232,1238233,1238235,1238236,0,0,0,0
1788186433.0361087,53,-66,-53,73,5454,4664,14045,4882,1238262,1238263,1238265,1238266,0,0,0,0
1788186433.0521984,59,-72,-51,86,7038,2638,12430,7119,1238292,1238293,1238295,1238296,0,0,0,0
1788186433.133761,58,-75,-62,68,8722,622,10796,9233,1238322,1238323,1238325,1238326,0,0,0,0
1788186433.1646144,51,-63,-52,73,10233,31467,9296,11175,1238352,1238353,1238355,1238356,0,0,0,0
1788186433.3402252,47,-48,-40,53,12846,28075,6676,14594,1238412,1238413,1238415,1238416,0,0,0,0
1788186433.4502041,46,-54,-43,64,16459,23295,3126,19437,1238502,1238503,1238505,1238506,0,0,0,0
1788186433.5642214,63,-67,-48,65,19358,19564,222,23258,1238562,1238563,1238565,1238566,0,0,0,0
1788186433.6773825,48,-76,-53,82,20839,17627,31450,25277,1238592,1238593,1238595,1238596,0,0,0,0
1788186433.6931334,50,-66,-47,73,24832,11945,27458,30990,1238682,1238683,1238685,1238686,0,0,0,0
1788186433.8015888,39,-51,-45,58,25985,10164,26295,32762,1238712,1238713,1238715,1238716,0,0,0,0
1788186433.8015888,52,-73,-49,71,27212,8424,25156,1855,1238742,1238743,1238745,1238746,0,0,0,0
1788186433.8984008,48,-64,-44,66,28496,6767,23962,3552,1238772,1238773,1238775,1238776,0,0,0,0
1788186433.9137676,56,-65,-57,62,29776,4828,22557,5479,1238802,1238803,1238805,1238806,0,0,0,0
1788186433.9951127,47,-69,-40,61,32624,1160,19789,9290,1238862,1238863,1238865,1238866,0,0,0,0
1788186434.1246078,47,-73,-48,59,3935,28536,15785,14859,1238952,1238953,1238955,1238956,0,0,0,0
1788186434.214804,40,-59,-43,67,5145,26697,14514,16658,1238982,1238983,1238985,1238986,0,0,0,0
1788186434.2550516,46,-84,-47,56,6414,24922,13340,18537,1239012,1239013,1239015,1239016,0,0,0,0
1788186434.335156,51,-66,-49,83,7652,23142,12094,20359,1239042,1239043,1239045,1239046,0,0,0,0
1788186434.4088647,44,-64,-46,48,8962,21328,10825,22140,1239072,1239073,1239075,1239076,0,0,0,0
1788186434.4123085,33,-35,-30,43,10110,19856,9654,23539,1239102,1239103,1239105,1239106,0,0,0,0
1788186434.440658,15,-16,-22,23,10850,19228,9204,24048,1239132,1239133,1239135,1239136,0,0,0,0
1788186434.5210078,10,-3,8,4,11222,18954,8928,24363,1239162,1239163,1239165,1239166,0,0,0,0
1788186434.60145,5,-5,-4,5,11429,18720,8692,24551,1239222,1239223,1239225,1239226,0,0,0,0
1788186434.730286,1,-2,4,-2,11539,18601,8564,24665,1239282,1239283,1239285,1239286,0,0,0,0
1788186434.8186274,-3,0,0,-1,11530,18612,8583,24645,1239342,1239343,1239345,1239346,0,0,0,0
1788186434.9505444,0,7,0,-3,11487,18660,8639,24596,1239402,1239403,1239405,1239406,0,0,0,0
1788186435.0191789,1,-4,3,-2,11481,18664,8641,24592,1239432,1239433,1239435,1239436,0,0,0,0
1788186435.0302584,0,-3,0,0,11488,18657,8634,24598,1239462,1239463,1239465,1239466,0,0,0,0
1788186435.14288,-1,-1,-1,-1,11499,18644,8619,24612,1239522,1239523,1239525,1239526,0,0,0,0
1788186435.2272363,-7,1,1,-4,11499,18647,8622,24609,1239552,1239553,1239555,1239556,0,0,0,0
1788186435.231485,-3,0,-3,-2,11493,18652,8629,24603,1239612,1239613,1239615,1239616,0,0,0,0
1788186435.2747984,1,-4,-3,2,11494,18649,8627,24605,1239642,1239643,1239645,1239646,0,0,0,0
1788186435.3588686,2,1,-3,2,11497,18647,8624,24611,1239672,1239673,1239675,1239676,0,0,0,0
1788186435.3588686,5,-14,-16,11,11607,18497,8488,24754,1239702,1239703,1239705,1239706,0,0,0,0
1788186435.4229236,53,-47,-24,42,12278,17661,7945,25488,1239732,1239733,1239735,1239736,0,0,0,0
1788186435.4704885,48,-86,-59,59,13896,15826,6721,26795,1239762,1239763,1239765,1239766,0,0,0,0
1788186435.6007206,86,-75,-103,76,17912,11492,2577,31265,1239822,1239823,1239825,1239826,0,0,0,0
1788186435.697309,78,-68,-72,78,20012,9242,231,811,1239852,1239853,1239855,1239856,0,0,0,0
1788186435.7132452,60,-62,-67,67,21983,7082,31058,2989,1239882,1239883,1239885,1239886,0,0,0,0
1788186435.8095994,53,-61,-53,56,23546,5278,29563,4739,1239912,1239913,1239915,1239916,0,0,0,0
1788186435.8095994,40,-55,-35,55,24677,3820,28414,6158,1239942,1239943,1239945,1239946,0,0,0,0
1788186435.825668,26,-39,-37,55,25664,2591,27532,7435,1239972,1239973,1239975,1239976,0,0,0,0
1788186435.9323952,39,-51,-46,50,27736,32547,25444,10298,1240032,1240033,1240035,1240036,0,0,0,0
1788186436.140908,49,-69,-52,81,29040,30830,24069,12150,1240062,1240063,1240065,1240066,0,0,0,0
1788186436.140908,62,-67,-64,78,30575,28808,22461,14199,1240092,1240093,1240095,1240096,0,0,0,0
1788186436.140908,50,-76,-57,68,1084,24567,19239,18498,1240152,1240153,1240155,1240156,0,0,0,0
1788186436.2380333,51,-62,-40,53,3906,21025,16500,22147,1240212,1240213,1240215,1240216,0,0,0,0
1788186436.3817027,48,-66,-39,57,6303,17934,14092,25365,1240272,1240273,1240275,1240276,0,0,0,0
1788186436.3817027,56,-59,-38,58,7548,16237,12810,26831,1240302,1240303,1240305,1240306,0,0,0,0
1788186436.4621227,48,-71,-51,71,8912,14615,11521,28599,1240332,1240333,1240335,1240336,0,0,0,0
1788186436.5910783,45,-62,-54,63,10257,12747,10109,30494,1240362,1240363,1240365,1240366,0,0,0,0
1788186436.6069853,54,-81,-59,80,13043,8935,7290,1838,1240422,1240423,1240425,1240426,0,0,0,0
1788186436.6714602,50,-61,-44,82,14443,6909,5920,3734,1240452,1240453,1240455,1240456,0,0,0,0
1788186436.7037067,52,-66,-42,49,15733,4965,4631,5633,1240482,1240483,1240485,1240486,0,0,0,0
1788186436.826863,44,-72,-50,53,18292,1591,2213,9185,1240542,1240543,1240545,1240546,0,0,0,0
1788186436.8699622,41,-61,-37,67,19476,32637,967,10876,1240572,1240573,1240575,1240576,0,0,0,0
1788186436.9405038,41,-64,-54,69,20758,30866,32423,12713,1240602,1240603,1240605,1240606,0,0,0,0
1788186437.040989,42,-56,-42,72,22061,28953,31116,14642,1240632,1240633,1240635,1240636,0,0,0,0
1788186437.040989,42,-75,-51,72,23431,27121,29802,16557,1240662,1240663,1240665,1240666,0,0,0,0
1788186437.1512144,57,-69,-59,66,24792,25331,28424,18466,1240692,1240693,1240695,1240696,0,0,0,0
1788186437.159915,52,-68,-47,65,27632,21496,25671,22152,1240752,1240753,1240755,1240756,0,0,0,0
1788186437.2608736,34,-49,-41,64,28914,19740,24403,24074,1240782,1240783,1240785,1240786,0,0,0,0
1788186437.2608736,39,-66,-44,63,30181,17968,23197,25828,1240812,1240813,1240815,1240816,0,0,0,0
1788186437.308667,41,-58,-43,68,31459,16154,21929,27672,1240842,1240843,1240845,1240846,0,0,0,0
1788186437.4863298,20,-13,-14,4,2040,11832,18770,31819,1240932,1240933,1240935,1240936,0,0,0,0
1788186437.4863298,5,-5,2,-18,2444,11553,18709,31387,1240962,1240963,1240965,1240966,0,0,0,0
1788186437.5969467,-4,-3,2,-9,2445,11514,18776,31190,1240992,1240993,1240995,1240996,0,0,0,0
1788186437.5969467,-3,2,4,-6,2335,11620,18888,31074,1241022,1241023,1241025,1241026,0,0,0,0
1788186437.681484,-5,7,4,-2,2247,11709,18985,30987,1241052,1241053,1241055,1241056,0,0,0,0
1788186437.693251,4,5,1,-1,2187,11764,19049,30923,1241082,1241083,1241085,1241086,0,0,0,0
1788186437.7805326,-3,1,-1,-25,2125,11825,19111,30860,1241112,1241113,1241115,1241116,0,0,0,0
1788186437.7897449,-3,7,-1,0,2068,11879,19169,30798,1241142,1241143,1241145,1241146,0,0,0,0
1788186437.8895583,-1,3,-1,-20,1999,11946,19236,30725,1241172,1241173,1241175,1241176,0,0,0,0
1788186437.8895583,-1,4,7,-4,1925,12023,19308,30651,1241202,1241203,1241205,1241206,0,0,0,0
1788186438.0920324,-4,1,-1,-2,1720,12219,19471,30475,1241292,1241293,1241295,1241296,0,0,0,0
1788186438.2051053,1,-3,2,1,1683,12254,19501,30445,1241322,1241323,1241325,1241326,0,0,0,0
1788186438.2051053,-2,2,-5,2,1653,12279,19521,30426,1241382,1241383,1241385,1241386,0,0,0,0
1788186438.2853503,0,0,-3,0,1658,12274,19516,30431,1241412,1241413,1241415,1241416,0,0,0,0
1788186438.3010576,2,-2,-2,5,1668,12265,19507,30439,1241442,1241443,1241445,1241446,0,0,0,0
