1787633972.629225,1921,0,0,0
1787633972.8395667,1927,0,0,0
1787633973.0352519,1928,0,0,0
1787633973.233915,1939,0,0,0
1787633973.4506176,1937,0,0,0
1787633973.6520653,1933,0,0,0
1787633973.85969,1935,0,0,0
1787633974.0596335,1938,0,0,0
1787633974.4628272,1931,0,0,0
1787633974.4766626,1938,0,0,0
1787633974.6781614,1936,0,0,0
1787633974.879829,1927,0,0,0
1787633975.0942223,1849,0,0,0
1787633975.27958,1834,0,0,0
1787633975.4985256,1789,0,0,0
1787633975.7755525,1737,0,0,0
1787633975.9421709,1706,0,0,0
1787633976.1385176,1668,0,0,0
1787633976.3205645,1635,0,0,0
1787633976.5204089,1593,0,0,0
1787633976.7506137,1562,0,0,0
1787633976.9396718,1524,0,0,0
1787633977.138418,1475,0,0,0
1787633977.360494,1442,0,0,0
1787633977.5607653,1400,0,0,0
1787633977.8117816,1366,0,0,0
1787633978.0103889,1310,0,0,0
1787633978.1806054,1268,0,0,0
1787633978.3906615,1211,0,0,0
1787633978.600656,1168,0,0,0
1787633978.780687,1116,0,0,0
1787633979.0436335,1082,0,0,0
1787633979.2185316,1039,0,0,0
1787633979.3938086,998,0,0,0
1787633979.650332,949,0,0,0
1787633979.8242035,906,0,0,0
1787633980.0203576,861,0,0,0
1787633980.27227,810,0,0,0
1787633980.4705894,752,0,0,0
1787633980.6505115,709,0,0,0
1787633980.835097,661,0,0,0
1787633981.039872,615,0,0,0
1787633981.2565298,567,0,0,0
1787633981.5007756,520,0,0,0
1787633981.6518888,477,0,0,0
1787633981.8703046,431,0,0,0
1787633982.059657,389,0,0,0
1787633982.2556365,416,0,0,0
1787633982.4802513,443,0,0,0
1787633982.7304406,450,0,0,0
1787633982.8719466,562,0,0,0
1787633983.1021948,816,0,0,0
1787633983.2982416,862,0,0,0
1787633983.477668,825,0,0,0
1787633983.6721385,788,0,0,0
1787633983.8782258,742,0,0,0
1787633984.0989912,702,0,0,0
1787633984.2934356,663,0,0,0
1787633984.540322,627,0,0,0
1787633984.719592,578,0,0,0
1787633984.9650822,543,0,0,0
1787633985.134016,500,0,0,0
1787633985.3203926,459,0,0,0
1787633985.510725,417,0,0,0
1787633985.72686,369,0,0,0
1787633985.9336383,325,0,0,0
1787633986.170391,285,0,0,0
1787633986.3406003,215,0,0,0
1787633986.5596867,169,0,0,0
1787633986.7614589,124,0,0,0
1787633987.0033433,75,0,0,0
1787633987.1707118,56,0,0,0
1787633987.3811703,103,0,0,0
1787633987.5715802,24,0,0,0
1787634044.8250475,1533,0,0,0
1787634045.0322363,1530,0,0,0
1787634045.1205919,1536,0,0,0
1787634045.330617,1532,0,0,0
1787634045.5366461,1529,0,0,0
1787634045.7377248,1533,0,0,0
1787634045.9416544,1528,0,0,0
1787634046.1581638,1523,0,0,0
1787634046.3522778,1531,0,0,0
1787634046.5587633,1527,0,0,0
1787634046.7917166,1532,0,0,0
1787634046.9581494,1461,0,0,0
1787634047.1620657,1448,0,0,0
1787634047.3908136,1395,0,0,0
1787634047.57791,1352,0,0,0
1787634047.7929878,1328,0,0,0
1787634048.0121322,1275,0,0,0
1787634048.2506204,1241,0,0,0
1787634048.4408178,1203,0,0,0
1787634048.6168702,1166,0,0,0
1787634048.8208792,1128,0,0,0
1787634049.0532749,1092,0,0,0
1787634049.2319121,1052,0,0,0
1787634049.4364536,1012,0,0,0
1787634049.6705663,972,0,0,0
1787634049.8547764,937,0,0,0
1787634050.080292,895,0,0,0
1787634050.2728753,856,0,0,0
1787634050.5000396,806,0,0,0
1787634050.6944191,770,0,0,0
1787634050.8537261,730,0,0,0
1787634051.0798385,686,0,0,0
1787634051.3103735,650,0,0,0
1787634051.479744,611,0,0,0
1787634051.6806781,572,0,0,0
1787634051.9704611,530,0,0,0
1787634052.090251,489,0,0,0
1787634052.3310928,450,0,0,0
1787634052.4936073,401,0,0,0
1787634052.712192,367,0,0,0
1787634052.8997736,346,0,0,0
1787634053.1045334,363,0,0,0
1787634053.3202467,372,0,0,0
1787634053.5103214,385,0,0,0
1787634053.7507975,413,0,0,0
1787634053.9354231,446,0,0,0
1787634054.1378105,405,0,0,0
1787634054.380703,355,0,0,0
1787634054.5164087,301,0,0,0
1787634054.7418284,316,0,0,0
1787634054.930504,831,0,0,0
1787634055.116739,797,0,0,0
1787634055.3602827,745,0,0,0
1787634055.5564733,696,0,0,0
1787634055.7723806,660,0,0,0
1787634055.9362,585,0,0,0
1787634056.1696408,530,0,0,0
1787634056.3816082,477,0,0,0
1787634056.5979295,437,0,0,0
1787634056.7728355,390,0,0,0
1787634056.958056,333,0,0,0
1787634057.172773,292,0,0,0
1787634057.3904815,218,0,0,0
1787634057.5742805,177,0,0,0
1787634057.8248243,127,0,0,0
1787634058.0005174,81,0,0,0
1787634058.192232,54,0,0,0
1787634145.8813074,2325,0,0,0
1787634146.0906458,2333,0,0,0
1787634146.2912333,2330,0,0,0
1787634146.4957924,2324,0,0,0
1787634146.7006817,2334,0,0,0
1787634146.914227,2328,0,0,0
1787634147.1102877,2327,0,0,0
1787634147.310315,2330,0,0,0
1787634147.6120105,2331,0,0,0
1787634147.720545,2332,0,0,0
1787634147.931605,2331,0,0,0
1787634148.1311986,2331,0,0,0
1787634148.3307018,2256,0,0,0
1787634148.5367777,2248,0,0,0
1787634148.7379403,2206,0,0,0
1787634148.973949,2183,0,0,0
1787634149.154233,2153,0,0,0
1787634149.3707623,2124,0,0,0
1787634149.5638833,2102,0,0,0
1787634149.7522295,2062,0,0,0
1787634149.9502988,2032,0,0,0
1787634150.15187,1997,0,0,0
1787634150.3513522,1962,0,0,0
1787634150.5715547,1927,0,0,0
1787634150.790389,1892,0,0,0
1787634150.9735198,1844,0,0,0
1787634151.190797,1813,0,0,0
1787634151.3959763,1777,0,0,0
1787634151.635287,1737,0,0,0
1787634151.7922626,1705,0,0,0
1787634152.0104208,1671,0,0,0
1787634152.216633,1637,0,0,0
1787634152.4106615,1607,0,0,0
1787634152.6441426,1564,0,0,0
1787634152.8372307,1531,0,0,0
1787634153.0325284,1495,0,0,0
1787634153.2505565,1456,0,0,0
1787634153.4506826,1413,0,0,0
1787634153.6748078,1386,0,0,0
1787634153.8535736,1357,0,0,0
1787634154.0521796,1311,0,0,0
1787634154.2758644,1274,0,0,0
1787634154.4772682,1238,0,0,0
1787634154.6755948,1201,0,0,0
1787634154.8905478,1167,0,0,0
1787634155.132667,1127,0,0,0
1787634155.3121326,1070,0,0,0
1787634155.5118032,1014,0,0,0
1787634155.7123718,976,0,0,0
1787634155.910245,932,0,0,0
1787634156.111848,890,0,0,0
1787634156.3399918,861,0,0,0
1787634156.531519,805,0,0,0
1787634156.7317908,748,0,0,0
1787634156.934208,705,0,0,0
1787634157.1524353,667,0,0,0
1787634157.3703825,636,0,0,0
1787634157.5702646,571,0,0,0
1787634157.7718737,526,0,0,0
1787634157.9768343,467,0,0,0
1787634158.1777723,412,0,0,0
1787634158.3919363,371,0,0,0
1787634158.57612,327,0,0,0
1787634158.7906651,283,0,0,0
1787634158.996893,221,0,0,0
1787634159.1928074,175,0,0,0
1787634159.396366,128,0,0,0
1787634159.6105452,81,0,0,0
1787634159.790635,60,0,0,0
1787634390.8297195,1605,0,0,0
1787634391.0357234,1612,0,0,0
1787634391.2322922,1609,0,0,0
1787634391.4333713,1607,0,0,0
1787634391.6420767,1611,0,0,0
1787634391.8502934,1621,0,0,0
1787634392.0494444,1614,0,0,0
1787634392.2514415,1614,0,0,0
1787634392.559483,1609,0,0,0
1787634392.6697042,1615,0,0,0
1787634394.1397538,1372,0,0,0
1787634394.209784,1326,0,0,0
1787634394.4595344,1270,0,0,0
1787634394.6745956,1227,0,0,0
1787634394.9098253,1179,0,0,0
1787634396.3906167,871,0,0,0
1787634397.043417,825,0,0,0
1787634397.8197575,1168,0,0,0
1787634397.8246548,1232,0,0,0
1787634397.9098814,1318,0,0,0
1787634399.463376,1115,0,0,0
1787634399.4748197,1050,0,0,0
1787634399.5345495,986,0,0,0
1787634399.7474966,934,0,0,0
1787634400.0504076,869,0,0,0
1787634400.1873019,819,0,0,0
1787634400.4271889,768,0,0,0
1787634400.683903,719,0,0,0
1787634400.8372076,654,0,0,0
1787634401.0870104,594,0,0,0
1787634401.3572028,557,0,0,0
1787634401.4884546,594,0,0,0
1787634401.7174752,799,0,0,0
1787634401.9494367,827,0,0,0
1787634402.134971,770,0,0,0
1787634402.3735693,735,0,0,0
1787634402.5573144,669,0,0,0
1787634402.7875187,619,0,0,0
1787634402.9759421,587,0,0,0
1787634403.2473087,509,0,0,0
1787634404.6271942,222,0,0,0
1787634407.0125587,174,0,0,0
1787634829.2874103,2031,0,0,0
1787634829.4984782,2030,0,0,0
1787634829.6971073,2029,0,0,0
1787634829.9078686,2033,0,0,0
1787634830.1029205,2031,0,0,0
1787634830.3105426,2027,0,0,0
1787634830.7171557,2038,0,0,0
1787634830.7271357,2029,0,0,0
1787634830.967726,2044,0,0,0
1787634831.1681814,2038,0,0,0
1787634831.3475902,2022,0,0,0
1787634831.5569818,1970,0,0,0
1787634831.8293371,1945,0,0,0
1787634831.9779913,1930,0,0,0
1787634832.1675513,1892,0,0,0
1787634832.3874874,1849,0,0,0
1787634832.6275434,1827,0,0,0
1787634832.8373778,1794,0,0,0
1787634833.0471833,1767,0,0,0
1787634833.2473261,1731,0,0,0
1787634833.4227881,1692,0,0,0
1787634833.6271498,1655,0,0,0
1787634833.867289,1622,0,0,0
1787634834.04791,1561,0,0,0
1787634834.2469096,1522,0,0,0
1787634834.437049,1472,0,0,0
1787634834.6672227,1440,0,0,0
1787634834.8691947,1399,0,0,0
1787634835.0901666,1348,0,0,0
1787634835.2875316,1306,0,0,0
1787634835.4886153,1263,0,0,0
1787634835.6671777,1231,0,0,0
1787634835.8678575,1191,0,0,0
1787634836.1289563,1149,0,0,0
1787634836.2881708,1103,0,0,0
1787634836.487988,1056,0,0,0
1787634836.7375283,1006,0,0,0
1787634836.9072824,964,0,0,0
1787634837.1777077,911,0,0,0
1787634837.307978,1011,0,0,0
1787634837.4891543,1227,0,0,0
1787634837.7479665,1300,0,0,0
1787634837.9282463,1285,0,0,0
1787634838.1270964,1278,0,0,0
1787634838.3076289,1309,0,0,0
1787634838.5472596,1437,0,0,0
1787634838.7245674,1844,0,0,0
1787634838.907293,1925,0,0,0
1787634839.1487405,1896,0,0,0
1787634839.3373196,1832,0,0,0
1787634839.5275085,1791,0,0,0
1787634839.7482307,1750,0,0,0
1787634839.9271705,1736,0,0,0
1787634840.1474397,1706,0,0,0
1787634840.3483906,1669,0,0,0
1787634840.5681024,1621,0,0,0
1787634840.7775578,1587,0,0,0
1787634840.9485102,1552,0,0,0
1787634841.1678462,1514,0,0,0
1787634841.388144,1484,0,0,0
1787634841.607297,1455,0,0,0
1787634841.7758913,1411,0,0,0
1787634841.9880655,1382,0,0,0
1787634842.1677175,1343,0,0,0
1787634842.427264,1310,0,0,0
1787634842.6070848,1275,0,0,0
1787634842.8679168,1242,0,0,0
1787634843.0081186,1201,0,0,0
1787634843.187118,1163,0,0,0
1787634843.4073186,1122,0,0,0
1787634843.6211224,1067,0,0,0
1787634843.8270621,1024,0,0,0
1787634844.0079432,982,0,0,0
1787634844.2472334,938,0,0,0
1787634844.449476,897,0,0,0
1787634844.6373246,857,0,0,0
1787634844.8282135,811,0,0,0
1787634845.0533903,773,0,0,0
1787634845.2678156,729,0,0,0
1787634845.4572365,685,0,0,0
1787634845.6682017,642,0,0,0
1787634845.8674428,599,0,0,0
1787634846.0696046,559,0,0,0
1787634846.2477145,517,0,0,0
1787634846.4480097,469,0,0,0
1787634846.6674392,425,0,0,0
1787634846.8925316,380,0,0,0
1787634847.0995884,335,0,0,0
1787634847.3540285,294,0,0,0
1787634847.4884875,345,0,0,0
1787634847.6823761,714,0,0,0
1787634847.927292,182,0,0,0
1787634848.088295,148,0,0,0
1787634848.292295,161,0,0,0
1787634848.5438209,103,0,0,0
1787634848.7278001,52,0,0,0
1787634890.8506143,1616,0,0,0
1787634890.9996173,1623,0,0,0
1787634891.1472125,1631,0,0,0
1787634891.3511915,1627,0,0,0
1787634891.5474634,1623,0,0,0
1787634891.7969782,1621,0,0,0
1787634891.9671443,1623,0,0,0
1787634892.157737,1629,0,0,0
1787634892.449388,1618,0,0,0
1787634892.5768828,1624,0,0,0
1787634892.807872,1623,0,0,0
1787634893.0182571,1589,0,0,0
1787634893.187395,1578,0,0,0
1787634893.4414566,1561,0,0,0
1787634893.6293006,1545,0,0,0
1787634893.8087592,1536,0,0,0
1787634894.0070627,1506,0,0,0
1787634894.2073798,1495,0,0,0
1787634894.4093807,1472,0,0,0
1787634894.668334,1469,0,0,0
1787634894.8479757,1458,0,0,0
1787634895.0780616,1431,0,0,0
1787634895.2678406,1422,0,0,0
1787634895.4876204,1406,0,0,0
1787634895.6680288,1389,0,0,0
1787634895.9002178,1374,0,0,0
1787634896.0669386,1355,0,0,0
1787634896.2972603,1338,0,0,0
1787634896.4869404,1320,0,0,0
1787634896.7370174,1311,0,0,0
1787634896.927187,1291,0,0,0
1787634897.1071706,1267,0,0,0
1787634897.3070455,1356,0,0,0
1787634897.537298,1729,0,0,0
1787634897.7411447,1770,0,0,0
1787634897.9281166,1765,0,0,0
1787634898.1284869,1757,0,0,0
1787634898.3572743,1743,0,0,0
1787634898.5241408,1724,0,0,0
1787634898.7476704,1702,0,0,0
1787634898.9479902,1689,0,0,0
1787634899.1677842,1672,0,0,0
1787634899.3681612,1653,0,0,0
1787634899.602613,1634,0,0,0
1787634899.787948,1623,0,0,0
1787634899.98934,1604,0,0,0
1787634900.2069497,1583,0,0,0
1787634900.4070134,1567,0,0,0
1787634900.6473043,1558,0,0,0
1787634900.847285,1538,0,0,0
1787634901.027662,1523,0,0,0
1787634901.2279909,1506,0,0,0
1787634901.4288156,1492,0,0,0
1787634901.6683323,1474,0,0,0
1787634901.8480709,1459,0,0,0
1787634902.0935533,1441,0,0,0
1787634902.2536597,1415,0,0,0
1787634902.467252,1399,0,0,0
1787634902.6677973,1381,0,0,0
1787634902.8974094,1364,0,0,0
1787634903.097998,1349,0,0,0
1787634903.2881439,1334,0,0,0
1787634903.467715,1306,0,0,0
1787634903.6675966,1294,0,0,0
1787634903.916991,1276,0,0,0
1787634904.1085987,1259,0,0,0
1787634904.3314435,1243,0,0,0
1787634904.4877214,1346,0,0,0
1787634904.7090676,1386,0,0,0
1787634904.8870666,1396,0,0,0
1787634905.117318,1409,0,0,0
1787634905.317103,1487,0,0,0
1787634905.5075788,1702,0,0,0
1787634905.686968,2065,0,0,0
1787634905.9404254,2066,0,0,0
1787634906.107999,2030,0,0,0
1787634906.3670502,2029,0,0,0
1787634906.5080307,2010,0,0,0
1787634906.7471755,1959,0,0,0
1787634906.9474223,1942,0,0,0
1787634907.1280115,1929,0,0,0
1787634907.32822,1913,0,0,0
1787634907.5076084,1885,0,0,0
1787634907.7172287,1885,0,0,0
1787634907.948053,1859,0,0,0
1787634908.1477306,1842,0,0,0
1787634908.3480625,1812,0,0,0
1787634908.5271177,1807,0,0,0
1787634908.7181175,1803,0,0,0
1787634908.947283,1773,0,0,0
1787634909.148581,1744,0,0,0
1787634909.3476083,1744,0,0,0
1787634909.5607796,1710,0,0,0
1787634909.807509,1688,0,0,0
1787634909.9714556,1670,0,0,0
1787634910.1472962,1666,0,0,0
1787634910.3852499,1636,0,0,0
1787634910.587236,1628,0,0,0
1787634910.7873175,1610,0,0,0
1787634910.9975953,1586,0,0,0
1787634911.1672287,1567,0,0,0
1787634911.407424,1561,0,0,0
1787634911.604028,1526,0,0,0
1787634911.777119,1507,0,0,0
1787634911.9670455,1500,0,0,0
1787634912.2179425,1477,0,0,0
1787634912.4080272,1462,0,0,0
1787634912.587741,1439,0,0,0
1787634912.792208,1424,0,0,0
1787634913.0177338,1394,0,0,0
1787634913.2074409,1384,0,0,0
1787634913.4077559,1366,0,0,0
1787634913.607044,1349,0,0,0
1787634913.8481116,1316,0,0,0
1787634914.037848,1313,0,0,0
1787634914.2174253,1288,0,0,0
1787634914.4600437,1272,0,0,0
1787634914.648141,1253,0,0,0
1787634914.8343465,1239,0,0,0
1787634915.0273867,1225,0,0,0
1787634915.2208292,1197,0,0,0
1787634915.458442,1184,0,0,0
1787634915.647378,1168,0,0,0
1787634915.828154,1141,0,0,0
1787634916.0671387,1117,0,0,0
1787634916.2674851,1101,0,0,0
1787634916.5073838,1080,0,0,0
1787634916.6874866,1058,0,0,0
1787634916.8678784,1041,0,0,0
1787634917.0671961,1024,0,0,0
1787634917.2972329,1005,0,0,0
1787634917.4870481,981,0,0,0
1787634917.687069,298,0,0,0
1787634917.9182525,61,0,0,0
1787634918.117267,40,0,0,0
1787634978.8031194,1416,0,0,0
1787634979.007095,1414,0,0,0
1787634979.207,1413,0,0,0
1787634979.4070842,1412,0,0,0
1787634979.6032166,1413,0,0,0
1787634979.8116293,1412,0,0,0
1787634980.026936,1422,0,0,0
1787634980.2186975,1421,0,0,0
1787634980.3977559,1422,0,0,0
1787634980.6275814,1416,0,0,0
1787634980.846366,1410,0,0,0
1787634981.087658,1408,0,0,0
1787634981.2877505,1382,0,0,0
1787634981.5054476,1369,0,0,0
1787634981.686975,1352,0,0,0
1787634981.8971975,1333,0,0,0
1787634982.082864,1313,0,0,0
1787634982.284035,1296,0,0,0
1787634982.5180964,1281,0,0,0
1787634982.687328,1259,0,0,0
1787634982.930304,1244,0,0,0
1787634983.0831194,1230,0,0,0
1787634983.3221993,1214,0,0,0
1787634983.507091,1192,0,0,0
1787634983.7067046,1173,0,0,0
1787634983.904921,1158,0,0,0
1787634984.157252,1141,0,0,0
1787634984.3271139,1119,0,0,0
1787634984.5423145,1111,0,0,0
1787634984.7192872,1138,0,0,0
1787634984.9395382,1373,0,0,0
1787634985.140602,1698,0,0,0
1787634985.3913538,1741,0,0,0
1787634985.5768983,1753,0,0,0
1787634985.766361,1741,0,0,0
1787634985.9672997,1729,0,0,0
1787634986.217071,1704,0,0,0
1787634986.4082067,1686,0,0,0
1787634986.5673213,1663,0,0,0
1787634986.788059,1655,0,0,0
1787634987.0373185,1633,0,0,0
1787634987.2069836,1612,0,0,0
1787634987.4073534,1600,0,0,0
1787634987.6679156,1581,0,0,0
1787634987.8440695,1565,0,0,0
1787634988.0879593,1545,0,0,0
1787634988.225827,1523,0,0,0
1787634988.4670796,1507,0,0,0
1787634988.6474473,1490,0,0,0
1787634988.887012,1472,0,0,0
1787634989.0669124,1458,0,0,0
1787634989.2370765,1441,0,0,0
1787634989.477837,1427,0,0,0
1787634989.697266,1410,0,0,0
1787634989.8869379,1397,0,0,0
1787634990.1279628,1372,0,0,0
1787634990.318004,1352,0,0,0
1787634990.4770725,1337,0,0,0
1787634990.697896,1320,0,0,0
1787634990.938052,1298,0,0,0
1787634991.1048589,1278,0,0,0
1787634991.3110971,1260,0,0,0
1787634991.5020435,1230,0,0,0
1787634991.7069016,1217,0,0,0
1787634991.9477568,1200,0,0,0
1787634992.1171072,1184,0,0,0
1787634992.317778,1160,0,0,0
1787634992.5662692,1142,0,0,0
1787634992.7422948,1127,0,0,0
1787634992.917651,1111,0,0,0
1787634993.1189928,1086,0,0,0
1787634993.3272033,1068,0,0,0
1787634993.561496,1050,0,0,0
1787634993.7372248,1034,0,0,0
1787634993.9985685,1048,0,0,0
1787634994.197949,1225,0,0,0
1787634994.407242,1231,0,0,0
1787634994.577503,1245,0,0,0
1787634994.827352,1264,0,0,0
1787634995.0233507,1340,0,0,0
1787634995.2175403,1526,0,0,0
1787634995.3833754,1548,0,0,0
1787634995.5839198,1539,0,0,0
1787634995.8086312,1523,0,0,0
1787634996.026991,1511,0,0,0
1787634996.2471595,1482,0,0,0
1787634996.4458997,1471,0,0,0
1787634996.6268086,1466,0,0,0
1787634996.8168092,1436,0,0,0
1787634997.0570219,1424,0,0,0
1787634997.2582319,1404,0,0,0
1787634997.4977367,1396,0,0,0
1787634997.647535,1382,0,0,0
1787634997.877747,1360,0,0,0
1787634998.0575426,1348,0,0,0
1787634998.2420962,1334,0,0,0
1787634998.4977677,1323,0,0,0
1787634998.7479236,1295,0,0,0
1787634998.8572683,1294,0,0,0
1787634999.0581772,1274,0,0,0
1787634999.2668717,1254,0,0,0
1787634999.4975462,1230,0,0,0
1787634999.6973817,1219,0,0,0
1787634999.8869386,1204,0,0,0
1787635000.1037138,1194,0,0,0
1787635000.329091,1183,0,0,0
1787635000.5063818,1169,0,0,0
1787635000.708533,1147,0,0,0
1787635000.954101,1130,0,0,0
1787635001.142874,1189,0,0,0
1787635001.3275473,1265,0,0,0
1787635001.5284107,1219,0,0,0
1787635001.7277238,875,0,0,0
1787635001.924769,1266,0,0,0
1787635002.1681547,1260,0,0,0
1787635002.3370261,1274,0,0,0
1787635002.5456548,1293,0,0,0
1787635002.7669754,1273,0,0,0
1787635002.9671996,1258,0,0,0
1787635003.1569912,1238,0,0,0
1787635003.3632379,1217,0,0,0
1787635003.544336,1200,0,0,0
1787635003.7660124,1179,0,0,0
1787635003.982872,1169,0,0,0
1787635004.1621435,1141,0,0,0
1787635004.3672612,1114,0,0,0
1787635004.5662177,1088,0,0,0
1787635004.7869215,1074,0,0,0
1787635004.9773679,1060,0,0,0
1787635005.2070668,1028,0,0,0
1787635005.404433,998,0,0,0
1787635005.6269748,989,0,0,0
1787635005.825683,958,0,0,0
1787635006.0140326,938,0,0,0
1787635006.2047648,922,0,0,0
1787635006.4255722,900,0,0,0
1787635006.626827,873,0,0,0
1787635006.886042,848,0,0,0
1787635007.0051486,829,0,0,0
1787635007.2472289,808,0,0,0
1787635007.4262326,793,0,0,0
1787635007.6404004,760,0,0,0
1787635007.8629043,744,0,0,0
1787635008.0469646,620,0,0,0
1787635008.2870927,491,0,0,0
1787635008.466584,429,0,0,0
1787635008.6421342,398,0,0,0
1787635008.849211,97,0,0,0
1787635009.086955,107,0,0,0
1787635009.3072062,114,0,0,0
1787635009.5049167,124,0,0,0
1787635009.6579971,124,0,0,0
1787635009.907498,117,0,0,0
1787635010.087368,111,0,0,0
1787635010.33701,114,0,0,0
1787635010.5691028,15,0,0,0
1787635071.1477172,1495,0,0,0
1787635071.161901,1500,0,0,0
1787635071.3669837,1489,0,0,0
1787635071.5836966,1495,0,0,0
1787635071.8769925,1498,0,0,0
1787635072.076933,1493,0,0,0
1787635072.1870155,1495,0,0,0
1787635072.3868928,1494,0,0,0
1787635072.5840406,1494,0,0,0
1787635072.8072612,1502,0,0,0
1787635073.0073373,1477,0,0,0
1787635073.228125,1436,0,0,0
1787635073.4027047,1422,0,0,0
1787635073.6071093,1369,0,0,0
1787635073.8070502,1354,0,0,0
1787635074.0007102,1323,0,0,0
1787635074.2257571,1293,0,0,0
1787635074.4279413,1264,0,0,0
1787635074.6190534,1231,0,0,0
1787635074.8219938,1216,0,0,0
1787635075.039573,1190,0,0,0
1787635075.2483542,1159,0,0,0
1787635075.4571784,1138,0,0,0
1787635075.647001,1114,0,0,0
1787635075.8675065,1090,0,0,0
1787635076.046962,1070,0,0,0
1787635076.2598615,1040,0,0,0
1787635076.4601254,1014,0,0,0
1787635076.6670094,987,0,0,0
1787635076.857121,960,0,0,0
1787635077.0669374,934,0,0,0
1787635077.2878952,911,0,0,0
1787635077.4859917,880,0,0,0
1787635077.6976485,853,0,0,0
1787635077.9046,825,0,0,0
1787635078.1046538,801,0,0,0
1787635078.321502,779,0,0,0
1787635078.5254977,753,0,0,0
1787635078.7172022,735,0,0,0
1787635078.9245515,702,0,0,0
1787635079.145605,679,0,0,0
1787635079.3479648,654,0,0,0
1787635079.5574534,623,0,0,0
1787635079.7469301,607,0,0,0
1787635079.9654236,574,0,0,0
1787635080.16672,552,0,0,0
1787635080.3871353,526,0,0,0
1787635080.5670452,502,0,0,0
1787635080.7656167,478,0,0,0
1787635080.977538,454,0,0,0
1787635081.181497,431,0,0,0
1787635081.3836699,412,0,0,0
1787635081.585107,394,0,0,0
1787635081.7869518,378,0,0,0
1787635081.9844172,361,0,0,0
1787635082.1818898,344,0,0,0
1787635082.387488,310,0,0,0
1787635082.6168115,295,0,0,0
1787635082.806752,275,0,0,0
1787635083.0079846,254,0,0,0
1787635083.197935,235,0,0,0
1787635083.4375055,215,0,0,0
1787635083.6226242,195,0,0,0
1787635083.825851,180,0,0,0
1787635084.0235167,158,0,0,0
1787635084.24828,144,0,0,0
1787635084.425426,102,0,0,0
1787635084.6377106,92,0,0,0
1787635084.8428535,75,0,0,0
1787635085.07769,59,0,0,0
1787635085.26713,45,0,0,0
1787635129.2270474,1485,0,0,0
1787635129.317614,1488,0,0,0
1787635129.5266001,1491,0,0,0
1787635129.7075503,1490,0,0,0
1787635129.930048,1491,0,0,0
1787635130.2424915,1493,0,0,0
1787635130.3371153,1486,0,0,0
1787635130.565032,1494,0,0,0
1787635130.752901,1483,0,0,0
1787635130.9258308,1487,0,0,0
1787635131.1185045,1471,0,0,0
1787635131.3378766,1394,0,0,0
1787635131.541969,1349,0,0,0
1787635131.8166952,1288,0,0,0
1787635131.9568462,1221,0,0,0
1787635132.22814,1160,0,0,0
1787635132.3769722,1100,0,0,0
1787635132.5606267,1032,0,0,0
1787635132.8270278,970,0,0,0
1787635132.9872308,929,0,0,0
1787635133.266973,866,0,0,0
1787635133.4168851,869,0,0,0
1787635133.5809224,876,0,0,0
1787635133.8769097,892,0,0,0
1787635134.005411,918,0,0,0
1787635134.2376912,944,0,0,0
1787635134.4010255,971,0,0,0
1787635134.6372213,985,0,0,0
1787635134.8069613,997,0,0,0
1787635135.0068102,1011,0,0,0
1787635135.2219052,1015,0,0,0
1787635135.4366958,1031,0,0,0
1787635135.622165,1045,0,0,0
1787635135.8468602,1067,0,0,0
1787635136.036921,1123,0,0,0
1787635136.2399364,1202,0,0,0
1787635136.4401662,1286,0,0,0
1787635136.6462212,1411,0,0,0
1787635136.8468904,1508,0,0,0
1787635137.0470471,1616,0,0,0
1787635137.2626266,1710,0,0,0
1787635137.4648511,1678,0,0,0
1787635137.6572115,1585,0,0,0
1787635137.8650603,1471,0,0,0
1787635138.0646877,1333,0,0,0
1787635138.266861,1193,0,0,0
1787635138.465494,1068,0,0,0
1787635138.6602728,945,0,0,0
1787635138.8849213,873,0,0,0
1787635139.0779376,809,0,0,0
1787635139.279824,751,0,0,0
1787635139.481975,704,0,0,0
1787635139.6779935,656,0,0,0
1787635139.9069073,605,0,0,0
1787635140.1283827,558,0,0,0
1787635140.302158,511,0,0,0
1787635140.5072906,497,0,0,0
1787635140.7056673,493,0,0,0
1787635140.9268873,503,0,0,0
1787635141.1193182,494,0,0,0
1787635141.3268,461,0,0,0
1787635141.5577736,422,0,0,0
1787635141.7271168,385,0,0,0
1787635141.9472704,380,0,0,0
1787635142.1468275,374,0,0,0
1787635142.3391044,377,0,0,0
1787635142.537531,370,0,0,0
1787635142.7371361,372,0,0,0
1787635142.9376457,372,0,0,0
1787635143.1609797,372,0,0,0
1787635143.336925,376,0,0,0
1787635143.5630744,377,0,0,0
1787635143.7634969,380,0,0,0
1787635143.9769616,395,0,0,0
1787635144.1772208,410,0,0,0
1787635144.384957,433,0,0,0
1787635144.5972636,475,0,0,0
1787635144.8039227,525,0,0,0
1787635145.0009992,610,0,0,0
1787635145.1976042,668,0,0,0
1787635145.4471035,733,0,0,0
1787635145.5968704,805,0,0,0
1787635145.8192046,890,0,0,0
1787635146.0252452,979,0,0,0
1787635146.2233248,1066,0,0,0
1787635146.423077,1100,0,0,0
1787635146.6214542,1095,0,0,0
1787635146.8168569,1086,0,0,0
1787635147.0368695,1065,0,0,0
1787635147.2569933,1053,0,0,0
1787635147.4468389,1037,0,0,0
1787635147.6455588,1033,0,0,0
1787635147.886662,1021,0,0,0
1787635148.0370202,1013,0,0,0
1787635148.2609699,998,0,0,0
1787635148.4370756,971,0,0,0
1787635148.6377847,951,0,0,0
1787635148.856927,924,0,0,0
1787635149.057221,900,0,0,0
1787635149.2642992,869,0,0,0
1787635149.4669538,841,0,0,0
1787635149.6622224,821,0,0,0
1787635149.8590188,810,0,0,0
1787635150.0817218,799,0,0,0
1787635150.2837586,784,0,0,0
1787635150.4972107,770,0,0,0
1787635150.6828754,748,0,0,0
1787635150.9013162,726,0,0,0
1787635151.0981414,700,0,0,0
1787635151.3017983,672,0,0,0
1787635151.5052986,643,0,0,0
1787635151.7184658,616,0,0,0
1787635151.9169674,590,0,0,0
1787635152.1261408,570,0,0,0
1787635152.3180344,532,0,0,0
1787635152.5369222,508,0,0,0
1787635152.743342,494,0,0,0
1787635152.9427857,477,0,0,0
1787635153.1371624,461,0,0,0
1787635153.34558,446,0,0,0
1787635153.5374515,428,0,0,0
1787635153.7413762,410,0,0,0
1787635153.9389477,383,0,0,0
1787635154.146958,358,0,0,0
1787635154.3376653,329,0,0,0
1787635154.5770626,303,0,0,0
1787635154.7655163,275,0,0,0
1787635154.9674578,249,0,0,0
1787635155.1871843,222,0,0,0
1787635155.3856568,165,0,0,0
1787635155.5869951,138,0,0,0
1787635155.7821164,108,0,0,0
1787635155.981989,81,0,0,0
1787635156.2270212,53,0,0,0
1787635205.6995578,2105,0,0,0
1787635205.8969316,2094,0,0,0
1787635206.113817,2101,0,0,0
1787635206.42725,2102,0,0,0
1787635206.5238428,2104,0,0,0
1787635206.837019,2109,0,0,0
1787635206.9371269,2096,0,0,0
1787635207.1371942,2093,0,0,0
1787635207.3468943,2095,0,0,0
1787635207.5446024,2089,0,0,0
1787635207.7671561,2094,0,0,0
1787635207.9470913,2015,0,0,0
1787635208.1468322,1999,0,0,0
1787635208.3571086,1929,0,0,0
1787635208.5869808,1875,0,0,0
1787635208.773473,1828,0,0,0
1787635208.987661,1786,0,0,0
1787635209.1872106,1746,0,0,0
1787635209.3870935,1705,0,0,0
1787635209.5778317,1666,0,0,0
1787635209.7789748,1617,0,0,0
1787635209.9869604,1569,0,0,0
1787635210.186768,1522,0,0,0
1787635210.4173522,1502,0,0,0
1787635210.6073413,1454,0,0,0
1787635210.8000329,1419,0,0,0
1787635211.007114,1388,0,0,0
1787635211.24723,1353,0,0,0
1787635211.4270368,1318,0,0,0
1787635211.633802,1290,0,0,0
1787635211.8670132,1258,0,0,0
1787635212.0472493,1227,0,0,0
1787635212.2471728,1201,0,0,0
1787635212.436901,1176,0,0,0
1787635212.6471064,1147,0,0,0
1787635212.8571382,1121,0,0,0
1787635213.0470464,1096,0,0,0
1787635213.2480028,1069,0,0,0
1787635213.4578989,1043,0,0,0
1787635213.666726,1017,0,0,0
1787635213.907944,997,0,0,0
1787635214.0909038,968,0,0,0
1787635214.280241,942,0,0,0
1787635214.487007,915,0,0,0
1787635214.7271092,894,0,0,0
1787635214.907079,867,0,0,0
1787635215.1068935,844,0,0,0
1787635215.3254158,809,0,0,0
1787635215.525554,788,0,0,0
1787635215.7319942,763,0,0,0
1787635215.9456027,740,0,0,0
1787635216.1374662,715,0,0,0
1787635216.3470125,689,0,0,0
1787635216.5467293,666,0,0,0
1787635216.7577453,644,0,0,0
1787635216.9598906,619,0,0,0
1787635217.164487,596,0,0,0
1787635217.3825834,574,0,0,0
1787635217.5704384,548,0,0,0
1787635217.7968128,528,0,0,0
1787635217.9813728,507,0,0,0
1787635218.1840093,490,0,0,0
1787635218.3972242,471,0,0,0
1787635218.585584,455,0,0,0
1787635218.8070126,439,0,0,0
1787635219.00278,419,0,0,0
1787635219.2068598,405,0,0,0
1787635219.4067633,384,0,0,0
1787635219.6261573,359,0,0,0
1787635219.825007,331,0,0,0
1787635220.0180488,305,0,0,0
1787635220.2270062,289,0,0,0
1787635220.452106,277,0,0,0
1787635220.6182182,257,0,0,0
1787635220.82133,235,0,0,0
1787635221.0467072,216,0,0,0
1787635221.2369316,196,0,0,0
1787635221.4768107,176,0,0,0
1787635221.648867,162,0,0,0
1787635221.8470352,137,0,0,0
1787635222.046947,129,0,0,0
1787635222.265353,96,0,0,0
1787635222.4571376,86,0,0,0
1787635222.6574657,31,0,0,0
1787635258.1303425,31,0,0,0
1787635258.3377576,31,0,0,0
1787635258.5370467,30,0,0,0
1787635258.9465196,41,0,0,0
1787635258.9608622,385,0,0,0
1787635259.1550162,1415,0,0,0
1787635259.3568597,1417,0,0,0
1787635259.557526,1415,0,0,0
1787635259.85704,1412,0,0,0
1787635259.977736,1412,0,0,0
1787635260.1838157,1410,0,0,0
1787635260.4016464,1418,0,0,0
1787635260.617413,1481,0,0,0
1787635260.822923,1350,0,0,0
1787635261.0307434,1327,0,0,0
1787635261.2244184,1293,0,0,0
1787635261.4186106,1267,0,0,0
1787635261.6449654,1243,0,0,0
1787635261.8446152,1212,0,0,0
1787635262.0582602,1195,0,0,0
1787635262.2391005,1167,0,0,0
1787635262.44481,1149,0,0,0
1787635262.6615357,1120,0,0,0
1787635262.863185,1092,0,0,0
1787635263.0650384,1070,0,0,0
1787635263.2588913,1047,0,0,0
1787635263.482977,1020,0,0,0
1787635263.665296,995,0,0,0
1787635263.8846464,972,0,0,0
1787635264.06422,945,0,0,0
1787635264.2770455,922,0,0,0
1787635264.5019708,899,0,0,0
1787635264.6842446,873,0,0,0
1787635264.9037066,843,0,0,0
1787635265.1050901,819,0,0,0
1787635265.3175561,792,0,0,0
1787635265.5219388,770,0,0,0
1787635279.6345243,2005,0,0,0
1787635279.9475956,2008,0,0,0
1787635280.0831852,2011,0,0,0
1787635280.3569736,2017,0,0,0
1787635280.457948,2005,0,0,0
1787635280.6589446,2009,0,0,0
1787635280.8620265,2016,0,0,0
1787635281.1179976,2019,0,0,0
1787635281.2836432,2018,0,0,0
1787635281.50701,2006,0,0,0
1787635281.7041285,1989,0,0,0
1787635281.917534,1929,0,0,0
1787635282.1044638,1889,0,0,0
1787635282.317169,1808,0,0,0
1787635282.5179987,1778,0,0,0
1787635282.74304,1758,0,0,0
1787635282.937132,1687,0,0,0
1787635283.1371822,1642,0,0,0
1787635283.358291,1580,0,0,0
1787635283.5634463,1548,0,0,0
1787635283.7872636,1510,0,0,0
1787635283.977591,1478,0,0,0
1787635284.1780562,1417,0,0,0
1787635284.4025035,1380,0,0,0
1787635284.6173787,1354,0,0,0
1787635284.801552,1317,0,0,0
1787635285.017886,1285,0,0,0
1787635285.2406964,1247,0,0,0
1787635285.437327,1218,0,0,0
1787635285.6233459,1195,0,0,0
1787635285.838103,1163,0,0,0
1787635286.022819,1136,0,0,0
1787635286.2239187,1112,0,0,0
1787635286.4569623,1090,0,0,0
1787635286.662392,1051,0,0,0
1787635286.8373945,1031,0,0,0
1787635287.0392869,1000,0,0,0
1787635287.237817,977,0,0,0
1787635287.4636796,947,0,0,0
1787635287.657388,923,0,0,0
1787635287.877139,897,0,0,0
1787635288.0617375,874,0,0,0
1787635288.284949,849,0,0,0
1787635288.4774194,824,0,0,0
1787635288.7072394,797,0,0,0
1787635288.9175677,773,0,0,0
1787635289.1169214,747,0,0,0
1787635289.2972312,719,0,0,0
1787635289.5370674,692,0,0,0
1787635289.723073,669,0,0,0
1787635289.93678,647,0,0,0
1787635290.1166859,620,0,0,0
1787635290.329673,597,0,0,0
1787635290.5656736,574,0,0,0
1787635290.7208464,552,0,0,0
1787635290.937443,529,0,0,0
1787635291.1379662,506,0,0,0
1787635291.3592293,482,0,0,0
1787635291.5622103,461,0,0,0
1787635291.757377,438,0,0,0
1787635291.9769118,413,0,0,0
1787635292.1569765,391,0,0,0
1787635292.377458,353,0,0,0
1787635292.5973942,323,0,0,0
1787635292.7828755,298,0,0,0
1787635292.988868,281,0,0,0
1787635293.1992743,253,0,0,0
1787635293.4271781,242,0,0,0
1787635293.597423,236,0,0,0
1787635293.8031397,224,0,0,0
1787635293.9971697,204,0,0,0
1787635294.2379735,198,0,0,0
1787635294.4223776,192,0,0,0
1787635294.6229014,199,0,0,0
1787635294.8270738,187,0,0,0
1787635295.0273933,183,0,0,0
1787635295.23724,180,0,0,0
1787635295.4214032,176,0,0,0
1787635295.6368127,176,0,0,0
1787635295.8373258,178,0,0,0
1787635296.0466938,180,0,0,0
1787635296.2368627,189,0,0,0
1787635296.4386609,193,0,0,0
1787635296.6636727,192,0,0,0
1787635296.8586109,186,0,0,0
1787635297.0581846,112,0,0,0
1787635297.2834826,54,0,0,0
1787635351.9268227,1471,0,0,0
1787635352.1367526,1471,0,0,0
1787635352.3366468,1472,0,0,0
1787635352.6420834,1474,0,0,0
1787635352.7816525,1470,0,0,0
1787635353.1487,1478,0,0,0
1787635353.1487,1474,0,0,0
1787635353.3618329,1471,0,0,0
1787635353.5470595,1470,0,0,0
1787635353.7781637,1473,0,0,0
1787635353.9891722,1473,0,0,0
1787635354.178263,1465,0,0,0
1787635354.3770123,1421,0,0,0
1787635354.579367,1402,0,0,0
1787635354.7808661,1367,0,0,0
1787635354.9818192,1350,0,0,0
1787635355.1973164,1307,0,0,0
1787635355.4220088,1279,0,0,0
1787635355.6170595,1259,0,0,0
1787635355.8210912,1227,0,0,0
1787635356.016893,1209,0,0,0
1787635356.2202203,1182,0,0,0
1787635356.4369495,1155,0,0,0
1787635356.6370811,1131,0,0,0
1787635356.8379421,1107,0,0,0
1787635357.0388672,1079,0,0,0
1787635357.2367256,1056,0,0,0
1787635357.460447,1030,0,0,0
1787635357.6570172,1002,0,0,0
1787635357.8567643,978,0,0,0
1787635358.0619214,954,0,0,0
1787635358.2566435,929,0,0,0
1787635358.4813054,1039,0,0,0
1787635358.6779113,1214,0,0,0
1787635358.8970404,1644,0,0,0
1787635359.0829332,1703,0,0,0
1787635359.276911,1690,0,0,0
1787635359.4821472,1662,0,0,0
1787635359.6971645,1613,0,0,0
1787635359.9227116,1586,0,0,0
1787635360.1220634,1537,0,0,0
1787635360.3202894,1494,0,0,0
1787635360.5207818,1434,0,0,0
1787635360.7169397,1404,0,0,0
1787635360.9182227,1353,0,0,0
1787635361.122125,1293,0,0,0
1787635361.3393078,1248,0,0,0
1787635361.5395896,1213,0,0,0
1787635361.7399526,1174,0,0,0
1787635361.9621258,1123,0,0,0
1787635362.1624987,1065,0,0,0
1787635362.3618653,1041,0,0,0
1787635362.5600207,991,0,0,0
1787635362.7567265,945,0,0,0
1787635362.9771163,902,0,0,0
1787635363.1631262,867,0,0,0
1787635363.3817363,830,0,0,0
1787635363.582308,795,0,0,0
1787635363.7619817,760,0,0,0
1787635363.9823446,729,0,0,0
1787635364.1818564,698,0,0,0
1787635364.3796704,670,0,0,0
1787635364.5828834,640,0,0,0
1787635364.797457,618,0,0,0
1787635364.9815736,589,0,0,0
1787635365.1824267,567,0,0,0
1787635365.3800695,539,0,0,0
1787635365.6177142,514,0,0,0
1787635365.8039622,489,0,0,0
1787635365.9973116,466,0,0,0
1787635366.1973345,446,0,0,0
1787635366.3972278,425,0,0,0
1787635366.6181667,488,0,0,0
1787635366.8174775,760,0,0,0
1787635367.0171063,1192,0,0,0
1787635367.2626774,1292,0,0,0
1787635367.4434438,1311,0,0,0
1787635367.6420255,1330,0,0,0
1787635367.863139,1390,0,0,0
1787635368.037405,1781,0,0,0
1787635368.2633893,1815,0,0,0
1787635368.486857,1671,0,0,0
1787635368.6775713,1625,0,0,0
1787635368.883162,1630,0,0,0
1787635369.0980403,1590,0,0,0
1787635369.277833,1577,0,0,0
1787635369.4971666,1554,0,0,0
1787635369.6769197,1534,0,0,0
1787635369.8780274,1525,0,0,0
1787635370.0973074,1510,0,0,0
1787635370.3023982,1491,0,0,0
1787635370.496732,1467,0,0,0
1787635370.7372482,1448,0,0,0
1787635370.918049,1429,0,0,0
1787635371.1238747,1405,0,0,0
1787635371.3373318,1376,0,0,0
1787635371.5372474,1374,0,0,0
1787635371.7375765,1349,0,0,0
1787635371.9796205,1332,0,0,0
1787635372.1800494,1328,0,0,0
1787635372.3577905,1304,0,0,0
1787635372.5874867,1272,0,0,0
1787635372.7830174,1258,0,0,0
1787635372.963466,1246,0,0,0
1787635373.1568604,1224,0,0,0
1787635373.3833802,1201,0,0,0
1787635373.5976295,1180,0,0,0
1787635373.7993467,1163,0,0,0
1787635373.9969535,1142,0,0,0
1787635374.1811347,1122,0,0,0
1787635374.4059103,1108,0,0,0
1787635374.58164,1084,0,0,0
1787635374.7967577,1070,0,0,0
1787635374.9974282,1043,0,0,0
1787635375.2032802,1037,0,0,0
1787635375.4172175,1023,0,0,0
1787635375.6375031,992,0,0,0
1787635375.822382,984,0,0,0
1787635376.0199943,958,0,0,0
1787635376.2394192,948,0,0,0
1787635376.4370208,933,0,0,0
1787635376.6395133,921,0,0,0
1787635376.8391972,898,0,0,0
1787635377.0433247,886,0,0,0
1787635377.2375612,858,0,0,0
1787635377.463039,848,0,0,0
1787635377.6576118,831,0,0,0
1787635377.8667762,813,0,0,0
1787635378.056849,801,0,0,0
1787635378.2827978,779,0,0,0
1787635378.4769628,759,0,0,0
1787635378.6868026,737,0,0,0
1787635378.8972037,721,0,0,0
1787635379.0817375,699,0,0,0
1787635379.2994092,684,0,0,0
1787635379.5027835,667,0,0,0
1787635379.7052207,648,0,0,0
1787635379.9172087,628,0,0,0
1787635380.121701,606,0,0,0
1787635380.3169904,591,0,0,0
1787635380.518993,572,0,0,0
1787635380.717078,553,0,0,0
1787635380.9392605,531,0,0,0
1787635381.1376994,515,0,0,0
1787635381.3369303,495,0,0,0
1787635381.5369267,479,0,0,0
1787635381.7590454,455,0,0,0
1787635381.9769409,443,0,0,0
1787635382.1776166,418,0,0,0
1787635382.3572853,401,0,0,0
1787635382.5572176,380,0,0,0
1787635382.7613862,359,0,0,0
1787635382.9867458,64,0,0,0
1787635383.1775064,6,0,0,0
1787635430.3577442,1458,0,0,0
1787635430.568556,1462,0,0,0
1787635430.777945,1457,0,0,0
1787635431.0631464,1460,0,0,0
1787635431.1800272,1466,0,0,0
1787635431.3970525,1458,0,0,0
1787635431.597132,1460,0,0,0
1787635431.7967422,1463,0,0,0
1787635431.9979053,1460,0,0,0
1787635432.200334,1462,0,0,0
1787635432.4172006,1390,0,0,0
1787635432.5969238,1290,0,0,0
1787635432.8578303,1177,0,0,0
1787635433.041016,1087,0,0,0
1787635433.2367382,1013,0,0,0
1787635433.436792,939,0,0,0
1787635433.6423419,874,0,0,0
1787635433.8605855,813,0,0,0
1787635434.0568388,748,0,0,0
1787635434.260159,662,0,0,0
1787635434.4868255,560,0,0,0
1787635434.6775486,499,0,0,0
1787635434.91744,529,0,0,0
1787635435.1013718,582,0,0,0
1787635435.3001902,635,0,0,0
1787635435.497059,649,0,0,0
1787635435.6968315,662,0,0,0
1787635435.9167597,681,0,0,0
1787635436.1407015,701,0,0,0
1787635436.3729634,730,0,0,0
1787635436.5171862,763,0,0,0
1787635436.742085,802,0,0,0
1787635436.9373684,848,0,0,0
1787635437.196901,894,0,0,0
1787635437.36666,963,0,0,0
1787635437.5572453,1055,0,0,0
1787635437.8166134,1269,0,0,0
1787635437.9675882,1550,0,0,0
1787635438.2311323,1792,0,0,0
1787635438.406596,1946,0,0,0
1787635438.5808706,1847,0,0,0
1787635438.846918,1645,0,0,0
1787635438.9796238,1351,0,0,0
1787635439.2368197,1074,0,0,0
1787635439.3971274,868,0,0,0
1787635439.6267786,768,0,0,0
1787635439.8009188,669,0,0,0
1787635440.0067418,602,0,0,0
1787635440.1972537,540,0,0,0
1787635440.4370668,480,0,0,0
1787635440.6169474,423,0,0,0
1787635440.8184252,412,0,0,0
1787635441.016742,423,0,0,0
1787635441.217221,431,0,0,0
1787635441.4229033,445,0,0,0
1787635441.6165793,480,0,0,0
1787635441.8377714,499,0,0,0
1787635442.0373032,442,0,0,0
1787635442.236693,384,0,0,0
1787635442.4772043,386,0,0,0
1787635442.6573422,411,0,0,0
1787635442.8589232,437,0,0,0
1787635443.0767767,475,0,0,0
1787635443.2575827,540,0,0,0
1787635443.4779315,677,0,0,0
1787635443.6778858,946,0,0,0
1787635443.8780997,1197,0,0,0
1787635444.0768414,1375,0,0,0
1787635444.27902,1426,0,0,0
1787635444.4823668,1442,0,0,0
1787635444.67701,1460,0,0,0
1787635444.9010231,1465,0,0,0
1787635445.117543,1496,0,0,0
1787635445.3369358,1587,0,0,0
1787635445.5208282,1708,0,0,0
1787635445.7218232,1913,0,0,0
1787635445.937084,1830,0,0,0
1787635446.141765,1756,0,0,0
1787635446.337021,1723,0,0,0
1787635446.5578253,1701,0,0,0
1787635446.7570207,1689,0,0,0
1787635446.9572058,1769,0,0,0
1787635447.1570554,1736,0,0,0
1787635447.356839,1656,0,0,0
1787635447.556685,1621,0,0,0
1787635447.7599933,1601,0,0,0
1787635447.957863,1591,0,0,0
1787635448.197205,1610,0,0,0
1787635448.3796673,1644,0,0,0
1787635448.5768008,1694,0,0,0
1787635448.8007617,1586,0,0,0
1787635449.002023,1287,0,0,0
1787635449.1972094,1131,0,0,0
1787635449.397762,1053,0,0,0
1787635449.5971909,1003,0,0,0
1787635449.8170981,963,0,0,0
1787635450.0378807,921,0,0,0
1787635450.2170992,887,0,0,0
1787635450.4472768,843,0,0,0
1787635450.6377025,836,0,0,0
1787635450.8579354,825,0,0,0
1787635451.037792,821,0,0,0
1787635451.236912,816,0,0,0
1787635451.4378688,816,0,0,0
1787635451.662396,813,0,0,0
1787635451.8769424,829,0,0,0
1787635452.0610652,900,0,0,0
1787635452.257392,1260,0,0,0
1787635452.4777658,1362,0,0,0
1787635452.7022014,1349,0,0,0
1787635452.8976371,1057,0,0,0
1787635453.1367257,787,0,0,0
1787635453.3181016,677,0,0,0
1787635453.5170827,618,0,0,0
1787635453.7169514,589,0,0,0
1787635453.9166908,558,0,0,0
1787635454.1184757,503,0,0,0
1787635454.340648,469,0,0,0
1787635454.5377483,432,0,0,0
1787635454.7419484,403,0,0,0
1787635454.9369934,372,0,0,0
1787635455.1568246,344,0,0,0
1787635455.35722,315,0,0,0
1787635455.5620024,290,0,0,0
1787635455.7670097,241,0,0,0
1787635455.9810758,210,0,0,0
1787635456.158669,182,0,0,0
1787635456.3578982,156,0,0,0
1787635456.5778525,131,0,0,0
1787635456.7774174,106,0,0,0
1787635457.0066798,80,0,0,0
1787635457.177691,55,0,0,0
1787636156.6771085,1380,0,0,0
1787636156.8758347,1377,0,0,0
1787636157.0111225,1375,0,0,0
1787636157.2840998,1378,0,0,0
1787636157.504999,1371,0,0,0
1787636157.706263,1371,0,0,0
1787636157.90502,1374,0,0,0
1787636158.1066163,1377,0,0,0
1787636158.3056798,1373,0,0,0
1787636158.4487138,1377,0,0,0
1787636158.6503599,1360,0,0,0
1787636158.8626697,1347,0,0,0
1787636159.0737376,1349,0,0,0
1787636159.2683828,1334,0,0,0
1787636159.4696925,1335,0,0,0
1787636159.6705916,1327,0,0,0
1787636159.8743997,1311,0,0,0
1787636160.0894058,1294,0,0,0
1787636160.2818828,1280,0,0,0
1787636160.493817,1265,0,0,0
1787636160.7010634,1248,0,0,0
1787636160.892799,1230,0,0,0
1787636161.113538,1210,0,0,0
1787636161.3101661,1208,0,0,0
1787636161.5296729,1205,0,0,0
1787636161.7333655,1209,0,0,0
1787636161.9303844,1246,0,0,0
1787636162.1308563,1309,0,0,0
1787636162.3309863,1395,0,0,0
1787636162.5316627,1522,0,0,0
1787636162.7546775,1683,0,0,0
1787636162.9626112,1848,0,0,0
1787636163.153323,1975,0,0,0
1787636163.3601718,2066,0,0,0
1787636163.5509527,2108,0,0,0
1787636163.7627625,2117,0,0,0
1787636163.9724576,2161,0,0,0
1787636164.1691759,2264,0,0,0
1787636164.3924448,2244,0,0,0
1787636164.5803597,2255,0,0,0
1787636164.792976,2508,0,0,0
1787636164.9851315,2889,0,0,0
1787636165.212488,2107,0,0,0
1787636165.414618,3513,0,0,0
1787636165.6071463,3681,0,0,0
1787636165.8013318,3281,0,0,0
1787636166.0120628,2296,0,0,0
1787636166.2007692,2259,0,0,0
1787636166.4144506,1993,0,0,0
1787636166.602683,2057,0,0,0
1787636166.8001926,2858,0,0,0
1787636167.0322258,2923,0,0,0
1787636167.207411,2575,0,0,0
1787636167.4204187,1786,0,0,0
1787636167.6537569,584,0,0,0
1787636167.8596246,575,0,0,0
1787636168.0515528,541,0,0,0
1787636168.242304,523,0,0,0
1787636168.4552083,494,0,0,0
1787636168.6556177,694,0,0,0
1787636168.8721926,1118,0,0,0
1787636169.0729556,1488,0,0,0
1787636169.2711196,1726,0,0,0
1787636169.4733613,2016,0,0,0
1787636169.6922615,2160,0,0,0
1787636169.9006941,2066,0,0,0
1787636170.0836592,2062,0,0,0
1787636170.289398,2203,0,0,0
1787636170.493684,2387,0,0,0
1787636170.709699,2433,0,0,0
1787636170.8933427,2410,0,0,0
1787636171.1118913,2371,0,0,0
1787636171.3037293,2269,0,0,0
1787636171.5090258,2176,0,0,0
1787636171.7240598,2036,0,0,0
1787636171.9298496,1957,0,0,0
1787636172.1343684,2084,0,0,0
1787636172.3424518,1937,0,0,0
1787636172.532814,1803,0,0,0
1787636172.7278523,1704,0,0,0
1787636172.9502919,1752,0,0,0
1787636173.1507134,1965,0,0,0
1787636173.3597505,2170,0,0,0
1787636173.551666,2415,0,0,0
1787636173.7503648,2409,0,0,0
1787636173.941571,1849,0,0,0
1787636174.1599872,1442,0,0,0
1787636174.373368,1326,0,0,0
1787636174.5644443,1263,0,0,0
1787636174.786275,1033,0,0,0
1787636174.9838536,890,0,0,0
1787636175.204839,781,0,0,0
1787636175.4133003,692,0,0,0
1787636175.6015413,640,0,0,0
1787636175.8121717,616,0,0,0
1787636176.0133073,597,0,0,0
1787636176.2098207,587,0,0,0
1787636176.4214914,566,0,0,0
1787636176.6288025,550,0,0,0
1787636176.8336327,533,0,0,0
1787636177.032444,514,0,0,0
1787636177.23329,496,0,0,0
1787636177.425765,121,0,0,0
1787636177.6276946,59,0,0,0
1787636177.819931,66,0,0,0
1787636178.0222352,30,0,0,0
1787636206.7403927,1405,0,0,0
1787636206.944719,1405,0,0,0
1787636207.1452336,1416,0,0,0
1787636207.4563892,1412,0,0,0
1787636207.560027,1409,0,0,0
1787636207.7618825,1410,0,0,0
1787636207.9710412,1409,0,0,0
1787636208.171391,1404,0,0,0
1787636208.4156609,1407,0,0,0
1787636208.5913568,1416,0,0,0
1787636208.7681305,1409,0,0,0
1787636208.9738195,1399,0,0,0
1787636209.1789248,1373,0,0,0
1787636209.3931527,1364,0,0,0
1787636209.6079895,1338,0,0,0
1787636209.8101547,1327,0,0,0
1787636210.0331748,1302,0,0,0
1787636210.2521734,1289,0,0,0
1787636210.4381287,1271,0,0,0
1787636210.6299257,1247,0,0,0
1787636210.8512025,1234,0,0,0
1787636211.083336,1211,0,0,0
1787636211.2496233,1198,0,0,0
1787636211.4429255,1177,0,0,0
1787636211.6509097,1160,0,0,0
1787636211.8599076,1136,0,0,0
1787636212.0745578,1120,0,0,0
1787636212.2901876,1104,0,0,0
1787636212.5068293,1082,0,0,0
1787636212.7027369,1062,0,0,0
1787636212.9052994,1045,0,0,0
1787636213.0925708,1034,0,0,0
1787636213.3087697,1023,0,0,0
1787636213.5075474,1022,0,0,0
1787636213.7239544,1011,0,0,0
1787636213.8995152,1010,0,0,0
1787636214.1310494,1015,0,0,0
1787636214.3444848,1005,0,0,0
1787636214.5539637,1008,0,0,0
1787636214.7694147,1003,0,0,0
1787636214.9603944,1013,0,0,0
1787636215.1633627,1013,0,0,0
1787636215.366434,1029,0,0,0
1787636215.5699885,1051,0,0,0
1787636215.773366,1080,0,0,0
1787636215.9921708,1141,0,0,0
1787636216.1877527,1214,0,0,0
1787636216.384606,1303,0,0,0
1787636216.5860875,1405,0,0,0
1787636216.7905638,1488,0,0,0
1787636217.0093145,1594,0,0,0
1787636217.2097104,1683,0,0,0
1787636217.4134953,1737,0,0,0
1787636217.6145277,1778,0,0,0
1787636217.8127825,1792,0,0,0
1787636218.014226,1789,0,0,0
1787636218.2193906,1801,0,0,0
1787636218.4509706,1809,0,0,0
1787636218.631626,1846,0,0,0
1787636218.8402727,1968,0,0,0
1787636219.0636492,2134,0,0,0
1787636219.2504559,2115,0,0,0
1787636219.4421084,2021,0,0,0
1787636219.6519585,1999,0,0,0
1787636219.8694592,1992,0,0,0
1787636220.0671232,2059,0,0,0
1787636220.2587266,2271,0,0,0
1787636220.4659672,2681,0,0,0
1787636220.6718116,2779,0,0,0
1787636220.8796864,2176,0,0,0
1787636221.1129482,2652,0,0,0
1787636221.2807121,3456,0,0,0
1787636221.50614,3666,0,0,0
1787636221.6807761,3386,0,0,0
1787636221.8904784,3298,0,0,0
1787636222.1042798,3147,0,0,0
1787636222.334894,2420,0,0,0
1787636222.5122907,2222,0,0,0
1787636222.7196643,2170,0,0,0
1787636222.92817,2037,0,0,0
1787636223.1311953,1877,0,0,0
1787636223.3271623,2069,0,0,0
1787636223.5177665,2180,0,0,0
1787636223.7521517,2140,0,0,0
1787636223.95187,2034,0,0,0
1787636224.152714,1878,0,0,0
1787636224.3725593,1886,0,0,0
1787636224.5733192,1728,0,0,0
1787636224.7653177,1779,0,0,0
1787636224.9644594,1786,0,0,0
1787636225.1846783,1908,0,0,0
1787636225.3909411,1685,0,0,0
1787636225.5981748,1645,0,0,0
1787636225.786583,1549,0,0,0
1787636225.9879036,1687,0,0,0
1787636226.1891894,1609,0,0,0
1787636226.39126,1701,0,0,0
1787636226.60995,1543,0,0,0
1787636226.80075,1539,0,0,0
1787636227.003543,1540,0,0,0
1787636227.208247,1557,0,0,0
1787636227.4472256,1684,0,0,0
1787636227.6518831,1636,0,0,0
1787636227.8430007,1827,0,0,0
1787636228.0528226,1963,0,0,0
1787636228.2701242,2048,0,0,0
1787636228.458427,2293,0,0,0
1787636228.6500967,2242,0,0,0
1787636228.8435779,2162,0,0,0
1787636229.0516918,2355,0,0,0
1787636229.2475648,2363,0,0,0
1787636229.4387908,2521,0,0,0
1787636229.6522944,2596,0,0,0
1787636229.864801,2428,0,0,0
1787636230.0712795,2499,0,0,0
1787636230.279632,2552,0,0,0
1787636230.467486,2428,0,0,0
1787636230.6715403,2371,0,0,0
1787636230.892044,2359,0,0,0
1787636231.0846565,2821,0,0,0
1787636231.2923958,3178,0,0,0
1787636231.4817076,3239,0,0,0
1787636231.709585,3407,0,0,0
1787636231.9121926,3561,0,0,0
1787636232.1111493,3657,0,0,0
1787636232.3199332,3750,0,0,0
1787636327.975762,1410,0,0,0
1787636328.1845605,1406,0,0,0
1787636328.3874414,1406,0,0,0
1787636328.5775373,1395,0,0,0
1787636328.7933016,1408,0,0,0
1787636329.0100367,1408,0,0,0
1787636329.2101235,1409,0,0,0
1787636329.4059782,1409,0,0,0
1787636329.5973737,1405,0,0,0
1787636329.8076746,1408,0,0,0
1787636330.0094616,1404,0,0,0
1787636330.2364178,1407,0,0,0
1787636330.4109678,1369,0,0,0
1787636330.605375,1364,0,0,0
1787636330.8139203,1340,0,0,0
1787636331.0080993,1325,0,0,0
1787636331.209673,1297,0,0,0
1787636331.4279873,1282,0,0,0
1787636331.6197853,1271,0,0,0
1787636331.848427,1238,0,0,0
1787636332.038094,1225,0,0,0
1787636332.267788,1197,0,0,0
1787636332.4691226,1187,0,0,0
1787636332.6647203,1180,0,0,0
1787636332.870694,1151,0,0,0
1787636333.0629842,1130,0,0,0
1787636333.2855754,1114,0,0,0
1787636333.5216722,1107,0,0,0
1787636333.7089515,1090,0,0,0
1787636333.9201388,1066,0,0,0
1787636334.1279671,1048,0,0,0
1787636334.3173773,1031,0,0,0
1787636334.5078464,1020,0,0,0
1787636334.6972237,1009,0,0,0
1787636334.8963125,997,0,0,0
1787636335.1195853,973,0,0,0
1787636335.327756,975,0,0,0
1787636335.5201588,958,0,0,0
1787636335.7399826,952,0,0,0
1787636335.9269042,938,0,0,0
1787636336.1178193,929,0,0,0
1787636336.3707528,921,0,0,0
1787636336.5290077,906,0,0,0
1787636336.7281997,900,0,0,0
1787636336.9586282,881,0,0,0
1787636337.1576192,879,0,0,0
1787636337.347623,865,0,0,0
1787636337.5431507,857,0,0,0
1787636337.7510755,843,0,0,0
1787636337.9665275,835,0,0,0
1787636338.16661,838,0,0,0
1787636338.3979473,838,0,0,0
1787636338.5978322,844,0,0,0
1787636338.7891545,853,0,0,0
1787636338.9991748,861,0,0,0
1787636339.1902988,887,0,0,0
1787636339.402249,913,0,0,0
1787636339.610393,946,0,0,0
1787636339.809008,954,0,0,0
1787636340.0302932,1008,0,0,0
1787636340.2274241,1065,0,0,0
1787636340.417372,1094,0,0,0
1787636340.6253889,1137,0,0,0
1787636340.8472831,1163,0,0,0
1787636341.0414228,1189,0,0,0
1787636341.2504466,1195,0,0,0
1787636341.4498358,1208,0,0,0
1787636341.6414964,1215,0,0,0
1787636341.8612516,1207,0,0,0
1787636342.0677385,1188,0,0,0
1787636342.2642558,1172,0,0,0
1787636342.4838152,1155,0,0,0
1787636342.6889749,1140,0,0,0
1787636342.8884494,1152,0,0,0
1787636343.1099665,1151,0,0,0
1787636343.3026607,1160,0,0,0
1787636343.5269156,1158,0,0,0
1787636343.724992,1173,0,0,0
1787636343.931536,1190,0,0,0
1787636344.123472,1189,0,0,0
1787636344.3296747,1187,0,0,0
1787636344.5503757,1181,0,0,0
1787636344.7452226,1170,0,0,0
1787636344.9511554,1156,0,0,0
1787636345.162854,1140,0,0,0
1787636345.3848543,1128,0,0,0
1787636345.5633776,1110,0,0,0
1787636345.787756,1101,0,0,0
1787636345.9745746,1084,0,0,0
1787636346.1861515,1070,0,0,0
1787636346.376622,1058,0,0,0
1787636346.5866363,1038,0,0,0
1787636346.810664,1026,0,0,0
1787636347.0124302,1000,0,0,0
1787636347.209967,1000,0,0,0
1787636347.438514,983,0,0,0
1787636347.6102307,967,0,0,0
1787636347.8178227,956,0,0,0
1787636348.0269043,942,0,0,0
1787636348.199733,933,0,0,0
1787636348.4015186,919,0,0,0
1787636348.6100602,894,0,0,0
1787636348.8200727,892,0,0,0
1787636349.0468812,873,0,0,0
1787636349.2307029,869,0,0,0
1787636349.448395,863,0,0,0
1787636349.6477876,858,0,0,0
1787636349.850875,859,0,0,0
1787636350.0508504,866,0,0,0
1787636350.2368062,882,0,0,0
1787636350.4416542,927,0,0,0
1787636350.6648896,933,0,0,0
1787636350.8605354,984,0,0,0
1787636351.0688038,1071,0,0,0
1787636351.2760909,1131,0,0,0
1787636351.4941173,1199,0,0,0
1787636351.6806173,1225,0,0,0
1787636351.9000494,1269,0,0,0
1787636352.107786,1007,0,0,0
1787636352.303288,791,0,0,0
1787636352.508258,788,0,0,0
1787636352.6992545,750,0,0,0
1787636352.9108284,729,0,0,0
1787636353.1057205,708,0,0,0
1787636353.3129773,632,0,0,0
1787636353.5389626,580,0,0,0
1787636353.7313118,645,0,0,0
1787636353.9391782,617,0,0,0
1787636354.1228254,599,0,0,0
1787636354.3505375,579,0,0,0
1787636354.537412,545,0,0,0
1787636354.7456088,513,0,0,0
1787636354.9652379,487,0,0,0
1787636355.1503098,464,0,0,0
1787636355.351812,440,0,0,0
1787636355.5668025,410,0,0,0
1787636355.7694101,396,0,0,0
1787636355.968469,394,0,0,0
1787636356.1825042,370,0,0,0
1787636356.391489,345,0,0,0
1787636356.5995262,327,0,0,0
1787636356.781139,299,0,0,0
1787636357.003142,315,0,0,0
1787636357.183337,365,0,0,0
1787636357.4104154,131,0,0,0
1787636357.5800767,463,0,0,0
1787636357.7882009,441,0,0,0
1787636358.036097,418,0,0,0
1787636358.2120352,412,0,0,0
1787636358.4311254,56,0,0,0
1787636358.6049721,50,0,0,0
1787636379.174544,1480,0,0,0
1787636379.3859932,1481,0,0,0
1787636379.5838344,1482,0,0,0
1787636379.786886,1471,0,0,0
1787636379.9941256,1475,0,0,0
1787636380.2103882,1472,0,0,0
1787636380.4042387,1483,0,0,0
1787636380.612771,1473,0,0,0
1787636380.9011214,1476,0,0,0
1787636381.0271094,1485,0,0,0
1787636381.2306979,1476,0,0,0
1787636381.4467137,1493,0,0,0
1787636381.6527896,1510,0,0,0
1787636381.8491757,1544,0,0,0
1787636382.0504756,1590,0,0,0
1787636382.26507,1664,0,0,0
1787636382.4734159,1716,0,0,0
1787636382.6692417,1776,0,0,0
1787636382.8665993,1849,0,0,0
1787636383.0672514,1911,0,0,0
1787636383.2633119,1988,0,0,0
1787636383.4629807,2036,0,0,0
1787636383.6718562,2081,0,0,0
1787636383.892489,2125,0,0,0
1787636384.0908384,2163,0,0,0
1787636384.282301,2186,0,0,0
1787636384.5014284,2206,0,0,0
1787636384.7218356,2215,0,0,0
1787636384.9319582,2208,0,0,0
1787636385.1229603,2207,0,0,0
1787636385.329037,2190,0,0,0
1787636385.5186095,2184,0,0,0
1787636385.7259893,2165,0,0,0
1787636385.931403,2159,0,0,0
1787636386.1314213,2144,0,0,0
1787636386.3510883,2129,0,0,0
1787636386.5436208,2112,0,0,0
1787636386.7817352,2100,0,0,0
1787636386.969415,2092,0,0,0
1787636387.168823,2078,0,0,0
1787636387.3917072,2082,0,0,0
1787636387.5911863,2065,0,0,0
1787636387.7794907,2078,0,0,0
1787636388.0065646,2086,0,0,0
1787636388.2101939,2101,0,0,0
1787636388.4061954,2112,0,0,0
1787636388.611517,2180,0,0,0
1787636388.8114848,2195,0,0,0
1787636389.0179546,2185,0,0,0
1787636389.2430959,2194,0,0,0
1787636389.4310215,2156,0,0,0
1787636389.621664,2131,0,0,0
1787636389.8342657,2111,0,0,0
1787636390.0487,2084,0,0,0
1787636390.2494771,2066,0,0,0
1787636390.4526758,2053,0,0,0
1787636390.6597342,2000,0,0,0
1787636390.871007,1990,0,0,0
1787636391.071863,1982,0,0,0
1787636391.2799404,1964,0,0,0
1787636391.4718962,1959,0,0,0
1787636391.6613412,1932,0,0,0
1787636391.8884938,1904,0,0,0
1787636392.0890863,1920,0,0,0
1787636392.2953296,1902,0,0,0
1787636392.4917743,1897,0,0,0
1787636392.683842,1911,0,0,0
1787636392.8886986,1920,0,0,0
1787636393.0913746,1920,0,0,0
1787636393.3045301,1939,0,0,0
1787636393.5095298,1972,0,0,0
1787636393.7063236,2025,0,0,0
1787636393.9078798,2083,0,0,0
1787636394.1114268,2134,0,0,0
1787636394.3124413,2210,0,0,0
1787636394.53387,2297,0,0,0
1787636394.7345245,2432,0,0,0
1787636394.9240966,2528,0,0,0
1787636395.1342354,2540,0,0,0
1787636395.334546,2679,0,0,0
1787636395.5358276,2780,0,0,0
1787636395.7678742,2760,0,0,0
1787636395.9540172,2729,0,0,0
1787636396.1395047,55,0,0,0
1787636422.786971,1488,0,0,0
1787636422.8029938,1497,0,0,0
1787636423.0089839,1489,0,0,0
1787636423.301797,1494,0,0,0
1787636423.4123085,1489,0,0,0
1787636423.6419723,1489,0,0,0
1787636423.8295786,1496,0,0,0
1787636424.0329618,1491,0,0,0
1787636424.209196,1489,0,0,0
1787636424.5451572,1493,0,0,0
1787636424.6342978,1495,0,0,0
1787636424.8537025,1510,0,0,0
1787636425.0556118,1528,0,0,0
1787636425.238008,1590,0,0,0
1787636425.4549162,1631,0,0,0
1787636425.647746,1683,0,0,0
1787636425.8496332,1749,0,0,0
1787636426.039514,1806,0,0,0
1787636426.2637684,1870,0,0,0
1787636426.4741771,1926,0,0,0
1787636426.6836164,1962,0,0,0
1787636426.8705952,2016,0,0,0
1787636427.1044915,2054,0,0,0
1787636427.2936914,2088,0,0,0
1787636427.493828,2103,0,0,0
1787636427.6943328,2111,0,0,0
1787636427.8947513,2113,0,0,0
1787636428.1107526,2111,0,0,0
1787636428.3022215,2098,0,0,0
1787636428.5073566,2088,0,0,0
1787636428.7137198,2070,0,0,0
1787636428.9217975,2055,0,0,0
1787636429.1264699,2045,0,0,0
1787636429.3332055,2031,0,0,0
1787636429.5523813,2015,0,0,0
1787636429.7286525,1999,0,0,0
1787636429.9525065,1988,0,0,0
1787636430.154001,1976,0,0,0
1787636430.353027,1966,0,0,0
1787636430.555087,1948,0,0,0
1787636430.7678268,1938,0,0,0
1787636430.967154,1945,0,0,0
1787636431.1916547,1940,0,0,0
1787636431.382171,1952,0,0,0
1787636431.5956368,1967,0,0,0
1787636431.789073,2001,0,0,0
1787636431.9910083,2084,0,0,0
1787636432.2105973,2131,0,0,0
1787636432.4294493,2201,0,0,0
1787636432.6522698,2251,0,0,0
1787636432.8352075,2208,0,0,0
1787636433.0548348,2193,0,0,0
1787636433.267662,2162,0,0,0
1787636433.4721348,2107,0,0,0
1787636433.6742187,2060,0,0,0
1787636433.883603,2025,0,0,0
1787636434.0863333,1970,0,0,0
1787636434.2939904,1940,0,0,0
1787636434.493755,1920,0,0,0
1787636434.6817148,1884,0,0,0
1787636434.8870826,1817,0,0,0
1787636435.0956957,1821,0,0,0
1787636435.3036163,1807,0,0,0
1787636435.5252724,1792,0,0,0
1787636435.7136571,1759,0,0,0
1787636435.912192,1744,0,0,0
1787636436.1368809,1737,0,0,0
1787636436.3438818,1720,0,0,0
1787636436.5351427,1707,0,0,0
1787636436.7302213,1724,0,0,0
1787636436.9360669,1739,0,0,0
1787636437.1327994,1738,0,0,0
1787636437.3357298,1740,0,0,0
1787636437.5560079,1767,0,0,0
1787636437.758385,1796,0,0,0
1787636437.9534023,1817,0,0,0
1787636438.1411443,1889,0,0,0
1787636438.355188,1916,0,0,0
1787636438.5634546,2052,0,0,0
1787636438.7809858,2113,0,0,0
1787636438.977228,2229,0,0,0
1787636439.1744678,2343,0,0,0
1787636439.3756573,2461,0,0,0
1787636439.5693343,2553,0,0,0
1787636439.793198,2648,0,0,0
1787636439.9962022,2664,0,0,0
1787636440.1964178,2603,0,0,0
1787636440.3846219,2681,0,0,0
1787636440.5954094,2651,0,0,0
1787636440.814951,2647,0,0,0
1787636441.0120661,2624,0,0,0
1787636441.214226,2572,0,0,0
1787636441.4118154,2493,0,0,0
1787636441.610509,2526,0,0,0
1787636441.8155322,2403,0,0,0
1787636442.0128212,2280,0,0,0
1787636442.24472,2411,0,0,0
1787636442.4263735,2295,0,0,0
1787636442.6328132,2264,0,0,0
1787636442.8305974,2137,0,0,0
1787636443.0331223,1966,0,0,0
1787636443.2355587,1762,0,0,0
1787636443.4390912,1600,0,0,0
1787636443.6347103,1453,0,0,0
1787636443.854174,1278,0,0,0
1787636444.0371003,1176,0,0,0
1787636444.2502003,1074,0,0,0
1787636444.4416695,1002,0,0,0
1787636444.655835,991,0,0,0
1787636444.8553338,983,0,0,0
1787636445.0660446,1013,0,0,0
1787636445.2936852,1082,0,0,0
1787636445.4958313,1206,0,0,0
1787636445.705853,1266,0,0,0
1787636445.8897843,398,0,0,0
1787636446.0956514,635,0,0,0
1787636446.288535,726,0,0,0
1787636446.493942,792,0,0,0
1787636446.715706,273,0,0,0
1787636446.916678,261,0,0,0
1787636447.1039138,1028,0,0,0
1787636447.3520875,2662,0,0,0
1787636447.5148342,2711,0,0,0
1787636447.735011,2692,0,0,0
1787636447.9462595,356,0,0,0
1787636448.1212647,368,0,0,0
1787636448.33468,742,0,0,0
1787636448.5351224,2,0,0,0
1787636537.2797868,1776,0,0,0
1787636537.4937496,1779,0,0,0
1787636537.692864,1783,0,0,0
1787636537.8893685,1784,0,0,0
1787636538.0910997,1783,0,0,0
1787636538.3135524,1781,0,0,0
1787636538.5082312,1788,0,0,0
1787636538.7074556,1786,0,0,0
1787636538.8992932,1778,0,0,0
1787636539.11596,1786,0,0,0
1787636539.320309,1777,0,0,0
1787636539.5419827,1801,0,0,0
1787636539.7225065,1847,0,0,0
1787636539.9310987,1924,0,0,0
1787636540.1329021,1977,0,0,0
1787636540.3479629,2035,0,0,0
1787636540.5488126,2092,0,0,0
1787636540.7714329,2138,0,0,0
1787636540.948364,2160,0,0,0
1787636541.1398816,2205,0,0,0
1787636541.341225,2235,0,0,0
1787636541.5601516,2246,0,0,0
1787636541.7682102,2258,0,0,0
1787636541.982822,2256,0,0,0
1787636542.1868613,2256,0,0,0
1787636542.3978364,2246,0,0,0
1787636542.5821712,2224,0,0,0
1787636542.8073778,2218,0,0,0
1787636543.0044253,2198,0,0,0
1787636543.2418833,2184,0,0,0
1787636543.4461918,2171,0,0,0
1787636543.6211035,2153,0,0,0
1787636543.8438497,2142,0,0,0
1787636544.0635555,2128,0,0,0
1787636544.2510202,2132,0,0,0
1787636544.4389458,2113,0,0,0
1787636544.6507497,2111,0,0,0
1787636544.8736587,2104,0,0,0
1787636545.083182,2115,0,0,0
1787636545.2681375,2114,0,0,0
1787636545.4691453,2143,0,0,0
1787636545.6698282,2184,0,0,0
1787636545.8865469,2240,0,0,0
1787636546.1135044,2279,0,0,0
1787636546.319461,2296,0,0,0
1787636546.5036464,2252,0,0,0
1787636546.7322884,2208,0,0,0
1787636546.943766,2200,0,0,0
1787636547.1325357,2150,0,0,0
1787636547.3322647,2111,0,0,0
1787636547.5364578,2093,0,0,0
1787636547.7286294,2043,0,0,0
1787636547.951873,2024,0,0,0
1787636548.1333897,2000,0,0,0
1787636548.3464618,1983,0,0,0
1787636548.5697007,1950,0,0,0
1787636548.7730103,1948,0,0,0
1787636548.9702685,1933,0,0,0
1787636549.1717606,1902,0,0,0
1787636549.3878963,1912,0,0,0
1787636549.5896282,1902,0,0,0
1787636549.7905679,1906,0,0,0
1787636550.0061347,1927,0,0,0
1787636550.207588,1906,0,0,0
1787636550.4169078,1914,0,0,0
1787636550.60963,1945,0,0,0
1787636550.832479,1974,0,0,0
1787636551.0332806,2020,0,0,0
1787636551.2325335,2043,0,0,0
1787636551.4316063,2088,0,0,0
1787636551.6521683,2169,0,0,0
1787636551.8529353,2272,0,0,0
1787636552.047555,2401,0,0,0
1787636552.2695138,2428,0,0,0
1787636552.4685893,2607,0,0,0
1787636552.6650302,2672,0,0,0
1787636552.8693898,2810,0,0,0
1787636553.0719416,2850,0,0,0
1787636553.2722166,2856,0,0,0
1787636553.4954934,2836,0,0,0
1787636553.6910121,2841,0,0,0
1787636553.892119,2810,0,0,0
1787636554.0915973,2774,0,0,0
1787636554.2913857,2695,0,0,0
1787636554.4911392,2728,0,0,0
1787636554.6924143,2641,0,0,0
1787636554.8812099,2540,0,0,0
1787636555.1124315,2296,0,0,0
1787636555.3069506,2224,0,0,0
1787636555.5117242,2058,0,0,0
1787636555.7119565,1952,0,0,0
1787636555.9495337,1791,0,0,0
1787636556.130754,1728,0,0,0
1787636556.332879,1562,0,0,0
1787636556.572765,1618,0,0,0
1787636556.7509608,1645,0,0,0
1787636556.950967,1729,0,0,0
1787636557.1424692,1783,0,0,0
1787636557.343432,1962,0,0,0
1787636557.5647404,2120,0,0,0
1787636557.7720115,2392,0,0,0
1787636557.9787993,2597,0,0,0
1787636558.1980455,2732,0,0,0
1787636558.3890648,2864,0,0,0
1787636558.5903282,2961,0,0,0
1787636558.7895052,3068,0,0,0
1787636558.991345,3118,0,0,0
1787636559.2063773,3114,0,0,0
1787636559.3905141,3134,0,0,0
1787636559.6110735,3104,0,0,0
1787636559.8052506,3075,0,0,0
1787636560.0114665,3054,0,0,0
1787636560.2077758,3020,0,0,0
1787636560.4089947,2854,0,0,0
1787636560.6113591,540,0,0,0
1787636560.8117077,36,0,0,0
1787636586.0185454,1531,0,0,0
1787636586.1391003,1522,0,0,0
1787636586.3280623,1532,0,0,0
1787636586.5363333,1526,0,0,0
1787636586.737274,1528,0,0,0
1787636587.036434,1528,0,0,0
1787636587.161236,1519,0,0,0
1787636587.3597507,1528,0,0,0
1787636587.6181107,1532,0,0,0
1787636587.7325492,1522,0,0,0
1787636587.931839,1522,0,0,0
1787636588.1271393,1468,0,0,0
1787636588.3485212,1427,0,0,0
1787636588.5492446,1385,0,0,0
1787636588.7721894,1338,0,0,0
1787636588.9866793,1293,0,0,0
1787636589.2122455,1250,0,0,0
1787636589.3987331,1210,0,0,0
1787636589.6078615,1171,0,0,0
1787636589.8104324,1123,0,0,0
1787636590.0210662,1093,0,0,0
1787636590.2299805,1048,0,0,0
1787636590.4214098,1016,0,0,0
1787636590.629322,983,0,0,0
1787636590.8496614,948,0,0,0
1787636591.0437212,910,0,0,0
1787636591.253775,870,0,0,0
1787636591.4455578,836,0,0,0
1787636591.6527214,802,0,0,0
1787636591.842001,772,0,0,0
1787636592.0493968,740,0,0,0
1787636592.252332,704,0,0,0
1787636592.4601462,678,0,0,0
1787636592.6697493,646,0,0,0
1787636592.8803103,617,0,0,0
1787636593.0879848,585,0,0,0
1787636593.311333,558,0,0,0
1787636593.5064747,532,0,0,0
1787636593.711513,505,0,0,0
1787636593.9070044,482,0,0,0
1787636594.1142254,459,0,0,0
1787636594.3297846,433,0,0,0
1787636594.5192728,402,0,0,0
1787636594.7375286,366,0,0,0
1787636594.943256,348,0,0,0
1787636595.1497564,321,0,0,0
1787636595.3660936,291,0,0,0
1787636595.5659635,266,0,0,0
1787636595.7606847,238,0,0,0
1787636595.9893055,213,0,0,0
1787636596.1726224,185,0,0,0
1787636596.381082,131,0,0,0
1787636596.5918384,92,0,0,0
1787636596.7922623,62,0,0,0
1787636596.9851499,30,0,0,0
1787636633.2467048,1373,0,0,0
1787636633.431533,1374,0,0,0
1787636633.629444,1369,0,0,0
1787636633.828555,1376,0,0,0
1787636633.9458396,1373,0,0,0
1787636634.2521136,1367,0,0,0
1787636634.5434763,1370,0,0,0
1787636634.559508,1378,0,0,0
1787636634.8318942,1374,0,0,0
1787636635.1239536,1371,0,0,0
1787636635.189197,1371,0,0,0
1787636635.386793,1363,0,0,0
1787636635.5866163,1305,0,0,0
1787636635.7928395,1269,0,0,0
1787636636.008102,1224,0,0,0
1787636636.2094808,1189,0,0,0
1787636636.4256902,1141,0,0,0
1787636636.6028895,1094,0,0,0
1787636636.820215,1061,0,0,0
1787636637.0288064,1031,0,0,0
1787636637.2412663,988,0,0,0
1787636637.4509208,952,0,0,0
1787636637.6670804,916,0,0,0
1787636637.8516462,881,0,0,0
1787636638.041992,848,0,0,0
1787636638.2681804,808,0,0,0
1787636638.4583626,778,0,0,0
1787636638.6707797,746,0,0,0
1787636638.8615956,716,0,0,0
1787636639.0820422,680,0,0,0
1787636639.3197618,652,0,0,0
1787636639.511198,623,0,0,0
1787636639.7093732,595,0,0,0
1787636639.9023793,564,0,0,0
1787636640.1214964,537,0,0,0
1787636640.3268554,501,0,0,0
1787636640.5499942,473,0,0,0
1787636640.7505107,446,0,0,0
1787636640.9540794,406,0,0,0
1787636641.1484728,383,0,0,0
1787636641.3408341,352,0,0,0
1787636641.5784512,329,0,0,0
1787636641.7660778,305,0,0,0
1787636641.9934988,281,0,0,0
1787636642.1692462,256,0,0,0
1787636642.369642,229,0,0,0
1787636642.561185,209,0,0,0
1787636642.7824466,153,0,0,0
1787636642.9876926,120,0,0,0
1787636643.189495,89,0,0,0
1787636643.3860397,59,0,0,0
1787636643.5906725,38,0,0,0
1787636672.6460075,1609,0,0,0
1787636672.8502154,1606,0,0,0
1787636673.2599862,1613,0,0,0
1787636673.4614599,1606,0,0,0
1787636673.6733317,1610,0,0,0
1787636673.8735087,1616,0,0,0
1787636674.0829003,1611,0,0,0
1787636674.2888002,1613,0,0,0
1787636674.4710011,1605,0,0,0
1787636674.708403,1599,0,0,0
1787636674.8942327,1514,0,0,0
1787636675.0938087,1475,0,0,0
1787636675.2942917,1419,0,0,0
1787636675.511936,1384,0,0,0
1787636675.7112246,1338,0,0,0
1787636675.9142518,1294,0,0,0
1787636676.1094322,1262,0,0,0
1787636676.3110638,1213,0,0,0
1787636676.5027475,1185,0,0,0
1787636676.7245886,1136,0,0,0
1787636676.9475336,1103,0,0,0
1787636677.1455696,1063,0,0,0
1787636677.3487008,1027,0,0,0
1787636677.5404246,993,0,0,0
1787636677.7618887,961,0,0,0
1787636677.9693167,932,0,0,0
1787636678.193813,904,0,0,0
1787636678.3743112,876,0,0,0
1787636678.567067,842,0,0,0
1787636678.7608535,813,0,0,0
1787636679.0015907,785,0,0,0
1787636679.1947725,749,0,0,0
1787636679.4108214,721,0,0,0
1787636679.6115808,698,0,0,0
1787636679.8037753,675,0,0,0
1787636680.0128613,651,0,0,0
1787636680.214475,627,0,0,0
1787636680.4431977,600,0,0,0
1787636680.6269445,578,0,0,0
1787636680.839638,553,0,0,0
1787636681.0304434,529,0,0,0
1787636681.223595,516,0,0,0
1787636681.4497876,484,0,0,0
1787636681.6438262,464,0,0,0
1787636681.848789,442,0,0,0
1787636682.055108,421,0,0,0
1787636682.2499764,399,0,0,0
1787636682.4725535,365,0,0,0
1787636682.6402967,338,0,0,0
1787636682.8727047,309,0,0,0
1787636683.0724435,295,0,0,0
1787636683.2788177,272,0,0,0
1787636683.502442,249,0,0,0
1787636683.6967885,223,0,0,0
1787636683.8885968,200,0,0,0
1787636684.1190238,174,0,0,0
1787636684.3095102,152,0,0,0
1787636684.502347,95,0,0,0
1787636684.7359145,69,0,0,0
1787636684.909663,50,0,0,0
1787645537.8338416,2251,0,0,0
1787645538.0306501,2250,0,0,0
1787645538.2349987,2252,0,0,0
1787645538.4459872,2249,0,0,0
1787645538.6472824,2249,0,0,0
1787645538.870298,2243,0,0,0
1787645539.0645566,2251,0,0,0
1787645539.2508636,2253,0,0,0
1787645539.4390213,2250,0,0,0
1787645539.7858772,2259,0,0,0
1787645539.8622518,2252,0,0,0
1787645540.0674229,2233,0,0,0
1787645540.2545154,2154,0,0,0
1787645540.4882116,2130,0,0,0
1787645540.6884394,2070,0,0,0
1787645540.8896046,2016,0,0,0
1787645541.0853791,1947,0,0,0
1787645541.3072808,1897,0,0,0
1787645541.5005267,1851,0,0,0
1787645541.7140543,1791,0,0,0
1787645541.9051745,1731,0,0,0
1787645542.097544,1694,0,0,0
1787645542.3181822,1641,0,0,0
1787645542.5174832,1570,0,0,0
1787645542.723707,1498,0,0,0
1787645542.9523036,1470,0,0,0
1787645543.11963,1406,0,0,0
1787645543.3250864,1361,0,0,0
1787645543.5480306,1312,0,0,0
1787645543.7260847,1263,0,0,0
1787645543.923046,1214,0,0,0
1787645544.147217,1164,0,0,0
1787645544.3347666,1125,0,0,0
1787645544.5472016,1086,0,0,0
1787645544.753247,1052,0,0,0
1787645544.9786842,1021,0,0,0
1787645545.1531892,987,0,0,0
1787645545.3568435,958,0,0,0
1787645545.5668695,929,0,0,0
1787645545.7672048,902,0,0,0
1787645545.9763408,875,0,0,0
1787645546.1864724,843,0,0,0
1787645546.388522,831,0,0,0
1787645546.5865543,814,0,0,0
1787645546.8163252,795,0,0,0
1787645547.00549,777,0,0,0
1787645547.1986787,758,0,0,0
1787645547.40724,741,0,0,0
1787645547.5956132,723,0,0,0
1787645547.8007627,701,0,0,0
1787645547.993917,683,0,0,0
1787645548.2072861,662,0,0,0
1787645548.4143891,644,0,0,0
1787645548.6273491,630,0,0,0
1787645548.8481078,608,0,0,0
1787645549.0261827,588,0,0,0
1787645549.2255282,571,0,0,0
1787645549.4138258,552,0,0,0
1787645549.6422431,531,0,0,0
1787645549.8169155,513,0,0,0
1787645550.0423143,492,0,0,0
1787645550.2406278,476,0,0,0
1787645550.4467897,454,0,0,0
1787645550.6418083,442,0,0,0
1787645550.847033,427,0,0,0
1787645551.0558336,415,0,0,0
1787645551.2387125,396,0,0,0
1787645551.4457371,389,0,0,0
1787645551.6613655,387,0,0,0
1787645551.8656015,385,0,0,0
1787645552.0762007,383,0,0,0
1787645552.286474,380,0,0,0
1787645552.5000508,391,0,0,0
1787645552.6866348,401,0,0,0
1787645552.8866677,407,0,0,0
1787645553.0806646,401,0,0,0
1787645553.2886739,390,0,0,0
1787645553.5160356,375,0,0,0
1787645553.692112,355,0,0,0
1787645553.9002,343,0,0,0
1787645554.0937047,322,0,0,0
1787645554.300569,312,0,0,0
1787645554.5243335,286,0,0,0
1787645554.7492032,266,0,0,0
1787645554.939578,251,0,0,0
1787645555.124123,239,0,0,0
1787645555.3155403,217,0,0,0
1787645555.530222,193,0,0,0
1787645555.7280328,173,0,0,0
1787645555.9561014,151,0,0,0
1787645556.148079,135,0,0,0
1787645556.3486145,79,0,0,0
1787645556.5544748,49,0,0,0
1787645576.2289848,1798,0,0,0
1787645576.3759203,1800,0,0,0
1787645576.5424514,1794,0,0,0
1787645576.746736,1791,0,0,0
1787645576.9419203,1794,0,0,0
1787645577.3507457,1782,0,0,0
1787645577.3569548,1800,0,0,0
1787645577.5687437,1793,0,0,0
1787645577.8469126,1795,0,0,0
1787645577.9618227,1798,0,0,0
1787645578.1696727,1789,0,0,0
1787645578.3694606,1852,0,0,0
1787645578.580553,1954,0,0,0
1787645578.8087296,2072,0,0,0
1787645578.990281,2177,0,0,0
1787645579.2264185,2247,0,0,0
1787645579.4314241,2327,0,0,0
1787645579.609441,2360,0,0,0
1787645579.8183937,2410,0,0,0
1787645580.0234444,2450,0,0,0
1787645580.2164857,2443,0,0,0
1787645580.4285266,2453,0,0,0
1787645580.617934,2448,0,0,0
1787645580.829526,2437,0,0,0
1787645581.0400684,2420,0,0,0
1787645581.2477496,2406,0,0,0
1787645581.4513428,2388,0,0,0
1787645581.6447895,2354,0,0,0
1787645581.8513813,2336,0,0,0
1787645582.0818365,2318,0,0,0
1787645582.271186,2293,0,0,0
1787645582.4623494,2274,0,0,0
1787645582.6883214,2249,0,0,0
1787645582.8987207,2211,0,0,0
1787645583.1039698,2171,0,0,0
1787645583.2978017,2126,0,0,0
1787645583.5093331,2085,0,0,0
1787645583.7039576,2031,0,0,0
1787645583.8944337,1963,0,0,0
1787645584.1092777,1882,0,0,0
1787645584.319009,1798,0,0,0
1787645584.5292127,1693,0,0,0
1787645584.7492843,1583,0,0,0
1787645584.9260762,1466,0,0,0
1787645585.122816,1357,0,0,0
1787645585.3311489,1207,0,0,0
1787645585.544899,1112,0,0,0
1787645585.7285995,1011,0,0,0
1787645585.9312553,920,0,0,0
1787645586.1279254,844,0,0,0
1787645586.346492,795,0,0,0
1787645586.53711,743,0,0,0
1787645586.7471883,707,0,0,0
1787645586.9715102,673,0,0,0
1787645587.1681955,640,0,0,0
1787645587.3687828,609,0,0,0
1787645587.5832245,576,0,0,0
1787645587.7777557,554,0,0,0
1787645587.989309,530,0,0,0
1787645588.216497,514,0,0,0
1787645588.3904815,492,0,0,0
1787645588.577903,478,0,0,0
1787645588.8079622,473,0,0,0
1787645588.9968781,470,0,0,0
1787645589.239077,466,0,0,0
1787645589.4331605,470,0,0,0
1787645589.6400673,469,0,0,0
1787645589.8502755,470,0,0,0
1787645590.0775576,469,0,0,0
1787645590.2550125,470,0,0,0
1787645590.4477482,472,0,0,0
1787645590.6414618,498,0,0,0
1787645590.8906705,522,0,0,0
1787645591.0725088,548,0,0,0
1787645591.2692246,598,0,0,0
1787645591.5045457,649,0,0,0
1787645591.7118254,704,0,0,0
1787645591.889773,788,0,0,0
1787645592.0826778,867,0,0,0
1787645592.2924635,948,0,0,0
1787645592.5317068,1003,0,0,0
1787645592.709703,960,0,0,0
1787645592.9030592,817,0,0,0
1787645593.1100657,773,0,0,0
1787645593.3114603,720,0,0,0
1787645593.5126703,595,0,0,0
1787645593.712681,493,0,0,0
1787645593.9027276,386,0,0,0
1787645594.1209161,300,0,0,0
1787645594.3308704,264,0,0,0
1787645594.5513134,216,0,0,0
1787645594.7452676,168,0,0,0
1787645594.9532335,100,0,0,0
1787645595.153867,39,0,0,0
1787645609.4297204,2252,0,0,0
1787645609.620223,2260,0,0,0
1787645609.7139595,2354,0,0,0
1787645609.9089327,2419,0,0,0
1787645610.1242495,2422,0,0,0
1787645610.325689,2427,0,0,0
1787645610.5238166,2431,0,0,0
1787645610.7483976,2427,0,0,0
1787645611.022212,2419,0,0,0
1787645611.1307569,2417,0,0,0
1787645611.3544881,2409,0,0,0
1787645611.5911798,2247,0,0,0
1787645611.7693355,2109,0,0,0
1787645611.9706583,1925,0,0,0
1787645612.172137,1746,0,0,0
1787645612.374575,1623,0,0,0
1787645612.5700424,1500,0,0,0
1787645612.7710004,1383,0,0,0
1787645612.9820278,1273,0,0,0
1787645613.1743274,1209,0,0,0
1787645613.3952339,1171,0,0,0
1787645613.6066592,1145,0,0,0
1787645613.8140993,1134,0,0,0
1787645614.0102017,1118,0,0,0
1787645614.2081897,1132,0,0,0
1787645614.40149,1145,0,0,0
1787645614.610798,1197,0,0,0
1787645614.842413,1300,0,0,0
1787645615.022101,1366,0,0,0
1787645615.2345505,1511,0,0,0
1787645615.4213595,1682,0,0,0
1787645615.663067,1809,0,0,0
1787645615.8402345,1899,0,0,0
1787645616.050185,1996,0,0,0
1787645616.242574,2041,0,0,0
1787645616.4734342,2071,0,0,0
1787645616.6675682,2096,0,0,0
1787645616.8778322,2095,0,0,0
1787645617.0881805,2081,0,0,0
1787645617.2962167,2075,0,0,0
1787645617.4944332,2051,0,0,0
1787645617.6849139,2023,0,0,0
1787645617.8957844,1977,0,0,0
1787645618.1053627,1927,0,0,0
1787645618.3117445,1863,0,0,0
1787645618.5017395,1784,0,0,0
1787645618.7292097,1708,0,0,0
1787645618.9028425,1605,0,0,0
1787645619.135489,1467,0,0,0
1787645619.3248804,1332,0,0,0
1787645619.5317316,1191,0,0,0
1787645619.7271507,1053,0,0,0
1787645619.9484224,939,0,0,0
1787645620.1551197,841,0,0,0
1787645620.3750427,747,0,0,0
1787645620.5713024,687,0,0,0
1787645620.7642276,639,0,0,0
1787645620.974514,609,0,0,0
1787645621.1753964,577,0,0,0
1787645621.3932228,559,0,0,0
1787645621.60845,547,0,0,0
1787645621.7817757,532,0,0,0
1787645621.9914348,536,0,0,0
1787645622.198499,559,0,0,0
1787645622.4244974,624,0,0,0
1787645622.60137,702,0,0,0
1787645622.8122642,799,0,0,0
1787645623.0380752,917,0,0,0
1787645623.2307599,1020,0,0,0
1787645623.4258292,1125,0,0,0
1787645623.636026,1214,0,0,0
1787645623.8569722,1281,0,0,0
1787645624.0666497,1351,0,0,0
1787645624.247782,1410,0,0,0
1787645624.447391,1446,0,0,0
1787645624.6958568,1445,0,0,0
1787645624.871295,1432,0,0,0
1787645625.0659347,1421,0,0,0
1787645625.281018,1407,0,0,0
1787645625.4731348,1390,0,0,0
1787645625.6651683,1382,0,0,0
1787645625.8773825,1367,0,0,0
1787645626.0869865,1354,0,0,0
1787645626.2944098,1352,0,0,0
1787645626.4939516,1353,0,0,0
1787645626.6836197,1364,0,0,0
1787645626.9182277,1384,0,0,0
1787645627.1097493,1416,0,0,0
1787645627.3056512,1454,0,0,0
1787645627.513257,1537,0,0,0
1787645627.729433,1634,0,0,0
1787645627.9350016,1729,0,0,0
1787645628.132388,1791,0,0,0
1787645628.3360083,1818,0,0,0
1787645628.5539515,1847,0,0,0
1787645628.7476268,1852,0,0,0
1787645628.9570189,1859,0,0,0
1787645629.1723905,1828,0,0,0
1787645629.373004,1805,0,0,0
1787645629.5764234,1755,0,0,0
1787645629.7749958,1699,0,0,0
1787645629.9741726,1652,0,0,0
1787645630.1952388,1590,0,0,0
1787645630.4070108,1541,0,0,0
1787645630.5951772,1401,0,0,0
1787645630.783623,1280,0,0,0
1787645630.9900577,1159,0,0,0
1787645631.1971083,1045,0,0,0
1787645631.4057808,965,0,0,0
1787645631.61487,897,0,0,0
1787645631.8027213,838,0,0,0
1787645632.0140097,794,0,0,0
1787645632.2222474,761,0,0,0
1787645632.4235415,728,0,0,0
1787645632.6332219,698,0,0,0
1787645632.861257,672,0,0,0
1787645633.023615,647,0,0,0
1787645633.2286289,622,0,0,0
1787645633.4508796,592,0,0,0
1787645633.6623442,558,0,0,0
1787645633.8750618,535,0,0,0
1787645634.068899,510,0,0,0
1787645634.2875724,483,0,0,0
1787645634.4750545,462,0,0,0
1787645634.6679819,436,0,0,0
1787645634.8920517,416,0,0,0
1787645635.0923045,392,0,0,0
1787645635.295582,369,0,0,0
1787645635.4914937,347,0,0,0
1787645635.6942167,326,0,0,0
1787645635.8946693,301,0,0,0
1787645636.0977933,261,0,0,0
1787645636.3114474,234,0,0,0
1787645636.5122778,207,0,0,0
1787645636.713218,185,0,0,0
1787645636.9197202,162,0,0,0
1787645637.1161687,142,0,0,0
1787645637.3142667,119,0,0,0
1787645637.515056,97,0,0,0
1787645637.7210746,73,0,0,0
1787645637.9464393,48,0,0,0
1787645666.2433224,1494,0,0,0
1787645666.445097,1505,0,0,0
1787645666.6508331,1499,0,0,0
1787645666.9571247,1489,0,0,0
1787645667.0677974,1490,0,0,0
1787645667.2686017,1497,0,0,0
1787645667.4730558,1501,0,0,0
1787645667.6761036,1500,0,0,0
1787645667.9577086,1501,0,0,0
1787645668.0958292,1492,0,0,0
1787645668.2867212,1447,0,0,0
1787645668.514113,1371,0,0,0
1787645668.7276523,1305,0,0,0
1787645668.9351187,1240,0,0,0
1787645669.1574326,1175,0,0,0
1787645669.3353226,1105,0,0,0
1787645669.536765,1058,0,0,0
1787645669.7373195,1011,0,0,0
1787645669.944063,974,0,0,0
1787645670.1530797,948,0,0,0
1787645670.3586767,928,0,0,0
1787645670.5505302,915,0,0,0
1787645670.7560644,911,0,0,0
1787645670.9826283,907,0,0,0
1787645671.1754856,924,0,0,0
1787645671.376969,939,0,0,0
1787645671.6078858,967,0,0,0
1787645671.7813678,976,0,0,0
1787645671.9921303,1006,0,0,0
1787645672.2166197,1042,0,0,0
1787645672.4107916,1064,0,0,0
1787645672.6082034,1091,0,0,0
1787645672.8119726,1155,0,0,0
1787645673.050474,1264,0,0,0
1787645673.233042,1411,0,0,0
1787645673.45298,1586,0,0,0
1787645673.6537342,1739,0,0,0
1787645673.8543143,1856,0,0,0
1787645674.0552428,1927,0,0,0
1787645674.2649639,1953,0,0,0
1787645674.440126,1945,0,0,0
1787645674.6421206,1939,0,0,0
1787645674.8457832,1908,0,0,0
1787645675.068778,1820,0,0,0
1787645675.278263,1736,0,0,0
1787645675.473415,1615,0,0,0
1787645675.6913881,1455,0,0,0
1787645675.8843644,1284,0,0,0
1787645676.0935001,1141,0,0,0
1787645676.289573,1000,0,0,0
1787645676.5143743,868,0,0,0
1787645676.714489,782,0,0,0
1787645676.9115872,711,0,0,0
1787645677.106865,657,0,0,0
1787645677.3163629,609,0,0,0
1787645677.5238693,565,0,0,0
1787645677.7309074,532,0,0,0
1787645677.9254935,490,0,0,0
1787645678.1554654,457,0,0,0
1787645678.3556142,425,0,0,0
1787645678.5522912,397,0,0,0
1787645678.7554789,370,0,0,0
1787645678.9736466,345,0,0,0
1787645679.1666515,303,0,0,0
1787645679.3642812,276,0,0,0
1787645679.5846472,277,0,0,0
1787645679.7771945,275,0,0,0
1787645679.9659097,266,0,0,0
1787645680.1911879,257,0,0,0
1787645680.3922207,245,0,0,0
1787645680.593086,238,0,0,0
1787645680.7981496,240,0,0,0
1787645681.0052538,260,0,0,0
1787645681.2382917,282,0,0,0
1787645681.4174545,303,0,0,0
1787645681.6342876,321,0,0,0
1787645681.8116822,325,0,0,0
1787645682.0185795,329,0,0,0
1787645682.2136993,328,0,0,0
1787645682.4385924,336,0,0,0
1787645682.6319308,342,0,0,0
1787645682.8358939,367,0,0,0
1787645683.0464604,371,0,0,0
1787645683.2386856,367,0,0,0
1787645683.4359574,344,0,0,0
1787645683.6548057,328,0,0,0
1787645683.8678927,301,0,0,0
1787645684.045365,272,0,0,0
1787645684.2474604,235,0,0,0
1787645684.4563844,199,0,0,0
1787645684.6787717,174,0,0,0
1787645684.8848608,159,0,0,0
1787645685.0943606,102,0,0,0
1787645685.293797,51,0,0,0
1787645705.3518472,1765,0,0,0
1787645705.4686003,1768,0,0,0
1787645705.6873443,1759,0,0,0
1787645705.8619287,1773,0,0,0
1787645705.9721565,1763,0,0,0
1787645706.1730983,1756,0,0,0
1787645706.493286,1756,0,0,0
1787645706.703128,1762,0,0,0
1787645706.880505,1764,0,0,0
1787645706.995582,1760,0,0,0
1787645707.1940386,1763,0,0,0
1787645707.4177392,1654,0,0,0
1787645707.6155403,1465,0,0,0
1787645707.8116767,1360,0,0,0
1787645708.0140955,1273,0,0,0
1787645708.2148774,1196,0,0,0
1787645708.4163485,1127,0,0,0
1787645708.6131277,1071,0,0,0
1787645708.8163664,1018,0,0,0
1787645709.0269291,975,0,0,0
1787645709.2405837,937,0,0,0
1787645709.4348788,904,0,0,0
1787645709.676407,885,0,0,0
1787645709.8519545,871,0,0,0
1787645710.046447,861,0,0,0
1787645710.255506,873,0,0,0
1787645710.4501462,881,0,0,0
1787645710.6587467,906,0,0,0
1787645710.8597083,935,0,0,0
1787645711.088645,968,0,0,0
1787645711.2812033,999,0,0,0
1787645711.4767349,1042,0,0,0
1787645711.6674464,1118,0,0,0
1787645711.9062948,1249,0,0,0
1787645712.1002944,1480,0,0,0
1787645712.3009565,1730,0,0,0
1787645712.4878044,1910,0,0,0
1787645712.6934855,2014,0,0,0
1787645712.9183917,2068,0,0,0
1787645713.131508,2059,0,0,0
1787645713.3203206,2042,0,0,0
1787645713.5395474,1992,0,0,0
1787645713.7420537,1882,0,0,0
1787645713.9363377,1746,0,0,0
1787645714.137658,1550,0,0,0
1787645714.3406303,1333,0,0,0
1787645714.5520763,1116,0,0,0
1787645714.7580757,939,0,0,0
1787645714.9585278,832,0,0,0
1787645715.1589656,752,0,0,0
1787645715.3606734,690,0,0,0
1787645715.5776317,638,0,0,0
1787645715.7807972,591,0,0,0
1787645715.9828088,544,0,0,0
1787645716.2147331,505,0,0,0
1787645716.3995957,470,0,0,0
1787645716.6110907,428,0,0,0
1787645716.8390994,401,0,0,0
1787645717.0154412,373,0,0,0
1787645717.2115178,349,0,0,0
1787645717.4177725,312,0,0,0
1787645717.6270757,285,0,0,0
1787645717.8377962,267,0,0,0
1787645718.0293639,249,0,0,0
1787645718.2404509,231,0,0,0
1787645718.4359453,217,0,0,0
1787645718.659211,210,0,0,0
1787645718.850964,206,0,0,0
1787645719.0609496,204,0,0,0
1787645719.2566864,211,0,0,0
1787645719.44975,219,0,0,0
1787645719.6606102,260,0,0,0
1787645719.8875058,303,0,0,0
1787645720.080685,339,0,0,0
1787645720.2947805,356,0,0,0
1787645720.503856,373,0,0,0
1787645720.6917136,388,0,0,0
1787645720.8957393,407,0,0,0
1787645721.1202915,443,0,0,0
1787645721.317162,472,0,0,0
1787645721.5425618,493,0,0,0
1787645721.7150376,526,0,0,0
1787645721.9157965,504,0,0,0
1787645722.1376064,452,0,0,0
1787645722.3634512,354,0,0,0
1787645722.5623739,330,0,0,0
1787645722.761943,314,0,0,0
1787645722.9538999,298,0,0,0
1787645723.1635113,276,0,0,0
1787645723.3521633,224,0,0,0
1787645723.58086,196,0,0,0
1787645723.7730377,183,0,0,0
1787645723.984215,156,0,0,0
1787645724.1936371,108,0,0,0
1787645724.4011178,83,0,0,0
1787645724.595727,86,0,0,0
1787645724.795022,121,0,0,0
1787645724.9890919,229,0,0,0
1787645725.1983063,328,0,0,0
1787645725.4410205,547,0,0,0
1787645725.6214807,415,0,0,0
1787645725.8194053,509,0,0,0
1787645726.0344317,744,0,0,0
1787645726.2242103,1833,0,0,0
1787645726.4366035,1605,0,0,0
1787645726.640859,3273,0,0,0
1787645726.842096,1603,0,0,0
1787645727.0414598,1723,0,0,0
1787645727.243449,1256,0,0,0
1787645727.4417236,1132,0,0,0
1787645727.6371875,1434,0,0,0
1787645727.8633933,1253,0,0,0
1787645728.061851,1208,0,0,0
1787645728.2634406,1152,0,0,0
1787645728.4476755,6280,0,0,0
1787645728.6509771,1292,0,0,0
1787645728.8621504,750,0,0,0
1787645729.063494,687,0,0,0
1787645729.2816536,787,0,0,0
1787645729.4820771,779,0,0,0
1787645729.6766424,1126,0,0,0
1787645729.8832548,1166,0,0,0
1787645730.1008766,596,0,0,0
1787645730.3099988,596,0,0,0
1787645730.517655,696,0,0,0
1787645730.7183588,732,0,0,0
1787645730.8915894,634,0,0,0
1787645731.123478,546,0,0,0
1787645731.3218846,771,0,0,0
1787645731.538295,2212,0,0,0
1787645731.740346,2584,0,0,0
1787645731.942939,2408,0,0,0
1787645732.1454113,1991,0,0,0
1787645732.3441868,1772,0,0,0
1787645732.5612345,1623,0,0,0
1787645732.7623312,1346,0,0,0
1787645732.9635417,1604,0,0,0
1787645733.1514463,2031,0,0,0
1787645733.4097395,2177,0,0,0
1787645733.5788674,2329,0,0,0
1787645733.7798545,1989,0,0,0
1787645734.0024636,3709,0,0,0
1787645734.178211,2660,0,0,0
1787645734.3810604,2776,0,0,0
1787645734.5793903,2273,0,0,0
1787645734.7953777,2708,0,0,0
1787645735.000385,2614,0,0,0
1787645735.199964,2719,0,0,0
1787645735.4216216,2703,0,0,0
1787645735.6410258,2507,0,0,0
1787645735.8451445,181,0,0,0
1787645736.0591488,14,0,0,0
1787645751.2265785,1525,0,0,0
1787645751.3544157,1536,0,0,0
1787645751.6324823,1521,0,0,0
1787645751.764114,1523,0,0,0
1787645751.9445047,1526,0,0,0
1787645752.2506092,1527,0,0,0
1787645752.3748503,1524,0,0,0
1787645752.5799778,1527,0,0,0
1787645752.7804878,1537,0,0,0
1787645752.9586499,1526,0,0,0
1787645753.1459384,1557,0,0,0
1787645753.3576314,1827,0,0,0
1787645753.5635345,2165,0,0,0
1787645753.7643971,2381,0,0,0
1787645753.9657252,2468,0,0,0
1787645754.167583,2541,0,0,0
1787645754.3818495,2546,0,0,0
1787645754.6078734,2546,0,0,0
1787645754.7861533,2529,0,0,0
1787645754.9779525,2507,0,0,0
1787645755.172501,2467,0,0,0
1787645755.3996618,2414,0,0,0
1787645755.6074536,2301,0,0,0
1787645755.802869,2176,0,0,0
1787645756.0271823,2021,0,0,0
1787645756.2259576,1804,0,0,0
1787645756.4269788,1579,0,0,0
1787645756.6407678,1370,0,0,0
1787645756.8266344,1198,0,0,0
1787645757.0270655,1101,0,0,0
1787645757.2349818,1038,0,0,0
1787645757.446613,980,0,0,0
1787645757.6378536,938,0,0,0
1787645757.8471203,905,0,0,0
1787645758.0338953,862,0,0,0
1787645758.2452233,832,0,0,0
1787645758.4865906,805,0,0,0
1787645758.6666973,780,0,0,0
1787645758.8744652,761,0,0,0
1787645759.06432,749,0,0,0
1787645759.2561374,736,0,0,0
1787645759.5041525,727,0,0,0
1787645759.6787097,720,0,0,0
1787645759.9038558,711,0,0,0
1787645760.1057096,717,0,0,0
1787645760.2958672,722,0,0,0
1787645760.5020823,718,0,0,0
1787645760.7002983,718,0,0,0
1787645760.9064155,716,0,0,0
1787645761.1245768,712,0,0,0
1787645761.3483443,718,0,0,0
1787645761.5507014,703,0,0,0
1787645761.7490087,689,0,0,0
1787645761.9245133,662,0,0,0
1787645762.1373563,639,0,0,0
1787645762.3446321,607,0,0,0
1787645762.5431204,573,0,0,0
1787645762.7455392,540,0,0,0
1787645763.002304,502,0,0,0
1787645763.1653621,465,0,0,0
1787645763.3680267,431,0,0,0
1787645763.552769,390,0,0,0
1787645763.7678971,352,0,0,0
1787645763.9612842,317,0,0,0
1787645764.1880715,293,0,0,0
1787645764.381224,283,0,0,0
1787645764.5747423,285,0,0,0
1787645764.8059595,335,0,0,0
1787645765.0068696,434,0,0,0
1787645765.2036192,764,0,0,0
1787645765.4028172,1349,0,0,0
1787645765.5965486,1504,0,0,0
1787645765.8070385,1541,0,0,0
1787645766.0093386,1695,0,0,0
1787645766.2198522,2120,0,0,0
1787645766.4267497,1973,0,0,0
1787645766.6357796,1919,0,0,0
1787645766.8685224,1985,0,0,0
1787645767.0703053,2170,0,0,0
1787645767.2658296,2513,0,0,0
1787645767.45929,2667,0,0,0
1787645767.6692135,2670,0,0,0
1787645767.8736217,2404,0,0,0
1787645768.0815053,2096,0,0,0
1787645768.266916,1882,0,0,0
1787645768.4702034,1782,0,0,0
1787645768.6749706,1720,0,0,0
1787645768.8962228,1706,0,0,0
1787645769.0820713,1748,0,0,0
1787645769.276698,1890,0,0,0
1787645769.4850733,1837,0,0,0
1787645769.683775,1497,0,0,0
1787645769.9089904,1248,0,0,0
1787645770.1044796,1145,0,0,0
1787645770.2952864,1069,0,0,0
1787645770.5035737,1026,0,0,0
1787645770.7008102,993,0,0,0
1787645770.908011,968,0,0,0
1787645771.1171088,934,0,0,0
1787645771.309922,911,0,0,0
1787645771.5331967,888,0,0,0
1787645771.7248142,869,0,0,0
1787645771.9192977,852,0,0,0
1787645772.128274,831,0,0,0
1787645772.373203,812,0,0,0
1787645772.5506017,799,0,0,0
1787645772.7689562,784,0,0,0
1787645772.9526026,772,0,0,0
1787645773.1468246,766,0,0,0
1787645773.348897,764,0,0,0
1787645773.5693045,776,0,0,0
1787645773.766811,805,0,0,0
1787645773.991126,902,0,0,0
1787645774.191397,1001,0,0,0
1787645774.3864787,916,0,0,0
1787645774.6128027,896,0,0,0
1787645774.790348,794,0,0,0
1787645775.0010688,660,0,0,0
1787645775.2176156,584,0,0,0
1787645775.417254,539,0,0,0
1787645775.6119726,495,0,0,0
1787645775.805501,454,0,0,0
1787645776.0105195,421,0,0,0
1787645776.206327,387,0,0,0
1787645776.4272206,359,0,0,0
1787645776.6329293,334,0,0,0
1787645776.8427002,307,0,0,0
1787645777.0249355,288,0,0,0
1787645777.2280784,234,0,0,0
1787645777.452412,214,0,0,0
1787645777.6636856,185,0,0,0
1787645777.872851,163,0,0,0
1787645778.0796342,142,0,0,0
1787645778.2900054,120,0,0,0
1787645778.4998653,107,0,0,0
1787645778.6794007,82,0,0,0
1787645778.8867106,48,0,0,0
1787645846.454246,1442,0,0,0
1787645846.6705136,1443,0,0,0
1787645846.8760953,1451,0,0,0
1787645847.1330097,1448,0,0,0
1787645847.384623,1449,0,0,0
1787645847.4875474,1446,0,0,0
1787645847.69555,1455,0,0,0
1787645847.882996,1445,0,0,0
1787645848.1972477,1445,0,0,0
1787645848.3262064,1444,0,0,0
1787645848.5158343,1442,0,0,0
1787645848.7158577,1520,0,0,0
1787645848.9088192,1733,0,0,0
1787645849.1120093,2030,0,0,0
1787645849.3076537,2268,0,0,0
1787645849.530547,2423,0,0,0
1787645849.737472,2486,0,0,0
1787645849.9352746,2506,0,0,0
1787645850.1541033,2513,0,0,0
1787645850.3544047,2505,0,0,0
1787645850.5479333,2473,0,0,0
1787645850.776169,2427,0,0,0
1787645850.9831746,2359,0,0,0
1787645851.173928,2267,0,0,0
1787645851.4105077,2131,0,0,0
1787645851.5950997,1982,0,0,0
1787645851.8095179,1851,0,0,0
1787645851.9934292,1619,0,0,0
1787645852.2037952,1406,0,0,0
1787645852.4063919,1232,0,0,0
1787645852.5837243,1132,0,0,0
1787645852.8059716,1061,0,0,0
1787645853.0241573,997,0,0,0
1787645853.2136452,947,0,0,0
1787645853.4282143,926,0,0,0
1787645853.6349678,895,0,0,0
1787645853.8346088,872,0,0,0
1787645854.029346,845,0,0,0
1787645854.2392232,819,0,0,0
1787645854.4357023,798,0,0,0
1787645854.628261,778,0,0,0
1787645854.8519063,767,0,0,0
1787645855.0685413,746,0,0,0
1787645855.2548594,734,0,0,0
1787645855.4548683,728,0,0,0
1787645855.6697063,726,0,0,0
1787645855.8551388,723,0,0,0
1787645856.049589,716,0,0,0
1787645856.2444115,711,0,0,0
1787645856.487528,702,0,0,0
1787645856.6784484,689,0,0,0
1787645856.8886435,678,0,0,0
1787645857.0756679,664,0,0,0
1787645857.305107,654,0,0,0
1787645857.4941058,647,0,0,0
1787645857.7238767,627,0,0,0
1787645857.8814802,602,0,0,0
1787645858.0918381,576,0,0,0
1787645858.2827618,551,0,0,0
1787645858.4840858,528,0,0,0
1787645858.708018,501,0,0,0
1787645858.8962386,465,0,0,0
1787645859.1122642,430,0,0,0
1787645859.2835722,386,0,0,0
1787645859.5154,344,0,0,0
1787645859.7213674,310,0,0,0
1787645859.9113858,294,0,0,0
1787645860.1271973,293,0,0,0
1787645860.3206,322,0,0,0
1787645860.527667,411,0,0,0
1787645860.738095,628,0,0,0
1787645860.9644003,1255,0,0,0
1787645861.1583073,1510,0,0,0
1787645861.3537157,1546,0,0,0
1787645861.558414,1624,0,0,0
1787645861.7770114,1993,0,0,0
1787645861.9784045,2048,0,0,0
1787645862.1570513,1946,0,0,0
1787645862.3521743,1958,0,0,0
1787645862.5423822,2049,0,0,0
1787645862.7712533,2247,0,0,0
1787645862.9801824,2411,0,0,0
1787645863.191974,2494,0,0,0
1787645863.3884742,2365,0,0,0
1787645863.5646384,2183,0,0,0
1787645863.805487,1983,0,0,0
1787645864.0086684,1856,0,0,0
1787645864.2061338,1761,0,0,0
1787645864.3959508,1728,0,0,0
1787645864.6086607,1726,0,0,0
1787645864.8195164,1819,0,0,0
1787645865.0127656,1894,0,0,0
1787645865.2384481,1663,0,0,0
1787645865.4133923,1353,0,0,0
1787645865.6291006,1193,0,0,0
1787645865.8232656,1115,0,0,0
1787645866.0411284,1060,0,0,0
1787645866.2296326,1031,0,0,0
1787645866.430347,997,0,0,0
1787645866.6447465,971,0,0,0
1787645866.855314,946,0,0,0
1787645867.0768974,923,0,0,0
1787645867.2979436,901,0,0,0
1787645867.4547677,880,0,0,0
1787645867.67637,858,0,0,0
1787645867.847405,842,0,0,0
1787645868.0656679,820,0,0,0
1787645868.282418,805,0,0,0
1787645868.4679723,791,0,0,0
1787645868.6894464,781,0,0,0
1787645868.897614,780,0,0,0
1787645869.091057,786,0,0,0
1787645869.292495,811,0,0,0
1787645869.484253,904,0,0,0
1787645869.7157311,1099,0,0,0
1787645869.918419,1201,0,0,0
1787645870.1131504,1143,0,0,0
1787645870.3113315,1127,0,0,0
1787645870.5196242,990,0,0,0
1787645870.7315378,761,0,0,0
1787645870.937918,632,0,0,0
1787645871.138163,549,0,0,0
1787645871.3593524,501,0,0,0
1787645871.5669115,463,0,0,0
1787645871.745619,430,0,0,0
1787645871.9565883,400,0,0,0
1787645872.1799002,372,0,0,0
1787645872.3589108,347,0,0,0
1787645872.5807385,321,0,0,0
1787645872.7774053,300,0,0,0
1787645872.9803808,250,0,0,0
1787645873.1910098,228,0,0,0
1787645873.394586,204,0,0,0
1787645873.6113884,185,0,0,0
1787645873.8202708,162,0,0,0
1787645873.995396,141,0,0,0
1787645874.1903996,119,0,0,0
1787645874.4197378,94,0,0,0
1787645874.5845234,71,0,0,0
1787645874.808832,45,0,0,0
1787645909.121555,1713,0,0,0
1787645909.121555,1719,0,0,0
1787645909.3411636,1712,0,0,0
1787645909.6324906,1729,0,0,0
1787645909.9413364,1720,0,0,0
1787645909.9438388,1703,0,0,0
1787645910.1598022,1730,0,0,0
1787645910.3486977,1719,0,0,0
1787645910.6447062,1716,0,0,0
1787645910.882377,1718,0,0,0
1787645910.9988537,1715,0,0,0
1787645911.189014,1438,0,0,0
1787645911.3943894,1248,0,0,0
1787645911.5968778,1132,0,0,0
1787645911.7995062,1027,0,0,0
1787645912.021407,957,0,0,0
1787645912.2215726,889,0,0,0
1787645912.4100993,835,0,0,0
1787645912.6361766,769,0,0,0
1787645912.8300626,726,0,0,0
1787645913.039349,694,0,0,0
1787645913.240259,671,0,0,0
1787645913.478842,670,0,0,0
1787645913.6592002,673,0,0,0
1787645913.861149,685,0,0,0
1787645914.0589988,701,0,0,0
1787645914.259461,735,0,0,0
1787645914.4832785,785,0,0,0
1787645914.6616652,863,0,0,0
1787645914.854465,961,0,0,0
1787645915.0807762,1170,0,0,0
1787645915.276355,1696,0,0,0
1787645915.4848711,2037,0,0,0
1787645915.678056,2164,0,0,0
1787645915.8832822,2191,0,0,0
1787645916.086184,2209,0,0,0
1787645916.280019,2199,0,0,0
1787645916.5003808,2168,0,0,0
1787645916.7195272,2141,0,0,0
1787645916.8897345,2098,0,0,0
1787645917.0952938,2037,0,0,0
1787645917.3045607,1969,0,0,0
1787645917.501259,1775,0,0,0
1787645917.7170093,1500,0,0,0
1787645917.9174595,1132,0,0,0
1787645918.118854,870,0,0,0
1787645918.3228416,733,0,0,0
1787645918.5190096,668,0,0,0
1787645918.707732,610,0,0,0
1787645918.9278162,558,0,0,0
1787645919.1387312,517,0,0,0
1787645919.3619404,476,0,0,0
1787645919.5566096,431,0,0,0
1787645919.770498,393,0,0,0
1787645919.9729676,369,0,0,0
1787645920.169324,337,0,0,0
1787645920.377533,301,0,0,0
1787645920.570636,275,0,0,0
1787645920.7703187,252,0,0,0
1787645920.9918237,230,0,0,0
1787645921.2002726,202,0,0,0
1787645921.3946753,186,0,0,0
1787645921.6215184,180,0,0,0
1787645921.8377013,183,0,0,0
1787645922.013053,195,0,0,0
1787645922.221497,235,0,0,0
1787645922.4190953,319,0,0,0
1787645922.6286845,51,0,0,0
1787645962.9808295,1593,0,0,0
1787645963.1860907,1585,0,0,0
1787645963.3929632,1589,0,0,0
1787645963.694944,1589,0,0,0
1787645963.804734,1598,0,0,0
1787645964.0065715,1590,0,0,0
1787645964.208933,1594,0,0,0
1787645964.4135501,1585,0,0,0
1787645964.684857,1590,0,0,0
1787645964.8191211,1593,0,0,0
1787645965.0196402,1591,0,0,0
1787645965.2167413,1591,0,0,0
1787645965.4130332,1557,0,0,0
1787645965.6375875,1554,0,0,0
1787645965.8400395,1527,0,0,0
1787645966.0405052,1506,0,0,0
1787645966.2567496,1493,0,0,0
1787645966.4570682,1478,0,0,0
1787645966.6603382,1480,0,0,0
1787645966.8695865,1478,0,0,0
1787645967.0620348,1483,0,0,0
1787645967.2625175,1481,0,0,0
1787645967.4640598,1478,0,0,0
1787645967.665411,1477,0,0,0
1787645967.8570275,1490,0,0,0
1787645968.098069,1509,0,0,0
1787645968.3097138,1508,0,0,0
1787645968.5146005,1516,0,0,0
1787645968.7199202,1506,0,0,0
1787645968.9218123,1489,0,0,0
1787645969.1220224,1480,0,0,0
1787645969.3157816,1460,0,0,0
1787645969.5368762,1433,0,0,0
1787645969.7522519,1420,0,0,0
1787645969.9390354,1391,0,0,0
1787645970.1583388,1360,0,0,0
1787645970.3763006,1307,0,0,0
1787645970.5786653,1276,0,0,0
1787645970.7775495,1209,0,0,0
1787645970.9810297,1152,0,0,0
1787645971.181924,1098,0,0,0
1787645971.384008,1053,0,0,0
1787645971.5845208,1013,0,0,0
1787645971.7960374,976,0,0,0
1787645971.979535,945,0,0,0
1787645972.2234304,912,0,0,0
1787645972.3845062,874,0,0,0
1787645972.6114073,841,0,0,0
1787645972.8039336,806,0,0,0
1787645973.0337853,778,0,0,0
1787645973.2112238,751,0,0,0
1787645973.4347913,725,0,0,0
1787645973.6251628,698,0,0,0
1787645973.8186352,673,0,0,0
1787645974.0316103,643,0,0,0
1787645974.2404008,621,0,0,0
1787645974.4444594,606,0,0,0
1787645974.6412582,581,0,0,0
1787645974.8636992,563,0,0,0
1787645975.05293,541,0,0,0
1787645975.262129,522,0,0,0
1787645975.4719267,499,0,0,0
1787645975.665058,481,0,0,0
1787645975.8575869,460,0,0,0
1787645976.057556,437,0,0,0
1787645976.251478,411,0,0,0
1787645976.4701188,395,0,0,0
1787645976.712093,373,0,0,0
1787645976.8864894,366,0,0,0
1787645977.1103628,373,0,0,0
1787645977.3034053,383,0,0,0
1787645977.5106804,399,0,0,0
1787645977.7012322,420,0,0,0
1787645977.9134598,469,0,0,0
1787645978.0939794,565,0,0,0
1787645978.341306,971,0,0,0
1787645978.5162833,1303,0,0,0
1787645978.7412918,1439,0,0,0
1787645978.9462407,1464,0,0,0
1787645979.1807427,1484,0,0,0
1787645979.3748422,1550,0,0,0
1787645979.5599248,1743,0,0,0
1787645979.7863908,2024,0,0,0
1787645979.9619625,1987,0,0,0
1787645980.170284,1877,0,0,0
1787645980.3802023,1836,0,0,0
1787645980.5847201,1809,0,0,0
1787645980.7711387,1823,0,0,0
1787645980.9960158,1825,0,0,0
1787645981.2057407,1829,0,0,0
1787645981.433772,1846,0,0,0
1787645981.635328,1844,0,0,0
1787645981.8360295,1809,0,0,0
1787645982.0199108,1775,0,0,0
1787645982.224785,1757,0,0,0
1787645982.424451,1725,0,0,0
1787645982.6640666,1691,0,0,0
1787645982.841868,1642,0,0,0
1787645983.0433702,1596,0,0,0
1787645983.2425077,1565,0,0,0
1787645983.4441779,1546,0,0,0
1787645983.6558714,1546,0,0,0
1787645983.8655243,1562,0,0,0
1787645984.0503252,1616,0,0,0
1787645984.2591317,1683,0,0,0
1787645984.4719129,1724,0,0,0
1787645984.6828275,1741,0,0,0
1787645984.8786037,1660,0,0,0
1787645985.070748,1495,0,0,0
1787645985.2793589,1308,0,0,0
1787645985.4862916,1155,0,0,0
1787645985.7069707,1016,0,0,0
1787645985.8850794,931,0,0,0
1787645986.1079483,874,0,0,0
1787645986.302083,830,0,0,0
1787645986.5249393,779,0,0,0
1787645986.7238789,743,0,0,0
1787645986.9323492,713,0,0,0
1787645987.1299508,687,0,0,0
1787645987.3405836,661,0,0,0
1787645987.5428355,639,0,0,0
1787645987.739619,611,0,0,0
1787645987.935156,580,0,0,0
1787645988.176224,540,0,0,0
1787645988.3551278,518,0,0,0
1787645988.590848,492,0,0,0
1787645988.7615721,466,0,0,0
1787645988.9714518,441,0,0,0
1787645989.1802588,417,0,0,0
1787645989.383994,393,0,0,0
1787645989.5825253,370,0,0,0
1787645989.7837663,346,0,0,0
1787645990.0045485,324,0,0,0
1787645990.184993,301,0,0,0
1787645990.4261708,247,0,0,0
1787645990.6123636,223,0,0,0
1787645990.8065226,200,0,0,0
1787645991.0342846,176,0,0,0
1787645991.2285101,154,0,0,0
1787645991.4137444,130,0,0,0
1787645991.624619,108,0,0,0
1787645991.8180413,83,0,0,0
1787645992.0179486,61,0,0,0
1787645992.225092,35,0,0,0
1787647192.5089486,1863,0,0,0
1787647192.8138833,1872,0,0,0
1787647192.9437153,1869,0,0,0
1787647193.1650462,1878,0,0,0
1787647193.3253257,1873,0,0,0
1787647193.5263963,1876,0,0,0
1787647193.7157547,1866,0,0,0
1787647193.926484,1871,0,0,0
1787647194.129989,1870,0,0,0
1787647194.3454869,1874,0,0,0
1787647194.5458782,1709,0,0,0
1787647194.7711413,1490,0,0,0
1787647194.9505417,1333,0,0,0
1787647195.171142,1171,0,0,0
1787647195.3864756,1046,0,0,0
1787647195.5744355,927,0,0,0
1787647195.761819,786,0,0,0
1787647195.9690955,645,0,0,0
1787647196.1780705,553,0,0,0
1787647196.3630886,477,0,0,0
1787647196.5884957,424,0,0,0
1787647196.806279,380,0,0,0
1787647197.001038,337,0,0,0
1787647197.201765,332,0,0,0
1787647197.4304676,327,0,0,0
1787647197.605304,293,0,0,0
1787647197.8010597,279,0,0,0
1787647198.0076678,265,0,0,0
1787647198.21051,258,0,0,0
1787647198.4214444,246,0,0,0
1787647198.6289375,241,0,0,0
1787647198.840006,231,0,0,0
1787647199.0203316,232,0,0,0
1787647199.242363,225,0,0,0
1787647199.4495773,222,0,0,0
1787647199.675327,222,0,0,0
1787647199.877934,220,0,0,0
1787647200.0601065,221,0,0,0
1787647200.2813895,222,0,0,0
1787647200.5226152,220,0,0,0
1787647200.6598938,226,0,0,0
1787647200.8693538,228,0,0,0
1787647201.0803974,236,0,0,0
1787647201.2902477,241,0,0,0
1787647201.4845924,267,0,0,0
1787647201.6919763,264,0,0,0
1787647201.9078965,270,0,0,0
1787647202.0876489,276,0,0,0
1787647202.280737,277,0,0,0
1787647202.4914224,271,0,0,0
1787647202.6893594,269,0,0,0
1787647202.8998592,257,0,0,0
1787647203.1310217,253,0,0,0
1787647203.3205159,239,0,0,0
1787647203.4989572,224,0,0,0
1787647203.7094467,204,0,0,0
1787647203.9040658,202,0,0,0
1787647204.1282282,195,0,0,0
1787647204.3296912,187,0,0,0
1787647204.5314846,181,0,0,0
1787647204.7318132,169,0,0,0
1787647204.927088,159,0,0,0
1787647205.1441278,151,0,0,0
1787647205.3524678,137,0,0,0
1787647205.5516374,127,0,0,0
1787647205.7680027,99,0,0,0
1787647205.9510431,92,0,0,0
1787647206.1706011,91,0,0,0
1787647206.371804,92,0,0,0
1787647206.5736954,91,0,0,0
1787647206.7687302,94,0,0,0
1787647206.9732313,100,0,0,0
1787647207.1711843,114,0,0,0
1787647207.372637,122,0,0,0
1787647207.5722132,417,0,0,0
1787647207.7680945,596,0,0,0
1787647207.972108,297,0,0,0
1787647208.1916437,91,0,0,0
1787647208.391764,291,0,0,0
1787647208.59295,619,0,0,0
1787647208.7934356,1711,0,0,0
1787647208.9910674,1512,0,0,0
1787647209.185685,1341,0,0,0
1787647209.4103005,1259,0,0,0
1787647209.6108747,1259,0,0,0
1787647209.8034885,1238,0,0,0
1787647209.9996133,1265,0,0,0
1787647210.2118163,1264,0,0,0
1787647210.4299655,1231,0,0,0
1787647210.6223826,1203,0,0,0
1787647210.828157,1204,0,0,0
1787647211.0470006,1216,0,0,0
1787647211.231655,1201,0,0,0
1787647211.4307232,1157,0,0,0
1787647211.6326232,1158,0,0,0
1787647211.8384843,1259,0,0,0
1787647212.0520625,1335,0,0,0
1787647212.24568,1357,0,0,0
1787647212.4516518,1167,0,0,0
1787647212.6435363,1162,0,0,0
1787647212.864509,1266,0,0,0
1787647213.0580857,1377,0,0,0
1787647213.2734582,1254,0,0,0
1787647213.492093,1214,0,0,0
1787647213.692911,1260,0,0,0
1787647213.8914146,1287,0,0,0
1787647214.0957115,1288,0,0,0
1787647214.3097925,1369,0,0,0
1787647214.5082579,1511,0,0,0
1787647214.6758482,2205,0,0,0
1787647214.8838086,3323,0,0,0
1787647215.0852737,2877,0,0,0
1787647215.2914276,2829,0,0,0
1787647215.5104237,2171,0,0,0
1787647215.6975768,1484,0,0,0
1787647215.9058967,1362,0,0,0
1787647216.1130702,1249,0,0,0
1787647216.3116262,1138,0,0,0
1787647216.5008514,1080,0,0,0
1787647216.711241,1027,0,0,0
1787647216.9328728,984,0,0,0
1787647217.1332479,920,0,0,0
1787647217.3264363,871,0,0,0
1787647217.548043,820,0,0,0
1787647217.7608929,765,0,0,0
1787647217.9506867,703,0,0,0
1787647218.1504378,653,0,0,0
1787647218.36149,605,0,0,0
1787647218.5483923,562,0,0,0
1787647218.7727644,528,0,0,0
1787647218.9679127,571,0,0,0
1787647219.1807,718,0,0,0
1787647219.362292,1130,0,0,0
1787647219.5944889,3131,0,0,0
1787647219.8031313,3202,0,0,0
1787647220.008266,3333,0,0,0
1787647220.210593,4029,0,0,0
1787647220.4125524,202,0,0,0
1787647220.6140125,207,0,0,0
1787647220.838852,2759,0,0,0
1787647221.0308537,1358,0,0,0
1787647221.2437387,1058,0,0,0
1787647221.4582758,848,0,0,0
1787647221.6526139,1300,0,0,0
1787647221.8418684,2121,0,0,0
1787647222.0459423,3005,0,0,0
1787647222.2703593,3010,0,0,0
1787647222.4713476,2081,0,0,0
1787647222.6718302,1448,0,0,0
1787647222.861664,1143,0,0,0
1787647223.0657034,776,0,0,0
1787647223.2926557,592,0,0,0
1787647223.483716,534,0,0,0
1787647223.6923742,517,0,0,0
1787647223.9319704,509,0,0,0
1787647224.123891,564,0,0,0
1787647224.3090434,1016,0,0,0
1787647224.5539987,1427,0,0,0
1787647224.7298646,1279,0,0,0
1787647224.9544642,1059,0,0,0
1787647225.132926,1170,0,0,0
1787647225.319956,1820,0,0,0
1787647225.5220551,3903,0,0,0
1787647225.7492254,4085,0,0,0
1787647225.9539967,4118,0,0,0
1787647226.1545968,2545,0,0,0
1787647226.37051,3,0,0,0
1787647274.0047436,2263,0,0,0
1787647274.4172902,2249,0,0,0
1787647274.4246209,2259,0,0,0
1787647274.7452888,2257,0,0,0
1787647274.9452944,2251,0,0,0
1787647275.1436062,2253,0,0,0
1787647275.3583264,2249,0,0,0
1787647275.4522412,2251,0,0,0
1787647275.651676,2260,0,0,0
1787647275.847982,2258,0,0,0
1787647276.0496745,2258,0,0,0
1787647276.2608936,2192,0,0,0
1787647276.4525847,2169,0,0,0
1787647276.6675067,2097,0,0,0
1787647276.869049,2066,0,0,0
1787647277.0708401,2032,0,0,0
1787647277.2727776,1974,0,0,0
1787647277.4819512,1879,0,0,0
1787647277.6901772,1799,0,0,0
1787647277.900608,1707,0,0,0
1787647278.1104307,1628,0,0,0
1787647278.3299706,1558,0,0,0
1787647278.4998653,1480,0,0,0
1787647278.7113268,1422,0,0,0
1787647278.9195318,1367,0,0,0
1787647279.1290011,1315,0,0,0
1787647279.345523,1284,0,0,0
1787647279.5322132,1257,0,0,0
1787647279.725848,1236,0,0,0
1787647279.9342213,1200,0,0,0
1787647280.124813,1177,0,0,0
1787647280.3504467,1150,0,0,0
1787647280.564313,1119,0,0,0
1787647280.7513838,1106,0,0,0
1787647280.9525392,1085,0,0,0
1787647281.1532457,1071,0,0,0
1787647281.3538632,1052,0,0,0
1787647281.5820286,1026,0,0,0
1787647281.773295,1004,0,0,0
1787647281.9670916,981,0,0,0
1787647282.1602724,962,0,0,0
1787647282.3710778,941,0,0,0
1787647282.580222,919,0,0,0
1787647282.7968726,893,0,0,0
1787647282.9890249,864,0,0,0
1787647283.1814275,847,0,0,0
1787647283.3906186,826,0,0,0
1787647283.5994556,802,0,0,0
1787647283.790244,778,0,0,0
1787647283.999305,761,0,0,0
1787647284.2107239,742,0,0,0
1787647284.4196405,722,0,0,0
1787647284.6118848,704,0,0,0
1787647284.8041906,685,0,0,0
1787647285.0276158,668,0,0,0
1787647285.2211504,647,0,0,0
1787647285.4583552,622,0,0,0
1787647285.6544,601,0,0,0
1787647285.850095,584,0,0,0
1787647286.0409658,565,0,0,0
1787647286.2505116,535,0,0,0
1787647286.4613206,511,0,0,0
1787647286.653949,486,0,0,0
1787647286.8489134,460,0,0,0
1787647287.0729299,440,0,0,0
1787647287.2723207,419,0,0,0
1787647287.4680276,394,0,0,0
1787647287.6705513,343,0,0,0
1787647287.8975182,292,0,0,0
1787647288.0900388,256,0,0,0
1787647288.2825785,239,0,0,0
1787647288.4940856,208,0,0,0
1787647288.68343,187,0,0,0
1787647288.90129,170,0,0,0
1787647289.1026754,174,0,0,0
1787647289.2958138,163,0,0,0
1787647289.5094714,181,0,0,0
1787647289.7138681,209,0,0,0
1787647289.936626,263,0,0,0
1787647290.136407,484,0,0,0
1787647290.3300982,1304,0,0,0
1787647290.5314515,1617,0,0,0
1787647290.7340934,1778,0,0,0
1787647290.9436672,2125,0,0,0
1787647291.1530423,2032,0,0,0
1787647291.363542,2284,0,0,0
1787647291.559279,2954,0,0,0
1787647291.7490695,3109,0,0,0
1787647291.9751515,3118,0,0,0
1787647292.1851885,3089,0,0,0
1787647292.394492,2664,0,0,0
1787647292.6195917,2081,0,0,0
1787647292.797377,1857,0,0,0
1787647292.9892237,1836,0,0,0
1787647293.2164867,2002,0,0,0
1787647293.404893,1513,0,0,0
1787647293.6138463,1264,0,0,0
1787647293.8282382,1198,0,0,0
1787647294.018039,1158,0,0,0
1787647294.2537253,1126,0,0,0
1787647294.4318924,1098,0,0,0
1787647294.649695,1077,0,0,0
1787647294.8420064,1047,0,0,0
1787647295.0910122,1027,0,0,0
1787647295.2568557,1009,0,0,0
1787647295.472538,996,0,0,0
1787647295.6764886,988,0,0,0
1787647295.875573,983,0,0,0
1787647296.0702608,983,0,0,0
1787647296.2643254,1007,0,0,0
1787647296.4905083,1313,0,0,0
1787647296.6849225,1694,0,0,0
1787647296.895614,1526,0,0,0
1787647297.0922155,1413,0,0,0
1787647297.3179955,1373,0,0,0
1787647297.511771,1351,0,0,0
1787647297.7381034,1328,0,0,0
1787647297.9165463,1302,0,0,0
1787647298.112038,1304,0,0,0
1787647298.305396,1333,0,0,0
1787647298.5561225,1438,0,0,0
1787647298.7257326,1512,0,0,0
1787647298.958632,1575,0,0,0
1787647299.1488636,939,0,0,0
1787647299.3574395,651,0,0,0
1787647299.5585597,589,0,0,0
1787647299.7443478,530,0,0,0
1787647299.9563465,489,0,0,0
1787647300.1669173,462,0,0,0
1787647300.3755982,442,0,0,0
1787647300.5735183,416,0,0,0
1787647300.7790966,398,0,0,0
1787647300.989866,379,0,0,0
1787647301.1850379,369,0,0,0
1787647301.4168453,359,0,0,0
1787647301.6173124,346,0,0,0
1787647301.832082,337,0,0,0
1787647302.0259595,325,0,0,0
1787647302.227729,314,0,0,0
1787647302.41468,305,0,0,0
1787647302.6184099,291,0,0,0
1787647302.8075647,281,0,0,0
1787647303.0161457,240,0,0,0
1787647303.213852,239,0,0,0
1787647303.4277227,224,0,0,0
1787647303.649989,212,0,0,0
1787647303.8280933,200,0,0,0
1787647304.041117,186,0,0,0
1787647304.235433,178,0,0,0
1787647304.4595954,167,0,0,0
1787647304.6368842,157,0,0,0
1787647304.8507988,144,0,0,0
1787647305.0759416,134,0,0,0
1787647305.2684474,122,0,0,0
1787647305.4761007,111,0,0,0
1787647305.6722739,98,0,0,0
1787647305.8939874,83,0,0,0
1787647306.0985832,72,0,0,0
1787647306.3175254,59,0,0,0
1787647306.497223,42,0,0,0
1787647338.7224734,1686,0,0,0
1787647338.936234,1680,0,0,0
1787647339.1314173,1688,0,0,0
1787647339.3255515,1685,0,0,0
1787647339.5411887,1678,0,0,0
1787647339.7423341,1678,0,0,0
1787647339.9536097,1686,0,0,0
1787647340.1551416,1685,0,0,0
1787647340.4106755,1688,0,0,0
1787647340.5556087,1690,0,0,0
1787647340.749142,1564,0,0,0
1787647340.976162,1324,0,0,0
1787647341.2002754,1185,0,0,0
1787647341.3738568,1060,0,0,0
1787647341.5755224,963,0,0,0
1787647341.7766745,841,0,0,0
1787647341.9944115,670,0,0,0
1787647342.186259,551,0,0,0
1787647342.3898525,443,0,0,0
1787647342.5996137,340,0,0,0
1787647342.7924519,252,0,0,0
1787647343.0121806,179,0,0,0
1787647343.217519,101,0,0,0
1787647343.420077,56,0,0,0
1787647343.6283338,42,0,0,0
1787647355.0942633,1361,0,0,0
1787647355.233813,1423,0,0,0
1787647355.434186,1415,0,0,0
1787647355.6145613,1420,0,0,0
1787647355.8509626,1423,0,0,0
1787647356.0429366,1417,0,0,0
1787647356.2464185,1417,0,0,0
1787647356.5070682,1416,0,0,0
1787647356.6197298,1417,0,0,0
1787647356.8175771,1432,0,0,0
1787647357.0323312,1551,0,0,0
1787647357.2263486,1762,0,0,0
1787647357.4563174,2067,0,0,0
1787647357.6356516,2279,0,0,0
1787647357.8368511,2445,0,0,0
1787647358.0379796,2525,0,0,0
1787647358.2563179,2565,0,0,0
1787647358.4457777,2583,0,0,0
1787647358.6864996,2575,0,0,0
1787647358.873888,2573,0,0,0
1787647359.077358,2553,0,0,0
1787647359.2770476,2533,0,0,0
1787647359.4751494,2502,0,0,0
1787647359.6701348,2475,0,0,0
1787647359.8964188,2425,0,0,0
1787647360.084768,2386,0,0,0
1787647360.3044229,2322,0,0,0
1787647360.4988718,2221,0,0,0
1787647360.706388,2093,0,0,0
1787647360.9175348,1916,0,0,0
1787647361.1120758,1731,0,0,0
1787647361.3159049,1485,0,0,0
1787647361.5111468,1302,0,0,0
1787647361.7179184,1139,0,0,0
1787647361.9123888,1038,0,0,0
1787647362.1175153,971,0,0,0
1787647362.3140476,908,0,0,0
1787647362.5337186,857,0,0,0
1787647362.7263093,821,0,0,0
1787647362.9292352,769,0,0,0
1787647363.1388907,729,0,0,0
1787647363.338435,694,0,0,0
1787647363.5675478,655,0,0,0
1787647363.7598147,619,0,0,0
1787647363.9467416,590,0,0,0
1787647364.1566715,558,0,0,0
1787647364.35422,533,0,0,0
1787647364.5591905,508,0,0,0
1787647364.798582,484,0,0,0
1787647364.9670599,466,0,0,0
1787647365.178414,449,0,0,0
1787647365.3680086,435,0,0,0
1787647365.572777,424,0,0,0
1787647365.7800767,421,0,0,0
1787647365.9750838,422,0,0,0
1787647366.200681,419,0,0,0
1787647366.4078405,426,0,0,0
1787647366.5963142,433,0,0,0
1787647366.7957642,445,0,0,0
1787647367.0218897,468,0,0,0
1787647367.1938155,494,0,0,0
1787647367.409466,521,0,0,0
1787647367.6129854,553,0,0,0
1787647367.813171,601,0,0,0
1787647368.007077,646,0,0,0
1787647368.2181118,660,0,0,0
1787647368.4409304,655,0,0,0
1787647368.6563659,631,0,0,0
1787647368.8292599,559,0,0,0
1787647369.0422418,464,0,0,0
1787647369.2267282,408,0,0,0
1787647369.425506,368,0,0,0
1787647369.6376574,342,0,0,0
1787647369.8518794,332,0,0,0
1787647370.0505908,326,0,0,0
1787647370.2490256,318,0,0,0
1787647370.4571106,334,0,0,0
1787647370.6501348,362,0,0,0
1787647370.8520708,430,0,0,0
1787647371.0577986,560,0,0,0
1787647371.2813597,1170,0,0,0
1787647371.4659104,1611,0,0,0
1787647371.675056,1707,0,0,0
1787647371.8648553,2156,0,0,0
1787647372.106,2032,0,0,0
1787647372.3378403,2016,0,0,0
1787647372.5212648,2152,0,0,0
1787647372.715052,2321,0,0,0
1787647372.9153085,2382,0,0,0
1787647373.1175742,2267,0,0,0
1787647373.3345947,2084,0,0,0
1787647373.5250206,1948,0,0,0
1787647373.733765,1881,0,0,0
1787647373.9394643,1872,0,0,0
1787647374.1595263,1932,0,0,0
1787647374.353419,2036,0,0,0
1787647374.5662277,1955,0,0,0
1787647374.7790673,1604,0,0,0
1787647374.9679432,1377,0,0,0
1787647375.1753874,1294,0,0,0
1787647375.3764544,1231,0,0,0
1787647375.5714567,1204,0,0,0
1787647375.7800019,1170,0,0,0
1787647375.9978824,1134,0,0,0
1787647376.218271,1115,0,0,0
1787647376.3974004,1091,0,0,0
1787647376.6081877,1058,0,0,0
1787647376.8141403,1050,0,0,0
1787647377.020777,1029,0,0,0
1787647377.208212,1031,0,0,0
1787647377.4078104,1020,0,0,0
1787647377.6198952,1028,0,0,0
1787647377.8178673,1096,0,0,0
1787647378.0317104,1535,0,0,0
1787647378.240069,1705,0,0,0
1787647378.4389527,1626,0,0,0
1787647378.6532667,1493,0,0,0
1787647378.8494434,1433,0,0,0
1787647379.0616457,1406,0,0,0
1787647379.2605262,1387,0,0,0
1787647379.4929068,1405,0,0,0
1787647379.6687698,1461,0,0,0
1787647379.8775778,1532,0,0,0
1787647380.0845702,1557,0,0,0
1787647380.2791736,1589,0,0,0
1787647380.4937692,1610,0,0,0
1787647380.6816404,1296,0,0,0
1787647380.899649,904,0,0,0
1787647381.1179426,733,0,0,0
1787647381.3282478,649,0,0,0
1787647381.518649,595,0,0,0
1787647381.7189527,541,0,0,0
1787647381.9148862,522,0,0,0
1787647382.1087513,516,0,0,0
1787647382.3269935,503,0,0,0
1787647382.5362277,492,0,0,0
1787647382.7620962,477,0,0,0
1787647382.942149,463,0,0,0
1787647383.1391594,447,0,0,0
1787647383.3598597,438,0,0,0
1787647383.5555124,425,0,0,0
1787647383.7474895,415,0,0,0
1787647383.9711325,403,0,0,0
1787647384.1773598,393,0,0,0
1787647384.381646,384,0,0,0
1787647384.5768898,369,0,0,0
1787647384.7780066,363,0,0,0
1787647384.9878213,348,0,0,0
1787647385.1977572,341,0,0,0
1787647385.3888159,334,0,0,0
1787647385.621467,319,0,0,0
1787647385.8175566,306,0,0,0
1787647386.0221124,293,0,0,0
1787647386.2208967,260,0,0,0
1787647386.4112172,245,0,0,0
1787647386.6170547,234,0,0,0
1787647386.818325,218,0,0,0
1787647387.0132382,210,0,0,0
1787647387.2193015,197,0,0,0
1787647387.4497151,185,0,0,0
1787647387.6424723,178,0,0,0
1787647387.8327227,162,0,0,0
1787647388.0427976,156,0,0,0
1787647388.2410183,139,0,0,0
1787647388.4563441,129,0,0,0
1787647388.6681395,117,0,0,0
1787647388.8550808,106,0,0,0
1787647389.0533104,93,0,0,0
1787647389.2613153,81,0,0,0
1787647389.4582655,71,0,0,0
1787647389.660106,55,0,0,0
1787656039.2824118,1838,0,0,0
1787656039.303029,1854,0,0,0
1787656039.502622,1842,0,0,0
1787656039.7025025,1848,0,0,0
1787656039.9028294,1849,0,0,0
1787656040.1223655,1850,0,0,0
1787656040.3223617,1848,0,0,0
1787656040.5238335,1850,0,0,0
1787656040.722503,1852,0,0,0
1787656041.112141,1853,0,0,0
1787656041.1213706,1839,0,0,0
1787656041.3427277,1850,0,0,0
1787656041.544862,1848,0,0,0
1787656041.7437966,1854,0,0,0
1787656042.0621307,1850,0,0,0
1787656042.1566603,1850,0,0,0
1787656042.3651593,1847,0,0,0
1787656042.5623965,1848,0,0,0
1787656042.7723963,1853,0,0,0
1787656042.98244,1851,0,0,0
1787656043.171936,1849,0,0,0
1787656043.3820488,1853,0,0,0
1787656043.7850962,1857,0,0,0
1787656044.004385,1855,0,0,0
1787656044.2020707,1852,0,0,0
1787656044.5238247,1851,0,0,0
1787656044.6190672,1859,0,0,0
1787656044.8211074,1858,0,0,0
1787656045.0224185,1858,0,0,0
1787656045.22304,1856,0,0,0
1787656045.404262,1861,0,0,0
1787656045.6371732,1859,0,0,0
1787656045.8484383,1854,0,0,0
1787656046.043698,1859,0,0,0
1787656046.373954,1861,0,0,0
1787656046.451993,1856,0,0,0
1787656046.662282,1861,0,0,0
1787656046.8523338,1859,0,0,0
1787656047.1955016,1848,0,0,0
1787656047.2823336,1857,0,0,0
1787656047.4824429,1848,0,0,0
1787656047.6820974,1847,0,0,0
1787656047.842403,1856,0,0,0
1787656048.1040978,1862,0,0,0
1787656048.2984896,1847,0,0,0
1787656048.5009315,1857,0,0,0
1787656048.7046149,1837,0,0,0
1787656048.8561945,1816,0,0,0
1787656049.1160395,1785,0,0,0
1787656049.322463,1777,0,0,0
1787656049.5286417,1752,0,0,0
1787656049.74246,1716,0,0,0
1787656049.8822103,1698,0,0,0
1787656050.1442966,1678,0,0,0
1787656050.352288,1660,0,0,0
1787656050.555676,1624,0,0,0
1787656050.754601,1593,0,0,0
1787656050.9022102,1565,0,0,0
1787656051.1021786,1282,0,0,0
1787656051.374902,335,0,0,0
1787656051.5761316,106,0,0,0
1787656051.702842,41,0,0,0
1787656051.9793775,46,0,0,0
1787656052.1858714,71,0,0,0
1787656052.3224964,162,0,0,0
1787656052.527204,966,0,0,0
1787656052.7227054,1668,0,0,0
1787656079.0311103,1233,0,0,0
1787656079.223165,1235,0,0,0
1787656079.437398,1240,0,0,0
1787656079.6441836,1234,0,0,0
1787656079.8438818,1233,0,0,0
1787656080.0463238,1239,0,0,0
1787656080.36283,1237,0,0,0
1787656080.442805,1235,0,0,0
1787656080.6545153,1230,0,0,0
1787656080.84214,1234,0,0,0
1787656081.0623775,1240,0,0,0
1787656081.2841408,1233,0,0,0
1787656081.4686844,1236,0,0,0
1787656081.6829078,1233,0,0,0
1787656081.8879733,1237,0,0,0
1787656082.1075954,1236,0,0,0
1787656082.3020234,1236,0,0,0
1787656082.4952152,1241,0,0,0
1787656082.7043588,1234,0,0,0
1787656082.9100068,1235,0,0,0
1787656083.0661814,1237,0,0,0
1787656083.3253398,1237,0,0,0
1787656083.5209653,1238,0,0,0
1787656083.7266893,1237,0,0,0
1787656083.9396734,1233,0,0,0
1787656084.1350794,1237,0,0,0
1787656084.2825558,1239,0,0,0
1787656084.4823148,1237,0,0,0
1787656084.754493,1239,0,0,0
1787656084.9542165,1244,0,0,0
1787656085.1556213,1238,0,0,0
1787656085.3647113,1240,0,0,0
1787656085.5164683,1237,0,0,0
1787656085.7760684,1238,0,0,0
1787656085.924941,1238,0,0,0
1787656086.1860275,1239,0,0,0
1787656086.3923392,1236,0,0,0
1787656086.5440257,1230,0,0,0
1787656086.7959795,1230,0,0,0
1787656087.0036256,1231,0,0,0
1787656087.132132,1232,0,0,0
1787656087.4123747,1235,0,0,0
1787656087.6183667,1235,0,0,0
1787656087.743297,1232,0,0,0
1787656087.9547095,1230,0,0,0
1787656088.1553276,1229,0,0,0
1787656088.4389455,1226,0,0,0
1787656088.5659227,1229,0,0,0
1787656088.8491137,1229,0,0,0
1787656088.982796,1230,0,0,0
1787656133.2823668,1411,0,0,0
1787656133.302954,1412,0,0,0
1787656133.50517,1413,0,0,0
1787656133.7036002,1408,0,0,0
1787656133.902551,1411,0,0,0
1787656134.1124096,1408,0,0,0
1787656134.324242,1408,0,0,0
1787656134.5225372,1412,0,0,0
1787656134.824657,1410,0,0,0
1787656134.9119706,1411,0,0,0
1787656135.1322744,1405,0,0,0
1787656135.3366382,1406,0,0,0
1787656135.544687,1404,0,0,0
1787656135.7224956,1406,0,0,0
1787656135.9478097,1405,0,0,0
1787656136.162989,1407,0,0,0
1787656136.3622103,1406,0,0,0
1787656136.5644734,1408,0,0,0
1787656136.822988,1407,0,0,0
1787656136.9742398,1406,0,0,0
1787656137.182277,1403,0,0,0
1787656137.3828526,1406,0,0,0
1787656137.6921308,1405,0,0,0
1787656137.8023274,1410,0,0,0
1787656138.002303,1408,0,0,0
1787656138.2036395,1404,0,0,0
1787656138.4120302,1409,0,0,0
1787656138.6228151,1408,0,0,0
1787656138.8156273,1403,0,0,0
1787656139.022378,1407,0,0,0
1787656139.2320695,1409,0,0,0
1787656139.4320521,1401,0,0,0
1787656139.6334457,1403,0,0,0
1787656139.8423152,1410,0,0,0
1787656140.1282427,1406,0,0,0
1787656140.2510986,1405,0,0,0
1787656140.462276,1412,0,0,0
1787656140.6645367,1405,0,0,0
1787656140.8654659,1405,0,0,0
1787656141.0721614,1409,0,0,0
1787656141.283093,1407,0,0,0
1787656141.4881516,1410,0,0,0
1787656141.6793888,1406,0,0,0
1787656141.892562,1407,0,0,0
1787656142.0932019,1407,0,0,0
1787656142.3020997,1413,0,0,0
1787656142.5104887,1393,0,0,0
1787656142.7140777,1246,0,0,0
1787656142.912083,1361,0,0,0
1787656143.1228492,1462,0,0,0
1787656143.3224645,1459,0,0,0
1787656143.5296118,1430,0,0,0
1787656143.7380996,1436,0,0,0
1787656143.9423814,1423,0,0,0
1787656144.142428,1402,0,0,0
1787656144.3469827,1398,0,0,0
1787656144.5530481,1387,0,0,0
1787656144.7246485,1373,0,0,0
1787656144.9642715,1361,0,0,0
1787656145.1661568,1344,0,0,0
1787656145.3244474,1321,0,0,0
1787656145.5749824,1293,0,0,0
1787656145.7805007,1280,0,0,0
1787656145.9426057,988,0,0,0
1787656146.1434271,820,0,0,0
1787656146.3921843,1406,0,0,0
1787656146.5987928,336,0,0,0
1787656146.7660224,307,0,0,0
1787656146.9621994,301,0,0,0
1787656147.1632931,259,0,0,0
1787656147.3639355,230,0,0,0
1787656147.5843632,202,0,0,0
1787656147.7929428,174,0,0,0
1787656147.9822686,716,0,0,0
1787656148.182308,724,0,0,0
1787656148.3831136,697,0,0,0
1787656148.6025517,675,0,0,0
1787656148.803768,660,0,0,0
1787656149.0049248,661,0,0,0
1787656149.2028031,638,0,0,0
1787656149.4028702,623,0,0,0
1787656149.602188,602,0,0,0
1787656149.8239217,596,0,0,0
1787656150.0221856,583,0,0,0
1787656150.223593,555,0,0,0
1787656150.4227726,534,0,0,0
1787656150.6642854,521,0,0,0
1787656150.843968,515,0,0,0
1787656151.0425348,495,0,0,0
1787656151.242348,475,0,0,0
1787656151.4421825,463,0,0,0
1787656151.6651046,438,0,0,0
1787656151.8429055,418,0,0,0
1787656152.0625277,404,0,0,0
1787656152.2834737,392,0,0,0
1787656152.477536,368,0,0,0
1787656152.6835465,352,0,0,0
1787656152.9027095,337,0,0,0
1787656153.0843232,315,0,0,0
1787656153.2829528,301,0,0,0
1787656153.5020788,292,0,0,0
1787656153.72227,238,0,0,0
1787656153.9047198,217,0,0,0
1787656154.1044147,197,0,0,0
1787656154.3024793,185,0,0,0
1787656154.5032036,157,0,0,0
1787656154.7029326,138,0,0,0
1787656154.9040344,113,0,0,0
1787656155.1220434,90,0,0,0
1787656155.322415,69,0,0,0
1787656155.6124377,161,0,0,0
1787656155.7290466,137,0,0,0
1787656156.028187,201,0,0,0
1787656156.1822994,347,0,0,0
1787656156.3406017,173,0,0,0
1787656156.5429256,4,0,0,0
1787656156.8390172,61,0,0,0
1787656156.9563177,25,0,0,0
1787656157.1657965,34,0,0,0
1787656157.375156,61,0,0,0
1787656157.660893,69,0,0,0
1787656157.8208914,66,0,0,0
1787656158.075665,62,0,0,0
1787656158.230601,58,0,0,0
1787656158.4720273,61,0,0,0
1787656158.5965958,59,0,0,0
1787656158.8932917,60,0,0,0
1787656159.0471222,60,0,0,0
1787656159.2240474,62,0,0,0
1787656159.4304872,65,0,0,0
1787656159.702581,61,0,0,0
1787656159.8446863,61,0,0,0
1787656160.112235,62,0,0,0
1787656160.2424207,61,0,0,0
1787656160.438464,64,0,0,0
1787656160.7299683,62,0,0,0
1787656160.8641813,65,0,0,0
1787656161.1400156,35,0,0,0
1787656161.2626827,34,0,0,0
1787656161.5427766,33,0,0,0
1787656161.7224278,32,0,0,0
1787656161.9490533,32,0,0,0
1787656162.074796,32,0,0,0
1787656162.2852488,32,0,0,0
1787656162.4968781,31,0,0,0
1787656162.7724586,32,0,0,0
1787656162.9025693,32,0,0,0
1787656163.188545,32,0,0,0
1787656163.333481,30,0,0,0
1787656163.4821672,32,0,0,0
1787656163.7221682,31,0,0,0
1787656163.9660742,30,0,0,0
1787656164.1222677,31,0,0,0
1787656164.3893883,31,0,0,0
1787656164.5488315,31,0,0,0
1787656164.8225386,29,0,0,0
1787656164.9473293,31,0,0,0
1787656165.143365,41,0,0,0
1787656165.4322698,3366,0,0,0
1787656165.6465664,2239,0,0,0
1787656165.7902336,2150,0,0,0
1787656165.9523382,2179,0,0,0
1787656166.2625196,2084,0,0,0
1787656166.4623458,1990,0,0,0
1787656166.592292,1933,0,0,0
1787656166.7889445,1948,0,0,0
1787656166.9824326,2015,0,0,0
1787656167.202392,1993,0,0,0
1787656167.4223862,1980,0,0,0
1787656167.5950866,1828,0,0,0
1787656167.825269,532,0,0,0
1787656167.9994624,1622,0,0,0
1787656168.3028119,1607,0,0,0
1787656168.4386568,859,0,0,0
1787656168.6423914,1382,0,0,0
1787656168.9221509,164,0,0,0
1787656169.0145605,169,0,0,0
1787656169.3263867,59,0,0,0
1787656169.4713316,38,0,0,0
1787656169.6321867,33,0,0,0
1787656169.9461567,36,0,0,0
1787656170.0232494,38,0,0,0
1787656170.2522826,13,0,0,0
1787656170.5521276,26,0,0,0
1787656170.7649612,15,0,0,0
1787656170.89046,50,0,0,0
1787656171.0223272,40,0,0,0
1787656171.3779554,22,0,0,0
1787656171.5860634,59,0,0,0
1787656171.7147346,5,0,0,0
1787656171.9183729,30,0,0,0
1787656172.1221812,36,0,0,0
1787656172.4071133,68,0,0,0
1787656172.524071,25,0,0,0
1787656172.7024517,15,0,0,0
1787656172.92929,15,0,0,0
1787656173.1372194,2,0,0,0
1787656173.3324158,1,0,0,0
1787656173.5524044,10,0,0,0
1787656173.757065,8,0,0,0
1787656174.0421762,4,0,0,0
1787656174.2499726,3,0,0,0
1787656174.367329,6,0,0,0
1787656174.5644603,36,0,0,0
1787656174.7441866,12,0,0,0
1787656174.9723618,16,0,0,0
1787656175.1767924,54,0,0,0
1787656175.3833964,27,0,0,0
1787656175.6044338,67,0,0,0
1787656175.8892324,249,0,0,0
1787656176.013831,211,0,0,0
1787656176.1623232,195,0,0,0
1787656176.4990187,2672,0,0,0
1787656176.7029803,967,0,0,0
1787656176.781977,709,0,0,0
1787656177.045152,1746,0,0,0
1787656177.2134264,2259,0,0,0
1787656177.4396307,2649,0,0,0
1787656177.5864823,2637,0,0,0
1787656177.9323044,2668,0,0,0
1787656178.045062,2614,0,0,0
1787656178.2234056,2608,0,0,0
1787656178.5482967,2586,0,0,0
1787656178.6648383,2391,0,0,0
1787656178.8421416,292,0,0,0
1787656179.0724974,2745,0,0,0
1787656179.232628,2745,0,0,0
1787656179.49817,2763,0,0,0
1787656179.6907694,2763,0,0,0
1787656179.842266,2800,0,0,0
1787656180.0942698,2758,0,0,0
1787656180.3024116,2763,0,0,0
1787656180.5155263,2760,0,0,0
1787656180.724835,2768,0,0,0
1787656180.914182,2742,0,0,0
1787656181.0526621,2746,0,0,0
1787656181.3361342,2796,0,0,0
1787656181.5462468,2746,0,0,0
1787656181.7409437,2790,0,0,0
1787656182.0269794,2759,0,0,0
1787656182.1085923,2793,0,0,0
1787656182.3555698,2745,0,0,0
1787656182.6425023,2758,0,0,0
1787656182.7623606,2749,0,0,0
1787656182.9920156,2764,0,0,0
1787656183.1263115,2787,0,0,0
1787656183.373065,2740,0,0,0
1787656183.5866098,2778,0,0,0
1787656183.7819867,2735,0,0,0
1787656184.0049298,2798,0,0,0
1787656184.2039587,2752,0,0,0
1787656184.4875598,2768,0,0,0
1787656184.6145833,2773,0,0,0
1787656184.802097,2773,0,0,0
1787656185.0229778,2745,0,0,0
1787656185.1423512,2736,0,0,0
1787656185.51213,2783,0,0,0
1787656185.6324763,2731,0,0,0
1787656185.7865076,2789,0,0,0
1787656186.1221015,2775,0,0,0
1787656186.2548308,2759,0,0,0
1787656186.5322573,2793,0,0,0
1787656186.73448,2767,0,0,0
1787656186.8722208,2743,0,0,0
1787656187.0624485,2743,0,0,0
1787656187.2028348,2774,0,0,0
1787656187.5573072,2773,0,0,0
1787656187.67245,2765,0,0,0
1787656187.9679813,2799,0,0,0
1787656188.1021416,2764,0,0,0
1787656188.2523074,2761,0,0,0
1787656188.5038629,2766,0,0,0
1787656188.7824912,2741,0,0,0
1787656188.9046295,2771,0,0,0
1787656189.036595,2755,0,0,0
1787656189.2866197,2757,0,0,0
1787656189.4221878,2766,0,0,0
1787656189.7353323,2766,0,0,0
1787656189.922332,2763,0,0,0
1787656190.1037683,2761,0,0,0
1787656190.3425121,2773,0,0,0
1787656190.5640671,2769,0,0,0
1787656190.7033267,2772,0,0,0
1787656191.0379992,2766,0,0,0
1787656191.1644807,2776,0,0,0
1787656191.3553276,2778,0,0,0
1787656191.462223,2782,0,0,0
1787656191.8581636,614,0,0,0
1787656191.9822106,614,0,0,0
1787656192.1289842,571,0,0,0
1787656192.3920126,609,0,0,0
1787656192.5857377,742,0,0,0
1787656192.7220705,2781,0,0,0
1787656193.0823693,2761,0,0,0
1787656193.102397,2743,0,0,0
1787656193.3022065,2758,0,0,0
1787656193.5025465,2775,0,0,0
1787656193.7023602,2749,0,0,0
1787656193.9186869,2771,0,0,0
1787656194.1223023,2783,0,0,0
1787656194.3223734,2760,0,0,0
1787656194.522715,2777,0,0,0
1787656194.7332835,2782,0,0,0
1787656194.9321208,2777,0,0,0
1787656195.134419,2764,0,0,0
1787656195.343195,2754,0,0,0
1787656195.5631063,2762,0,0,0
1787656195.76248,2779,0,0,0
1787656195.9624476,2750,0,0,0
1787656196.1653965,2751,0,0,0
1787656196.3733664,2780,0,0,0
1787656196.584055,2768,0,0,0
1787656196.78262,2761,0,0,0
1787656196.9772549,2773,0,0,0
1787656197.1820781,2739,0,0,0
1787656197.3919961,2746,0,0,0
1787656197.6019661,2764,0,0,0
1787656197.8042047,2775,0,0,0
1787656198.004115,2765,0,0,0
1787656198.2095535,2769,0,0,0
1787656198.4241562,2767,0,0,0
1787656198.6220515,2772,0,0,0
1787656198.8243828,2726,0,0,0
1787656199.022401,2774,0,0,0
1787656199.232218,2780,0,0,0
1787656199.4421859,2754,0,0,0
1787656199.6414413,2753,0,0,0
1787656199.8523657,2757,0,0,0
1787656200.0067253,2489,0,0,0
1787656200.2524111,2545,0,0,0
1787656200.464549,1490,0,0,0
1787656200.680422,2491,0,0,0
1787656200.8683147,2341,0,0,0
1787656201.0761592,2779,0,0,0
1787656201.2821949,2803,0,0,0
1787656201.4844084,2764,0,0,0
1787656201.6823452,2767,0,0,0
1787656201.8470738,2797,0,0,0
1787656202.1008768,2753,0,0,0
1787656202.242232,2789,0,0,0
1787656202.509173,2776,0,0,0
1787656202.6587698,2765,0,0,0
1787656202.9130087,2784,0,0,0
1787656203.122178,2768,0,0,0
1787656203.3074167,2768,0,0,0
1787656203.4623046,2770,0,0,0
1787656203.7322345,2761,0,0,0
1787656203.943187,2761,0,0,0
1787656204.1457436,2769,0,0,0
1787656204.2820427,2773,0,0,0
1787656204.5549994,2772,0,0,0
1787656204.67269,2744,0,0,0
1787656204.8799112,2773,0,0,0
1787656205.10394,2779,0,0,0
1787656205.2920182,2773,0,0,0
1787656205.5758116,2752,0,0,0
1787656205.704183,2746,0,0,0
1787656205.912447,2759,0,0,0
1787656206.1977224,2774,0,0,0
1787656206.3225195,2761,0,0,0
1787656206.6025028,2767,0,0,0
1787656206.7121823,2790,0,0,0
1787656206.922215,2769,0,0,0
1787656207.142472,2776,0,0,0
1787656207.3426538,2771,0,0,0
1787656207.6226995,2792,0,0,0
1787656207.772524,2757,0,0,0
1787656207.9685755,2760,0,0,0
1787656208.1823335,2775,0,0,0
1787656208.443704,2783,0,0,0
1787656208.6526084,2751,0,0,0
1787656208.7740066,2754,0,0,0
1787656209.0624022,2772,0,0,0
1787656209.2638395,2758,0,0,0
1787656209.4690073,2782,0,0,0
1787656209.6125288,2751,0,0,0
1787656209.8063445,2774,0,0,0
1787656210.0824437,2759,0,0,0
1787656210.2824926,2755,0,0,0
1787656210.492445,2785,0,0,0
1787656210.636827,2738,0,0,0
1787656210.8023229,2777,0,0,0
1787656211.1136832,2743,0,0,0
1787656211.2337153,2775,0,0,0
1787656211.442898,2762,0,0,0
1787656211.64264,2733,0,0,0
1787656211.9224267,2760,0,0,0
1787656212.0676136,2762,0,0,0
1787656212.342299,2769,0,0,0
1787656212.5190175,2739,0,0,0
1787656212.6768858,2778,0,0,0
1787656212.8804212,2774,0,0,0
1787656213.0781956,2778,0,0,0
1787656213.2757053,2769,0,0,0
1787656213.4942956,2782,0,0,0
1787656213.7662385,2759,0,0,0
1787656213.9158983,2726,0,0,0
1787656214.0963058,2753,0,0,0
1787656214.3050497,2769,0,0,0
1787656214.5221665,2749,0,0,0
1787656214.7242794,2760,0,0,0
1787656214.8824315,2742,0,0,0
1787656215.206369,2771,0,0,0
1787656215.3325207,2757,0,0,0
1787656215.4823396,2768,0,0,0
1787656215.8221004,2789,0,0,0
1787656215.9451206,2774,0,0,0
1787656216.1557415,2752,0,0,0
1787656216.3483725,2751,0,0,0
1787656216.644658,2794,0,0,0
1787656216.7650578,2756,0,0,0
1787656217.0469184,2768,0,0,0
1787656217.1952543,2758,0,0,0
1787656217.3825452,2770,0,0,0
1787656217.5623882,2742,0,0,0
1787656217.7892554,2740,0,0,0
1787656218.0054293,2768,0,0,0
1787656218.20244,2771,0,0,0
1787656218.4071622,2789,0,0,0
1787656218.602889,2749,0,0,0
1787656218.822464,2741,0,0,0
1787656219.0320156,2773,0,0,0
1787656219.2122278,2746,0,0,0
1787656219.3728013,2765,0,0,0
1787656219.5757847,2762,0,0,0
1787656219.8332114,2767,0,0,0
1787656219.9735723,2751,0,0,0
1787656220.3258169,2755,0,0,0
1787656220.3449082,2762,0,0,0
1787656220.5421438,2738,0,0,0
1787656220.745754,2781,0,0,0
1787656220.9824588,2760,0,0,0
1787656221.3488681,2736,0,0,0
1787656221.562217,2771,0,0,0
1787656221.7620993,2780,0,0,0
1787656221.9626064,2727,0,0,0
1787656222.1721911,2794,0,0,0
1787656222.3821595,2752,0,0,0
1787656222.5843432,2753,0,0,0
1787656222.7824507,2722,0,0,0
1787656222.9823709,1769,0,0,0
1787656223.2021832,1813,0,0,0
1787656223.397456,1649,0,0,0
1787656223.6037009,1863,0,0,0
1787656223.807734,1979,0,0,0
1787656224.1233673,2764,0,0,0
1787656224.2232175,2768,0,0,0
1787656224.4240975,2746,0,0,0
1787656224.6087456,2750,0,0,0
1787656224.8325577,2794,0,0,0
1787656225.1277075,2751,0,0,0
1787656225.2373915,2761,0,0,0
1787656225.4464867,2761,0,0,0
1787656225.647743,2787,0,0,0
1787656225.862585,2736,0,0,0
1787656226.059502,2797,0,0,0
1787656226.3834765,2751,0,0,0
1787656226.4725459,2786,0,0,0
1787656226.6853852,2737,0,0,0
1787656226.8833842,2746,0,0,0
1787656227.0825434,2775,0,0,0
1787656227.4037669,2745,0,0,0
1787656227.5044868,2767,0,0,0
1787656227.7022898,2762,0,0,0
1787656227.9039848,2727,0,0,0
1787656228.1132853,2721,0,0,0
1787656228.3123593,2576,0,0,0
1787656228.6323228,2778,0,0,0
1787656228.8365583,2790,0,0,0
1787656228.9337246,2906,0,0,0
1787656229.1423774,3023,0,0,0
1787656229.5024915,3171,0,0,0
1787656229.7422755,3069,0,0,0
1787656229.7622645,1101,0,0,0
1787656230.0624719,1754,0,0,0
1787656230.272774,2557,0,0,0
1787656230.4234993,1487,0,0,0
1787656230.6674855,2701,0,0,0
1787656230.8305268,3135,0,0,0
1787656231.177749,4570,0,0,0
1787656231.2975037,3260,0,0,0
1787656231.5139716,2412,0,0,0
1787656231.6647887,2152,0,0,0
1787656231.9021368,1433,0,0,0
1787656232.115986,2290,0,0,0
1787656232.3330796,2025,0,0,0
1787656232.4925742,1970,0,0,0
1787656232.8150136,1840,0,0,0
1787656233.0222762,1757,0,0,0
1787656233.1427066,1744,0,0,0
1787656233.2963097,1754,0,0,0
1787656233.555826,1517,0,0,0
1787656233.6761947,1393,0,0,0
1787656234.0485053,1256,0,0,0
1787656234.1659002,1248,0,0,0
1787656234.3725085,1276,0,0,0
1787656234.4925716,1544,0,0,0
1787656234.6834247,2394,0,0,0
1787656235.002723,2243,0,0,0
1787656235.1463182,1901,0,0,0
1787656235.4755442,2443,0,0,0
1787656235.5629358,3210,0,0,0
1787656235.8025134,2467,0,0,0
1787656236.0323212,2841,0,0,0
1787656236.1824582,2094,0,0,0
1787656236.3472564,2008,0,0,0
1787656236.5827932,2061,0,0,0
1787656236.9156919,2109,0,0,0
1787656237.0358953,1974,0,0,0
1787656237.3245082,1686,0,0,0
1787656237.4439108,1464,0,0,0
1787656237.5778751,1562,0,0,0
1787656237.8029826,1586,0,0,0
1787656238.1173604,1378,0,0,0
1787656238.2400424,1250,0,0,0
1787656238.3634539,1536,0,0,0
1787656238.5620315,1500,0,0,0
1787656238.7949433,1549,0,0,0
1787656239.042091,1537,0,0,0
1787656239.1921961,1525,0,0,0
1787656239.4741662,1455,0,0,0
1787656239.6271214,1423,0,0,0
1787656239.8199291,1431,0,0,0
1787656239.982172,1439,0,0,0
1787656240.1819317,1438,0,0,0
1787656240.438742,1437,0,0,0
1787656240.6165724,1437,0,0,0
1787656240.8053434,1434,0,0,0
1787656241.0775266,1427,0,0,0
1787656241.2403328,1440,0,0,0
1787656241.422255,1432,0,0,0
1787656241.691388,1430,0,0,0
1787656241.850447,1428,0,0,0
1787656242.0224812,1434,0,0,0
1787656242.282348,1430,0,0,0
1787656242.4121351,1432,0,0,0
1787656242.622262,1433,0,0,0
1787656242.8344011,1432,0,0,0
1787656243.102148,1428,0,0,0
1787656243.2579546,1436,0,0,0
1787656243.5020468,1430,0,0,0
1787656243.6622443,1433,0,0,0
1787656243.8719518,1428,0,0,0
1787656244.0823853,1433,0,0,0
1787656244.2822485,1429,0,0,0
1787656244.4967544,1430,0,0,0
1787656244.7036848,1432,0,0,0
1787656244.9008002,1430,0,0,0
1787656245.1071227,1428,0,0,0
1787656245.3080494,1434,0,0,0
1787656245.5122857,1431,0,0,0
1787656245.7304344,1438,0,0,0
1787656245.9325924,1437,0,0,0
1787656246.129773,1429,0,0,0
1787656246.3365333,1435,0,0,0
1787656246.5353496,1433,0,0,0
1787656246.6845267,1433,0,0,0
1787656246.9422657,1427,0,0,0
1787656247.1025274,1431,0,0,0
1787656247.3612444,1431,0,0,0
1787656247.5750215,1434,0,0,0
1787656247.7737305,1430,0,0,0
1787656247.9246633,1435,0,0,0
1787656248.174058,1433,0,0,0
1787656248.3828485,1437,0,0,0
1787656248.5926118,1428,0,0,0
1787656248.792627,1425,0,0,0
1787656248.945074,1435,0,0,0
1787656249.2039757,1428,0,0,0
1787656249.3510725,1427,0,0,0
1787656249.611958,1434,0,0,0
1787656249.815629,1435,0,0,0
1787656250.022463,1426,0,0,0
1787656250.162416,1431,0,0,0
1787656250.4322186,1432,0,0,0
1787656250.6337817,1433,0,0,0
1787656250.8371906,1432,0,0,0
1787656251.0421784,1432,0,0,0
1787656251.172286,1429,0,0,0
1787656251.3858697,1430,0,0,0
1787656251.6626446,1428,0,0,0
1787656251.7870772,1427,0,0,0
1787656261.6964765,1434,0,0,0
1787656261.8234217,1436,0,0,0
1787656262.111079,1433,0,0,0
1787656262.122469,1432,0,0,0
1787656262.322596,1433,0,0,0
1787656262.5277212,1437,0,0,0
1787656262.7772892,1428,0,0,0
1787656263.1186368,1436,0,0,0
1787656263.2453084,1433,0,0,0
1787656263.3424454,1435,0,0,0
1787656263.5432978,1434,0,0,0
1787656263.7422318,1442,0,0,0
1787656263.9521754,1446,0,0,0
1787656264.138117,1444,0,0,0
1787656264.362223,1441,0,0,0
1787656264.5676954,1448,0,0,0
1787656264.8923967,1451,0,0,0
1787656264.9825628,1445,0,0,0
1787656265.1825774,1447,0,0,0
1787656265.3782077,1443,0,0,0
1787656265.702595,1449,0,0,0
1787656265.8025334,1445,0,0,0
1787656266.0022142,1444,0,0,0
1787656266.201622,1448,0,0,0
1787656266.4026463,1449,0,0,0
1787656266.618698,1448,0,0,0
1787656266.8220923,1446,0,0,0
1787656267.0342638,1449,0,0,0
1787656267.2775762,1446,0,0,0
1787656267.4381971,1448,0,0,0
1787656267.642077,1448,0,0,0
1787656267.8324199,1449,0,0,0
1787656268.1659412,1443,0,0,0
1787656268.3190072,1449,0,0,0
1787656268.4522045,1445,0,0,0
1787656268.6630695,1447,0,0,0
1787656268.8657377,1445,0,0,0
1787656269.0637686,1450,0,0,0
1787656269.2833972,1444,0,0,0
1787656269.4775143,1446,0,0,0
1787656269.6574323,1446,0,0,0
1787656269.8923433,1444,0,0,0
1787656270.0888512,1449,0,0,0
1787656270.2921681,1442,0,0,0
1787656270.4970844,1447,0,0,0
1787656270.703493,1450,0,0,0
1787656270.9179718,1448,0,0,0
1787656271.0822346,1449,0,0,0
1787656271.3024628,1428,0,0,0
1787656271.47972,1335,0,0,0
1787656271.7223632,1287,0,0,0
1787656271.9001403,1220,0,0,0
1787656272.1024344,1132,0,0,0
1787656272.3029747,1113,0,0,0
1787656272.5001938,1123,0,0,0
1787656272.7362826,1134,0,0,0
1787656272.9223862,1108,0,0,0
1787656273.16204,998,0,0,0
1787656273.32363,911,0,0,0
1787656273.5621026,855,0,0,0
1787656273.7662241,852,0,0,0
1787656273.962303,860,0,0,0
1787656274.142533,839,0,0,0
1787656274.3442895,720,0,0,0
1787656274.5674715,652,0,0,0
1787656274.8021631,611,0,0,0
1787656275.0081518,590,0,0,0
1787656275.2195992,567,0,0,0
1787656275.4142444,541,0,0,0
1787656275.5809686,520,0,0,0
1787656275.8245237,493,0,0,0
1787656276.0257187,462,0,0,0
1787656276.2229145,438,0,0,0
1787656276.4356582,410,0,0,0
1787656276.6443968,387,0,0,0
1787656276.8485148,358,0,0,0
1787656277.0538664,324,0,0,0
1787656277.199948,300,0,0,0
1787656277.4622858,644,0,0,0
1787656277.6022146,236,0,0,0
1787656277.8243003,1356,0,0,0
1787656278.0761435,725,0,0,0
1787656278.2422214,728,0,0,0
1787656278.4429982,705,0,0,0
1787656278.6420214,668,0,0,0
1787656278.8620958,635,0,0,0
1787656279.06208,595,0,0,0
1787656279.261117,565,0,0,0
1787656279.4621599,529,0,0,0
1787656279.659746,498,0,0,0
1787656279.9023254,468,0,0,0
1787656280.0724266,429,0,0,0
1787656280.2821372,405,0,0,0
1787656280.4823997,367,0,0,0
1787656280.6822426,340,0,0,0
1787656280.9027681,306,0,0,0
1787656281.0808177,254,0,0,0
1787656281.322754,215,0,0,0
1787656281.5029202,182,0,0,0
1787656281.742304,148,0,0,0
1787656281.9160995,114,0,0,0
1787656282.1121395,78,0,0,0
1787656282.378307,53,0,0,0
1787656282.5821536,84,0,0,0
1787656282.7224143,216,0,0,0
1787656282.921312,847,0,0,0
1787656283.1977906,831,0,0,0
1787656283.4044545,830,0,0,0
1787656283.5421662,834,0,0,0
1787656283.7627766,835,0,0,0
1787656284.0157514,836,0,0,0
1787656284.2243643,837,0,0,0
1787656284.3435662,837,0,0,0
1787656284.542805,824,0,0,0
1787656284.7425075,785,0,0,0
1787656284.9832556,751,0,0,0
1787656285.1626058,717,0,0,0
1787656285.3622043,689,0,0,0
1787656285.5598931,670,0,0,0
1787656285.760032,612,0,0,0
1787656285.9626603,577,0,0,0
1787656286.1768174,544,0,0,0
1787656286.3722532,512,0,0,0
1787656286.5820253,486,0,0,0
1787656286.7822943,455,0,0,0
1787656286.982875,423,0,0,0
1787656287.2001765,394,0,0,0
1787656287.4221606,362,0,0,0
1787656287.6188536,332,0,0,0
1787656287.8191407,299,0,0,0
1787656288.0222063,245,0,0,0
1787656288.2190888,208,0,0,0
1787656288.4428072,175,0,0,0
1787656288.6425033,133,0,0,0
1787656288.8421416,99,0,0,0
1787656289.0941312,89,0,0,0
1787656289.2651308,141,0,0,0
1787656289.546912,386,0,0,0
1787656289.7037954,1024,0,0,0
1787656289.8636694,1364,0,0,0
1787656290.0950754,1374,0,0,0
1787656290.2842567,1378,0,0,0
1787656290.5674942,1357,0,0,0
1787656290.7023022,1058,0,0,0
1787656290.9821062,938,0,0,0
1787656291.082502,869,0,0,0
1787656291.2804782,1130,0,0,0
1787656291.4804513,1315,0,0,0
1787656291.683242,1284,0,0,0
1787656291.9022167,1222,0,0,0
1787656292.1020885,1278,0,0,0
1787656292.3024752,1256,0,0,0
1787656292.50327,1227,0,0,0
1787656292.702799,1199,0,0,0
1787656292.92209,1175,0,0,0
1787656293.1374,1152,0,0,0
1787656293.320375,1135,0,0,0
1787656293.5223699,1110,0,0,0
1787656293.7246814,1093,0,0,0
1787656293.9236739,1060,0,0,0
1787656294.16339,1030,0,0,0
1787656294.3426957,1001,0,0,0
1787656294.5391433,969,0,0,0
1787656294.7424347,947,0,0,0
1787656294.9432504,922,0,0,0
1787656295.1572964,897,0,0,0
1787656295.3572752,865,0,0,0
1787656295.6025412,845,0,0,0
1787656295.7836154,826,0,0,0
1787656295.9765246,803,0,0,0
1787656296.1824853,773,0,0,0
1787656296.4228191,750,0,0,0
1787656296.602685,729,0,0,0
1787656296.8038416,711,0,0,0
1787656297.0022879,689,0,0,0
1787656297.2027886,670,0,0,0
1787656297.4022036,647,0,0,0
1787656297.6228263,628,0,0,0
1787656297.8425772,607,0,0,0
1787656298.0223165,585,0,0,0
1787656298.2421558,572,0,0,0
1787656298.4395723,531,0,0,0
1787656298.64247,507,0,0,0
1787656298.842833,475,0,0,0
1787656299.0627496,455,0,0,0
1787656299.2624037,433,0,0,0
1787656299.4837139,410,0,0,0
1787656299.6768615,382,0,0,0
1787656299.8822298,366,0,0,0
1787656300.0823622,339,0,0,0
1787656300.3223076,319,0,0,0
1787656300.4995441,304,0,0,0
1787656300.7021523,253,0,0,0
1787656300.903111,200,0,0,0
1787656301.1009963,174,0,0,0
1787656301.3014276,144,0,0,0
1787656301.5021913,117,0,0,0
1787656301.7445664,90,0,0,0
1787656301.9458508,70,0,0,0
1787656302.2466338,93,0,0,0
1787656302.3550482,110,0,0,0
1787656302.6542454,127,0,0,0
1787656302.7853942,147,0,0,0
1787656303.064599,160,0,0,0
1787656303.182151,189,0,0,0
1787656303.3922353,200,0,0,0
1787656303.6743896,201,0,0,0
1787656303.8024511,199,0,0,0
1787656304.0885222,195,0,0,0
1787656304.2096531,188,0,0,0
1787656304.3836682,183,0,0,0
1787656304.7060874,181,0,0,0
1787656304.8126836,182,0,0,0
1787656305.0483577,180,0,0,0
1787656305.2025797,179,0,0,0
1787656305.4337797,179,0,0,0
1787656305.725106,177,0,0,0
1787656305.8687952,181,0,0,0
1787656306.022389,180,0,0,0
1787656306.3423526,179,0,0,0
1787656306.4445908,180,0,0,0
1787656306.671003,179,0,0,0
1787656306.8423684,178,0,0,0
1787656307.1509233,178,0,0,0
1787656307.366517,177,0,0,0
1787656307.4632742,178,0,0,0
1787656307.7756107,178,0,0,0
1787656307.872397,178,0,0,0
1787656579.3322387,1121,0,0,0
1787656579.5325375,1118,0,0,0
1787656579.733505,1120,0,0,0
1787656579.942471,1123,0,0,0
1787656580.150473,1118,0,0,0
1787656580.362275,1121,0,0,0
1787656580.5544407,1120,0,0,0
1787656580.8743389,1121,0,0,0
1787656580.972363,1120,0,0,0
1787656581.2734485,1113,0,0,0
1787656581.4927747,1119,0,0,0
1787656581.582777,1115,0,0,0
1787656581.872143,1124,0,0,0
1787656581.9926434,1114,0,0,0
1787656582.1983728,1116,0,0,0
1787656582.4022973,1120,0,0,0
1787656582.619611,1116,0,0,0
1787656582.8189535,1122,0,0,0
1787656583.0190866,1118,0,0,0
1787656583.2239652,1117,0,0,0
1787656583.4324317,1117,0,0,0
1787656583.6326594,1118,0,0,0
1787656583.832907,1123,0,0,0
1787656584.15342,1119,0,0,0
1787656584.2577379,1117,0,0,0
1787656584.4521697,1123,0,0,0
1787656584.6525447,1121,0,0,0
1787656584.8584023,1122,0,0,0
1787656585.0655859,1119,0,0,0
1787656585.282222,1123,0,0,0
1787656585.4727073,1124,0,0,0
1787656585.6774604,1115,0,0,0
1787656585.8852925,1114,0,0,0
1787656586.0938458,1114,0,0,0
1787656586.2950215,1105,0,0,0
1787656586.494617,1107,0,0,0
1787656586.7765172,1110,0,0,0
1787656586.907487,1112,0,0,0
1787656587.1125915,1106,0,0,0
1787656587.3161721,1108,0,0,0
1787656587.6360483,1107,0,0,0
1787656587.7182431,1106,0,0,0
1787656587.9324288,1107,0,0,0
1787656588.1387491,1107,0,0,0
1787656588.342458,1112,0,0,0
1787656588.558133,1112,0,0,0
1787656588.7595036,1109,0,0,0
1787656588.9527838,1101,0,0,0
1787656589.1555707,1087,0,0,0
1787656589.3778791,1063,0,0,0
1787656589.579123,1060,0,0,0
1787656589.7736773,1060,0,0,0
1787656590.1849399,1030,0,0,0
1787656590.1921709,1015,0,0,0
1787656590.4730403,1007,0,0,0
1787656590.6003375,994,0,0,0
1787656590.7945719,969,0,0,0
1787656591.0170057,941,0,0,0
1787656591.2079854,935,0,0,0
1787656591.4125888,921,0,0,0
1787656591.614432,873,0,0,0
1787656591.8124785,854,0,0,0
1787656592.0386477,828,0,0,0
1787656592.2322872,800,0,0,0
1787656592.433202,771,0,0,0
1787656592.642624,734,0,0,0
1787656593.0523963,717,0,0,0
1787656593.0579698,1051,0,0,0
1787656593.255387,1208,0,0,0
1787656593.578537,921,0,0,0
1787656593.6732633,768,0,0,0
1787656593.8526824,146,0,0,0
1787656594.0738025,738,0,0,0
1787656594.3324854,868,0,0,0
1787656594.474396,496,0,0,0
1787656594.6924682,686,0,0,0
1787656594.8984318,691,0,0,0
1787656595.1058204,843,0,0,0
1787656595.3031385,729,0,0,0
1787656595.512347,663,0,0,0
1787656595.716811,651,0,0,0
1787656595.9143727,646,0,0,0
1787656596.0930598,646,0,0,0
1787656596.302138,569,0,0,0
1787656596.496127,476,0,0,0
1787656596.6961977,443,0,0,0
1787656596.8981907,397,0,0,0
1787656597.0996404,376,0,0,0
1787656597.2925014,343,0,0,0
1787656597.512598,332,0,0,0
1787656597.7145457,311,0,0,0
1787656597.9401915,282,0,0,0
1787656598.172328,246,0,0,0
1787656598.3761384,402,0,0,0
1787656598.582326,298,0,0,0
1787656598.7858675,1407,0,0,0
1787656598.9195735,697,0,0,0
1787656599.115562,689,0,0,0
1787656599.3195055,664,0,0,0
1787656599.5367174,634,0,0,0
1787656599.7381926,610,0,0,0
1787656599.9392204,591,0,0,0
1787656600.133395,566,0,0,0
1787656600.343009,547,0,0,0
1787656600.5404892,524,0,0,0
1787656600.7330613,502,0,0,0
1787656600.9330912,481,0,0,0
1787656601.2162826,459,0,0,0
1787656601.3551862,437,0,0,0
1787656601.5532813,415,0,0,0
1787656601.7575743,391,0,0,0
1787656601.9579573,371,0,0,0
1787656602.1561875,347,0,0,0
1787656602.3529065,323,0,0,0
1787656602.5830483,304,0,0,0
1787656602.7724082,278,0,0,0
1787656603.0827086,244,0,0,0
1787656603.212619,262,0,0,0
1787656603.4942756,285,0,0,0
1787656603.6185694,313,0,0,0
1787656603.8338816,327,0,0,0
1787656604.1087296,341,0,0,0
1787656604.2371578,347,0,0,0
1787656604.4396782,345,0,0,0
1787656604.6340227,341,0,0,0
1787656604.8424213,335,0,0,0
1787656605.1341462,335,0,0,0
1787656605.2526352,337,0,0,0
1787656605.452422,334,0,0,0
1787656605.6531117,339,0,0,0
1787656605.8832047,335,0,0,0
1787656606.1530936,335,0,0,0
1787656606.3623278,334,0,0,0
1787656606.4826088,336,0,0,0
1787656606.6610253,345,0,0,0
1787656606.8866105,335,0,0,0
1787656607.0560937,346,0,0,0
1787656607.3025339,334,0,0,0
1787656607.4773905,347,0,0,0
1787656607.7034698,347,0,0,0
1787656607.9024618,344,0,0,0
1787656608.2039502,346,0,0,0
1787656608.3331218,344,0,0,0
1787656928.3077025,768,0,0,0
1787656928.5206609,768,0,0,0
1787656928.7124705,768,0,0,0
1787656928.9356732,767,0,0,0
1787656929.2145927,768,0,0,0
1787656929.3245938,769,0,0,0
1787656929.6532714,769,0,0,0
1787656929.8526776,768,0,0,0
1787656929.957861,769,0,0,0
1787656930.1585283,768,0,0,0
1787656930.3599858,768,0,0,0
1787656930.5541708,768,0,0,0
1787656930.7563844,767,0,0,0
1787656930.9583406,768,0,0,0
1787656931.1787572,767,0,0,0
1787656931.37359,769,0,0,0
1787656931.574591,768,0,0,0
1787656931.792504,767,0,0,0
1787656932.0001783,768,0,0,0
1787656932.1929529,768,0,0,0
1787656932.3986206,768,0,0,0
1787656932.6832514,767,0,0,0
1787656932.8037293,768,0,0,0
1787656933.0128891,769,0,0,0
1787656933.2123735,767,0,0,0
1787656933.5427275,768,0,0,0
1787656933.6371014,769,0,0,0
1787656933.8323972,768,0,0,0
1787656934.0322921,768,0,0,0
1787656934.3634784,769,0,0,0
1787656934.4427893,769,0,0,0
1787656934.6501412,768,0,0,0
1787656934.8596895,767,0,0,0
1787656935.0630424,768,0,0,0
1787656935.2625985,768,0,0,0
1787656935.4624896,768,0,0,0
1787656935.6724083,768,0,0,0
1787656935.943335,769,0,0,0
1787656936.0827177,767,0,0,0
1787656936.296381,768,0,0,0
1787656936.492372,768,0,0,0
1787656936.698577,767,0,0,0
1787656936.9140887,768,0,0,0
1787656937.102691,768,0,0,0
1787656937.2792315,768,0,0,0
1787656937.5183635,768,0,0,0
1787656937.7091348,767,0,0,0
1787656937.8923821,759,0,0,0
1787656938.0950103,727,0,0,0
1787656938.2965739,715,0,0,0
1787656938.5182528,689,0,0,0
1787656938.7196143,665,0,0,0
1787656938.9134743,657,0,0,0
1787656939.1355772,607,0,0,0
1787656939.3172767,583,0,0,0
1787656939.541209,560,0,0,0
1787656939.739159,537,0,0,0
1787656939.9527068,518,0,0,0
1787656940.1580157,504,0,0,0
1787656940.3572872,475,0,0,0
1787656940.5732398,465,0,0,0
1787656940.7923534,444,0,0,0
1787656940.9729948,424,0,0,0
1787656941.1789756,401,0,0,0
1787656941.3731258,368,0,0,0
1787656941.5975332,347,0,0,0
1787656941.8176951,324,0,0,0
1787656942.0155723,301,0,0,0
1787656942.21228,253,0,0,0
1787656942.4247055,226,0,0,0
1787656942.6421897,245,0,0,0
1787656942.8576157,451,0,0,0
1787656943.0455804,993,0,0,0
1787656943.2566462,924,0,0,0
1787656943.4576602,933,0,0,0
1787656943.6733224,933,0,0,0
1787656943.8663664,930,0,0,0
1787656944.063596,888,0,0,0
1787656944.3327463,843,0,0,0
1787656944.4549713,778,0,0,0
1787656944.6600332,698,0,0,0
1787656944.86041,667,0,0,0
1787656945.0670815,643,0,0,0
1787656945.2537236,616,0,0,0
1787656945.4757857,578,0,0,0
1787656945.6769273,565,0,0,0
1787656945.872562,532,0,0,0
1787656946.072585,516,0,0,0
1787656946.2982695,491,0,0,0
1787656946.493388,469,0,0,0
1787656946.717103,443,0,0,0
1787656946.9156303,420,0,0,0
1787656947.1190562,400,0,0,0
1787656947.3178709,377,0,0,0
1787656947.5325696,359,0,0,0
1787656947.7327118,338,0,0,0
1787656947.9330885,319,0,0,0
1787656948.1331246,296,0,0,0
1787656948.3726552,296,0,0,0
1787656948.5744364,458,0,0,0
1787656948.7943556,809,0,0,0
1787656948.9826157,667,0,0,0
1787656949.1557035,57,0,0,0
1787656949.3929687,33,0,0,0
1787656949.598603,763,0,0,0
1787656949.8026955,1715,0,0,0
1787656950.0095847,315,0,0,0
1787656950.15643,272,0,0,0
1787656950.4132469,1853,0,0,0
1787656950.6226823,5958,0,0,0
1787656950.8293164,5217,0,0,0
1787656951.0327141,4266,0,0,0
1787656951.2389057,3144,0,0,0
1787656951.442725,2993,0,0,0
1787656951.6423695,2683,0,0,0
1787656951.7999275,1820,0,0,0
1787656952.1241508,863,0,0,0
1787656952.2726536,1075,0,0,0
1787656952.4092016,1070,0,0,0
1787656952.6122987,1047,0,0,0
1787656952.821328,147,0,0,0
1787656953.0760794,721,0,0,0
1787656953.29252,675,0,0,0
1787656953.432547,721,0,0,0
1787656953.6962883,791,0,0,0
1787656953.8398514,15,0,0,0
1787656954.0723991,529,0,0,0
1787656954.3126569,10,0,0,0
1787656954.5130634,947,0,0,0
1787656954.7191668,5,0,0,0
1787656954.9245162,18,0,0,0
1787656955.0594711,20,0,0,0
1787656955.3324673,19,0,0,0
1787656955.4598944,1720,0,0,0
1787656955.696245,3,0,0,0
1787656955.946068,51,0,0,0
1787656956.1537006,6496,0,0,0
1787656956.299563,40,0,0,0
1787656956.5640855,1368,0,0,0
1787656956.6956654,43,0,0,0
1787656956.8980181,5596,0,0,0
1787656957.103554,6159,0,0,0
1787656957.3831146,65534,0,0,0
1787656957.573055,65534,0,0,0
1787656957.794755,565,0,0,0
1787656957.9927554,579,0,0,0
1787656958.2010944,589,0,0,0
1787656958.4025524,597,0,0,0
1787656958.5397575,614,0,0,0
1787656958.8132777,609,0,0,0
1787656959.0210571,642,0,0,0
1787656959.154321,899,0,0,0
1787656959.4300454,992,0,0,0
1787656959.550244,1004,0,0,0
1787656959.7446768,1010,0,0,0
1787656959.9598076,1012,0,0,0
1787656960.1678884,1012,0,0,0
1787656960.3623724,1012,0,0,0
1787656960.5728564,1014,0,0,0
1787656960.8627694,1010,0,0,0
1787656960.9832082,1013,0,0,0
1787656961.203375,1013,0,0,0
1787656961.4167454,1016,0,0,0
1787656961.6141117,1014,0,0,0
1787656961.8133116,1016,0,0,0
1787656962.0628018,1016,0,0,0
1787656962.2627614,1017,0,0,0
1787656962.5061455,1016,0,0,0
1787656962.6193886,937,0,0,0
1787657026.6026738,762,0,0,0
1787657026.734476,762,0,0,0
1787657027.0124462,763,0,0,0
1787657027.1424842,764,0,0,0
1787657027.3394177,763,0,0,0
1787657027.6310706,763,0,0,0
1787657027.7474723,763,0,0,0
1787657028.0454206,764,0,0,0
1787657028.1837153,763,0,0,0
1787657028.3398252,763,0,0,0
1787657028.5829046,763,0,0,0
1787657028.7628071,764,0,0,0
1787657028.9722836,764,0,0,0
1787657029.179035,763,0,0,0
1787657029.359747,764,0,0,0
1787657029.6723955,764,0,0,0
1787657029.7923708,763,0,0,0
1787657029.9934223,764,0,0,0
1787657030.2026136,765,0,0,0
1787657030.372563,762,0,0,0
1787657030.7028458,764,0,0,0
1787657030.8430707,764,0,0,0
1787657030.9933832,763,0,0,0
1787657031.2379262,764,0,0,0
1787657031.4542334,764,0,0,0
1787657031.6310272,763,0,0,0
1787657031.838491,762,0,0,0
1787657032.052384,764,0,0,0
1787657032.2483904,763,0,0,0
1787657032.5423436,764,0,0,0
1787657032.682423,765,0,0,0
1787657032.8880384,763,0,0,0
1787657033.0397496,763,0,0,0
1787657033.254989,764,0,0,0
1787657033.5634785,764,0,0,0
1787657033.6831276,762,0,0,0
1787657033.8824549,764,0,0,0
1787657034.1726377,765,0,0,0
1787657034.2623327,764,0,0,0
1787657034.5122364,763,0,0,0
1787657034.712586,765,0,0,0
1787657034.908301,764,0,0,0
1787657035.0925393,763,0,0,0
1787657035.2782435,764,0,0,0
1787657035.5259767,764,0,0,0
1787657035.678464,763,0,0,0
1787657035.8729148,759,0,0,0
1787657036.081013,722,0,0,0
1787657036.2759156,704,0,0,0
1787657036.4765728,681,0,0,0
1787657036.6998553,662,0,0,0
1787657036.9003193,625,0,0,0
1787657037.098798,597,0,0,0
1787657037.31322,575,0,0,0
1787657037.5222423,548,0,0,0
1787657037.7380867,527,0,0,0
1787657037.9345136,500,0,0,0
1787657038.1360524,477,0,0,0
1787657038.338463,454,0,0,0
1787657038.5526605,431,0,0,0
1787657038.7589493,410,0,0,0
1787657038.9568806,389,0,0,0
1787657039.1728828,365,0,0,0
1787657039.4024248,345,0,0,0
1787657039.5735118,323,0,0,0
1787657039.799886,300,0,0,0
1787657040.0725746,286,0,0,0
1787657040.3024547,308,0,0,0
1787657040.4226708,1142,0,0,0
1787657040.6435041,666,0,0,0
1787657040.795817,124,0,0,0
1787657041.1448212,627,0,0,0
1787657041.2521539,916,0,0,0
1787657041.4347444,205,0,0,0
1787657041.6699748,146,0,0,0
1787657041.8268452,143,0,0,0
1787657042.1702273,143,0,0,0
1787657042.2927268,142,0,0,0
1787657042.492496,140,0,0,0
1787657042.7861512,143,0,0,0
1787657042.9089441,143,0,0,0
1787657043.0602205,144,0,0,0
1787657043.30301,157,0,0,0
1787657043.6008441,300,0,0,0
1787657043.7250407,867,0,0,0
1787657043.8387027,676,0,0,0
1787657044.0605516,662,0,0,0
1787657044.2924166,634,0,0,0
1787657044.4976883,621,0,0,0
1787657044.7044697,590,0,0,0
1787657044.8796475,577,0,0,0
1787657045.080288,540,0,0,0
1787657045.28273,509,0,0,0
1787657045.502305,488,0,0,0
1787657045.6927137,466,0,0,0
1787657045.9129145,444,0,0,0
1787657046.1023378,421,0,0,0
1787657046.3407056,400,0,0,0
1787657046.517757,379,0,0,0
1787657046.717275,356,0,0,0
1787657046.9372344,335,0,0,0
1787657047.1411402,311,0,0,0
1787657047.3411155,295,0,0,0
1787657047.5383286,287,0,0,0
1787657047.8123722,439,0,0,0
1787657047.9403589,1059,0,0,0
1787657048.2249408,143,0,0,0
1787657048.3795621,133,0,0,0
1787657048.6827047,145,0,0,0
1787657048.9265888,163,0,0,0
1787657049.0595922,178,0,0,0
1787657049.2624116,195,0,0,0
1787657049.3991816,215,0,0,0
1787657049.653307,225,0,0,0
1787657049.8623176,233,0,0,0
1787657050.0751247,237,0,0,0
1787657050.273897,236,0,0,0
1787657050.3983753,235,0,0,0
1787657050.6925533,235,0,0,0
1787657050.8845503,234,0,0,0
1787657051.0346413,236,0,0,0
1787657051.3471794,235,0,0,0
1787657051.4740791,236,0,0,0
1787657051.7197552,234,0,0,0
1787657051.932952,234,0,0,0
1787657052.2043684,230,0,0,0
1787657052.3291872,232,0,0,0
1787657052.5307684,234,0,0,0
1787657052.6759193,231,0,0,0
1787657053.0211213,232,0,0,0
1787657053.143176,242,0,0,0
1787657053.4266572,230,0,0,0
1787657053.4735081,231,0,0,0
1787657053.7535102,231,0,0,0
1787657053.9671414,231,0,0,0
1787657054.1528506,243,0,0,0
1787657097.8824084,687,0,0,0
1787657098.0828364,685,0,0,0
1787657098.2828567,685,0,0,0
1787657098.4848924,686,0,0,0
1787657098.7023928,687,0,0,0
1787657099.0957289,688,0,0,0
1787657099.4325407,687,0,0,0
1787657099.6123588,684,0,0,0
1787657099.766371,684,0,0,0
1787657099.9227004,686,0,0,0
1787657100.12535,686,0,0,0
1787657100.3326643,685,0,0,0
1787657100.5333624,686,0,0,0
1787657100.7396662,686,0,0,0
1787657100.9488935,688,0,0,0
1787657101.1627648,685,0,0,0
1787657101.35663,687,0,0,0
1787657101.55851,684,0,0,0
1787657101.7656715,684,0,0,0
1787657101.9727228,685,0,0,0
1787657102.1425266,688,0,0,0
1787657102.3674316,683,0,0,0
1787657102.5828001,685,0,0,0
1787657102.7897177,685,0,0,0
1787657102.99264,686,0,0,0
1787657103.1994708,687,0,0,0
1787657103.4128914,684,0,0,0
1787657103.6029184,684,0,0,0
1787657103.8027442,683,0,0,0
1787657103.9626777,683,0,0,0
1787657104.2173216,685,0,0,0
1787657104.4254353,689,0,0,0
1787657104.632517,683,0,0,0
1787657104.8323293,685,0,0,0
1787657105.0425553,685,0,0,0
1787657105.1822217,686,0,0,0
1787657105.4524944,686,0,0,0
1787657105.5822906,685,0,0,0
1787657105.7758744,682,0,0,0
1787657105.9815254,685,0,0,0
1787657106.2677257,686,0,0,0
1787657106.4743114,682,0,0,0
1787657106.6758187,683,0,0,0
1787657106.8842518,686,0,0,0
1787657107.0222204,686,0,0,0
1787657107.2138243,658,0,0,0
1787657107.41892,633,0,0,0
1787657107.6421924,614,0,0,0
1787657107.8426669,592,0,0,0
1787657108.0366404,576,0,0,0
1787657108.2548175,554,0,0,0
1787657108.460671,534,0,0,0
1787657108.682098,509,0,0,0
1787657108.8921993,492,0,0,0
1787657109.083413,462,0,0,0
1787657109.2825096,442,0,0,0
1787657109.4822457,419,0,0,0
1787657109.7021973,393,0,0,0
1787657109.882616,374,0,0,0
1787657110.1211843,352,0,0,0
1787657110.2923176,328,0,0,0
1787657110.4922097,309,0,0,0
1787657110.722195,286,0,0,0
1787657110.9223175,240,0,0,0
1787657111.124969,206,0,0,0
1787657111.3365088,201,0,0,0
1787657111.5232582,170,0,0,0
1787657111.796363,147,0,0,0
1787657111.9923196,196,0,0,0
1787657112.210253,2431,0,0,0
1787657112.3348734,815,0,0,0
1787657112.5409567,797,0,0,0
1787657112.7622561,777,0,0,0
1787657112.9615817,754,0,0,0
1787657113.1922686,738,0,0,0
1787657113.4052358,714,0,0,0
1787657113.5783744,698,0,0,0
1787657113.7922096,675,0,0,0
1787657113.9825644,656,0,0,0
1787657114.1841674,635,0,0,0
1787657114.4032993,601,0,0,0
1787657114.6026587,572,0,0,0
1787657114.820694,553,0,0,0
1787657114.9926147,528,0,0,0
1787657115.2220461,503,0,0,0
1787657115.4223404,484,0,0,0
1787657115.6211092,461,0,0,0
1787657115.81365,444,0,0,0
1787657116.0266275,420,0,0,0
1787657116.2223496,401,0,0,0
1787657116.4430892,379,0,0,0
1787657116.6226857,357,0,0,0
1787657116.8228166,329,0,0,0
1787657117.0404782,308,0,0,0
1787657117.263321,284,0,0,0
1787657117.4428275,264,0,0,0
1787657117.6626916,219,0,0,0
1787657117.8430574,193,0,0,0
1787657118.1452954,183,0,0,0
1787657118.2913468,251,0,0,0
1787657118.4587944,1400,0,0,0
1787657118.6827934,679,0,0,0
1787657118.8626945,681,0,0,0
1787657119.082766,675,0,0,0
1787657119.3045347,631,0,0,0
1787657119.502549,606,0,0,0
1787657119.7029204,577,0,0,0
1787657119.902624,560,0,0,0
1787657120.1226456,534,0,0,0
1787657120.3223467,513,0,0,0
1787657120.5624132,493,0,0,0
1787657120.7634437,470,0,0,0
1787657120.9529462,450,0,0,0
1787657121.1624055,423,0,0,0
1787657121.36266,402,0,0,0
1787657121.564349,379,0,0,0
1787657121.7630208,358,0,0,0
1787657121.9636226,331,0,0,0
1787657122.202512,309,0,0,0
1787657122.3828657,286,0,0,0
1787657122.583853,236,0,0,0
1787657122.82251,216,0,0,0
1787657122.983153,192,0,0,0
1787657123.2701924,169,0,0,0
1787657123.3987215,201,0,0,0
1787657123.6050634,370,0,0,0
1787657123.8801382,1538,0,0,0
1787657124.026607,1457,0,0,0
1787657124.2173383,1450,0,0,0
1787657124.4224508,1416,0,0,0
1787657124.6226623,1400,0,0,0
1787657124.8223152,1382,0,0,0
1787657125.0223925,1362,0,0,0
1787657125.2233791,1338,0,0,0
1787657125.4230518,1319,0,0,0
1787657125.6424882,1297,0,0,0
1787657125.8525703,1275,0,0,0
1787657126.0421898,1257,0,0,0
1787657126.2377195,1234,0,0,0
1787657126.4432995,1215,0,0,0
1787657126.6625414,1194,0,0,0
1787657126.864724,1174,0,0,0
1787657127.063168,1154,0,0,0
1787657127.263797,1134,0,0,0
1787657127.4824517,1115,0,0,0
1787657127.661561,1096,0,0,0
1787657127.8750794,1079,0,0,0
1787657128.1024945,1056,0,0,0
1787657128.2829273,1035,0,0,0
1787657128.502589,1015,0,0,0
1787657128.7224867,986,0,0,0
1787657128.9025538,963,0,0,0
1787657129.1227643,944,0,0,0
1787657129.3025453,921,0,0,0
1787657129.5226386,904,0,0,0
1787657129.7233338,886,0,0,0
1787657129.9411302,865,0,0,0
1787657130.122542,847,0,0,0
1787657130.3224132,824,0,0,0
1787657130.5431428,805,0,0,0
1787657130.7425086,784,0,0,0
1787657130.937652,762,0,0,0
1787657131.160967,742,0,0,0
1787657131.3525577,721,0,0,0
1787657131.562332,701,0,0,0
1787657131.7625847,679,0,0,0
1787657131.9629886,661,0,0,0
1787657132.1683803,631,0,0,0
1787657132.3634374,607,0,0,0
1787657132.5631242,579,0,0,0
1787657132.8060956,550,0,0,0
1787657133.002449,529,0,0,0
1787657133.1862488,505,0,0,0
1787657133.4022415,485,0,0,0
1787657133.5827315,463,0,0,0
1787657133.814682,441,0,0,0
1787657134.0038369,419,0,0,0
1787657134.2025821,398,0,0,0
1787657134.423251,374,0,0,0
1787657134.6226184,355,0,0,0
1787657134.8053036,333,0,0,0
1787657135.0223746,310,0,0,0
1787657135.223335,290,0,0,0
1787657135.4427032,266,0,0,0
1787657135.6230512,220,0,0,0
1787657135.8424273,193,0,0,0
1787657136.1149094,176,0,0,0
1787657136.2725832,237,0,0,0
1787657136.582593,602,0,0,0
1787657136.7832057,655,0,0,0
1787657136.8628147,667,0,0,0
1787657137.0427866,664,0,0,0
1787657137.2425463,633,0,0,0
1787657137.463633,607,0,0,0
1787657137.6624966,576,0,0,0
1787657137.8797302,550,0,0,0
1787657138.062335,526,0,0,0
1787657138.2622402,505,0,0,0
1787657138.4626436,484,0,0,0
1787657138.6826267,463,0,0,0
1787657138.882297,441,0,0,0
1787657139.1029258,418,0,0,0
1787657139.283368,399,0,0,0
1787657139.5036428,376,0,0,0
1787657139.703354,355,0,0,0
1787657139.9256577,333,0,0,0
1787657140.1240256,309,0,0,0
1787657140.3228714,284,0,0,0
1787657140.542235,261,0,0,0
1787657140.7684093,213,0,0,0
1787657140.9425285,187,0,0,0
1787657141.2123744,177,0,0,0
1787657141.3727608,189,0,0,0
1787657141.616414,204,0,0,0
1787657141.763255,220,0,0,0
1787657142.0248249,231,0,0,0
1787657142.2367072,245,0,0,0
1787657142.3798442,260,0,0,0
1787657142.6237028,267,0,0,0
1787657142.8370316,265,0,0,0
1787657142.9836633,268,0,0,0
1787657143.2762144,257,0,0,0
1787657143.4342563,255,0,0,0
1787657143.6566815,265,0,0,0
1787657143.8137887,258,0,0,0
1787657144.1527758,257,0,0,0
1787657144.2791972,257,0,0,0
1787657144.476095,257,0,0,0
1787657144.7691572,265,0,0,0
1787657144.872469,264,0,0,0
1787657145.1007798,268,0,0,0
1787657145.386378,266,0,0,0
1787657145.5203934,266,0,0,0
1787657145.7141252,268,0,0,0
1787657145.8885615,267,0,0,0
1787657146.2025046,266,0,0,0
1787657146.3445096,265,0,0,0
1787657146.554053,265,0,0,0
1787657146.7427597,265,0,0,0
1787657146.9062827,266,0,0,0
1787657247.0871146,764,0,0,0
1787657247.1731384,763,0,0,0
1787657247.3826072,764,0,0,0
1787657247.5798066,764,0,0,0
1787657247.9074469,764,0,0,0
1787657248.1081991,763,0,0,0
1787657248.2025733,766,0,0,0
1787657248.402391,763,0,0,0
1787657248.7082896,765,0,0,0
1787657248.802883,764,0,0,0
1787657249.0203578,765,0,0,0
1787657249.2204444,763,0,0,0
1787657249.420165,764,0,0,0
1787657249.7047005,763,0,0,0
1787657249.8324907,763,0,0,0
1787657250.0425098,763,0,0,0
1787657250.2425792,765,0,0,0
1787657250.562532,764,0,0,0
1787657250.6426187,763,0,0,0
1787657250.859321,765,0,0,0
1787657251.0586677,764,0,0,0
1787657251.3848765,764,0,0,0
1787657251.486392,763,0,0,0
1787657251.672956,763,0,0,0
1787657251.8813424,763,0,0,0
1787657252.0890048,764,0,0,0
1787657252.2882137,763,0,0,0
1787657252.5025516,763,0,0,0
1787657252.7002814,764,0,0,0
1787657252.9049299,765,0,0,0
1787657253.1067636,765,0,0,0
1787657253.323088,762,0,0,0
1787657253.521751,759,0,0,0
1787657253.7225385,754,0,0,0
1787657253.9326024,753,0,0,0
1787657254.0824602,754,0,0,0
1787657254.3366246,754,0,0,0
1787657254.5425224,755,0,0,0
1787657254.7482266,756,0,0,0
1787657254.962387,754,0,0,0
1787657255.124614,754,0,0,0
1787657255.3626266,754,0,0,0
1787657255.5634475,754,0,0,0
1787657255.7687378,754,0,0,0
1787657255.9752212,755,0,0,0
1787657256.1423826,755,0,0,0
1787657256.3329651,728,0,0,0
1787657256.5611346,706,0,0,0
1787657256.75951,687,0,0,0
1787657256.9824429,662,0,0,0
1787657257.1826637,630,0,0,0
1787657257.4026506,599,0,0,0
1787657257.602643,577,0,0,0
1787657257.8023036,553,0,0,0
1787657258.042279,529,0,0,0
1787657258.2142994,508,0,0,0
1787657258.412763,484,0,0,0
1787657258.6228528,459,0,0,0
1787657258.8226166,437,0,0,0
1787657259.0429537,414,0,0,0
1787657259.2388272,390,0,0,0
1787657259.4613578,366,0,0,0
1787657259.662377,345,0,0,0
1787657259.86253,320,0,0,0
1787657260.0784805,293,0,0,0
1787657260.2808444,245,0,0,0
1787657260.4831018,226,0,0,0
1787657260.6833644,204,0,0,0
1787657260.882841,178,0,0,0
1787657261.1027517,154,0,0,0
1787657261.3024228,178,0,0,0
1787657261.511999,2456,0,0,0
1787657261.7025723,815,0,0,0
1787657261.9178045,794,0,0,0
1787657262.1223614,783,0,0,0
1787657262.3023882,753,0,0,0
1787657262.5160878,741,0,0,0
1787657262.7231407,714,0,0,0
1787657262.9256017,698,0,0,0
1787657263.1200848,676,0,0,0
1787657263.3424778,656,0,0,0
1787657263.562414,621,0,0,0
1787657263.76266,592,0,0,0
1787657263.95851,568,0,0,0
1787657264.1825094,546,0,0,0
1787657264.380844,523,0,0,0
1787657264.622559,501,0,0,0
1787657264.7782605,482,0,0,0
1787657264.9924471,457,0,0,0
1787657265.1772985,447,0,0,0
1787657265.3931649,425,0,0,0
1787657265.6227014,395,0,0,0
1787657265.8211095,373,0,0,0
1787657266.0226996,351,0,0,0
1787657266.2366288,326,0,0,0
1787657266.447531,307,0,0,0
1787657266.6427226,282,0,0,0
1787657266.8328376,235,0,0,0
1787657267.058253,214,0,0,0
1787657267.2630007,184,0,0,0
1787657267.5813656,169,0,0,0
1787657267.6624162,245,0,0,0
1787657267.8555298,1714,0,0,0
1787657268.2606945,708,0,0,0
1787657268.299725,704,0,0,0
1787657268.5003939,694,0,0,0
1787657268.7024086,662,0,0,0
1787657268.900019,637,0,0,0
1787657269.102366,603,0,0,0
1787657269.300401,590,0,0,0
1787657269.522781,567,0,0,0
1787657269.6959722,538,0,0,0
1787657269.8924694,516,0,0,0
1787657270.116359,493,0,0,0
1787657270.3229036,472,0,0,0
1787657270.5366707,449,0,0,0
1787657270.7589755,424,0,0,0
1787657270.933046,402,0,0,0
1787657271.1649394,382,0,0,0
1787657271.3784082,357,0,0,0
1787657271.5623846,336,0,0,0
1787657271.761159,314,0,0,0
1787657271.976672,290,0,0,0
1787657272.1612132,238,0,0,0
1787657272.3825781,210,0,0,0
1787657272.6027153,186,0,0,0
1787657272.8927,163,0,0,0
1787657273.17618,188,0,0,0
1787657273.3000543,1398,0,0,0
1787657273.6025827,1334,0,0,0
1787657273.8129425,1323,0,0,0
1787657274.0139914,1291,0,0,0
1787657274.2224884,1277,0,0,0
1787657274.4178634,1255,0,0,0
1787657274.622522,1232,0,0,0
1787657274.8222547,1217,0,0,0
1787657275.0224915,1192,0,0,0
1787657275.244225,1177,0,0,0
1787657275.442938,1147,0,0,0
1787657275.642691,1130,0,0,0
1787657275.842527,1107,0,0,0
1787657276.0699034,1086,0,0,0
1787657276.264088,1064,0,0,0
1787657276.4639232,1048,0,0,0
1787657276.6824403,1025,0,0,0
1787657276.9220672,1001,0,0,0
1787657277.1023653,978,0,0,0
1787657277.3027859,959,0,0,0
1787657277.5023823,938,0,0,0
1787657277.7223957,918,0,0,0
1787657277.9182935,897,0,0,0
1787657278.1160376,874,0,0,0
1787657278.3632052,854,0,0,0
1787657278.5579808,834,0,0,0
1787657278.7633018,813,0,0,0
1787657278.9543052,792,0,0,0
1787657279.1725848,768,0,0,0
1787657279.3526733,750,0,0,0
1787657279.5827458,725,0,0,0
1787657279.797629,703,0,0,0
1787657279.9895718,681,0,0,0
1787657280.1796818,663,0,0,0
1787657280.3813767,648,0,0,0
1787657280.6267729,602,0,0,0
1787657280.825537,577,0,0,0
1787657281.0005145,553,0,0,0
1787657281.202283,531,0,0,0
1787657281.4225423,510,0,0,0
1787657281.642711,487,0,0,0
1787657281.8624074,461,0,0,0
1787657282.0426967,441,0,0,0
1787657282.2624502,418,0,0,0
1787657282.4546182,394,0,0,0
1787657282.656415,372,0,0,0
1787657282.8806725,351,0,0,0
1787657283.0966249,329,0,0,0
1787657283.2824898,307,0,0,0
1787657283.4823282,284,0,0,0
1787657283.7400787,234,0,0,0
1787657283.922688,213,0,0,0
1787657284.1167724,191,0,0,0
1787657284.4426646,178,0,0,0
1787657284.6443744,246,0,0,0
1787657284.7632709,538,0,0,0
1787657284.984985,743,0,0,0
1787657285.1427503,744,0,0,0
1787657285.3382726,734,0,0,0
1787657285.5398622,703,0,0,0
1787657285.7426338,692,0,0,0
1787657285.9592545,661,0,0,0
1787657286.1789863,649,0,0,0
1787657286.3597078,606,0,0,0
1787657286.5624826,580,0,0,0
1787657286.7726834,554,0,0,0
1787657286.9680395,529,0,0,0
1787657287.1625211,504,0,0,0
1787657287.3825822,484,0,0,0
1787657287.582687,458,0,0,0
1787657287.7828257,437,0,0,0
1787657287.996247,421,0,0,0
1787657288.2028368,402,0,0,0
1787657288.397781,381,0,0,0
1787657288.5997007,350,0,0,0
1787657288.8014863,337,0,0,0
1787657289.0253272,314,0,0,0
1787657289.2127252,292,0,0,0
1787657289.402497,246,0,0,0
1787657289.5986023,215,0,0,0
1787657289.842735,190,0,0,0
1787657290.1226497,172,0,0,0
1787657290.2841904,189,0,0,0
1787657290.587685,201,0,0,0
1787657290.7066984,216,0,0,0
1787657290.9499323,229,0,0,0
1787657291.082702,245,0,0,0
1787657291.242719,258,0,0,0
1787657291.6098325,262,0,0,0
1787657291.728092,263,0,0,0
1787657291.8791983,256,0,0,0
1787657292.2227392,244,0,0,0
1787657292.3550713,240,0,0,0
1787657292.547305,245,0,0,0
1787657292.7524512,242,0,0,0
1787657292.956433,243,0,0,0
1787657293.0728326,244,0,0,0
1787657293.3771126,243,0,0,0
1787657293.5143259,240,0,0,0
1787657293.7622936,244,0,0,0
1787657293.9631586,248,0,0,0
1787657294.1822855,248,0,0,0
1787657294.3991451,248,0,0,0
1787657294.5940013,247,0,0,0
1787657294.8027987,245,0,0,0
1787657294.9002473,248,0,0,0
1787657295.101236,246,0,0,0
1787657295.334268,248,0,0,0
1787657295.622469,247,0,0,0
1787657295.7167082,247,0,0,0
1787657318.6451037,751,0,0,0
1787657318.7708106,751,0,0,0
1787657318.9691353,751,0,0,0
1787657319.1890345,751,0,0,0
1787657319.4603477,751,0,0,0
1787657319.6684518,751,0,0,0
1787657319.7909935,752,0,0,0
1787657320.0751328,742,0,0,0
1787657320.1925173,751,0,0,0
1787657320.400095,751,0,0,0
1787657320.5979033,752,0,0,0
1787657320.8929834,752,0,0,0
1787657321.0239406,750,0,0,0
1787657321.2857463,751,0,0,0
1787657321.4037497,750,0,0,0
1787657321.647568,751,0,0,0
1787657321.8428335,749,0,0,0
1787657322.3028345,751,0,0,0
1787657322.4372387,752,0,0,0
1787657322.6425176,751,0,0,0
1787657322.8547664,751,0,0,0
1787657323.066734,744,0,0,0
1787657323.2654574,752,0,0,0
1787657323.4330165,751,0,0,0
1787657323.7614877,753,0,0,0
1787657323.88914,751,0,0,0
1787657324.0988264,751,0,0,0
1787657324.2939334,752,0,0,0
1787657324.5026824,743,0,0,0
1787657324.785999,752,0,0,0
1787657324.9012444,753,0,0,0
1787657325.041194,752,0,0,0
1787657325.3160782,752,0,0,0
1787657325.423307,744,0,0,0
1787657325.7184324,745,0,0,0
1787657325.9442477,746,0,0,0
1787657326.1328106,743,0,0,0
1787657326.327094,744,0,0,0
1787657326.4827058,745,0,0,0
1787657326.7642078,744,0,0,0
1787657326.9340603,745,0,0,0
1787657327.1089656,745,0,0,0
1787657327.3324594,746,0,0,0
1787657327.5624142,745,0,0,0
1787657327.7775896,745,0,0,0
1787657327.924003,745,0,0,0
1787657328.102615,744,0,0,0
1787657328.3427763,745,0,0,0
1787657328.67668,745,0,0,0
1787657328.8810542,746,0,0,0
1787657328.8995295,745,0,0,0
1787657329.0993178,738,0,0,0
1787657329.3132858,703,0,0,0
1787657329.5225248,690,0,0,0
1787657329.7172878,667,0,0,0
1787657329.9190772,651,0,0,0
1787657330.1406858,619,0,0,0
1787657330.3553271,584,0,0,0
1787657330.562657,572,0,0,0
1787657330.752551,550,0,0,0
1787657330.9600098,527,0,0,0
1787657331.1526697,500,0,0,0
1787657331.362363,477,0,0,0
1787657331.582717,454,0,0,0
1787657331.7824247,432,0,0,0
1787657332.0216641,407,0,0,0
1787657332.177947,385,0,0,0
1787657332.4028466,362,0,0,0
1787657332.6191535,340,0,0,0
1787657332.82274,318,0,0,0
1787657333.0190198,297,0,0,0
1787657333.2189834,252,0,0,0
1787657333.4192665,224,0,0,0
1787657333.6426117,200,0,0,0
1787657333.9229033,174,0,0,0
1787657334.084189,194,0,0,0
1787657334.2237418,1081,0,0,0
1787657334.6179442,885,0,0,0
1787657334.6528122,795,0,0,0
1787657334.834657,795,0,0,0
1787657335.0366569,766,0,0,0
1787657335.2371075,748,0,0,0
1787657335.4566789,729,0,0,0
1787657335.6790159,702,0,0,0
1787657335.8606515,683,0,0,0
1787657336.0565493,661,0,0,0
1787657336.2603822,643,0,0,0
1787657336.454315,620,0,0,0
1787657336.6726341,585,0,0,0
1787657336.9025757,558,0,0,0
1787657337.0983598,537,0,0,0
1787657337.2959008,514,0,0,0
1787657337.5014088,493,0,0,0
1787657337.703108,475,0,0,0
1787657337.90288,452,0,0,0
1787657338.1126876,434,0,0,0
1787657338.3024433,413,0,0,0
1787657338.5212505,392,0,0,0
1787657338.7202823,370,0,0,0
1787657338.9361682,351,0,0,0
1787657339.1425664,325,0,0,0
1787657339.33795,305,0,0,0
1787657339.5368173,277,0,0,0
1787657339.737448,254,0,0,0
1787657339.94107,209,0,0,0
1787657340.1384287,182,0,0,0
1787657340.3626184,176,0,0,0
1787657340.5549216,328,0,0,0
1787657340.7554321,1033,0,0,0
1787657341.082643,688,0,0,0
1787657341.1864593,697,0,0,0
1787657341.4032695,678,0,0,0
1787657341.6127863,645,0,0,0
1787657341.8168223,621,0,0,0
1787657342.017662,590,0,0,0
1787657342.2324157,572,0,0,0
1787657342.4363275,548,0,0,0
1787657342.6349266,526,0,0,0
1787657342.8358393,506,0,0,0
1787657343.0622098,484,0,0,0
1787657343.2324,464,0,0,0
1787657343.4894326,440,0,0,0
1787657343.6528752,414,0,0,0
1787657343.8624942,390,0,0,0
1787657344.0590317,367,0,0,0
1787657344.2579005,344,0,0,0
1787657344.4624174,319,0,0,0
1787657344.6827054,301,0,0,0
1787657344.8793628,246,0,0,0
1787657345.0731037,220,0,0,0
1787657345.300907,192,0,0,0
1787657345.4794087,163,0,0,0
1787657345.6751308,187,0,0,0
1787657345.8827558,350,0,0,0
1787657346.0984712,1510,0,0,0
1787657346.2987983,1436,0,0,0
1787657346.5002315,1430,0,0,0
1787657346.7027538,1401,0,0,0
1787657346.900541,1380,0,0,0
1787657347.1238115,1361,0,0,0
1787657347.317579,1339,0,0,0
1787657347.522513,1320,0,0,0
1787657347.7231839,1299,0,0,0
1787657347.941234,1275,0,0,0
1787657348.1601644,1255,0,0,0
1787657348.3826482,1235,0,0,0
1787657348.5581636,1212,0,0,0
1787657348.758443,1193,0,0,0
1787657348.998018,1171,0,0,0
1787657349.1725323,1150,0,0,0
1787657349.3807766,1130,0,0,0
1787657349.5807447,1112,0,0,0
1787657349.7804904,1089,0,0,0
1787657349.9923947,1071,0,0,0
1787657350.222797,1048,0,0,0
1787657350.39991,1025,0,0,0
1787657350.6227853,1006,0,0,0
1787657350.8170571,987,0,0,0
1787657351.0170994,965,0,0,0
1787657351.2227466,946,0,0,0
1787657351.4131167,929,0,0,0
1787657351.6629183,908,0,0,0
1787657351.8425634,888,0,0,0
1787657352.0328753,863,0,0,0
1787657352.2325335,839,0,0,0
1787657352.482499,808,0,0,0
1787657352.702352,788,0,0,0
1787657352.8729148,760,0,0,0
1787657353.075082,739,0,0,0
1787657353.2765782,721,0,0,0
1787657353.5001981,698,0,0,0
1787657353.6823018,672,0,0,0
1787657353.877347,659,0,0,0
1787657354.0926502,627,0,0,0
1787657354.298474,599,0,0,0
1787657354.5124297,573,0,0,0
1787657354.7179074,551,0,0,0
1787657354.9130769,525,0,0,0
1787657355.1324346,495,0,0,0
1787657355.3522744,475,0,0,0
1787657355.5380166,452,0,0,0
1787657355.7424212,431,0,0,0
1787657355.9406068,407,0,0,0
1787657356.1430075,387,0,0,0
1787657356.3359826,364,0,0,0
1787657356.5423963,343,0,0,0
1787657356.7605302,319,0,0,0
1787657356.9525468,299,0,0,0
1787657357.1583135,277,0,0,0
1787657357.355978,237,0,0,0
1787657357.552425,201,0,0,0
1787657357.7794287,180,0,0,0
1787657358.0861647,165,0,0,0
1787657358.18008,225,0,0,0
1787657358.3773258,583,0,0,0
1787657358.578482,732,0,0,0
1787657358.7923503,746,0,0,0
1787657358.9934356,736,0,0,0
1787657359.194076,703,0,0,0
1787657359.4127638,692,0,0,0
1787657359.6006157,665,0,0,0
1787657359.8202596,643,0,0,0
1787657360.0193844,619,0,0,0
1787657360.2211955,583,0,0,0
1787657360.4163759,559,0,0,0
1787657360.6174622,532,0,0,0
1787657360.818035,509,0,0,0
1787657361.016185,486,0,0,0
1787657361.2169747,461,0,0,0
1787657361.4409811,439,0,0,0
1787657361.6328626,418,0,0,0
1787657361.842733,392,0,0,0
1787657362.0607302,369,0,0,0
1787657362.2324457,345,0,0,0
1787657362.4527879,322,0,0,0
1787657362.6327455,301,0,0,0
1787657362.852418,277,0,0,0
1787657363.0610816,227,0,0,0
1787657363.252609,204,0,0,0
1787657363.462511,182,0,0,0
1787657363.6579955,169,0,0,0
1787657363.9025693,178,0,0,0
1787657364.1146827,196,0,0,0
1787657364.3080053,209,0,0,0
1787657364.5158212,221,0,0,0
1787657364.7170413,236,0,0,0
1787657364.9386218,249,0,0,0
1787657365.1327617,248,0,0,0
1787657365.3371363,246,0,0,0
1787657365.546051,239,0,0,0
1787657365.7427988,240,0,0,0
1787657365.9534175,233,0,0,0
1787657366.1586063,231,0,0,0
1787657366.3523393,234,0,0,0
1787657366.4987845,234,0,0,0
1787657366.69886,231,0,0,0
1787657366.9723504,232,0,0,0
1787657367.1730888,232,0,0,0
1787657367.3228862,234,0,0,0
1787657367.5852394,233,0,0,0
1787657367.793306,233,0,0,0
1787657367.9943902,232,0,0,0
1787657368.1327178,234,0,0,0
1787657368.4029212,234,0,0,0
1787657368.536235,233,0,0,0
1787657368.7384756,231,0,0,0
1787657369.022518,230,0,0,0
1787657369.2224772,232,0,0,0
1787657369.35729,229,0,0,0
1787657369.5602129,230,0,0,0
1787657462.2124188,735,0,0,0
1787657462.53756,734,0,0,0
1787657462.623936,735,0,0,0
1787657462.8266425,736,0,0,0
1787657463.147838,735,0,0,0
1787657463.344523,735,0,0,0
1787657463.4467497,736,0,0,0
1787657463.7661028,737,0,0,0
1787657463.9557064,736,0,0,0
1787657464.14284,736,0,0,0
1787657464.3724914,737,0,0,0
1787657464.6612842,736,0,0,0
1787657464.7874093,736,0,0,0
1787657464.9391284,737,0,0,0
1787657465.0824628,737,0,0,0
1787657465.4128058,737,0,0,0
1787657465.5727758,737,0,0,0
1787657465.6924345,738,0,0,0
1787657465.9008975,737,0,0,0
1787657466.224084,737,0,0,0
1787657466.4126103,737,0,0,0
1787657466.5226316,737,0,0,0
1787657466.7227108,737,0,0,0
1787657466.9191272,738,0,0,0
1787657467.1129758,738,0,0,0
1787657467.3249907,738,0,0,0
1787657467.6424234,738,0,0,0
1787657467.7375436,737,0,0,0
1787657467.9393039,738,0,0,0
1787657468.1425872,738,0,0,0
1787657468.4668453,738,0,0,0
1787657468.5501075,737,0,0,0
1787657468.7588835,738,0,0,0
1787657468.9624772,738,0,0,0
1787657469.175635,737,0,0,0
1787657469.381482,738,0,0,0
1787657469.7788773,739,0,0,0
1787657469.9888597,738,0,0,0
1787657470.1926212,738,0,0,0
1787657470.397486,739,0,0,0
1787657470.5990126,739,0,0,0
1787657470.8041492,738,0,0,0
1787657471.0126443,738,0,0,0
1787657471.2163758,740,0,0,0
1787657471.4191437,738,0,0,0
1787657471.6425242,734,0,0,0
1787657471.8423338,696,0,0,0
1787657472.022956,682,0,0,0
1787657472.2227113,657,0,0,0
1787657472.418206,625,0,0,0
1787657472.642309,599,0,0,0
1787657472.8405674,576,0,0,0
1787657473.0426762,555,0,0,0
1787657473.262329,531,0,0,0
1787657473.4375808,508,0,0,0
1787657473.642503,489,0,0,0
1787657473.880145,465,0,0,0
1787657474.062669,440,0,0,0
1787657474.2642224,427,0,0,0
1787657474.4630146,407,0,0,0
1787657474.6627197,382,0,0,0
1787657474.862562,363,0,0,0
1787657475.1027083,338,0,0,0
1787657475.2951713,318,0,0,0
1787657475.4832718,297,0,0,0
1787657475.6824672,249,0,0,0
1787657475.9225852,212,0,0,0
1787657476.1025038,191,0,0,0
1787657476.3359125,169,0,0,0
1787657476.5418673,219,0,0,0
1787657476.7426274,2448,0,0,0
1787657476.924821,810,0,0,0
1787657477.1457963,777,0,0,0
1787657477.3225636,775,0,0,0
1787657477.5226567,740,0,0,0
1787657477.7438798,721,0,0,0
1787657477.9794672,703,0,0,0
1787657478.1426654,680,0,0,0
1787657478.3423207,662,0,0,0
1787657478.5726774,640,0,0,0
1787657478.762688,608,0,0,0
1787657478.9627435,578,0,0,0
1787657479.1629527,559,0,0,0
1787657479.4024537,545,0,0,0
1787657479.6038272,516,0,0,0
1787657479.7928376,496,0,0,0
1787657479.984001,475,0,0,0
1787657480.2026763,453,0,0,0
1787657480.3824244,432,0,0,0
1787657480.60234,410,0,0,0
1787657480.8225756,391,0,0,0
1787657481.023649,368,0,0,0
1787657481.2234306,350,0,0,0
1787657481.422716,331,0,0,0
1787657481.6399567,311,0,0,0
1787657481.8424518,284,0,0,0
1787657482.0365698,238,0,0,0
1787657482.263212,213,0,0,0
1787657482.4427986,182,0,0,0
1787657482.6828327,174,0,0,0
1787657482.8825912,243,0,0,0
1787657483.0940723,1358,0,0,0
1787657483.2977002,682,0,0,0
1787657483.4618335,683,0,0,0
1787657483.662434,668,0,0,0
1787657483.852674,631,0,0,0
1787657484.0966136,613,0,0,0
1787657484.2808409,586,0,0,0
1787657484.5024683,561,0,0,0
1787657484.6795728,541,0,0,0
1787657484.9032989,517,0,0,0
1787657485.102352,496,0,0,0
1787657485.322453,468,0,0,0
1787657485.5193794,445,0,0,0
1787657485.7227542,423,0,0,0
1787657485.912419,402,0,0,0
1787657486.1223915,381,0,0,0
1787657486.3429434,358,0,0,0
1787657486.5383992,337,0,0,0
1787657486.7429316,313,0,0,0
1787657486.967684,290,0,0,0
1787657487.1638718,244,0,0,0
1787657487.3828707,208,0,0,0
1787657487.5825481,183,0,0,0
1787657487.8024492,165,0,0,0
1787657488.012728,217,0,0,0
1787657488.222609,1623,0,0,0
1787657488.41563,1370,0,0,0
1787657488.612783,1337,0,0,0
1787657488.7956855,1338,0,0,0
1787657488.99247,1306,0,0,0
1787657489.2009697,1283,0,0,0
1787657489.402692,1264,0,0,0
1787657489.6168983,1239,0,0,0
1787657489.818342,1223,0,0,0
1787657490.0165572,1199,0,0,0
1787657490.222793,1183,0,0,0
1787657490.4186442,1158,0,0,0
1787657490.6184168,1140,0,0,0
1787657490.8127234,1118,0,0,0
1787657491.0344114,1095,0,0,0
1787657491.2411678,1084,0,0,0
1787657491.4632628,1058,0,0,0
1787657491.662657,1037,0,0,0
1787657491.8765705,1014,0,0,0
1787657492.0824907,995,0,0,0
1787657492.297508,974,0,0,0
1787657492.4925756,953,0,0,0
1787657492.722639,933,0,0,0
1787657492.902816,911,0,0,0
1787657493.1340144,895,0,0,0
1787657493.3007886,872,0,0,0
1787657493.527487,855,0,0,0
1787657493.7230227,829,0,0,0
1787657493.9232395,809,0,0,0
1787657494.14253,783,0,0,0
1787657494.352447,764,0,0,0
1787657494.540561,743,0,0,0
1787657494.7392857,723,0,0,0
1787657494.9526517,701,0,0,0
1787657495.1624162,679,0,0,0
1787657495.3601751,658,0,0,0
1787657495.562976,643,0,0,0
1787657495.8027604,601,0,0,0
1787657496.0027695,576,0,0,0
1787657496.177509,559,0,0,0
1787657496.4004204,518,0,0,0
1787657496.6004493,500,0,0,0
1787657496.8024356,477,0,0,0
1787657497.0254867,457,0,0,0
1787657497.2195106,437,0,0,0
1787657497.4223998,413,0,0,0
1787657497.6271088,393,0,0,0
1787657497.8422937,368,0,0,0
1787657498.0424137,348,0,0,0
1787657498.2423546,324,0,0,0
1787657498.4428046,307,0,0,0
1787657498.662678,274,0,0,0
1787657498.856023,236,0,0,0
1787657499.0525482,210,0,0,0
1787657499.2727394,188,0,0,0
1787657499.4749417,179,0,0,0
1787657499.6571572,237,0,0,0
1787657499.8959389,586,0,0,0
1787657500.0615296,734,0,0,0
1787657500.2625089,745,0,0,0
1787657500.4627466,719,0,0,0
1787657500.6791153,693,0,0,0
1787657500.8790467,680,0,0,0
1787657501.0801578,653,0,0,0
1787657501.282858,629,0,0,0
1787657501.5050938,594,0,0,0
1787657501.6975057,568,0,0,0
1787657501.9127069,556,0,0,0
1787657502.1205044,523,0,0,0
1787657502.348722,504,0,0,0
1787657502.5125246,479,0,0,0
1787657502.7426882,459,0,0,0
1787657502.9626899,432,0,0,0
1787657503.1384416,419,0,0,0
1787657503.3362758,397,0,0,0
1787657503.5590923,377,0,0,0
1787657503.7730975,355,0,0,0
1787657503.9536746,329,0,0,0
1787657504.1624858,308,0,0,0
1787657504.3647907,285,0,0,0
1787657504.59249,236,0,0,0
1787657504.7827134,212,0,0,0
1787657505.0027943,190,0,0,0
1787657505.2026155,173,0,0,0
1787657505.4228516,188,0,0,0
1787657505.6209435,202,0,0,0
1787657505.822753,215,0,0,0
1787657506.0224173,230,0,0,0
1787657506.2328718,241,0,0,0
1787657506.4421084,254,0,0,0
1787657506.6524773,259,0,0,0
1787657506.8628852,255,0,0,0
1787657507.060562,251,0,0,0
1787657507.2206626,243,0,0,0
1787657507.462811,243,0,0,0
1787657507.6682699,246,0,0,0
1787657507.8726218,248,0,0,0
1787657508.0789504,246,0,0,0
1787657508.402678,245,0,0,0
1787657508.487349,244,0,0,0
1787657508.6907895,247,0,0,0
1787657508.8973908,247,0,0,0
1787657509.1028533,245,0,0,0
1787657509.3092139,244,0,0,0
1787657509.5026457,246,0,0,0
1787657509.7126975,246,0,0,0
1787657509.9225698,246,0,0,0
1787657510.1226194,247,0,0,0
1787657510.3265197,244,0,0,0
1787657510.5360918,245,0,0,0
1787657510.7362106,245,0,0,0
1787657553.6725142,749,0,0,0
1787657553.8704216,750,0,0,0
1787657554.0627897,751,0,0,0
1787657554.2804964,751,0,0,0
1787657554.5670288,751,0,0,0
1787657554.5740004,751,0,0,0
1787657554.7826529,750,0,0,0
1787657554.9828262,752,0,0,0
1787657555.1849725,751,0,0,0
1787657555.382499,751,0,0,0
1787657555.5959356,750,0,0,0
1787657555.8023033,751,0,0,0
1787657556.0001347,752,0,0,0
1787657556.2745407,751,0,0,0
1787657556.4208686,752,0,0,0
1787657556.6227403,752,0,0,0
1787657556.8125725,752,0,0,0
1787657557.0285025,752,0,0,0
1787657557.2796445,752,0,0,0
1787657557.4418385,752,0,0,0
1787657557.6197941,753,0,0,0
1787657557.837881,752,0,0,0
1787657558.0585454,753,0,0,0
1787657558.2610219,753,0,0,0
1787657558.4611907,752,0,0,0
1787657558.6631486,751,0,0,0
1787657558.9260588,752,0,0,0
1787657559.0677226,753,0,0,0
1787657559.2825212,752,0,0,0
1787657559.4525228,754,0,0,0
1787657559.6961432,754,0,0,0
1787657559.8913245,751,0,0,0
1787657560.0998378,751,0,0,0
1787657560.3026528,752,0,0,0
1787657560.6230624,750,0,0,0
1787657560.7228813,752,0,0,0
1787657560.915694,753,0,0,0
1787657561.1159723,752,0,0,0
1787657561.3229184,752,0,0,0
1787657561.5020661,752,0,0,0
1787657561.7327712,752,0,0,0
1787657561.8806102,752,0,0,0
1787657562.1479714,752,0,0,0
1787657562.3028307,753,0,0,0
1787657562.5539763,752,0,0,0
1787657562.720768,753,0,0,0
1787657562.9003773,746,0,0,0
1787657563.1027694,715,0,0,0
1787657563.3226902,697,0,0,0
1787657563.5166383,677,0,0,0
1787657563.717567,654,0,0,0
1787657563.921147,623,0,0,0
1787657564.1355104,595,0,0,0
1787657564.342456,569,0,0,0
1787657564.5423436,545,0,0,0
1787657564.7598429,527,0,0,0
1787657564.9826622,504,0,0,0
1787657565.1624594,479,0,0,0
1787657565.3767848,455,0,0,0
1787657565.5749621,430,0,0,0
1787657565.806683,409,0,0,0
1787657565.9879882,382,0,0,0
1787657566.1828034,363,0,0,0
1787657566.4026246,337,0,0,0
1787657566.597355,317,0,0,0
1787657566.803058,301,0,0,0
1787657567.0134652,250,0,0,0
1787657567.222544,217,0,0,0
1787657567.4398465,203,0,0,0
1787657567.6397142,179,0,0,0
1787657567.8772557,153,0,0,0
1787657568.2061665,187,0,0,0
1787657568.293717,1808,0,0,0
1787657568.490192,838,0,0,0
1787657568.6563144,788,0,0,0
1787657568.8360784,785,0,0,0
1787657569.0426679,754,0,0,0
1787657569.2598615,739,0,0,0
1787657569.4604087,717,0,0,0
1787657569.68288,696,0,0,0
1787657569.8771553,672,0,0,0
1787657570.1033602,652,0,0,0
1787657570.2824779,631,0,0,0
1787657570.4823415,617,0,0,0
1787657570.6926968,573,0,0,0
1787657570.9012249,549,0,0,0
1787657571.101751,527,0,0,0
1787657571.2924178,507,0,0,0
1787657571.5326765,488,0,0,0
1787657571.723147,467,0,0,0
1787657571.9228284,444,0,0,0
1787657572.1133747,434,0,0,0
1787657572.3224208,408,0,0,0
1787657572.5427966,391,0,0,0
1787657572.7387075,360,0,0,0
1787657572.9376965,337,0,0,0
1787657573.1376355,318,0,0,0
1787657573.3425117,295,0,0,0
1787657573.5403867,277,0,0,0
1787657573.7831311,236,0,0,0
1787657573.962642,198,0,0,0
1787657574.2225487,193,0,0,0
1787657574.4244878,378,0,0,0
1787657574.6392796,934,0,0,0
1787657574.8428564,684,0,0,0
1787657575.0026996,691,0,0,0
1787657575.1964157,670,0,0,0
1787657575.4027112,632,0,0,0
1787657575.6185024,621,0,0,0
1787657575.8199801,591,0,0,0
1787657576.0351348,567,0,0,0
1787657576.2363782,544,0,0,0
1787657576.4608955,523,0,0,0
1787657576.6624448,502,0,0,0
1787657576.8591874,480,0,0,0
1787657577.062361,458,0,0,0
1787657577.2612338,435,0,0,0
1787657577.4837823,417,0,0,0
1787657577.716697,393,0,0,0
1787657577.8824112,363,0,0,0
1787657578.0824797,338,0,0,0
1787657578.3267,324,0,0,0
1787657578.5181742,294,0,0,0
1787657578.7427602,244,0,0,0
1787657578.942422,216,0,0,0
1787657579.1203604,193,0,0,0
1787657579.3567414,166,0,0,0
1787657579.554759,197,0,0,0
1787657579.7537675,937,0,0,0
1787657579.966465,1465,0,0,0
1787657580.1195781,1411,0,0,0
1787657580.3161597,1407,0,0,0
1787657580.536659,1366,0,0,0
1787657580.7364721,1353,0,0,0
1787657580.9372435,1332,0,0,0
1787657581.159416,1310,0,0,0
1787657581.3541777,1290,0,0,0
1787657581.5605638,1266,0,0,0
1787657581.7527857,1243,0,0,0
1787657581.960319,1222,0,0,0
1787657582.1725316,1205,0,0,0
1787657582.4020858,1181,0,0,0
1787657582.5746229,1161,0,0,0
1787657582.7999167,1143,0,0,0
1787657582.9982195,1124,0,0,0
1787657583.1976204,1106,0,0,0
1787657583.4227114,1083,0,0,0
1787657583.616425,1066,0,0,0
1787657583.8188627,1043,0,0,0
1787657584.0223866,1025,0,0,0
1787657584.2425494,1000,0,0,0
1787657584.4363086,983,0,0,0
1787657584.6425154,963,0,0,0
1787657584.8124099,942,0,0,0
1787657585.03793,917,0,0,0
1787657585.264313,899,0,0,0
1787657585.457924,877,0,0,0
1787657585.660137,852,0,0,0
1787657585.858082,832,0,0,0
1787657586.0726662,811,0,0,0
1787657586.2639832,789,0,0,0
1787657586.4587822,771,0,0,0
1787657586.672821,753,0,0,0
1787657586.8635876,728,0,0,0
1787657587.0827346,708,0,0,0
1787657587.2783089,682,0,0,0
1787657587.480773,660,0,0,0
1787657587.6824427,638,0,0,0
1787657587.876558,608,0,0,0
1787657588.072726,585,0,0,0
1787657588.2765107,559,0,0,0
1787657588.5023677,531,0,0,0
1787657588.692791,508,0,0,0
1787657588.9239216,485,0,0,0
1787657589.102969,459,0,0,0
1787657589.328777,436,0,0,0
1787657589.5225224,413,0,0,0
1787657589.7228096,391,0,0,0
1787657589.943571,367,0,0,0
1787657590.1239414,348,0,0,0
1787657590.3225398,325,0,0,0
1787657590.5618215,304,0,0,0
1787657590.7225602,283,0,0,0
1787657590.942573,259,0,0,0
1787657591.1427417,210,0,0,0
1787657591.3324444,194,0,0,0
1787657591.6223233,187,0,0,0
1787657591.7777607,262,0,0,0
1787657592.0426633,696,0,0,0
1787657592.1826224,741,0,0,0
1787657592.4224918,745,0,0,0
1787657592.6027017,724,0,0,0
1787657592.799142,700,0,0,0
1787657592.9983892,678,0,0,0
1787657593.1997755,657,0,0,0
1787657593.4146042,630,0,0,0
1787657593.5922992,596,0,0,0
1787657593.8027759,571,0,0,0
1787657594.0325458,547,0,0,0
1787657594.219865,518,0,0,0
1787657594.4261653,496,0,0,0
1787657594.622421,470,0,0,0
1787657594.8225338,459,0,0,0
1787657595.0224674,429,0,0,0
1787657595.2194946,407,0,0,0
1787657595.4175725,386,0,0,0
1787657595.6428218,372,0,0,0
1787657595.8565543,353,0,0,0
1787657596.0812879,324,0,0,0
1787657596.2632968,301,0,0,0
1787657596.4581351,280,0,0,0
1787657596.6825337,230,0,0,0
1787657596.88043,202,0,0,0
1787657597.0757213,176,0,0,0
1787657597.30095,161,0,0,0
1787657597.4937088,178,0,0,0
1787657597.7926142,192,0,0,0
1787657597.9229136,205,0,0,0
1787657598.1979287,220,0,0,0
1787657598.3196867,235,0,0,0
1787657598.5526173,244,0,0,0
1787657598.800741,250,0,0,0
1787657599.0027711,245,0,0,0
1787657599.2140088,243,0,0,0
1787657599.3404434,240,0,0,0
1787657599.5464485,242,0,0,0
1787657599.7724004,238,0,0,0
1787657599.935955,240,0,0,0
1787657600.2426045,239,0,0,0
1787657600.3476965,242,0,0,0
1787657600.642696,240,0,0,0
1787657600.7928417,239,0,0,0
1787657601.0538795,240,0,0,0
1787657601.1826298,241,0,0,0
1787657601.3792756,237,0,0,0
1787657601.6689243,239,0,0,0
1787657601.8465261,240,0,0,0
1787657602.005538,238,0,0,0
1787657602.1991203,240,0,0,0
1787657602.4851415,239,0,0,0
1787657602.6628003,239,0,0,0
1787657602.8230598,239,0,0,0
1787657602.9983304,239,0,0,0
1787657612.9426968,786,0,0,0
1787657613.1427398,784,0,0,0
1787657613.342812,784,0,0,0
1787657613.5369523,784,0,0,0
1787657613.7529898,785,0,0,0
1787657613.96146,785,0,0,0
1787657614.1623495,783,0,0,0
1787657614.3727796,782,0,0,0
1787657614.612765,777,0,0,0
1787657614.7631428,771,0,0,0
1787657614.9846857,768,0,0,0
1787657615.1827772,767,0,0,0
1787657615.3987167,766,0,0,0
1787657615.5860636,767,0,0,0
1787657615.802651,767,0,0,0
1787657616.0100322,768,0,0,0
1787657616.220828,767,0,0,0
1787657616.4227014,768,0,0,0
1787657616.6227508,768,0,0,0
1787657616.8264084,768,0,0,0
1787657617.1601634,768,0,0,0
1787657617.3024757,767,0,0,0
1787657617.442755,768,0,0,0
1787657617.6430566,769,0,0,0
1787657617.8625581,769,0,0,0
1787657618.0525446,768,0,0,0
1787657618.2625687,768,0,0,0
1787657618.4599612,768,0,0,0
1787657618.7847638,769,0,0,0
1787657618.8826582,769,0,0,0
1787657619.0826752,769,0,0,0
1787657619.282698,769,0,0,0
1787657619.6054513,768,0,0,0
1787657619.7029169,769,0,0,0
1787657619.9026735,769,0,0,0
1787657620.1027389,769,0,0,0
1787657620.3027537,769,0,0,0
1787657620.50245,769,0,0,0
1787657620.7123237,769,0,0,0
1787657620.9207237,768,0,0,0
1787657621.132492,769,0,0,0
1787657621.3226514,770,0,0,0
1787657621.5370734,770,0,0,0
1787657621.7367995,770,0,0,0
1787657621.9462996,769,0,0,0
1787657622.1060865,768,0,0,0
1787657622.3031054,739,0,0,0
1787657622.5027456,721,0,0,0
1787657622.7240934,698,0,0,0
1787657622.9178746,678,0,0,0
1787657623.1212783,659,0,0,0
1787657623.322421,625,0,0,0
1787657623.519303,599,0,0,0
1787657623.7225754,576,0,0,0
1787657623.9225702,551,0,0,0
1787657624.144435,531,0,0,0
1787657624.3324673,508,0,0,0
1787657624.5378473,486,0,0,0
1787657624.7427185,463,0,0,0
1787657624.962394,434,0,0,0
1787657625.1559691,415,0,0,0
1787657625.3629804,392,0,0,0
1787657625.5626268,366,0,0,0
1787657625.7629209,344,0,0,0
1787657625.9764266,325,0,0,0
1787657626.1825686,299,0,0,0
1787657626.3731961,255,0,0,0
1787657626.602851,226,0,0,0
1787657626.7931,200,0,0,0
1787657626.9961317,177,0,0,0
1787657627.270943,220,0,0,0
1787657627.3974738,1628,0,0,0
1787657627.6578465,852,0,0,0
1787657627.8084974,806,0,0,0
1787657628.0125277,789,0,0,0
1787657628.2027395,766,0,0,0
1787657628.4027324,753,0,0,0
1787657628.6001816,728,0,0,0
1787657628.8039422,709,0,0,0
1787657629.0226653,687,0,0,0
1787657629.2223988,673,0,0,0
1787657629.42061,647,0,0,0
1787657629.6360147,627,0,0,0
1787657629.8329287,612,0,0,0
1787657630.0561132,570,0,0,0
1787657630.242902,550,0,0,0
1787657630.442556,519,0,0,0
1787657630.6426127,493,0,0,0
1787657630.8424118,478,0,0,0
1787657631.042845,449,0,0,0
1787657631.2424169,432,0,0,0
1787657631.4626734,411,0,0,0
1787657631.6626246,390,0,0,0
1787657631.8601055,365,0,0,0
1787657632.0826006,337,0,0,0
1787657632.2931113,314,0,0,0
1787657632.5024304,287,0,0,0
1787657632.6962268,266,0,0,0
1787657632.9037259,217,0,0,0
1787657633.0972433,184,0,0,0
1787657633.3227313,167,0,0,0
1787657633.550234,311,0,0,0
1787657633.7028577,1424,0,0,0
1787657633.939492,712,0,0,0
1787657634.1002045,703,0,0,0
1787657634.32041,680,0,0,0
1787657634.5309272,661,0,0,0
1787657634.7423666,618,0,0,0
1787657634.9227219,593,0,0,0
1787657635.1226063,572,0,0,0
1787657635.3225055,547,0,0,0
1787657635.5183256,525,0,0,0
1787657635.7408433,502,0,0,0
1787657635.9575746,480,0,0,0
1787657636.137579,455,0,0,0
1787657636.339092,433,0,0,0
1787657636.5676506,408,0,0,0
1787657636.7629242,385,0,0,0
1787657636.9625907,361,0,0,0
1787657637.1624155,339,0,0,0
1787657637.357611,315,0,0,0
1787657637.5828137,290,0,0,0
1787657637.7889361,272,0,0,0
1787657637.9824777,224,0,0,0
1787657638.1975768,190,0,0,0
1787657638.5227044,170,0,0,0
1787657638.652928,202,0,0,0
1787657638.853957,1518,0,0,0
1787657639.0696964,1385,0,0,0
1787657639.2009091,1352,0,0,0
1787657639.3992941,1334,0,0,0
1787657639.6001287,1310,0,0,0
1787657639.8027525,1297,0,0,0
1787657640.0426655,1269,0,0,0
1787657640.2139537,1257,0,0,0
1787657640.416511,1231,0,0,0
1787657640.6427991,1207,0,0,0
1787657640.8168156,1188,0,0,0
1787657641.049849,1168,0,0,0
1787657641.263135,1151,0,0,0
1787657641.4560122,1135,0,0,0
1787657641.659763,1110,0,0,0
1787657641.8627386,1090,0,0,0
1787657642.0598328,1072,0,0,0
1787657642.2630389,1053,0,0,0
1787657642.458417,1035,0,0,0
1787657642.6961987,1009,0,0,0
1787657642.882415,983,0,0,0
1787657643.10102,960,0,0,0
1787657643.3228471,941,0,0,0
1787657643.5022924,922,0,0,0
1787657643.7027018,899,0,0,0
1787657643.8928216,877,0,0,0
1787657644.1024382,860,0,0,0
1787657644.3025186,836,0,0,0
1787657644.522432,811,0,0,0
1787657644.7427359,788,0,0,0
1787657644.9427898,770,0,0,0
1787657645.146448,749,0,0,0
1787657645.3433537,728,0,0,0
1787657645.5433877,695,0,0,0
1787657645.739301,673,0,0,0
1787657645.9606986,649,0,0,0
1787657646.152744,628,0,0,0
1787657646.3351696,596,0,0,0
1787657646.5560386,567,0,0,0
1787657646.7749588,545,0,0,0
1787657646.96415,519,0,0,0
1787657647.1838803,491,0,0,0
1787657647.3631458,468,0,0,0
1787657647.562935,443,0,0,0
1787657647.782724,420,0,0,0
1787657648.0049307,399,0,0,0
1787657648.2025955,377,0,0,0
1787657648.4059553,354,0,0,0
1787657648.623236,335,0,0,0
1787657648.7946136,311,0,0,0
1787657648.9999044,290,0,0,0
1787657649.2228847,262,0,0,0
1787657649.4233205,215,0,0,0
1787657649.6227384,185,0,0,0
1787657650.0084105,184,0,0,0
1787657650.1424801,316,0,0,0
1787657650.3446574,791,0,0,0
1787657650.5230448,754,0,0,0
1787657650.6425517,766,0,0,0
1787657650.8430905,752,0,0,0
1787657651.072878,723,0,0,0
1787657651.2625563,710,0,0,0
1787657651.4626486,685,0,0,0
1787657651.6623728,668,0,0,0
1787657651.8623607,646,0,0,0
1787657652.0825202,615,0,0,0
1787657652.2925537,589,0,0,0
1787657652.4826753,565,0,0,0
1787657652.685685,535,0,0,0
1787657652.9024482,511,0,0,0
1787657653.1031504,491,0,0,0
1787657653.3125205,466,0,0,0
1787657653.5032644,444,0,0,0
1787657653.7030382,421,0,0,0
1787657653.9224648,397,0,0,0
1787657654.1228023,373,0,0,0
1787657654.3429465,351,0,0,0
1787657654.5426774,327,0,0,0
1787657654.7227366,303,0,0,0
1787657654.9425411,278,0,0,0
1787657655.1425009,229,0,0,0
1787657655.3426986,206,0,0,0
1787657655.5337546,181,0,0,0
1787657655.742499,168,0,0,0
1787657656.0762737,186,0,0,0
1787657656.2325978,205,0,0,0
1787657656.3528683,211,0,0,0
1787657656.5628288,235,0,0,0
1787657656.7599826,249,0,0,0
1787657656.9623935,260,0,0,0
1787657657.2826202,267,0,0,0
1787657657.3728383,266,0,0,0
1787657657.582697,262,0,0,0
1787657657.7828026,260,0,0,0
1787657658.1072402,256,0,0,0
1787657658.2042754,255,0,0,0
1787657658.4036098,256,0,0,0
1787657658.602496,257,0,0,0
1787657658.816993,256,0,0,0
1787657659.0125523,257,0,0,0
1787657659.2228775,255,0,0,0
1787657659.4225366,256,0,0,0
1787657659.6772773,254,0,0,0
1787657659.816519,255,0,0,0
1787657660.0036304,256,0,0,0
1787657660.2433476,255,0,0,0
1787657660.4566286,257,0,0,0
1787657660.6559703,255,0,0,0
1787657660.8585925,256,0,0,0
1787657661.0529373,255,0,0,0
1787657661.2734408,255,0,0,0
1787657661.462707,256,0,0,0
1787657661.6740277,256,0,0,0
1787657663.7266588,255,0,0,0
1787657664.0580926,253,0,0,0
1787657664.1427171,254,0,0,0
1787657664.3326335,258,0,0,0
1787657664.5447588,256,0,0,0
1787657664.8130283,255,0,0,0
1787657664.9436202,255,0,0,0
1787657665.1625102,254,0,0,0
1787657665.4725895,254,0,0,0
1787657665.6707742,254,0,0,0
1787657665.772928,255,0,0,0
1787657665.9827583,252,0,0,0
1787657666.1801324,251,0,0,0
1787657666.3966544,254,0,0,0
1787657666.5895443,254,0,0,0
1787657666.7895525,253,0,0,0
1787657666.972785,254,0,0,0
1787657667.202838,255,0,0,0
1787657667.4026272,253,0,0,0
1787657667.6140234,254,0,0,0
1787657667.8226283,254,0,0,0
1787657668.0226054,253,0,0,0
1787657668.2238796,252,0,0,0
1787657668.4328136,251,0,0,0
1787657668.6327057,253,0,0,0
1787657668.838024,252,0,0,0
1787657669.0509613,254,0,0,0
1787657669.22488,253,0,0,0
1787657669.4541087,252,0,0,0
1787657669.656404,252,0,0,0
1787657669.8629398,249,0,0,0
1787657670.068124,252,0,0,0
1787657670.2730453,252,0,0,0
1787657670.4228508,253,0,0,0
1787657670.6824737,252,0,0,0
1787657670.884353,251,0,0,0
1787657671.0926626,252,0,0,0
1787657671.2933683,251,0,0,0
1787657671.5024855,249,0,0,0
1787657671.7126446,251,0,0,0
1787657671.8636327,251,0,0,0
1787657672.1163638,253,0,0,0
1787657672.3225553,250,0,0,0
1787657672.5293627,253,0,0,0
1787657672.68249,253,0,0,0
1787657672.8825138,244,0,0,0
1787657673.08147,210,0,0,0
1787657673.2826488,194,0,0,0
1787657673.5063424,164,0,0,0
1787657673.7557404,202,0,0,0
1787657673.9325385,236,0,0,0
1787657674.162967,93,0,0,0
1787657674.3028498,83,0,0,0
1787657674.575978,102,0,0,0
1787657674.7226863,217,0,0,0
1787657674.9868572,198,0,0,0
1787657675.1274889,162,0,0,0
1787657675.3935058,164,0,0,0
1787657675.6027472,171,0,0,0
1787657675.806216,275,0,0,0
1787657675.9426162,121,0,0,0
1787657676.2129529,82,0,0,0
1787657676.4277937,156,0,0,0
1787657676.562889,234,0,0,0
1787657676.8291168,160,0,0,0
1787657676.9826703,160,0,0,0
1787657677.2347722,166,0,0,0
1787657677.4260435,181,0,0,0
1787657677.6474764,196,0,0,0
1787657677.788028,212,0,0,0
1787657677.9803772,224,0,0,0
1787657678.1748738,238,0,0,0
1787657678.3827524,253,0,0,0
1787657678.672541,260,0,0,0
1787657678.7916555,267,0,0,0
1787657679.0078955,267,0,0,0
1787657679.1683114,267,0,0,0
1787657679.4218194,263,0,0,0
1787657679.5834634,265,0,0,0
1787657679.8968654,267,0,0,0
1787657680.0227277,265,0,0,0
1787657680.232967,263,0,0,0
1787657680.4229524,263,0,0,0
1787657680.5901566,266,0,0,0
1787657680.9263248,263,0,0,0
1787657681.072603,265,0,0,0
1787657681.2229974,265,0,0,0
1787657681.4573836,264,0,0,0
1787657681.6560462,275,0,0,0
1787657681.803682,264,0,0,0
1787657682.1532636,264,0,0,0
1787657682.272635,265,0,0,0
1787657682.464975,266,0,0,0
1787657682.7649307,264,0,0,0
1787657682.8824215,263,0,0,0
1787657683.1025453,276,0,0,0
1787657683.2623782,265,0,0,0
1787657723.043257,929,0,0,0
1787657723.2403805,929,0,0,0
1787657723.4438555,929,0,0,0
1787657723.7179706,929,0,0,0
1787657723.8495562,929,0,0,0
1787657724.05702,930,0,0,0
1787657724.2564838,929,0,0,0
1787657724.4587827,928,0,0,0
1787657724.6890905,929,0,0,0
1787657724.862512,931,0,0,0
1787657725.0364807,931,0,0,0
1787657725.3237336,933,0,0,0
1787657725.5035305,933,0,0,0
1787657725.69702,931,0,0,0
1787657725.8932643,933,0,0,0
1787657726.105611,930,0,0,0
1787657726.3225036,933,0,0,0
1787657726.5228248,931,0,0,0
1787657726.7127135,933,0,0,0
1787657726.9218662,933,0,0,0
1787657727.0600872,933,0,0,0
1787657727.3412168,931,0,0,0
1787657727.54271,934,0,0,0
1787657727.7136626,932,0,0,0
1787657728.027426,931,0,0,0
1787657728.1443224,932,0,0,0
1787657728.352574,933,0,0,0
1787657728.502563,932,0,0,0
1787657728.7032495,932,0,0,0
1787657728.972949,934,0,0,0
1787657729.1747699,933,0,0,0
1787657729.3426933,933,0,0,0
1787657729.6630654,932,0,0,0
1787657729.7170496,931,0,0,0
1787657729.9825928,933,0,0,0
1787657730.1598604,933,0,0,0
1787657730.410922,933,0,0,0
1787657730.607154,932,0,0,0
1787657730.7726808,932,0,0,0
1787657731.0215125,933,0,0,0
1787657731.3069208,932,0,0,0
1787657731.4372876,932,0,0,0
1787657731.5826383,933,0,0,0
1787657731.7803037,933,0,0,0
1787657732.1224318,923,0,0,0
1787657732.3294258,933,0,0,0
1787657732.4474537,925,0,0,0
1787657732.6726947,932,0,0,0
1787657732.828404,935,0,0,0
1787657733.147157,933,0,0,0
1787657733.1808476,933,0,0,0
1787657733.4028797,925,0,0,0
1787657733.60286,894,0,0,0
1787657733.7996402,884,0,0,0
1787657734.0001297,855,0,0,0
1787657734.201171,836,0,0,0
1787657734.3964088,816,0,0,0
1787657734.6024656,794,0,0,0
1787657734.8182266,774,0,0,0
1787657735.0203083,749,0,0,0
1787657735.2224402,731,0,0,0
1787657735.4199574,710,0,0,0
1787657735.6428869,681,0,0,0
1787657735.8410137,670,0,0,0
1787657736.032602,635,0,0,0
1787657736.2426665,609,0,0,0
1787657736.4427276,585,0,0,0
1787657736.6331213,560,0,0,0
1787657736.835306,539,0,0,0
1787657737.0626886,506,0,0,0
1787657737.2726564,483,0,0,0
1787657737.4829626,458,0,0,0
1787657737.682593,434,0,0,0
1787657737.8983414,413,0,0,0
1787657738.092538,393,0,0,0
1787657738.2966168,368,0,0,0
1787657738.5227063,344,0,0,0
1787657738.7171874,325,0,0,0
1787657738.9159257,299,0,0,0
1787657739.1225014,251,0,0,0
1787657739.3184552,220,0,0,0
1787657739.5425677,201,0,0,0
1787657739.7370324,174,0,0,0
1787657740.00243,156,0,0,0
1787657740.232977,181,0,0,0
1787657740.382015,405,0,0,0
1787657740.7228782,924,0,0,0
1787657740.8627944,870,0,0,0
1787657741.0626423,874,0,0,0
1787657741.2724872,879,0,0,0
1787657741.4529407,881,0,0,0
1787657741.6669698,881,0,0,0
1787657741.7899117,882,0,0,0
1787657741.9826407,881,0,0,0
1787657742.2008393,850,0,0,0
1787657742.3951018,831,0,0,0
1787657742.5963323,806,0,0,0
1787657742.797311,787,0,0,0
1787657743.0024645,768,0,0,0
1787657743.202813,744,0,0,0
1787657743.4224374,728,0,0,0
1787657743.62061,703,0,0,0
1787657743.8165715,686,0,0,0
1787657744.017374,663,0,0,0
1787657744.2425458,643,0,0,0
1787657744.4398434,621,0,0,0
1787657744.662581,595,0,0,0
1787657744.8385203,563,0,0,0
1787657745.032768,538,0,0,0
1787657745.2737253,521,0,0,0
1787657745.4626465,501,0,0,0
1787657745.6631987,480,0,0,0
1787657745.8584528,460,0,0,0
1787657746.0629492,440,0,0,0
1787657746.2935665,419,0,0,0
1787657746.492542,391,0,0,0
1787657746.7034447,362,0,0,0
1787657746.8770263,335,0,0,0
1787657747.101247,310,0,0,0
1787657747.3012118,286,0,0,0
1787657747.4970982,267,0,0,0
1787657747.70273,219,0,0,0
1787657747.9024918,187,0,0,0
1787657748.0927305,179,0,0,0
1787657748.4239829,387,0,0,0
1787657748.5661085,957,0,0,0
1787657748.721042,705,0,0,0
1787657748.918789,705,0,0,0
1787657749.1389732,698,0,0,0
1787657749.3186486,665,0,0,0
1787657749.5224636,642,0,0,0
1787657749.7207627,608,0,0,0
1787657749.9208634,584,0,0,0
1787657750.1187742,564,0,0,0
1787657750.3397074,537,0,0,0
1787657750.5426157,516,0,0,0
1787657750.740741,490,0,0,0
1787657750.932512,471,0,0,0
1787657751.1577196,438,0,0,0
1787657751.3803988,417,0,0,0
1787657751.5585597,391,0,0,0
1787657751.7625837,375,0,0,0
1787657751.9627712,347,0,0,0
1787657752.173088,324,0,0,0
1787657752.4065115,302,0,0,0
1787657752.5792608,277,0,0,0
1787657752.778469,228,0,0,0
1787657753.0048609,202,0,0,0
1787657753.1976094,181,0,0,0
1787657753.425872,164,0,0,0
1787657753.6329079,192,0,0,0
1787657753.8340504,1439,0,0,0
1787657754.041431,1384,0,0,0
1787657754.212853,1347,0,0,0
1787657754.4527135,1333,0,0,0
1787657754.6178854,1306,0,0,0
1787657754.8159418,1293,0,0,0
1787657755.0383136,1264,0,0,0
1787657755.2404935,1249,0,0,0
1787657755.4410849,1219,0,0,0
1787657755.6627328,1200,0,0,0
1787657755.8571367,1181,0,0,0
1787657756.056437,1160,0,0,0
1787657756.2608101,1142,0,0,0
1787657756.4767609,1126,0,0,0
1787657756.68294,1101,0,0,0
1787657756.8775709,1083,0,0,0
1787657757.0780525,1063,0,0,0
1787657757.2827375,1046,0,0,0
1787657757.4785812,1027,0,0,0
1787657757.7185442,1003,0,0,0
1787657757.8936949,979,0,0,0
1787657758.116896,953,0,0,0
1787657758.3128262,934,0,0,0
1787657758.520325,914,0,0,0
1787657758.71245,897,0,0,0
1787657758.9132795,874,0,0,0
1787657759.1211624,854,0,0,0
1787657759.3225727,831,0,0,0
1787657759.5415187,809,0,0,0
1787657759.7325816,786,0,0,0
1787657759.9426165,760,0,0,0
1787657760.1626902,738,0,0,0
1787657760.378995,715,0,0,0
1787657760.5628982,694,0,0,0
1787657760.759728,674,0,0,0
1787657760.9528897,654,0,0,0
1787657761.158633,632,0,0,0
1787657761.3980324,604,0,0,0
1787657761.5826712,570,0,0,0
1787657761.792611,544,0,0,0
1787657761.9748013,519,0,0,0
1787657762.1825943,490,0,0,0
1787657762.4027627,468,0,0,0
1787657762.5965207,446,0,0,0
1787657762.8011026,427,0,0,0
1787657763.0210927,398,0,0,0
1787657763.2234464,377,0,0,0
1787657763.4228725,355,0,0,0
1787657763.6227677,335,0,0,0
1787657763.8331363,310,0,0,0
1787657764.052632,290,0,0,0
1787657764.2331223,266,0,0,0
1787657764.4402163,210,0,0,0
1787657764.652477,184,0,0,0
1787657764.8956308,175,0,0,0
1787657765.0593536,304,0,0,0
1787657765.3006752,760,0,0,0
1787657765.5053804,759,0,0,0
1787657765.6617124,771,0,0,0
1787657765.8598354,751,0,0,0
1787657766.0932126,725,0,0,0
1787657766.3013754,708,0,0,0
1787657766.4817147,683,0,0,0
1787657766.699487,661,0,0,0
1787657766.9002542,639,0,0,0
1787657767.1029677,601,0,0,0
1787657767.2994785,576,0,0,0
1787657767.5008516,545,0,0,0
1787657767.700914,522,0,0,0
1787657767.9229476,499,0,0,0
1787657768.1162555,478,0,0,0
1787657768.3189812,458,0,0,0
1787657768.512815,437,0,0,0
1787657768.7211766,415,0,0,0
1787657768.9137595,393,0,0,0
1787657769.1207488,372,0,0,0
1787657769.3209116,355,0,0,0
1787657769.512667,321,0,0,0
1787657769.7528074,298,0,0,0
1787657769.9526389,274,0,0,0
1787657770.1333668,226,0,0,0
1787657770.3377438,201,0,0,0
1787657770.5374928,174,0,0,0
1787657770.760818,164,0,0,0
1787657771.033049,177,0,0,0
1787657771.2455018,194,0,0,0
1787657771.4501286,222,0,0,0
1787657771.5800633,225,0,0,0
1787657771.8526428,247,0,0,0
1787657772.0016034,254,0,0,0
1787657772.265175,273,0,0,0
1787657772.4675643,274,0,0,0
1787657772.598492,271,0,0,0
1787657772.7999816,274,0,0,0
1787657773.0794194,271,0,0,0
1787657773.219055,273,0,0,0
1787657773.412919,272,0,0,0
1787657773.6204164,270,0,0,0
1787657773.902951,272,0,0,0
1787657774.1028428,269,0,0,0
1787657774.309372,271,0,0,0
1787657774.4606252,272,0,0,0
1787657774.716557,268,0,0,0
1787657774.928445,269,0,0,0
1787657775.0435972,271,0,0,0
1787657775.2625167,271,0,0,0
1787657775.5450652,271,0,0,0
1787657775.6672006,268,0,0,0
1787657775.876013,269,0,0,0
1787657776.072667,270,0,0,0
1787657776.2744946,273,0,0,0
1787657776.4869046,270,0,0,0
1787657776.6939409,270,0,0,0
1787657822.1627676,914,0,0,0
1787657822.352673,914,0,0,0
1787657822.4599586,922,0,0,0
1787657822.6568813,914,0,0,0
1787657822.9395494,922,0,0,0
1787657823.052496,915,0,0,0
1787657823.254518,914,0,0,0
1787657823.4527276,915,0,0,0
1787657823.6761336,916,0,0,0
1787657823.8559687,916,0,0,0
1787657824.0727425,915,0,0,0
1787657824.282703,914,0,0,0
1787657824.585482,915,0,0,0
1787657824.6965773,915,0,0,0
1787657824.8986642,914,0,0,0
1787657825.1083777,916,0,0,0
1787657825.3186715,914,0,0,0
1787657825.502822,916,0,0,0
1787657825.7168455,915,0,0,0
1787657826.122963,915,0,0,0
1787657826.1367412,916,0,0,0
1787657826.3365579,915,0,0,0
1787657826.5325055,915,0,0,0
1787657826.7360077,914,0,0,0
1787657826.9596357,915,0,0,0
1787657827.1474075,914,0,0,0
1787657827.3529136,914,0,0,0
1787657827.5364723,916,0,0,0
1787657827.877546,916,0,0,0
1787657827.9728732,917,0,0,0
1787657828.1701708,914,0,0,0
1787657828.3766217,916,0,0,0
1787657828.5779934,916,0,0,0
1787657828.7991009,916,0,0,0
1787657828.9927156,915,0,0,0
1787657829.1964502,916,0,0,0
1787657829.5028567,916,0,0,0
1787657829.6157784,917,0,0,0
1787657829.8063445,916,0,0,0
1787657830.0175903,917,0,0,0
1787657830.2324393,915,0,0,0
1787657830.4224172,918,0,0,0
1787657830.6284506,917,0,0,0
1787657830.8334525,917,0,0,0
1787657831.0393054,918,0,0,0
1787657831.195778,913,0,0,0
1787657831.4162643,885,0,0,0
1787657831.5978658,868,0,0,0
1787657831.8002105,848,0,0,0
1787657832.0165622,822,0,0,0
1787657832.2156599,803,0,0,0
1787657832.4178514,781,0,0,0
1787657832.6181738,759,0,0,0
1787657832.81687,739,0,0,0
1787657833.0398781,718,0,0,0
1787657833.239774,698,0,0,0
1787657833.437725,679,0,0,0
1787657833.6589503,656,0,0,0
1787657833.8562045,619,0,0,0
1787657834.072626,591,0,0,0
1787657834.2760043,564,0,0,0
1787657834.4773002,550,0,0,0
1787657834.6928332,527,0,0,0
1787657834.8767805,504,0,0,0
1787657835.0760362,485,0,0,0
1787657835.277027,458,0,0,0
1787657835.4734917,441,0,0,0
1787657835.6758564,419,0,0,0
1787657835.8733902,398,0,0,0
1787657836.0807562,370,0,0,0
1787657836.2927868,349,0,0,0
1787657836.516047,325,0,0,0
1787657836.6991267,304,0,0,0
1787657836.9128742,283,0,0,0
1787657837.1161454,234,0,0,0
1787657837.3353343,210,0,0,0
1787657837.5144465,186,0,0,0
1787657837.8001115,167,0,0,0
1787657838.0028014,177,0,0,0
1787657838.1171284,270,0,0,0
1787657838.3538773,2214,0,0,0
1787657838.5339518,819,0,0,0
1787657838.7525632,810,0,0,0
1787657838.9381325,794,0,0,0
1787657839.1326773,767,0,0,0
1787657839.336695,754,0,0,0
1787657839.5425243,730,0,0,0
1787657839.7560859,704,0,0,0
1787657839.972946,684,0,0,0
1787657840.1526382,665,0,0,0
1787657840.3771503,649,0,0,0
1787657840.5731733,622,0,0,0
1787657840.8011806,592,0,0,0
1787657840.9795241,562,0,0,0
1787657841.1768484,536,0,0,0
1787657841.3765202,518,0,0,0
1787657841.5982196,498,0,0,0
1787657841.7959797,477,0,0,0
1787657842.0364146,449,0,0,0
1787657842.217973,430,0,0,0
1787657842.4404082,409,0,0,0
1787657842.6370077,377,0,0,0
1787657842.8329825,353,0,0,0
1787657843.034811,326,0,0,0
1787657843.236657,303,0,0,0
1787657843.432814,280,0,0,0
1787657843.6533902,255,0,0,0
1787657843.8582687,202,0,0,0
1787657844.0553322,178,0,0,0
1787657844.28272,158,0,0,0
1787657844.554551,218,0,0,0
1787657844.7435799,1822,0,0,0
1787657844.9740183,719,0,0,0
1787657845.0897524,702,0,0,0
1787657845.2766924,707,0,0,0
1787657845.4970467,697,0,0,0
1787657845.672558,665,0,0,0
1787657845.8945043,635,0,0,0
1787657846.0969257,596,0,0,0
1787657846.3183641,574,0,0,0
1787657846.5404718,551,0,0,0
1787657846.7366445,527,0,0,0
1787657846.936511,505,0,0,0
1787657847.1362495,483,0,0,0
1787657847.3572478,459,0,0,0
1787657847.5578635,433,0,0,0
1787657847.7569802,409,0,0,0
1787657847.952479,391,0,0,0
1787657848.1563168,364,0,0,0
1787657848.3729131,342,0,0,0
1787657848.5963974,321,0,0,0
1787657848.8172822,296,0,0,0
1787657848.9967537,274,0,0,0
1787657849.1979845,223,0,0,0
1787657849.4143672,196,0,0,0
1787657849.6844618,177,0,0,0
1787657849.7986093,172,0,0,0
1787657850.0184565,241,0,0,0
1787657850.2372968,1593,0,0,0
1787657850.4157472,1352,0,0,0
1787657850.6328316,1340,0,0,0
1787657850.8525064,1316,0,0,0
1787657851.0541878,1296,0,0,0
1787657851.2553892,1279,0,0,0
1787657851.4842403,1260,0,0,0
1787657851.6724439,1237,0,0,0
1787657851.872556,1210,0,0,0
1787657852.0726824,1192,0,0,0
1787657852.273384,1172,0,0,0
1787657852.4926565,1152,0,0,0
1787657852.6769288,1132,0,0,0
1787657852.896936,1113,0,0,0
1787657853.102398,1090,0,0,0
1787657853.2979884,1071,0,0,0
1787657853.4968264,1051,0,0,0
1787657853.6984973,1035,0,0,0
1787657853.9162722,1013,0,0,0
1787657854.1382694,991,0,0,0
1787657854.3129115,970,0,0,0
1787657854.5165713,938,0,0,0
1787657854.7426095,929,0,0,0
1787657854.9325182,900,0,0,0
1787657855.1528075,879,0,0,0
1787657855.354011,868,0,0,0
1787657855.5726502,839,0,0,0
1787657855.7770762,819,0,0,0
1787657855.972935,789,0,0,0
1787657856.1745265,762,0,0,0
1787657856.3767626,744,0,0,0
1787657856.5728385,721,0,0,0
1787657856.796682,698,0,0,0
1787657856.9928994,676,0,0,0
1787657857.18267,656,0,0,0
1787657857.4250536,635,0,0,0
1787657857.6130023,601,0,0,0
1787657857.8163435,582,0,0,0
1787657858.01793,559,0,0,0
1787657858.2139041,537,0,0,0
1787657858.416299,514,0,0,0
1787657858.6156056,488,0,0,0
1787657858.8156288,464,0,0,0
1787657859.0162394,444,0,0,0
1787657859.2524207,420,0,0,0
1787657859.4366217,398,0,0,0
1787657859.6328967,371,0,0,0
1787657859.8429308,349,0,0,0
1787657860.0359957,327,0,0,0
1787657860.2343462,304,0,0,0
1787657860.452803,283,0,0,0
1787657860.652793,236,0,0,0
1787657860.8525052,208,0,0,0
1787657861.0599298,183,0,0,0
1787657861.3582387,158,0,0,0
1787657861.5525393,203,0,0,0
1787657861.7598972,414,0,0,0
1787657861.8895128,785,0,0,0
1787657862.1695943,772,0,0,0
1787657862.2972553,778,0,0,0
1787657862.4725275,775,0,0,0
1787657862.6968367,742,0,0,0
1787657862.8947647,724,0,0,0
1787657863.0961752,705,0,0,0
1787657863.2958033,679,0,0,0
1787657863.497494,660,0,0,0
1787657863.6963878,643,0,0,0
1787657863.9128945,597,0,0,0
1787657864.117595,569,0,0,0
1787657864.3429198,555,0,0,0
1787657864.512714,518,0,0,0
1787657864.7385783,499,0,0,0
1787657864.9398115,476,0,0,0
1787657865.1365318,456,0,0,0
1787657865.3528023,433,0,0,0
1787657865.5563657,409,0,0,0
1787657865.752696,386,0,0,0
1787657865.9564378,365,0,0,0
1787657866.1566231,341,0,0,0
1787657866.3970752,321,0,0,0
1787657866.5967584,294,0,0,0
1787657866.7924933,270,0,0,0
1787657867.0127325,221,0,0,0
1787657867.1992989,190,0,0,0
1787657867.502655,185,0,0,0
1787657867.6925395,197,0,0,0
1787657867.8571644,210,0,0,0
1787657868.1072237,225,0,0,0
1787657868.2242715,239,0,0,0
1787657868.43812,257,0,0,0
1787657868.720781,261,0,0,0
1787657868.8566856,259,0,0,0
1787657869.0583475,259,0,0,0
1787657869.3368912,258,0,0,0
1787657869.5436006,257,0,0,0
1787657869.6693459,259,0,0,0
1787657869.8578577,257,0,0,0
1787657870.1544182,258,0,0,0
1787657870.3637383,259,0,0,0
1787657870.4938135,267,0,0,0
1787657870.767487,259,0,0,0
1787657870.8985636,259,0,0,0
1787657871.1728837,265,0,0,0
1787657871.294245,254,0,0,0
1787657871.51943,264,0,0,0
1787657871.7274013,266,0,0,0
1787657871.998183,265,0,0,0
1787657872.203104,265,0,0,0
1787657872.4029865,264,0,0,0
1787657872.5350304,263,0,0,0
1787657872.8228939,265,0,0,0
1787657873.0161016,264,0,0,0
1787657873.158261,266,0,0,0
1787657873.358842,264,0,0,0
