unix_timestamp,esc_data
1787574278.1450849,1,-1,5,-4,29922,5567,20537,25292,89172,89173,89169,89170,0,0,0,0
1787574278.1450849,-1,3,0,0,29923,5566,20536,25293,89232,89233,89229,89230,0,0,0,0
1787574278.3509877,5,-7,1,-4,29922,5566,20536,25293,89292,89293,89289,89290,0,0,0,0
1787574278.3509877,0,0,2,-5,29921,5568,20539,25291,89352,89353,89349,89350,0,0,0,0
1787574278.4700453,-2,0,-3,-5,29925,5565,20535,25295,89412,89413,89409,89410,0,0,0,0
1787574278.6847534,0,-4,0,0,29921,5568,20539,25291,89502,89503,89499,89500,0,0,0,0
1787574278.6914945,-1,1,1,-2,29920,5568,20538,25291,89532,89533,89529,89530,0,0,0,0
1787574278.7179384,-1,-3,4,-2,29923,5566,20537,25293,89562,89563,89559,89560,0,0,0,0
1787574278.7705953,-5,5,0,4,29924,5566,20535,25294,89592,89593,89589,89590,0,0,0,0
1787574278.8335986,-3,-7,0,2,29923,5566,20535,25294,89622,89623,89619,89620,0,0,0,0
1787574278.9645865,-2,-2,-4,-5,29922,5567,20536,25292,89652,89653,89649,89650,0,0,0,0
1787574278.9766216,4,-4,-2,-1,29921,5568,20539,25291,89682,89683,89679,89680,0,0,0,0
1787574279.0814567,-4,1,-2,3,29924,5565,20535,25293,89772,89773,89769,89770,0,0,0,0
1787574279.1463792,-1,-2,1,0,29923,5566,20536,25293,89802,89803,89799,89800,0,0,0,0
1787574279.2063732,0,1,4,0,29922,5566,20536,25293,89832,89833,89829,89830,0,0,0,0
1787574279.2194734,0,2,-5,-3,29922,5566,20537,25292,89862,89863,89859,89860,0,0,0,0
1787574279.2775085,10,3,0,2,30052,5577,20566,25378,89892,89893,89889,89890,0,0,0,0
1787574279.3745873,16,-9,0,17,30392,5442,20518,25725,89922,89923,89919,89920,0,0,0,0
1787574279.4311686,35,-18,-13,29,31121,5114,20250,26547,89952,89953,89949,89950,0,0,0,0
1787574279.4331894,43,-32,-26,38,32097,4499,19676,27435,89982,89983,89979,89980,0,0,0,0
1787574279.5116944,35,-18,-24,46,1357,3121,18262,29521,90042,90043,90039,90040,0,0,0,0
1787574279.5769372,26,-19,-14,27,2227,2559,17716,30424,90072,90073,90069,90070,0,0,0,0
1787574279.6407173,16,-16,-3,21,2819,2292,17475,31134,90102,90103,90099,90100,0,0,0,0
1787574279.684255,12,-3,2,11,3275,2183,17398,31580,90132,90133,90129,90130,0,0,0,0
1787574279.7674956,19,-3,-4,19,3681,2169,17379,32012,90162,90163,90159,90160,0,0,0,0
1787574279.7674956,20,-9,-10,19,4277,2080,17262,32451,90192,90193,90189,90190,0,0,0,0
1787574279.8646593,30,-21,-18,28,5727,1303,16571,1070,90252,90253,90249,90250,0,0,0,0
1787574279.871664,39,-19,-22,37,6705,754,16042,2139,90282,90283,90279,90280,0,0,0,0
1787574279.9449816,33,-20,-20,34,7598,205,15452,3053,90312,90313,90309,90310,0,0,0,0
1787574279.9849024,30,-14,-19,32,8420,32536,14968,3897,90342,90343,90339,90340,0,0,0,0
1787574280.0667007,20,-11,-15,20,9171,32158,14615,4592,90372,90373,90369,90370,0,0,0,0
1787574280.1235456,21,-6,-7,19,9712,31956,14387,5169,90402,90403,90399,90400,0,0,0,0
1787574280.1354723,18,-5,1,16,10277,31802,14250,5680,90432,90433,90429,90430,0,0,0,0
1787574280.2343936,24,-12,-8,21,10826,31558,14078,6236,90462,90463,90459,90460,0,0,0,0
1787574280.246507,25,-11,-11,22,11473,31263,13838,6921,90492,90493,90489,90490,0,0,0,0
1787574280.3535218,42,-12,-18,30,12239,30984,13503,7673,90522,90523,90519,90520,0,0,0,0
1787574280.3583121,31,-12,-17,32,13107,30568,12982,8437,90552,90553,90549,90550,0,0,0,0
1787574280.479032,21,-20,-17,23,13881,30147,12521,9265,90582,90583,90579,90580,0,0,0,0
1787574280.5312314,27,-13,-13,27,14643,29671,12153,10111,90612,90613,90609,90610,0,0,0,0
1787574280.5406685,27,-18,-12,30,15335,29240,11867,10912,90642,90643,90639,90640,0,0,0,0
1787574280.5836508,28,-9,-1,16,15955,28907,11582,11581,90672,90673,90669,90670,0,0,0,0
1787574280.6468434,18,-4,-15,27,16518,28689,11360,12231,90702,90703,90699,90700,0,0,0,0
1787574280.7311497,26,-12,-12,18,17259,28445,11061,12793,90732,90733,90729,90730,0,0,0,0
1787574280.7337368,31,-9,-12,32,17946,28211,10702,13440,90762,90763,90759,90760,0,0,0,0
1787574280.7665002,23,-9,-12,26,18639,27934,10342,14050,90792,90793,90789,90790,0,0,0,0
1787574280.8138742,28,-15,-18,29,19449,27539,9977,14828,90822,90823,90819,90820,0,0,0,0
1787574280.89443,30,-16,-16,31,20246,27043,9592,15638,90852,90853,90849,90850,0,0,0,0
1787574280.9584372,25,-5,-22,22,20988,26657,9181,16396,90882,90883,90879,90880,0,0,0,0
1787574280.9945998,30,-12,-20,26,21738,26347,8812,17141,90912,90913,90909,90910,0,0,0,0
1787574281.0591803,26,-15,-17,30,22466,25980,8455,17849,90942,90943,90939,90940,0,0,0,0
1787574281.074987,20,-6,-3,21,23111,25724,8138,18556,90972,90973,90969,90970,0,0,0,0
1787574281.178245,19,-8,-4,23,23710,25517,7923,19214,91002,91003,90999,91000,0,0,0,0
1787574281.1792448,37,-13,-17,32,24992,24685,7378,20638,91062,91063,91059,91060,0,0,0,0
1787574281.2396352,37,-13,-17,32,24992,24685,7378,20638,91062,91063,91059,91060,0,0,0,0
1787574281.298998,27,-15,-8,27,26583,23955,6665,22154,91122,91123,91119,91120,0,0,0,0
1787574281.338731,29,-16,-22,28,27327,23525,6188,22946,91152,91153,91149,91150,0,0,0,0
1787574281.3852987,23,-8,-11,27,28002,23174,5809,23657,91182,91183,91179,91180,0,0,0,0
1787574281.4600534,28,-9,-11,21,28694,22915,5571,24382,91212,91213,91209,91210,0,0,0,0
1787574281.5049481,27,-9,-14,22,29340,22623,5355,25065,91242,91243,91239,91240,0,0,0,0
1787574281.5378182,19,-15,-8,22,29999,22279,5063,25684,91272,91273,91269,91270,0,0,0,0
1787574281.63516,27,-7,-17,33,30601,21981,4755,26390,91302,91303,91299,91300,0,0,0,0
1787574281.6948016,24,-10,-13,23,31409,21724,4402,27039,91332,91333,91329,91330,0,0,0,0
1787574281.7105198,28,-19,-20,18,32321,21427,3887,27746,91362,91363,91359,91360,0,0,0,0
1787574281.7752588,28,-13,-13,29,231,21081,3420,28394,91392,91393,91389,91390,0,0,0,0
1787574281.8586376,29,-12,-9,25,1631,20229,2887,30068,91452,91453,91449,91450,0,0,0,0
1787574281.9491904,16,-20,-8,29,2275,19830,2601,30752,91482,91483,91479,91480,0,0,0,0
1787574281.955299,21,-21,-24,12,2696,19306,2159,31252,91512,91513,91509,91510,0,0,0,0
1787574282.0044544,19,-22,-33,7,3179,18702,1402,31574,91542,91543,91539,91540,0,0,0,0
1787574282.1344044,14,-24,-16,13,3591,18069,661,31886,91572,91573,91569,91570,0,0,0,0
1787574282.150283,16,-17,-24,15,4114,17402,32732,32300,91602,91603,91599,91600,0,0,0,0
1787574282.150283,15,-24,-32,14,4564,16842,32075,32662,91632,91633,91629,91630,0,0,0,0
1787574282.245898,17,-23,-24,18,4916,16179,31337,256,91662,91663,91659,91660,0,0,0,0
1787574282.245898,18,-30,-31,16,5294,15313,30658,713,91692,91693,91689,91690,0,0,0,0
1787574282.3331833,9,-26,-35,7,5591,14651,29983,1024,91722,91723,91719,91720,0,0,0,0
1787574282.4266346,5,-17,-28,12,5814,13979,29278,1311,91752,91753,91749,91750,0,0,0,0
1787574282.4391072,16,-22,-18,13,6113,13374,28668,1665,91782,91783,91779,91780,0,0,0,0
1787574282.458832,14,-21,-27,12,6575,12722,27995,2035,91812,91813,91809,91810,0,0,0,0
1787574282.5186765,14,-16,-27,5,6951,12144,27257,2292,91842,91843,91839,91840,0,0,0,0
1787574282.5757103,14,-24,-26,13,7349,11470,26543,2642,91872,91873,91869,91870,0,0,0,0
1787574282.6347163,12,-29,-32,14,7763,10647,25719,3050,91902,91903,91899,91900,0,0,0,0
1787574282.689472,8,-33,-30,15,8132,9882,24942,3432,91932,91933,91929,91930,0,0,0,0
1787574282.7546732,14,-23,-24,15,8532,9133,24244,3789,91962,91963,91959,91960,0,0,0,0
1787574282.770395,8,-28,-20,7,9154,7744,22869,4479,92022,92023,92019,92020,0,0,0,0
1787574282.8357859,8,-26,-19,8,9374,7063,22291,4729,92052,92053,92049,92050,0,0,0,0
1787574282.899407,16,-22,-28,15,9615,6488,21705,5000,92082,92083,92079,92080,0,0,0,0
1787574282.9557645,12,-26,-26,10,9969,5805,20978,5396,92112,92113,92109,92110,0,0,0,0
1787574282.9880545,16,-41,-32,17,10330,4988,20220,5778,92142,92143,92139,92140,0,0,0,0
1787574283.067462,16,-28,-31,16,10710,4187,19531,6207,92172,92173,92169,92170,0,0,0,0
1787574283.115791,17,-27,-32,16,11118,3430,18708,6623,92202,92203,92199,92200,0,0,0,0
1787574283.1364753,13,-29,-31,9,11425,2782,17952,6895,92232,92233,92229,92230,0,0,0,0
1787574283.1959395,9,-25,-18,13,11705,2168,17384,7218,92262,92263,92259,92260,0,0,0,0
1787574283.244441,10,-26,-28,3,11961,1543,16791,7484,92292,92293,92289,92290,0,0,0,0
1787574283.3085868,16,-23,-22,17,12342,847,16091,7788,92322,92323,92319,92320,0,0,0,0
1787574283.3379917,13,-21,-28,14,12755,90,15365,8173,92352,92353,92349,92350,0,0,0,0
1787574283.4486337,11,-37,-35,20,13128,32031,14600,8649,92382,92383,92379,92380,0,0,0,0
1787574283.462721,17,-19,-28,11,13549,31266,13810,9052,92412,92413,92409,92410,0,0,0,0
1787574283.495163,15,-23,-28,11,13962,30677,13024,9316,92442,92443,92439,92440,0,0,0,0
1787574283.5758388,10,-28,-28,6,14279,30081,12327,9548,92472,92473,92469,92470,0,0,0,0
1787574283.5947993,10,-33,-23,20,14586,29315,11645,9851,92502,92503,92499,92500,0,0,0,0
1787574283.6233473,8,-33,-28,16,14874,28607,10996,10249,92532,92533,92529,92530,0,0,0,0
1787574283.6864882,9,-17,-20,9,15113,27923,10389,10587,92562,92563,92559,92560,0,0,0,0
1787574283.7502532,11,-24,-23,20,15330,27165,9810,10983,92592,92593,92589,92590,0,0,0,0
1787574283.84493,14,-28,-24,15,15698,26464,9148,11410,92622,92623,92619,92620,0,0,0,0
1787574283.84493,13,-21,-32,16,16102,25789,8319,11694,92652,92653,92649,92650,0,0,0,0
1787574283.9254618,21,-26,-27,15,16532,25151,7612,12014,92682,92683,92679,92680,0,0,0,0
1787574283.9611568,21,-23,-33,14,16964,24428,6825,12339,92712,92713,92709,92710,0,0,0,0
1787574284.0059428,12,-26,-24,9,17388,23649,5927,12682,92742,92743,92739,92740,0,0,0,0
1787574284.0882826,7,-23,-21,16,17972,22277,4746,13444,92802,92803,92799,92800,0,0,0,0
1787574284.15906,13,-27,-31,7,18202,21628,4172,13816,92832,92833,92829,92830,0,0,0,0
1787574284.2147968,5,-21,-25,13,18532,20921,3497,14155,92862,92863,92859,92860,0,0,0,0
1787574284.2465577,14,-31,-28,13,18868,20159,2724,14449,92892,92893,92889,92890,0,0,0,0
1787574284.3274012,17,-22,-28,15,19374,19532,1964,14767,92922,92923,92919,92920,0,0,0,0
1787574284.3919146,11,-29,-29,9,19764,18825,1100,15056,92952,92953,92949,92950,0,0,0,0
1787574284.4437597,15,-30,-28,15,20142,18086,391,15411,92982,92983,92979,92980,0,0,0,0
1787574284.459425,17,-18,-22,14,20502,17355,32496,15777,93012,93013,93009,93010,0,0,0,0
1787574284.5280428,11,-26,-19,12,20826,16768,31835,16143,93042,93043,93039,93040,0,0,0,0
1787574284.5815337,7,-28,-25,12,21062,16069,31241,16488,93072,93073,93069,93070,0,0,0,0
1787574284.613765,13,-24,-24,13,21391,15153,30539,16962,93102,93103,93099,93100,0,0,0,0
1787574284.646008,15,-29,-30,9,21777,14420,29824,17337,93132,93133,93129,93130,0,0,0,0
1787574284.7107222,11,-24,-33,10,22197,13737,29052,17648,93162,93163,93159,93160,0,0,0,0
1787574284.7921968,8,-42,-28,12,22530,13026,28305,17920,93192,93193,93189,93190,0,0,0,0
1787574284.808474,2,-16,-26,10,22808,12484,27629,18143,93222,93223,93219,93220,0,0,0,0
1787574284.8562143,9,-19,-23,11,23116,11980,27012,18393,93252,93253,93249,93250,0,0,0,0
1787574284.9058218,4,-28,-23,11,23371,11319,26463,18704,93282,93283,93279,93280,0,0,0,0
1787574284.9790497,15,-28,-26,17,23677,10504,25724,19144,93312,93313,93309,93310,0,0,0,0
1787574285.0591347,12,-38,-29,12,24134,9657,24981,19632,93342,93343,93339,93340,0,0,0,0
1787574285.1085055,14,-31,-29,12,24574,8858,24184,20028,93372,93373,93369,93370,0,0,0,0
1787574285.1085055,13,-24,-32,13,25055,8103,23295,20409,93402,93403,93399,93400,0,0,0,0
1787574285.1730053,15,-28,-26,11,25477,7416,22504,20745,93432,93433,93429,93430,0,0,0,0
1787574285.2543762,10,-17,-23,7,25721,6772,21901,20977,93462,93463,93459,93460,0,0,0,0
1787574285.3254092,10,-17,-22,11,25923,6204,21314,21216,93492,93493,93489,93490,0,0,0,0
1787574285.335754,10,-28,-23,15,26525,4802,20086,21908,93552,93553,93549,93550,0,0,0,0
1787574285.3706055,13,-36,-33,12,26852,4027,19401,22249,93582,93583,93579,93580,0,0,0,0
1787574285.4933457,21,-30,-33,20,27292,3227,18561,22694,93612,93613,93609,93610,0,0,0,0
1787574285.558069,28,-25,-24,11,27755,2504,17729,23135,93642,93643,93639,93640,0,0,0,0
1787574285.5798993,10,-26,-29,10,28073,1827,17053,23446,93672,93673,93669,93670,0,0,0,0
1787574285.619616,14,-26,-21,10,28401,1134,16347,23738,93702,93703,93699,93700,0,0,0,0
1787574285.6357164,13,-23,-21,17,28765,548,15670,24086,93732,93733,93729,93730,0,0,0,0
1787574285.7006154,10,-20,-23,13,29075,32647,15023,24400,93762,93763,93759,93760,0,0,0,0
1787574285.8139713,1,-34,-28,15,29345,31807,14327,24720,93792,93793,93789,93790,0,0,0,0
1787574285.8297508,14,-21,-33,20,29713,31116,13649,25113,93822,93823,93819,93820,0,0,0,0
1787574285.8615928,10,-27,-23,11,30124,30428,12880,25502,93852,93853,93849,93850,0,0,0,0
1787574285.926482,11,-31,-36,13,30441,29742,12187,25763,93882,93883,93879,93880,0,0,0,0
1787574285.9595313,16,-27,-24,17,30761,28940,11484,26135,93912,93913,93909,93910,0,0,0,0
1787574285.9997058,14,-25,-29,15,31151,28279,10747,26558,93942,93943,93939,93940,0,0,0,0
1787574286.0646765,14,-27,-25,10,31486,27678,10070,26833,93972,93973,93969,93970,0,0,0,0
1787574286.1433344,15,-31,-26,14,31831,26898,9368,27150,94002,94003,93999,94000,0,0,0,0
1787574286.1565804,19,-23,-29,13,32256,26253,8645,27530,94032,94033,94029,94030,0,0,0,0
1787574286.254194,11,-24,-23,8,32590,25593,7947,27838,94062,94063,94059,94060,0,0,0,0
1787574286.274246,10,-25,-22,10,100,24865,7350,28150,94092,94093,94089,94090,0,0,0,0
1787574286.3021917,16,-20,-31,13,437,24175,6629,28509,94122,94123,94119,94120,0,0,0,0
1787574286.3834698,11,-26,-24,15,1183,22615,5160,29307,94182,94183,94179,94180,0,0,0,0
1787574286.4596584,13,-24,-30,13,1508,21891,4455,29777,94212,94213,94209,94210,0,0,0,0
1787574286.51587,13,-23,-27,11,1897,21202,3666,30151,94242,94243,94239,94240,0,0,0,0
1787574286.5800135,9,-30,-21,11,2220,20551,3034,30384,94272,94273,94269,94270,0,0,0,0
1787574286.6398692,9,-22,-18,10,2524,19864,2392,30651,94302,94303,94299,94300,0,0,0,0
1787574286.6911712,14,-22,-27,14,2868,19301,1781,30976,94332,94333,94329,94330,0,0,0,0
1787574286.7390714,12,-24,-26,6,3187,18592,993,31309,94362,94363,94359,94360,0,0,0,0
1787574286.755068,4,-29,-27,15,3458,17760,312,31640,94392,94393,94389,94390,0,0,0,0
1787574286.834849,17,-23,-24,17,3854,17048,32437,32105,94422,94423,94419,94420,0,0,0,0
1787574286.8663287,10,-27,-31,10,4259,16328,31689,32523,94452,94453,94449,94450,0,0,0,0
1787574286.8990283,12,-29,-26,17,4603,15510,30980,83,94482,94483,94479,94480,0,0,0,0
1787574287.0079176,18,-25,-25,9,5009,14893,30235,434,94512,94513,94509,94510,0,0,0,0
1787574287.0079176,11,-24,-27,10,5438,14260,29468,730,94542,94543,94539,94540,0,0,0,0
1787574287.1559188,4,-27,-27,7,5686,13629,28734,929,94572,94573,94569,94570,0,0,0,0
1787574287.1637583,13,-26,-18,11,5911,12844,28073,1207,94602,94603,94599,94600,0,0,0,0
1787574287.1647635,17,-26,-23,18,6248,12266,27507,1614,94632,94633,94629,94630,0,0,0,0
1787574287.3641996,10,-16,-16,12,6659,11850,27049,2086,94662,94663,94659,94660,0,0,0,0
1787574287.3641996,4,-6,-8,8,6897,11595,26767,2340,94692,94693,94689,94690,0,0,0,0
1787574287.3733256,3,-2,-1,7,7031,11460,26624,2478,94722,94723,94719,94720,0,0,0,0
1787574287.3733256,1,-3,-1,2,7102,11385,26546,2559,94752,94753,94749,94750,0,0,0,0
1787574287.479201,4,-3,2,1,7134,11356,26512,2593,94782,94783,94779,94780,0,0,0,0
1787574287.479201,-1,2,-4,1,7135,11352,26509,2597,94812,94813,94809,94810,0,0,0,0
1787574287.5686464,-3,0,2,-2,7122,11373,26526,2582,94842,94843,94839,94840,0,0,0,0
1787574287.5751863,4,-2,1,0,7099,11400,26553,2558,94872,94873,94869,94870,0,0,0,0
1787576271.212572,0,0,0,0,0,0,0,0,0,0,0,0,0,0,0,0
1787576271.4189506,0,1,5,0,11574,15608,28258,6700,56455,56457,56458,56460,0,0,0,0
1787576271.4189506,1,1,-1,1,11570,15618,28266,6694,56545,56547,56548,56550,0,0,0,0
1787576271.6257467,-1,2,-2,5,11574,15611,28260,6699,56665,56667,56668,56670,0,0,0,0
1787576271.6409717,1,-6,2,3,11572,15613,28261,6698,56695,56697,56698,56700,0,0,0,0
1787576271.6462686,-7,3,0,-1,11572,15615,28262,6697,56725,56727,56728,56730,0,0,0,0
1787576271.7529025,4,-2,2,2,11572,15615,28262,6696,56755,56757,56758,56760,0,0,0,0
1787576271.754442,-2,2,0,3,11573,15614,28261,6698,56785,56787,56788,56790,0,0,0,0
1787576271.8428109,-6,3,0,-2,11572,15615,28264,6696,56845,56847,56848,56850,0,0,0,0
1787576271.9417067,-5,1,4,-2,11571,15616,28264,6697,56905,56907,56908,56910,0,0,0,0
1787576272.0370028,-1,4,-3,1,11572,15612,28261,6698,56935,56937,56938,56940,0,0,0,0
1787576272.0440094,-6,2,0,-2,11574,15611,28260,6699,56965,56967,56968,56970,0,0,0,0
1787576272.1493497,-1,0,0,-3,11572,15614,28262,6697,56995,56997,56998,57000,0,0,0,0
1787576272.1619055,0,-3,3,0,11570,15618,28264,6695,57025,57027,57028,57030,0,0,0,0
1787576272.2450607,-2,-4,-2,-4,11571,15616,28264,6696,57055,57057,57058,57060,0,0,0,0
1787576272.3506856,0,-2,-5,3,11572,15615,28263,6696,57085,57087,57088,57090,0,0,0,0
1787576272.356587,1,-6,6,-2,11571,15616,28264,6696,57115,57117,57118,57120,0,0,0,0
1787576272.3629246,0,2,-2,7,11572,15615,28264,6696,57145,57147,57148,57150,0,0,0,0
1787576272.4746118,0,-1,-3,0,11571,15615,28263,6696,57175,57177,57178,57180,0,0,0,0
1787576272.4746118,-3,2,3,5,11570,15616,28265,6695,57205,57207,57208,57210,0,0,0,0
1787576272.6446347,4,-2,-3,-3,11567,15618,28267,6692,57235,57237,57238,57240,0,0,0,0
1787576272.6446347,1,-3,2,-10,11569,15620,28268,6692,57265,57267,57268,57270,0,0,0,0
1787576272.660513,2,-1,-1,2,11570,15616,28265,6695,57325,57327,57328,57330,0,0,0,0
1787576272.7676804,-4,-2,-2,1,11569,15618,28265,6694,57385,57387,57388,57390,0,0,0,0
1787576272.858653,0,-4,4,4,11569,15617,28264,6695,57415,57417,57418,57420,0,0,0,0
1787576272.981793,0,0,-1,0,11571,15615,28263,6696,57445,57447,57448,57450,0,0,0,0
1787576272.981793,-5,1,0,0,11570,15617,28265,6694,57505,57507,57508,57510,0,0,0,0
1787576273.0598483,0,-1,1,-3,11570,15618,28266,6694,57535,57537,57538,57540,0,0,0,0
1787576273.0740964,-3,2,-2,0,11571,15617,28264,6695,57565,57567,57568,57570,0,0,0,0
1787576273.186301,2,2,2,-5,11572,15615,28262,6697,57625,57627,57628,57630,0,0,0,0
1787576273.2802615,4,-5,0,-1,11571,15616,28263,6696,57685,57687,57688,57690,0,0,0,0
1787576273.342439,28,-19,-16,21,11891,15379,28062,7004,57745,57747,57748,57750,0,0,0,0
1787576273.4010358,59,-39,-35,42,13120,14747,27428,8053,57775,57777,57778,57780,0,0,0,0
1787576273.4613004,59,-39,-35,42,13120,14747,27428,8053,57775,57777,57778,57780,0,0,0,0
1787576273.5146565,57,-61,-62,63,16110,12175,24819,11273,57835,57837,57838,57840,0,0,0,0
1787576273.5766318,62,-58,-50,58,17749,10640,23395,13026,57865,57867,57868,57870,0,0,0,0
1787576273.5924788,55,-38,-41,56,19250,9329,22063,14579,57895,57897,57898,57900,0,0,0,0
1787576273.661854,41,-36,-32,40,20494,8183,21076,15851,57925,57927,57928,57930,0,0,0,0
1787576273.7194514,30,-20,-31,33,21405,7455,20333,16802,57955,57957,57958,57960,0,0,0,0
1787576273.7413967,25,-19,-22,28,22168,6897,19728,17538,57985,57987,57988,57990,0,0,0,0
1787576273.8503582,27,-33,-20,30,22962,6249,19211,18340,58015,58017,58018,58020,0,0,0,0
1787576273.863863,41,-27,-27,46,23857,5475,18539,19261,58045,58047,58048,58050,0,0,0,0
1787576273.9400663,51,-31,-39,55,25057,4580,17547,20447,58075,58077,58078,58080,0,0,0,0
1787576273.9953628,55,-45,-42,50,26406,3468,16317,21793,58105,58107,58108,58110,0,0,0,0
1787576274.0026176,46,-44,-44,39,27907,2327,15062,23214,58135,58137,58138,58140,0,0,0,0
1787576274.0783217,48,-41,-37,43,29194,1057,13886,24590,58165,58167,58168,58170,0,0,0,0
1787576274.0996716,42,-33,-41,43,30507,11,12841,25873,58195,58197,58198,58200,0,0,0,0
1787576274.162047,32,-35,-26,37,31557,31820,11857,26917,58225,58227,58228,58230,0,0,0,0
1787576274.217311,31,-29,-26,32,32629,31066,11123,27957,58255,58257,58258,58260,0,0,0,0
1787576274.2809298,34,-25,-18,40,782,30339,10451,28884,58285,58287,58288,58290,0,0,0,0
1787576274.3421834,46,-32,-39,42,1726,29422,9629,29897,58315,58317,58318,58320,0,0,0,0
1787576274.3780875,41,-32,-37,42,2826,28620,8679,30938,58345,58347,58348,58350,0,0,0,0
1787576274.4392068,47,-37,-43,44,4110,27658,7668,32147,58375,58377,58378,58380,0,0,0,0
1787576274.5018563,44,-32,-40,54,5342,26584,6480,626,58405,58407,58408,58410,0,0,0,0
1787576274.543951,44,-40,-37,44,6647,25551,5471,1961,58435,58437,58438,58440,0,0,0,0
1787576274.561391,48,-37,-39,42,7862,24390,4418,3157,58465,58467,58468,58470,0,0,0,0
1787576274.6185403,39,-29,-29,41,8988,23410,3442,4461,58495,58497,58498,58500,0,0,0,0
1787576274.6716096,44,-38,-32,39,10072,22472,2601,5529,58525,58527,58528,58530,0,0,0,0
1787576274.7956955,42,-34,-31,37,11995,20800,950,7584,58585,58587,58588,58590,0,0,0,0
1787576274.8435502,44,-34,-36,48,13229,19862,33,8653,58615,58617,58618,58620,0,0,0,0
1787576274.8607533,44,-42,-40,60,14333,18877,31733,9923,58645,58647,58648,58650,0,0,0,0
1787576274.9171827,53,-43,-35,51,15570,17856,30774,11133,58675,58677,58678,58680,0,0,0,0
1787576274.9979033,48,-41,-39,48,16746,16855,29823,12401,58705,58707,58708,58710,0,0,0,0
1787576275.0462186,46,-41,-36,43,17965,15886,28853,13557,58735,58737,58738,58740,0,0,0,0
1787576275.0619211,43,-34,-31,40,18990,14916,27914,14626,58765,58767,58768,58770,0,0,0,0
1787576275.110011,42,-28,-34,45,20182,13977,26944,15782,58795,58797,58798,58800,0,0,0,0
1787576275.2218294,39,-39,-31,44,21251,13114,26111,16862,58825,58827,58828,58830,0,0,0,0
1787576275.2378917,46,-38,-38,42,22342,12225,25161,17953,58855,58857,58858,58860,0,0,0,0
1787576275.2537324,41,-34,-29,49,23511,11284,24179,19087,58885,58887,58888,58890,0,0,0,0
1787576275.3229814,45,-24,-32,44,24675,10361,23231,20230,58915,58917,58918,58920,0,0,0,0
1787576275.3837504,40,-29,-40,40,25878,9388,22107,21416,58945,58947,58948,58950,0,0,0,0
1787576275.4393725,47,-42,-38,50,27096,8347,21195,22567,58975,58977,58978,58980,0,0,0,0
1787576275.501736,32,-37,-45,46,28203,7414,20245,23796,59005,59007,59008,59010,0,0,0,0
1787576275.5501428,41,-32,-32,51,29298,6498,19300,24905,59035,59037,59038,59040,0,0,0,0
1787576275.6182804,40,-36,-33,43,30455,5515,18416,26037,59065,59067,59068,59070,0,0,0,0
1787576275.6780167,34,-33,-34,46,31559,4578,17434,27134,59095,59097,59098,59100,0,0,0,0
1787576275.6941738,33,-43,-37,36,32676,3522,16396,28183,59125,59127,59128,59130,0,0,0,0
1787576275.743165,33,-34,-46,33,864,2494,15321,29240,59155,59157,59158,59160,0,0,0,0
1787576275.8126395,41,-49,-39,29,1837,1344,14172,30235,59185,59187,59188,59190,0,0,0,0
1787576275.8126395,35,-47,-44,35,2862,238,13032,31199,59215,59217,59218,59220,0,0,0,0
1787576275.8756042,38,-51,-45,37,3831,31904,11877,32183,59245,59247,59248,59250,0,0,0,0
1787576275.936349,28,-42,-37,37,4806,30861,10757,317,59275,59277,59278,59280,0,0,0,0
1787576276.0107226,31,-43,-46,29,6755,28567,8479,2223,59335,59337,59338,59340,0,0,0,0
1787576276.0759027,35,-44,-50,31,7770,27451,7364,3231,59365,59367,59368,59370,0,0,0,0
1787576276.1759615,33,-39,-46,43,8726,26330,6160,4251,59395,59397,59398,59400,0,0,0,0
1787576276.1759615,33,-49,-43,26,9623,25270,5071,5118,59425,59427,59428,59430,0,0,0,0
1787576276.2487714,36,-35,-45,39,10627,24092,3920,6035,59455,59457,59458,59460,0,0,0,0
1787576276.3123183,31,-44,-44,44,11541,22967,2882,7060,59485,59487,59488,59490,0,0,0,0
1787576276.3764179,38,-33,-42,31,12555,21811,1781,8006,59515,59517,59518,59520,0,0,0,0
1787576276.44085,35,-48,-42,36,13497,20616,623,9022,59545,59547,59548,59550,0,0,0,0
1787576276.462574,39,-36,-46,33,14394,19506,32165,10025,59575,59577,59578,59580,0,0,0,0
1787576276.498364,43,-40,-40,38,15456,18359,31015,10934,59605,59607,59608,59610,0,0,0,0
1787576276.5612664,34,-40,-48,32,16433,17235,29820,11895,59635,59637,59638,59640,0,0,0,0
1787576276.576935,41,-40,-38,30,17444,16072,28734,12819,59665,59667,59668,59670,0,0,0,0
1787576276.6408246,28,-37,-42,31,18369,14990,27629,13788,59695,59697,59698,59700,0,0,0,0
1787576276.7053838,38,-34,-40,28,19261,13832,26570,14736,59725,59727,59728,59730,0,0,0,0
1787576276.753215,38,-43,-49,46,20197,12693,25500,15684,59755,59757,59758,59760,0,0,0,0
1787576276.817051,31,-39,-40,35,21170,11580,24208,16624,59785,59787,59788,59790,0,0,0,0
1787576276.8830512,36,-39,-43,33,22137,10395,23123,17558,59815,59817,59818,59820,0,0,0,0
1787576276.8978171,36,-43,-35,25,24082,8001,20855,19563,59875,59877,59878,59880,0,0,0,0
1787576276.9363856,36,-36,-39,41,25028,6983,19706,20501,59905,59907,59908,59910,0,0,0,0
1787576277.01994,34,-48,-38,35,25984,5847,18580,21419,59935,59937,59938,59940,0,0,0,0
1787576277.078915,33,-40,-41,31,26927,4719,17469,22315,59965,59967,59968,59970,0,0,0,0
1787576277.1268065,33,-40,-41,31,26927,4719,17469,22315,59965,59967,59968,59970,0,0,0,0
1787576277.1325755,33,-33,-41,29,28840,2481,15237,24285,60025,60027,60028,60030,0,0,0,0
1787576277.2133355,41,-45,-39,46,29800,1320,14108,25320,60055,60057,60058,60060,0,0,0,0
1787576277.2455664,39,-39,-40,36,30776,157,12922,26267,60085,60087,60088,60090,0,0,0,0
1787576277.3418374,39,-39,-40,36,30776,157,12922,26267,60085,60087,60088,60090,0,0,0,0
1787576277.4415476,41,-39,-38,29,1853,28424,8336,30176,60205,60207,60208,60210,0,0,0,0
1787576277.5222142,30,-50,-45,35,2804,27320,7261,31086,60235,60237,60238,60240,0,0,0,0
1787576277.537924,32,-43,-45,35,3748,26260,6082,32024,60265,60267,60268,60270,0,0,0,0
1787576277.625221,27,-56,-40,37,4699,25079,4994,138,60295,60297,60298,60300,0,0,0,0
1787576277.6412318,32,-43,-40,36,5609,23920,3833,1131,60325,60327,60328,60330,0,0,0,0
1787576277.6986778,28,-51,-43,31,6589,22764,2736,2163,60355,60357,60358,60360,0,0,0,0
1787576277.7745087,39,-40,-43,33,7557,21582,1648,3165,60385,60387,60388,60390,0,0,0,0
1787576277.8327093,33,-40,-46,39,9427,19268,32106,5151,60445,60447,60448,60450,0,0,0,0
1787576277.8969133,33,-46,-42,42,10462,18196,31019,6089,60475,60477,60478,60480,0,0,0,0
1787576277.960329,35,-46,-47,26,11406,17073,29785,7019,60505,60507,60508,60510,0,0,0,0
1787576278.0090845,42,-40,-41,29,12362,15941,28687,7904,60535,60537,60538,60540,0,0,0,0
1787576278.12241,39,-32,-34,36,14227,13601,26468,9932,60595,60597,60598,60600,0,0,0,0
1787576278.1706483,36,-40,-45,35,15201,12489,25343,10786,60625,60627,60628,60630,0,0,0,0
1787576278.2018168,35,-42,-34,28,16192,11424,24152,11706,60655,60657,60658,60660,0,0,0,0
1787576278.2821143,38,-38,-43,29,17074,10343,23123,12676,60685,60687,60688,60690,0,0,0,0
1787576278.324044,44,-20,-41,36,18087,9238,21924,13629,60715,60717,60718,60720,0,0,0,0
1787576278.3617244,35,-37,-34,32,18930,8026,20845,14542,60745,60747,60748,60750,0,0,0,0
1787576278.4572108,26,-47,-37,41,20943,5726,18468,16511,60805,60807,60808,60810,0,0,0,0
1787576278.5364335,35,-37,-39,36,21985,4537,17306,17534,60835,60837,60838,60840,0,0,0,0
1787576278.5923994,36,-43,-39,30,23914,2242,15058,19562,60895,60897,60898,60900,0,0,0,0
1787576278.6564991,38,-36,-36,38,24924,1024,13974,20469,60925,60927,60928,60930,0,0,0,0
1787576278.7210476,13,-46,-39,29,25616,32708,12950,21318,60955,60957,60958,60960,0,0,0,0
1787576278.7699604,43,-41,-39,21,26273,31268,12056,22043,60985,60987,60988,60990,0,0,0,0
1787576278.8506467,32,-42,-37,25,28060,28945,10109,23352,61045,61047,61048,61050,0,0,0,0
1787576278.915017,39,-32,-38,27,29265,27866,8984,24145,61075,61077,61078,61080,0,0,0,0
1787576278.9797788,20,-48,-27,27,30077,26636,8045,24817,61105,61107,61108,61110,0,0,0,0
1787576279.0278268,43,-39,-39,25,30741,25314,6998,25567,61135,61137,61138,61140,0,0,0,0
1787576279.1230836,19,-49,-44,40,32557,22925,4573,27175,61195,61197,61198,61200,0,0,0,0
1787576279.2031157,42,-41,-38,22,644,21704,3349,28046,61225,61227,61228,61230,0,0,0,0
1787576279.2237368,33,-43,-46,31,1558,20564,2191,29020,61255,61257,61258,61260,0,0,0,0
1787576279.3020275,38,-39,-43,38,2587,19452,938,30047,61285,61287,61288,61290,0,0,0,0
1787576279.3265228,34,-48,-38,40,3670,18278,32489,31005,61315,61317,61318,61320,0,0,0,0
1787576279.407634,21,-45,-37,43,4358,17038,31251,32059,61345,61347,61348,61350,0,0,0,0
1787576279.412987,46,-33,-47,31,5313,16043,30002,227,61375,61377,61378,61380,0,0,0,0
1787576279.52474,29,-60,-34,27,6402,14770,28833,1239,61405,61407,61408,61410,0,0,0,0
1787576279.5405707,29,-36,-43,29,7013,13554,27680,2208,61435,61437,61438,61440,0,0,0,0
1787576279.6655602,25,-45,-41,35,9054,11396,25404,4037,61495,61497,61498,61500,0,0,0,0
1787576279.6779602,57,-40,-36,33,10043,10074,24139,4883,61525,61527,61528,61530,0,0,0,0
1787576279.7412446,28,-31,-39,31,11221,9210,23121,5794,61555,61557,61558,61560,0,0,0,0
1787576279.7938569,60,-31,-31,33,12048,7959,22038,6879,61585,61587,61588,61590,0,0,0,0
1787576279.9023066,46,-23,-40,30,13522,7380,21135,7898,61615,61617,61618,61620,0,0,0,0
1787576279.9023066,49,-54,-44,43,14687,6432,20160,9107,61645,61647,61648,61650,0,0,0,0
1787576279.9362898,41,-28,-29,43,15737,5210,19274,10309,61675,61677,61678,61680,0,0,0,0
1787576279.997614,64,-23,-36,38,17068,4682,18401,11436,61705,61707,61708,61710,0,0,0,0
1787576280.062119,53,-15,-34,33,19507,2850,16690,13802,61765,61767,61768,61770,0,0,0,0
1787576280.1429782,40,-41,-34,38,20937,2209,15883,14988,61795,61797,61798,61800,0,0,0,0
1787576280.1968393,34,-40,-30,32,22118,983,15013,16499,61825,61827,61828,61830,0,0,0,0
1787576280.3513188,37,-18,-32,40,23184,208,14152,17587,61855,61857,61858,61860,0,0,0,0
1787576280.3513188,45,-29,-28,47,25804,31280,12478,19959,61915,61917,61918,61920,0,0,0,0
1787576280.3832028,50,-25,-32,50,26991,30599,11579,21293,61945,61947,61948,61950,0,0,0,0
1787576280.4627862,49,-43,-30,49,28296,29725,10692,22659,61975,61977,61978,61980,0,0,0,0
1787576280.4982884,39,-29,-37,42,29472,28684,9887,23837,62005,62007,62008,62010,0,0,0,0
1787576280.576492,49,-40,-31,64,32223,27150,8088,26397,62065,62067,62068,62070,0,0,0,0
1787576280.6412885,47,-26,-31,38,512,26354,7295,27784,62095,62097,62098,62100,0,0,0,0
1787576280.6999376,57,-26,-33,52,1899,25652,6468,29032,62125,62127,62128,62130,0,0,0,0
1787576280.7019444,36,-35,-10,17,3313,24698,5775,30244,62155,62157,62158,62160,0,0,0,0
1787576280.751984,41,-25,2,69,3703,23712,5640,31239,62185,62187,62188,62190,0,0,0,0
1787576280.879856,81,-22,3,45,5977,23217,5812,227,62215,62217,62218,62220,0,0,0,0
1787576280.9010315,41,-30,-9,51,7455,22254,5722,1497,62245,62247,62248,62250,0,0,0,0
1787576280.9010315,57,-8,-11,66,8572,21811,5531,2836,62275,62277,62278,62280,0,0,0,0
1787576281.0129015,60,-20,-29,48,10436,21520,4956,4651,62305,62307,62308,62310,0,0,0,0
1787576281.0129015,73,-19,6,98,12171,20951,4501,6306,62335,62337,62338,62340,0,0,0,0
1787576281.1205175,38,-18,9,35,13735,20458,4647,8008,62365,62367,62368,62370,0,0,0,0
1787576281.1313524,32,-22,7,45,15032,19885,4721,9370,62395,62397,62398,62400,0,0,0,0
1787576281.2022126,66,-13,0,67,16322,19485,4967,11379,62425,62427,62428,62430,0,0,0,0
1787576281.2243013,9,-29,13,36,17944,18840,5167,12780,62455,62457,62458,62460,0,0,0,0
1787576281.2623217,46,-15,3,79,18616,18291,5406,14361,62485,62487,62488,62490,0,0,0,0
1787576281.3273008,44,-19,5,52,20837,17909,5569,16350,62515,62517,62518,62520,0,0,0,0
1787576281.391957,80,-9,4,69,21679,17286,5726,17818,62545,62547,62548,62550,0,0,0,0
1787576281.4560454,61,-10,9,48,24063,17121,5823,19201,62575,62577,62578,62580,0,0,0,0
1787576281.4577248,48,6,-1,61,25477,17103,5921,21242,62605,62607,62608,62610,0,0,0,0
1787576281.5198426,64,0,0,51,26852,17012,6009,23165,62635,62637,62638,62640,0,0,0,0
1787576281.5842044,65,-3,5,62,29195,17128,6118,24866,62665,62667,62668,62670,0,0,0,0
1787576281.6007113,83,11,4,64,30710,17217,6198,26698,62695,62697,62698,62700,0,0,0,0
1787576281.6818876,71,1,-1,74,198,17356,6277,28534,62725,62727,62728,62730,0,0,0,0
1787576281.7742565,56,2,3,77,1917,17399,6326,30578,62755,62757,62758,62760,0,0,0,0
1787576281.781584,104,3,6,57,4354,17507,6406,6,62785,62787,62788,62790,0,0,0,0
1787576281.8427963,55,-6,8,70,6449,17535,6528,1975,62815,62817,62818,62820,0,0,0,0
1787576281.8944297,92,-4,8,103,7552,17486,6702,4122,62845,62847,62848,62850,0,0,0,0
1787576281.9557698,83,-8,6,49,10424,17497,6951,5711,62875,62877,62878,62880,0,0,0,0
1787576281.9718587,27,-2,9,65,11973,17335,7245,7524,62905,62907,62908,62910,0,0,0,0
1787576282.0234458,72,-3,13,61,12879,17277,7650,9484,62935,62937,62938,62940,0,0,0,0
1787576282.083306,90,-22,8,41,15973,17177,7979,11139,62965,62967,62968,62970,0,0,0,0
1787576282.1635668,8,-21,7,61,17273,16512,8230,12675,62995,62997,62998,63000,0,0,0,0
1787576282.2055492,46,1,10,79,17809,16268,8517,14674,63025,63027,63028,63030,0,0,0,0
1787576282.2174454,132,-5,14,46,20863,16185,8851,16507,63055,63057,63058,63060,0,0,0,0
1787576282.3244655,27,-29,4,63,23513,15685,9055,17793,63085,63087,63088,63090,0,0,0,0
1787576282.3404248,36,-3,10,70,24010,15260,9243,19780,63115,63117,63118,63120,0,0,0,0
1787576282.3890705,44,-4,5,55,25775,15049,9503,21694,63145,63147,63148,63150,0,0,0,0
1787576282.4571955,85,6,8,56,27144,15053,9681,23461,63175,63177,63178,63180,0,0,0,0
1787576282.507669,81,-4,6,64,29599,15027,9958,24887,63205,63207,63208,63210,0,0,0,0
1787576282.516805,29,3,16,51,31278,14957,10162,26605,63235,63237,63238,63240,0,0,0,0
1787576282.5975373,65,2,11,47,32187,15014,10416,28084,63265,63267,63268,63270,0,0,0,0
1787576282.6466281,106,4,10,60,2351,15112,10754,29944,63295,63297,63298,63300,0,0,0,0
1787576282.6950731,3,-26,10,53,3762,14584,10845,31410,63325,63327,63328,63330,0,0,0,0
1787576282.7194853,41,15,16,67,4159,14538,11158,142,63355,63357,63358,63360,0,0,0,0
1787576282.836134,102,-11,3,32,6730,14691,11424,1958,63385,63387,63388,63390,0,0,0,0
1787576282.859354,29,-24,11,73,8951,14101,11531,3434,63415,63417,63418,63420,0,0,0,0
1787576282.9095094,52,8,11,66,9463,13888,11750,5224,63445,63447,63448,63450,0,0,0,0
1787576283.0021632,71,-5,9,41,11612,13970,12121,6935,63475,63477,63478,63480,0,0,0,0
1787576283.0145648,37,4,11,91,12972,13875,12340,8540,63505,63507,63508,63510,0,0,0,0
1787576283.029655,44,-4,7,32,14230,13806,12522,10088,63535,63537,63538,63540,0,0,0,0
1787576283.0935633,37,3,7,59,15289,13923,12712,11526,63565,63567,63568,63570,0,0,0,0
1787576283.1737142,75,5,3,63,17411,13883,12821,13192,63595,63597,63598,63600,0,0,0,0
1787576283.1737142,30,-2,2,52,18319,14000,12884,15039,63625,63627,63628,63630,0,0,0,0
1787576283.2597148,71,4,2,55,20088,14083,12947,16646,63655,63657,63658,63660,0,0,0,0
1787576283.299861,70,9,3,45,21382,14286,13058,18321,63685,63687,63688,63690,0,0,0,0
1787576283.3430603,35,-2,2,72,23017,14285,13057,19657,63715,63717,63718,63720,0,0,0,0
1787576283.4540856,0,5,5,-10,24784,14775,13344,21522,63775,63777,63778,63780,0,0,0,0
1787576283.5184813,-4,6,6,0,24636,15105,13742,21498,63835,63837,63838,63840,0,0,0,0
1787576283.712491,-3,-2,0,-1,24556,15449,14353,21728,63955,63957,63958,63960,0,0,0,0
1787576283.8276188,-4,0,9,1,24554,15475,14389,21729,63985,63987,63988,63990,0,0,0,0
1787576283.8276188,-2,2,-2,3,24554,15535,14465,21747,64015,64017,64018,64020,0,0,0,0
1787576283.841449,-2,0,6,2,24554,15526,14459,21764,64045,64047,64048,64050,0,0,0,0
1787576283.9128234,-2,-4,1,0,24538,15479,14520,21831,64075,64077,64078,64080,0,0,0,0
1787576347.4038687,-2,0,-3,0,6228,30846,27315,7952,102115,102117,102118,102120,0,0,0,0
1787576347.4038687,-1,1,-3,-3,6227,30847,27315,7952,102145,102147,102148,102150,0,0,0,0
1787576347.421624,-5,1,-2,5,6229,30847,27314,7953,102175,102177,102178,102180,0,0,0,0
1787576347.6012654,0,-4,-1,1,6229,30846,27314,7953,102235,102237,102238,102240,0,0,0,0
1787576347.7301714,-1,0,3,0,6229,30844,27312,7954,102295,102297,102298,102300,0,0,0,0
1787576347.7301714,1,2,2,-4,6226,30850,27319,7950,102355,102357,102358,102360,0,0,0,0
1787576347.8201025,-4,-1,3,-13,6226,30847,27315,7952,102415,102417,102418,102420,0,0,0,0
1787576348.0133958,-2,2,-4,2,6232,30843,27309,7956,102445,102447,102448,102450,0,0,0,0
1787576348.0133958,-4,-2,-5,-4,6229,30848,27316,7952,102505,102507,102508,102510,0,0,0,0
1787576348.019621,-1,-1,-1,-1,6222,30853,27323,7947,102535,102537,102538,102540,0,0,0,0
1787576348.1306572,3,-2,-5,-4,6226,30849,27318,7951,102595,102597,102598,102600,0,0,0,0
1787576348.2141893,1,0,0,-3,6229,30846,27313,7953,102625,102627,102628,102630,0,0,0,0
1787576348.2141893,-1,1,-2,0,6229,30845,27313,7953,102655,102657,102658,102660,0,0,0,0
1787576348.4227874,-2,1,-2,-2,6228,30847,27315,7952,102685,102687,102688,102690,0,0,0,0
1787576348.4227874,1,2,0,-3,6224,30851,27318,7950,102745,102747,102748,102750,0,0,0,0
1787576348.4432244,-1,0,-1,-3,6226,30848,27316,7952,102775,102777,102778,102780,0,0,0,0
1787576348.5545726,-2,-3,-4,-5,6229,30846,27313,7954,102805,102807,102808,102810,0,0,0,0
1787576348.561662,3,2,-4,-2,6231,30844,27311,7955,102835,102837,102838,102840,0,0,0,0
1787576348.630298,-1,-4,-1,2,6230,30844,27312,7954,102865,102867,102868,102870,0,0,0,0
1787576348.6383784,1,-1,0,-4,6228,30846,27314,7952,102895,102897,102898,102900,0,0,0,0
1787576348.751556,3,4,2,1,6226,30848,27317,7951,102955,102957,102958,102960,0,0,0,0
1787576348.8191955,2,-2,-4,0,6227,30846,27314,7952,102985,102987,102988,102990,0,0,0,0
1787576348.8381493,1,0,1,-1,6228,30844,27312,7953,103015,103017,103018,103020,0,0,0,0
1787576348.8862362,-1,0,-3,-1,6229,30845,27313,7953,103045,103047,103048,103050,0,0,0,0
1787576349.01297,-2,-3,-5,-1,6228,30848,27316,7951,103075,103077,103078,103080,0,0,0,0
1787576349.01297,0,-4,0,3,6226,30848,27317,7951,103105,103107,103108,103110,0,0,0,0
1787576349.2057052,1,3,0,-1,6230,30842,27311,7954,103195,103197,103198,103200,0,0,0,0
1787576349.2183127,3,-2,1,-3,6228,30847,27316,7952,103255,103257,103258,103260,0,0,0,0
1787576349.332,-4,2,4,-2,6227,30848,27316,7952,103285,103287,103288,103290,0,0,0,0
1787576349.332,0,-2,1,0,6229,30846,27313,7954,103345,103347,103348,103350,0,0,0,0
1787576349.4077187,2,-2,3,0,6229,30845,27312,7954,103375,103377,103378,103380,0,0,0,0
1787576349.473379,-1,1,-1,1,6227,30846,27315,7952,103405,103407,103408,103410,0,0,0,0
1787576349.5387414,3,-6,-3,2,6226,30801,27280,7956,103435,103437,103438,103440,0,0,0,0
1787576349.5417876,12,-25,-21,12,6424,30381,26936,8179,103465,103467,103468,103470,0,0,0,0
1787576349.5931416,31,-56,-46,35,7050,29227,26185,8932,103495,103497,103498,103500,0,0,0,0
1787576349.6886199,50,-44,-63,52,8305,27895,24635,10108,103525,103527,103528,103530,0,0,0,0
1787576349.6886199,58,-58,-62,53,9719,26377,23057,11506,103555,103557,103558,103560,0,0,0,0
1787576349.7681143,47,-59,-62,54,11261,24698,21281,13112,103585,103587,103588,103590,0,0,0,0
1787576349.831547,45,-46,-46,47,12675,23280,19717,14404,103615,103617,103618,103620,0,0,0,0
1787576349.8953328,28,-34,-33,35,13793,21981,18507,15412,103645,103647,103648,103650,0,0,0,0
1787576349.9192886,27,-32,-26,19,14591,21097,17543,16177,103675,103677,103678,103680,0,0,0,0
1787576349.956587,20,-27,-20,24,15150,20363,16828,16634,103705,103707,103708,103710,0,0,0,0
1787576350.0193017,23,-23,-35,21,15734,19635,16121,17225,103735,103737,103738,103740,0,0,0,0
1787576350.0692484,20,-39,-38,40,16420,18741,15195,17991,103765,103767,103768,103770,0,0,0,0
1787576350.1386952,46,-49,-42,44,17496,17538,13961,18983,103795,103797,103798,103800,0,0,0,0
1787576350.1796765,36,-45,-45,50,18627,16121,12583,20132,103825,103827,103828,103830,0,0,0,0
1787576350.2208343,41,-55,-53,48,19855,14764,11101,21469,103855,103857,103858,103860,0,0,0,0
1787576350.2844706,35,-55,-48,48,21064,13364,9837,22577,103885,103887,103888,103890,0,0,0,0
1787576350.3400195,37,-50,-41,39,22081,12155,8609,23665,103915,103917,103918,103920,0,0,0,0
1787576350.3954408,31,-32,-41,30,23056,11138,7645,24542,103945,103947,103948,103950,0,0,0,0
1787576350.4512005,31,-32,-31,23,23706,10129,6639,25372,103975,103977,103978,103980,0,0,0,0
1787576350.5100877,29,-30,-31,22,24413,9227,5727,26106,104005,104007,104008,104010,0,0,0,0
1787576350.5262027,36,-31,-44,35,25293,8146,4791,26896,104035,104037,104038,104040,0,0,0,0
1787576350.6247294,40,-35,-34,35,26313,7217,3708,28019,104065,104067,104068,104070,0,0,0,0
1787576350.6386063,53,-54,-44,41,27538,6086,2631,29197,104095,104097,104098,104100,0,0,0,0
1787576350.6790872,49,-40,-43,43,28727,4883,1525,30492,104125,104127,104128,104130,0,0,0,0
1787576350.7427073,43,-40,-42,53,30014,3820,475,31837,104155,104157,104158,104160,0,0,0,0
1787576350.7874615,34,-36,-32,50,31184,2785,32257,311,104185,104187,104188,104190,0,0,0,0
1787576350.851026,42,-35,-28,42,32309,1885,31326,1425,104215,104217,104218,104220,0,0,0,0
1787576350.9153936,45,-30,-33,35,511,896,30422,2443,104245,104247,104248,104250,0,0,0,0
1787576350.9770455,43,-32,-37,38,1514,55,29631,3476,104275,104277,104278,104280,0,0,0,0
1787576350.992834,31,-38,-29,36,2587,31966,28823,4614,104305,104307,104308,104310,0,0,0,0
1787576351.0609548,42,-38,-32,38,3656,31106,27926,5712,104335,104337,104338,104340,0,0,0,0
1787576351.0947294,36,-36,-36,50,4852,30130,26879,6941,104365,104367,104368,104370,0,0,0,0
1787576351.1732364,49,-29,-51,48,7257,28071,24807,9316,104425,104427,104428,104430,0,0,0,0
1787576351.2370763,51,-36,-32,36,8517,27072,23843,10497,104455,104457,104458,104460,0,0,0,0
1787576351.3014603,43,-44,-35,43,9610,26196,22904,11652,104485,104487,104488,104490,0,0,0,0
1787576351.3336105,43,-33,-27,36,10730,25246,21929,12872,104515,104517,104518,104520,0,0,0,0
1787576351.4148312,34,-33,-27,35,11735,24294,21054,13982,104545,104547,104548,104550,0,0,0,0
1787576351.4791336,37,-32,-38,39,12897,23385,20171,15034,104575,104577,104578,104580,0,0,0,0
1787576351.505001,32,-33,-35,31,13985,22401,19241,16208,104605,104607,104608,104610,0,0,0,0
1787576351.5614002,36,-36,-38,39,15125,21522,18346,17321,104635,104637,104638,104640,0,0,0,0
1787576351.6163232,45,-36,-30,32,17482,19569,16325,19670,104695,104697,104698,104700,0,0,0,0
1787576351.6648211,35,-34,-34,49,18621,18528,15398,20981,104725,104727,104728,104730,0,0,0,0
1787576351.681213,35,-34,-34,49,18621,18528,15398,20981,104725,104727,104728,104730,0,0,0,0
1787576351.7298212,33,-31,-28,44,20929,16511,13597,23291,104785,104787,104788,104790,0,0,0,0
1787576351.840945,38,-30,-39,31,22034,15677,12580,24362,104815,104817,104818,104820,0,0,0,0
1787576351.8570387,38,-36,-34,38,23211,14823,11578,25464,104845,104847,104848,104850,0,0,0,0
1787576351.9209096,41,-23,-32,31,24330,13866,10667,26531,104875,104877,104878,104880,0,0,0,0
1787576351.9951513,39,-35,-39,38,25496,12977,9734,27666,104905,104907,104908,104910,0,0,0,0
1787576352.0001066,44,-41,-34,40,26597,12056,8698,28792,104935,104937,104938,104940,0,0,0,0
1787576352.0317729,38,-39,-32,45,27851,11107,7757,29968,104965,104967,104968,104970,0,0,0,0
1787576352.118972,41,-33,-40,39,28954,10076,6730,31145,104995,104997,104998,105000,0,0,0,0
1787576352.1643443,37,-31,-28,39,30127,9141,5779,32362,105025,105027,105028,105030,0,0,0,0
1787576352.230309,34,-33,-33,43,31240,8090,4893,740,105055,105057,105058,105060,0,0,0,0
1787576352.230309,43,-34,-35,43,32406,7237,3914,1878,105085,105087,105088,105090,0,0,0,0
1787576352.3404248,41,-34,-27,39,705,6390,3016,2918,105115,105117,105118,105120,0,0,0,0
1787576352.3579674,47,-32,-31,48,1805,5392,2136,4086,105145,105147,105148,105150,0,0,0,0
1787576352.4424028,44,-25,-37,43,2885,4452,1175,5247,105175,105177,105178,105180,0,0,0,0
1787576352.48854,51,-32,-31,47,4148,3438,236,6419,105205,105207,105208,105210,0,0,0,0
1787576352.5008187,40,-31,-38,42,5275,2550,32017,7572,105235,105237,105238,105240,0,0,0,0
1787576352.5617926,48,-31,-36,49,6462,1625,31002,8739,105265,105267,105268,105270,0,0,0,0
1787576352.6108277,47,-35,-36,55,7603,654,30069,9951,105295,105297,105298,105300,0,0,0,0
1787576352.7223969,47,-35,-35,52,9801,31471,28221,12208,105355,105357,105358,105360,0,0,0,0
1787576352.7615488,24,-37,-32,46,10953,30576,27208,13367,105385,105387,105388,105390,0,0,0,0
1787576352.8196218,53,-38,-32,49,12054,29608,26327,14472,105415,105417,105418,105420,0,0,0,0
1787576352.8682013,43,-31,-47,52,13301,28728,25395,15631,105445,105447,105448,105450,0,0,0,0
1787576352.941681,48,-35,-32,47,14400,27801,24348,16782,105475,105477,105478,105480,0,0,0,0
1787576352.995298,46,-36,-36,46,15575,26774,23459,17882,105505,105507,105508,105510,0,0,0,0
1787576353.0552773,41,-39,-38,47,16626,25881,22411,19014,105535,105537,105538,105540,0,0,0,0
1787576353.0628593,44,-42,-32,47,17851,24881,21559,20166,105565,105567,105568,105570,0,0,0,0
1787576353.1160674,36,-46,-48,37,18815,23840,20552,21300,105595,105597,105598,105600,0,0,0,0
1787576353.1805086,31,-44,-38,32,19889,22777,19407,22238,105625,105627,105628,105630,0,0,0,0
1787576353.2298133,28,-40,-44,31,20906,21655,18333,23159,105655,105657,105658,105660,0,0,0,0
1787576353.2604039,32,-46,-39,34,21886,20600,17157,24129,105685,105687,105688,105690,0,0,0,0
1787576353.3406038,38,-36,-33,42,22940,19527,16093,25139,105715,105717,105718,105720,0,0,0,0
1787576353.3728006,38,-38,-42,37,23870,18432,14897,26022,105745,105747,105748,105750,0,0,0,0
1787576353.4291992,47,-38,-43,37,24860,17316,13701,26863,105775,105777,105778,105780,0,0,0,0
1787576353.5007322,34,-40,-46,34,25871,16097,12529,27968,105805,105807,105808,105810,0,0,0,0
1787576353.5189555,31,-42,-36,33,26845,15000,11393,28953,105835,105837,105838,105840,0,0,0,0
1787576353.5959575,24,-33,-41,33,27890,13813,10320,29962,105865,105867,105868,105870,0,0,0,0
1787576353.6589959,33,-40,-40,31,28771,12707,9171,30843,105895,105897,105898,105900,0,0,0,0
1787576353.677981,40,-37,-34,39,29700,11610,8103,31800,105925,105927,105928,105930,0,0,0,0
1787576353.770579,39,-37,-41,30,30630,10394,6923,32755,105955,105957,105958,105960,0,0,0,0
1787576353.770579,28,-41,-38,26,31566,9281,5771,945,105985,105987,105988,105990,0,0,0,0
1787576353.8344815,32,-41,-44,33,32563,8029,4688,2003,106015,106017,106018,106020,0,0,0,0
1787576353.8997645,34,-38,-38,35,752,7003,3512,2965,106045,106047,106048,106050,0,0,0,0
1787576353.9480515,33,-34,-43,36,2636,4619,1253,4893,106105,106107,106108,106110,0,0,0,0
1787576353.978855,37,-42,-40,29,3627,3562,141,5815,106135,106137,106138,106140,0,0,0,0
1787576354.0315154,32,-36,-43,32,4623,2455,31730,6790,106165,106167,106168,106170,0,0,0,0
1787576354.1004643,37,-46,-45,30,5523,1316,30662,7793,106195,106197,106198,106200,0,0,0,0
1787576354.1608217,33,-44,-49,36,6521,187,29491,8780,106225,106227,106228,106230,0,0,0,0
1787576354.2092764,37,-46,-43,42,7400,31741,28386,9704,106255,106257,106258,106260,0,0,0,0
1787576354.273484,38,-43,-50,29,8428,30726,27192,10612,106285,106287,106288,106290,0,0,0,0
1787576354.338279,29,-40,-34,27,9346,29603,26210,11531,106315,106317,106318,106320,0,0,0,0
1787576354.360589,29,-46,-56,29,10308,28561,25029,12512,106345,106347,106348,106350,0,0,0,0
1787576354.3865836,28,-49,-39,36,11258,27466,23850,13441,106375,106377,106378,106380,0,0,0,0
1787576354.479644,44,-42,-51,39,12218,26323,22699,14416,106405,106407,106408,106410,0,0,0,0
1787576354.5399349,45,-51,-41,41,13296,25129,21514,15354,106435,106437,106438,106440,0,0,0,0
1787576354.5419378,39,-50,-54,26,14210,23919,20303,16395,106465,106467,106468,106470,0,0,0,0
1787576354.5897868,32,-49,-40,28,15220,22771,19106,17381,106495,106497,106498,106500,0,0,0,0
1787576354.6508036,28,-41,-45,32,16213,21630,18042,18357,106525,106527,106528,106530,0,0,0,0
1787576354.7148614,43,-47,-40,39,17155,20434,16979,19306,106555,106557,106558,106560,0,0,0,0
1787576354.834523,5,-68,-31,33,18669,17923,14964,21089,106615,106617,106618,106620,0,0,0,0
1787576354.834523,51,-30,-33,20,19401,16470,13935,21743,106645,106647,106648,106650,0,0,0,0
1787576354.9607215,34,-49,-49,24,20563,15603,12907,22295,106675,106677,106678,106680,0,0,0,0
1787576354.9775908,31,-43,-50,24,21273,14054,11797,23045,106705,106707,106708,106710,0,0,0,0
1787576355.0117416,34,-38,-38,30,22290,13059,10718,23684,106735,106737,106738,106740,0,0,0,0
1787576355.0945423,43,-51,-36,29,23959,10646,8708,25171,106795,106797,106798,106800,0,0,0,0
1787576355.1579292,39,-36,-48,27,24957,9300,7647,25937,106825,106827,106828,106830,0,0,0,0
1787576355.2568095,35,-50,-58,39,25924,8324,6382,26871,106855,106857,106858,106860,0,0,0,0
1787576355.2726061,20,-44,-55,30,26825,7087,5146,27949,106885,106887,106888,106890,0,0,0,0
1787576355.3210962,28,-48,-50,36,27621,5754,3728,28958,106915,106917,106918,106920,0,0,0,0
1787576355.3846989,42,-31,-53,37,28492,4669,2564,30081,106945,106947,106948,106950,0,0,0,0
1787576355.4009418,27,-46,-50,35,29467,3498,1280,31008,106975,106977,106978,106980,0,0,0,0
1787576355.4493046,23,-39,-48,38,30276,2372,83,31985,107005,107007,107008,107010,0,0,0,0
1787576355.569239,40,-42,-47,31,31394,1111,31563,101,107035,107037,107038,107040,0,0,0,0
1787576355.5851998,20,-36,-39,35,32308,32749,30493,1049,107065,107067,107068,107070,0,0,0,0
1787576355.6028664,37,-37,-47,27,165,31458,29339,1996,107095,107097,107098,107100,0,0,0,0
1787576355.6499205,36,-33,-42,34,1294,30491,28374,2825,107125,107127,107128,107130,0,0,0,0
1787576355.777715,22,-47,-53,54,2202,29195,27182,3640,107155,107157,107158,107160,0,0,0,0
1787576355.7937267,64,-22,-34,28,3539,28341,26203,4696,107185,107187,107188,107190,0,0,0,0
1787576355.8569283,31,-39,-47,38,4900,27708,25246,5719,107215,107217,107218,107220,0,0,0,0
1787576355.906422,41,-30,-30,36,5864,26552,24241,6913,107245,107247,107248,107250,0,0,0,0
1787576355.9214127,45,-24,-35,32,7058,25865,23353,8013,107275,107277,107278,107280,0,0,0,0
1787576355.9695714,35,-42,-36,40,8395,24843,22337,9275,107305,107307,107308,107310,0,0,0,0
1787576356.0923853,40,-35,-33,37,9390,23740,21466,10469,107335,107337,107338,107340,0,0,0,0
1787576356.1558275,33,-39,-34,42,10684,22966,20611,11634,107365,107367,107368,107370,0,0,0,0
1787576356.1715212,39,-29,-31,32,11616,21969,19669,12837,107395,107397,107398,107400,0,0,0,0
1787576356.1715212,41,-26,-28,34,13140,21176,18827,13898,107425,107427,107428,107430,0,0,0,0
1787576356.2413154,38,-39,-33,40,14208,20380,17974,15045,107455,107457,107458,107460,0,0,0,0
1787576356.2953348,40,-41,-24,37,15419,19253,17168,16384,107485,107487,107488,107490,0,0,0,0
1787576356.3597622,32,-21,-27,42,16535,18507,16337,17525,107515,107517,107518,107520,0,0,0,0
1787576356.4086626,41,-46,-40,38,18052,17608,15449,18745,107545,107547,107548,107550,0,0,0,0
1787576356.4565632,44,-24,-32,42,19011,16727,14603,19918,107575,107577,107578,107580,0,0,0,0
1787576356.4722514,54,-32,-32,53,20352,16013,13672,21191,107605,107607,107608,107610,0,0,0,0
1787576356.5941882,49,-44,-27,52,21712,14880,12744,22573,107635,107637,107638,107640,0,0,0,0
1787576356.6101112,41,-17,-37,43,22826,14009,11878,23797,107665,107667,107668,107670,0,0,0,0
1787576356.6579297,56,-35,-39,51,24025,13366,10976,24891,107695,107697,107698,107700,0,0,0,0
1787576356.6737964,41,-26,-27,47,25485,12414,10087,26055,107725,107727,107728,107730,0,0,0,0
1787576356.73775,36,-25,-32,49,26563,11675,9247,27337,107755,107757,107758,107760,0,0,0,0
1787576356.8000813,38,-45,-35,39,27620,10461,8388,28456,107785,107787,107788,107790,0,0,0,0
1787576356.8478935,47,-23,-26,47,28868,9586,7642,29657,107815,107817,107818,107820,0,0,0,0
1787576356.9121358,15,-68,-17,40,29662,8494,6818,30459,107845,107847,107848,107850,0,0,0,0
1787576356.9597778,91,-13,3,73,31270,7788,6643,32319,107875,107877,107878,107880,0,0,0,0
1787576356.9755886,32,-34,-3,39,316,7063,6629,896,107905,107907,107908,107910,0,0,0,0
1787576357.0406005,55,-26,3,36,1273,6083,6573,2245,107935,107937,107938,107940,0,0,0,0
1787576357.1146388,69,-23,2,90,3302,5650,6591,4131,107965,107967,107968,107970,0,0,0,0
1787576357.1305192,26,-28,1,22,4675,4862,6701,4828,107995,107997,107998,108000,0,0,0,0
1787576357.1810212,56,-22,-5,87,5879,4165,6657,6602,108025,108027,108028,108030,0,0,0,0
1787576357.2415829,71,-16,6,87,7842,3744,6742,8931,108055,108057,108058,108060,0,0,0,0
1787576357.3029287,49,-13,4,46,9355,3278,6865,10508,108085,108087,108088,108090,0,0,0,0
1787576357.3500457,58,-12,2,71,10811,2818,6937,11765,108115,108117,108118,108120,0,0,0,0
1787576357.4138675,59,-23,7,50,12676,2424,7175,13851,108145,108147,108148,108150,0,0,0,0
1787576357.4635472,41,-12,-16,76,13972,1725,7137,15370,108175,108177,108178,108180,0,0,0,0
1787576357.480293,40,-18,3,67,15786,1191,7068,17548,108205,108207,108208,108210,0,0,0,0
1787576357.5630639,58,-13,3,71,17486,660,7219,19516,108235,108237,108238,108240,0,0,0,0
1787576357.616165,75,-12,0,89,21011,140,7379,23487,108295,108297,108298,108300,0,0,0,0
1787576357.6646888,71,-3,2,75,23164,32690,7503,25723,108325,108327,108328,108330,0,0,0,0
1787576357.7356737,92,23,23,116,25694,77,7920,28474,108355,108357,108358,108360,0,0,0,0
1787576357.7416933,117,42,38,96,28787,1182,8816,31371,108385,108387,108388,108390,0,0,0,0
1787576357.8008006,140,39,45,126,31924,2252,10022,1900,108415,108417,108418,108420,0,0,0,0
1787576357.8468165,130,61,56,114,2597,3652,11217,5503,108445,108447,108448,108450,0,0,0,0
1787576357.9200613,131,40,63,136,6057,4941,12689,8847,108475,108477,108478,108480,0,0,0,0
1787576358.0215323,106,31,33,98,11805,6597,14352,14694,108535,108537,108538,108540,0,0,0,0
1787576358.093584,104,26,15,82,14655,7265,14946,17276,108565,108567,108568,108570,0,0,0,0
1787576358.1674616,94,9,0,80,16812,7696,15041,19580,108595,108597,108598,108600,0,0,0,0
1787576358.1740303,102,11,-6,69,19138,8066,14986,21941,108625,108627,108628,108630,0,0,0,0
1787576358.222,95,-4,-1,77,21623,8215,14935,24333,108655,108657,108658,108660,0,0,0,0
1787576358.2540874,98,12,17,81,24012,8246,15055,26680,108685,108687,108688,108690,0,0,0,0
1787576358.3635287,98,28,24,98,26579,8887,15680,29363,108715,108717,108718,108720,0,0,0,0
1787576358.3651443,111,37,41,116,29471,9735,16510,32305,108745,108747,108748,108750,0,0,0,0
1787576358.4488606,102,10,16,71,32136,10271,17132,2154,108775,108777,108778,108780,0,0,0,0
1787576358.4488606,110,28,29,118,2038,10776,17674,4996,108805,108807,108808,108810,0,0,0,0
1787576358.5252285,134,60,46,114,5211,11918,18773,8146,108835,108837,108838,108840,0,0,0,0
1787576358.6145182,134,57,71,150,8901,13602,20438,11793,108865,108867,108868,108870,0,0,0,0
1787576358.6145182,174,90,112,147,13136,15677,22670,16233,108895,108897,108898,108900,0,0,0,0
1787576358.7102509,216,162,164,202,24644,23115,30060,27951,108955,108957,108958,108960,0,0,0,0
1787576358.8553283,305,235,220,319,31866,28393,2516,2892,108985,108987,108988,108990,0,0,0,0
1787576358.8553283,393,231,235,314,7539,2113,9219,11453,109015,109017,109018,109020,0,0,0,0
1787576358.8712296,352,235,276,353,16699,9314,16478,20860,109045,109047,109048,109050,0,0,0,0
1787576358.9841983,426,321,370,371,27149,17688,24948,31361,109075,109077,109078,109080,0,0,0,0
1787576359.0477471,401,342,346,418,5778,27045,1566,10177,109105,109107,109108,109110,0,0,0,0
1787576359.0612795,482,415,364,379,17739,4111,11727,22114,109135,109137,109138,109140,0,0,0,0
1787576359.1160574,452,453,372,418,30242,14873,22178,2419,109165,109167,109168,109170,0,0,0,0
1787576359.1321466,498,407,446,505,10348,25824,401,15424,109195,109197,109198,109200,0,0,0,0
1787576359.1801379,540,373,458,481,23869,4580,11900,29088,109225,109227,109228,109230,0,0,0,0
1787576359.2276647,540,456,462,435,5243,16561,24069,10539,109255,109257,109258,109260,0,0,0,0
1787576359.2901044,459,438,448,461,1303,8300,15651,5926,109315,109317,109318,109320,0,0,0,0
1787576359.359007,546,491,448,528,15487,20451,27917,20902,109345,109347,109348,109350,0,0,0,0
1787576359.428365,557,378,491,459,29848,32765,7301,2326,109375,109377,109378,109380,0,0,0,0
1787576359.4326222,495,428,427,489,11081,11932,19831,16482,109405,109407,109408,109410,0,0,0,0
1787576359.5084333,533,429,364,533,25536,24250,31739,30833,109435,109437,109438,109440,0,0,0,0
1787576359.5600462,393,351,341,385,5862,2825,8671,10730,109465,109467,109468,109470,0,0,0,0
1787576359.6598127,335,276,350,351,16079,10926,18065,20822,109495,109497,109498,109500,0,0,0,0
1787576359.7045102,410,302,258,348,26188,18857,26581,31417,109525,109527,109528,109530,0,0,0,0
1787576359.7204595,396,325,276,380,3950,27342,1906,9079,109555,109557,109558,109560,0,0,0,0
1787576359.7888985,302,250,240,334,13091,1924,9008,18075,109585,109587,109588,109590,0,0,0,0
1787576359.8008406,352,226,238,280,21619,8174,15497,26512,109615,109617,109618,109620,0,0,0,0
1787576359.8608131,364,297,242,276,29992,14489,21642,2146,109645,109647,109648,109650,0,0,0,0
1787576359.9004052,317,230,228,266,5222,20561,27714,10214,109675,109677,109678,109680,0,0,0,0
1787576359.9608815,271,217,197,287,13144,26211,866,18253,109705,109707,109708,109710,0,0,0,0
1787576360.0139706,279,222,206,243,20730,31909,6227,25850,109735,109737,109738,109740,0,0,0,0
1787576360.0750551,310,178,236,302,28611,4662,11865,693,109765,109767,109768,109770,0,0,0,0
1787576360.1164758,274,203,194,324,3635,10491,17616,8472,109795,109797,109798,109800,0,0,0,0
1787576360.2007298,260,187,197,240,11416,16179,23420,16309,109825,109827,109828,109830,0,0,0,0
1787576360.2381432,333,181,194,297,19284,21945,29324,24141,109855,109857,109858,109860,0,0,0,0
1787576360.295178,253,190,183,318,26868,27730,2134,31973,109885,109887,109888,109890,0,0,0,0
1787576360.31475,291,213,218,271,1638,309,7614,6785,109915,109917,109918,109920,0,0,0,0
1787576360.3594503,242,182,173,227,8777,5276,12480,13755,109945,109947,109948,109950,0,0,0,0
1787576360.4261148,207,143,153,208,15093,9485,16792,19909,109975,109977,109978,109980,0,0,0,0
1787576360.4598517,182,127,131,162,20837,13141,20465,25664,110005,110007,110008,110010,0,0,0,0
1787576360.5184484,161,86,85,165,25899,16183,23371,30572,110035,110037,110038,110040,0,0,0,0
1787576360.581068,131,69,70,134,30326,18549,25636,2336,110065,110067,110068,110070,0,0,0,0
1787576360.6716454,134,60,67,153,1437,20298,27416,6244,110095,110097,110098,110100,0,0,0,0
1787576360.6784883,101,36,22,107,4821,21534,28632,9455,110125,110127,110128,110130,0,0,0,0
1787576360.7208126,110,8,7,102,7447,22148,29069,11977,110155,110157,110158,110160,0,0,0,0
1787576360.8390546,100,-4,-2,88,9743,22190,29224,14314,110185,110187,110188,110190,0,0,0,0
1787576360.8390546,71,-2,-11,52,11850,21997,29078,16267,110215,110217,110218,110220,0,0,0,0
1787576360.9001522,47,-16,-22,60,13642,21804,28750,17980,110245,110247,110248,110250,0,0,0,0
1787576360.9074621,41,-37,-33,38,14861,21011,27920,19150,110275,110277,110278,110280,0,0,0,0
1787576360.9996972,37,-39,-37,38,15916,19820,26927,20277,110305,110307,110308,110310,0,0,0,0
1787576361.0338514,63,-24,-31,46,17199,18925,26093,21394,110335,110337,110338,110340,0,0,0,0
1787576361.1092222,38,-31,-35,58,18495,18295,25235,22845,110365,110367,110368,110370,0,0,0,0
1787576361.1092222,43,-29,-30,34,19671,17292,24376,24079,110395,110397,110398,110400,0,0,0,0
1787576361.178661,43,-17,-26,50,20980,16731,23685,25379,110425,110427,110428,110430,0,0,0,0
1787576361.2403822,65,-18,-14,79,22575,16175,23079,26976,110455,110457,110458,110460,0,0,0,0
1787576361.3159819,86,-9,5,83,26676,15491,22993,31174,110515,110517,110518,110520,0,0,0,0
1787576361.3928986,69,-8,6,79,29005,15163,23158,810,110545,110547,110548,110550,0,0,0,0
1787576361.540254,53,-12,-18,53,32707,14739,23097,4519,110605,110607,110608,110610,0,0,0,0
1787576361.5422537,38,-32,-40,30,1280,13941,22220,5699,110635,110637,110638,110640,0,0,0,0
1787576361.581673,27,-54,-46,26,2293,12708,21122,6687,110665,110667,110668,110670,0,0,0,0
1787576361.641221,20,-52,-64,16,3113,11392,19590,7266,110695,110697,110698,110700,0,0,0,0
1787576361.703992,6,-76,-71,-1,3302,9519,17815,7582,110725,110727,110728,110730,0,0,0,0
1787576361.73548,-2,-52,-31,-2,3358,7705,16344,7712,110755,110757,110758,110760,0,0,0,0
1787576361.7925327,0,-30,-88,23,3504,6347,14746,7661,110785,110787,110788,110790,0,0,0,0
1787576361.8932772,17,-42,-24,21,3686,5361,13085,8064,110815,110817,110818,110820,0,0,0,0
1787576361.894499,33,-64,-20,23,4573,3683,12500,8753,110845,110847,110848,110850,0,0,0,0
1787576361.9660876,59,-20,-24,36,6145,2534,12036,9441,110875,110877,110878,110880,0,0,0,0
1787576361.9819214,30,-47,-44,29,7102,1530,11143,10345,110905,110907,110908,110910,0,0,0,0
1787576362.0436072,27,-41,-25,34,7993,463,10101,11216,110935,110937,110938,110940,0,0,0,0
1787576362.0942233,33,-45,-36,31,8751,32229,9264,11994,110965,110967,110968,110970,0,0,0,0
1787576362.1908164,37,-29,-36,27,9753,31264,8361,12812,110995,110997,110998,111000,0,0,0,0
1787576362.1908164,39,-38,-46,41,10758,30215,7397,13699,111025,111027,111028,111030,0,0,0,0
1787576362.2717025,29,-45,-50,44,12950,27837,5004,15682,111085,111087,111088,111090,0,0,0,0
1787576362.2717025,29,-37,-47,45,13895,26689,3682,16726,111115,111117,111118,111120,0,0,0,0
1787576362.3358967,34,-46,-49,39,14928,25592,2565,17780,111145,111147,111148,111150,0,0,0,0
1787576362.4156604,33,-31,-39,28,15866,24387,1447,18726,111175,111177,111178,111180,0,0,0,0
1787576362.515669,31,-37,-38,28,16586,23314,398,19593,111205,111207,111208,111210,0,0,0,0
1787576362.524512,34,-40,-49,38,17581,22070,32022,20505,111235,111237,111238,111240,0,0,0,0
1787576362.552027,28,-33,-44,42,18440,21015,30897,21453,111265,111267,111268,111270,0,0,0,0
1787576362.6326997,46,-42,-61,60,19492,19821,29318,22692,111295,111297,111298,111300,0,0,0,0
1787576362.6697495,44,-54,-68,58,20805,18389,27735,24146,111325,111327,111328,111330,0,0,0,0
1787576362.6983094,55,-62,-62,52,22316,16721,26090,25740,111355,111357,111358,111360,0,0,0,0
1787576362.77855,47,-52,-45,51,23704,15229,24466,27083,111385,111387,111388,111390,0,0,0,0
1787576362.823627,44,-32,-44,32,24829,13961,23263,28201,111415,111417,111418,111420,0,0,0,0
1787576362.8708317,22,-33,-34,22,25670,12962,22154,28961,111445,111447,111448,111450,0,0,0,0
1787576362.9997454,26,-26,-28,20,26927,11484,20669,30198,111505,111507,111508,111510,0,0,0,0
1787576363.01688,24,-40,-36,34,27679,10506,19678,30912,111535,111537,111538,111540,0,0,0,0
1787576363.0480917,39,-36,-41,42,28516,9429,18602,31857,111565,111567,111568,111570,0,0,0,0
1787576363.1332114,47,-49,-46,43,29621,8097,17269,232,111595,111597,111598,111600,0,0,0,0
1787576363.193675,47,-49,-58,51,30867,6897,15928,1480,111625,111627,111628,111630,0,0,0,0
1787576363.2414207,46,-51,-50,45,31982,5492,14486,2663,111655,111657,111658,111660,0,0,0,0
1787576363.2575774,44,-43,-48,46,331,4263,13237,3777,111685,111687,111688,111690,0,0,0,0
1787576363.3445883,27,-29,-45,26,1210,3099,12088,4828,111715,111717,111718,111720,0,0,0,0
1787576363.3866718,29,-31,-36,26,2089,2166,11086,5633,111745,111747,111748,111750,0,0,0,0
1787576363.447145,25,-38,-32,32,2810,1115,10207,6444,111775,111777,111778,111780,0,0,0,0
1787576363.5115166,37,-32,-38,36,3600,135,9230,7288,111805,111807,111808,111810,0,0,0,0
1787576363.5115166,25,-46,-39,30,4556,31833,8145,8135,111835,111837,111838,111840,0,0,0,0
1787576363.5795915,41,-42,-46,38,5515,30730,6917,9255,111865,111867,111868,111870,0,0,0,0
1787576363.6416528,35,-40,-44,26,6583,29371,5646,10376,111895,111897,111898,111900,0,0,0,0
1787576363.7194786,29,-42,-40,42,8726,26992,3180,12526,111955,111957,111958,111960,0,0,0,0
1787576363.8161287,32,-49,-36,32,10633,24828,892,14316,112015,112017,112018,112020,0,0,0,0
1787576363.8318849,33,-42,-32,34,11530,23826,32595,15158,112045,112047,112048,112050,0,0,0,0
1787576363.951643,32,-53,-37,27,12480,22781,31441,16180,112075,112077,112078,112080,0,0,0,0
1787576363.951643,31,-42,-37,36,13454,21696,30327,17105,112105,112107,112108,112110,0,0,0,0
1787576364.0848413,38,-37,-41,40,14369,20598,29137,18035,112135,112137,112138,112140,0,0,0,0
1787576364.0848413,33,-39,-37,33,15330,19456,28095,18994,112165,112167,112168,112170,0,0,0,0
1787576364.0948908,27,-43,-42,33,16300,18285,26855,19893,112195,112197,112198,112200,0,0,0,0
1787576364.1586857,37,-41,-45,38,17339,17146,25782,21001,112225,112227,112228,112230,0,0,0,0
1787576364.1907666,40,-35,-40,34,18336,15961,24509,21942,112255,112257,112258,112260,0,0,0,0
1787576364.2782238,40,-47,-35,37,19230,14832,23413,22994,112285,112287,112288,112290,0,0,0,0
1787576364.3357615,32,-35,-42,32,20151,13614,22256,23986,112315,112317,112318,112320,0,0,0,0
1787576364.384335,23,-39,-44,41,21088,12536,21224,24919,112345,112347,112348,112350,0,0,0,0
1787576364.4062433,25,-40,-50,32,22005,11494,20121,25829,112375,112377,112378,112380,0,0,0,0
1787576364.4826353,37,-36,-41,29,22955,10357,19030,26710,112405,112407,112408,112410,0,0,0,0
1787576364.52646,36,-36,-46,34,23906,9256,17871,27789,112435,112437,112438,112440,0,0,0,0
1787576364.611502,37,-39,-46,38,24855,7992,16730,28783,112465,112467,112468,112470,0,0,0,0
1787576364.6224453,30,-35,-44,37,25858,6955,15530,29752,112495,112497,112498,112500,0,0,0,0
1787576364.7187338,29,-50,-46,42,26837,5752,14380,30715,112525,112527,112528,112530,0,0,0,0
1787576364.7347236,34,-39,-44,37,27874,4600,13214,31681,112555,112557,112558,112560,0,0,0,0
1787576364.7506738,38,-39,-46,28,28787,3443,12091,32670,112585,112587,112588,112590,0,0,0,0
1787576364.8011637,36,-35,-45,34,29720,2418,11009,835,112615,112617,112618,112620,0,0,0,0
1787576364.8628664,23,-47,-45,37,30605,1283,9937,1834,112645,112647,112648,112650,0,0,0,0
1787576364.9053595,27,-31,-39,41,31524,104,8813,2814,112675,112677,112678,112680,0,0,0,0
1787576364.984481,33,-47,-40,41,32554,31725,7714,3797,112705,112707,112708,112710,0,0,0,0
1787576365.0418642,33,-45,-43,33,711,30621,6490,4812,112735,112737,112738,112740,0,0,0,0
1787576365.0608094,39,-42,-40,36,1623,29465,5396,5708,112765,112767,112768,112770,0,0,0,0
1787576365.1228619,32,-44,-44,24,2631,28428,4217,6691,112795,112797,112798,112800,0,0,0,0
1787576365.182658,36,-47,-34,35,3558,27342,3116,7611,112825,112827,112828,112830,0,0,0,0
1787576365.2185218,30,-37,-40,41,4558,26281,1975,8515,112855,112857,112858,112860,0,0,0,0
1787576365.2973068,33,-59,-34,29,5447,25093,869,9485,112885,112887,112888,112890,0,0,0,0
1787576365.3423045,33,-41,-40,32,6378,23959,32488,10437,112915,112917,112918,112920,0,0,0,0
1787576365.358368,40,-51,-40,37,7256,22835,31344,11432,112945,112947,112948,112950,0,0,0,0
1787576365.455875,32,-36,-43,38,8307,21720,30266,12503,112975,112977,112978,112980,0,0,0,0
1787576365.455875,31,-43,-35,31,9295,20623,29041,13484,113005,113007,113008,113010,0,0,0,0
1787576365.5243886,33,-37,-40,37,10280,19467,27929,14392,113035,113037,113038,113040,0,0,0,0
1787576365.5726094,32,-38,-32,40,11284,18349,26731,15330,113065,113067,113068,113070,0,0,0,0
1787576365.629117,35,-39,-35,30,12260,17238,25658,16372,113095,113097,113098,113100,0,0,0,0
1787576365.692698,32,-52,-41,27,13229,16070,24391,17309,113125,113127,113128,113130,0,0,0,0
1787576365.7419794,26,-38,-31,35,14112,14971,23342,18274,113155,113157,113158,113160,0,0,0,0
1787576365.7558398,34,-41,-32,29,15087,13735,22167,19243,113185,113187,113188,113190,0,0,0,0
1787576365.8432758,27,-39,-35,39,16042,12580,21112,20198,113215,113217,113218,113220,0,0,0,0
1787576365.8782678,38,-42,-39,37,16907,11518,19982,21228,113245,113247,113248,113250,0,0,0,0
1787576365.9432714,40,-42,-43,27,17939,10375,18842,22126,113275,113277,113278,113280,0,0,0,0
1787576365.9915628,29,-30,-43,33,18855,9271,17663,23104,113305,113307,113308,113310,0,0,0,0
1787576366.042106,32,-37,-48,34,19847,8009,16517,24092,113335,113337,113338,113340,0,0,0,0
1787576366.1038332,36,-31,-45,39,20888,7000,15366,25040,113365,113367,113368,113370,0,0,0,0
1787576366.1077652,37,-49,-43,35,21838,5845,14178,25965,113395,113397,113398,113400,0,0,0,0
1787576366.1643515,40,-37,-38,30,22818,4697,13065,26877,113425,113427,113428,113430,0,0,0,0
1787576366.223457,37,-45,-41,34,23713,3618,11941,27947,113455,113457,113458,113460,0,0,0,0
1787576366.2751555,30,-43,-43,27,24614,2499,10882,28934,113485,113487,113488,113490,0,0,0,0
1787576366.3575795,35,-40,-49,33,25572,1383,9753,29858,113515,113517,113518,113520,0,0,0,0
1787576366.3713338,37,-45,-43,40,26571,384,8548,30702,113545,113547,113548,113550,0,0,0,0
1787576366.421691,39,-38,-49,33,27711,32315,7259,31654,113575,113577,113578,113580,0,0,0,0
1787576366.5030973,31,-23,-35,75,28530,31434,6105,291,113605,113607,113608,113610,0,0,0,0
1787576366.5326965,49,-62,-24,4,29664,30181,5295,1229,113635,113637,113638,113640,0,0,0,0
1787576366.602349,12,-35,-23,17,30394,28576,4771,1388,113665,113667,113668,113670,0,0,0,0
1787576366.659144,35,-49,-40,22,31166,27713,4016,1932,113695,113697,113698,113700,0,0,0,0
1787576366.6982436,40,-65,-66,38,32224,26092,2762,2767,113725,113727,113728,113730,0,0,0,0
1787576366.7537396,21,-49,-99,17,121,24568,654,3881,113755,113757,113758,113760,0,0,0,0
1787576366.8061337,0,-113,-103,-16,385,22623,30509,3297,113785,113787,113788,113790,0,0,0,0
1787576366.86596,-49,-120,-120,-24,32548,19562,27645,2636,113815,113817,113818,113820,0,0,0,0
1787576366.9135122,-87,-134,-149,-77,30782,15784,23930,1286,113845,113847,113848,113850,0,0,0,0
1787576366.9622567,-75,-154,-142,-102,28927,11849,19849,31896,113875,113877,113878,113880,0,0,0,0
1787576367.0166726,-100,-179,-182,-106,26496,7379,15398,29473,113905,113907,113908,113910,0,0,0,0
1787576367.0448883,-117,-158,-165,-85,23736,2252,10433,26611,113935,113937,113938,113940,0,0,0,0
1787576367.0841188,-154,-188,-232,-141,17131,24217,32113,19898,113995,113997,113998,114000,0,0,0,0
1787576367.1386888,-156,-259,-247,-205,12949,17983,25924,15615,114025,114027,114028,114030,0,0,0,0
1787576367.2046273,-186,-287,-269,-189,8044,10934,18769,10559,114055,114057,114058,114060,0,0,0,0
1787576367.3057737,-206,-299,-278,-238,2266,2757,10598,4762,114085,114087,114088,114090,0,0,0,0
1787576367.3454137,-255,-359,-296,-226,28691,27082,2115,31111,114115,114117,114118,114120,0,0,0,0
1787576367.3646328,-218,-305,-313,-207,21984,18331,26139,24352,114145,114147,114148,114150,0,0,0,0
1787576367.4133918,-241,-298,-314,-232,15068,9289,17142,17438,114175,114177,114178,114180,0,0,0,0
1787576367.4652073,-248,-345,-287,-233,8053,103,7974,10104,114205,114207,114208,114210,0,0,0,0
1787576367.5119808,-223,-307,-320,-258,851,23282,31094,2881,114235,114237,114238,114240,0,0,0,0
1787576367.5761871,-237,-344,-311,-275,26529,14010,21835,28584,114265,114267,114268,114270,0,0,0,0
1787576367.6169252,-222,-359,-296,-239,19655,4966,12829,21692,114295,114297,114298,114300,0,0,0,0
1787576367.6655445,-236,-278,-338,-202,12860,28967,4089,14907,114325,114327,114328,114330,0,0,0,0
1787576367.699548,-255,-334,-320,-268,6352,20421,28231,8381,114355,114357,114358,114360,0,0,0,0
1787576367.7638235,-223,-291,-272,-197,106,11695,19569,2047,114385,114387,114388,114390,0,0,0,0
1787576367.8109653,-203,-310,-278,-253,26707,3471,11386,28597,114415,114417,114418,114420,0,0,0,0
1787576367.8747516,-246,-279,-264,-240,20235,28074,3150,22336,114445,114447,114448,114450,0,0,0,0
1787576367.941013,-233,-299,-281,-230,14233,19990,27853,16477,114475,114477,114478,114480,0,0,0,0
1787576367.9551494,-225,-257,-288,-192,8400,11579,19473,10443,114505,114507,114508,114510,0,0,0,0
1787576368.019279,-249,-296,-325,-298,1903,3039,10819,4001,114535,114537,114538,114540,0,0,0,0
1787576368.0842893,-253,-298,-351,-313,27723,26587,1596,29675,114565,114567,114568,114570,0,0,0,0
1787576368.1033125,-293,-385,-400,-280,19997,16960,24670,21614,114595,114597,114598,114600,0,0,0,0
1787576368.2034283,-358,-343,-381,-295,11906,6934,14714,13550,114625,114627,114628,114630,0,0,0,0
1787576368.2034283,-339,-359,-402,-318,3644,28751,3686,5196,114655,114657,114658,114660,0,0,0,0
1787576368.323672,-270,-370,-387,-355,28001,18195,25963,29452,114685,114687,114688,114690,0,0,0,0
1787576368.3402395,-284,-371,-404,-287,19547,7582,15338,20974,114715,114717,114718,114720,0,0,0,0
1787576368.3723953,-297,-402,-436,-250,11058,29900,4861,12560,114745,114747,114748,114750,0,0,0,0
1787576368.404667,-285,-332,-367,-260,3013,19826,27606,4342,114775,114777,114778,114780,0,0,0,0
1787576368.4533281,-269,-394,-339,-318,28205,9765,17555,29499,114805,114807,114808,114810,0,0,0,0
1787576368.5052023,-235,-365,-291,-244,20857,205,8065,22119,114835,114837,114838,114840,0,0,0,0
1787576368.571933,-205,-332,-330,-254,13767,23944,31734,15190,114865,114867,114868,114870,0,0,0,0
1787576368.63391,-193,-310,-297,-285,6822,15276,23138,8544,114895,114897,114898,114900,0,0,0,0
1787576368.6981838,-239,-313,-344,-205,549,6538,14405,2251,114925,114927,114928,114930,0,0,0,0
1787576368.6981838,-260,-284,-309,-233,27173,31071,6178,28723,114955,114957,114958,114960,0,0,0,0
1787576368.76175,-223,-284,-315,-248,21180,23007,30922,22687,114985,114987,114988,114990,0,0,0,0
1787576368.8410544,-217,-330,-359,-254,15012,14785,22611,16492,115015,115017,115018,115020,0,0,0,0
1787576368.8959246,-258,-367,-312,-295,8350,5837,13712,9740,115045,115047,115048,115050,0,0,0,0
1787576368.952549,-251,-366,-363,-253,846,28606,3600,2085,115075,115077,115078,115080,0,0,0,0
1787576368.952549,-297,-350,-375,-268,25398,18357,26147,26489,115105,115107,115108,115110,0,0,0,0
1787576369.0792203,-340,-410,-399,-334,16526,7445,15178,17618,115135,115137,115138,115140,0,0,0,0
1787576369.0934904,-419,-377,-437,-278,7270,28800,3729,7945,115165,115167,115168,115170,0,0,0,0
1787576369.2076707,-94,-215,-205,-52,27990,13048,21942,30456,115225,115227,115228,115230,0,0,0,0
1787576369.2249806,-43,-100,-85,-51,26061,9271,18365,28925,115255,115257,115258,115260,0,0,0,0
1787576369.3142889,-20,-104,-81,-44,25229,6275,15985,27689,115285,115287,115288,115290,0,0,0,0
1787576369.3222628,-42,-73,-71,-25,24472,4065,14074,26729,115315,115317,115318,115320,0,0,0,0
1787576369.3884237,-34,-38,-47,-21,23478,2651,12448,26207,115345,115347,115348,115350,0,0,0,0
1787576369.4332976,-36,-20,-39,-49,22673,1866,11189,25353,115375,115377,115378,115380,0,0,0,0
1787576369.443381,-40,-6,-45,-28,21834,1522,10118,24239,115405,115407,115408,115410,0,0,0,0
1787576369.524535,-27,-28,-57,-30,20937,1091,8802,23397,115435,115437,115438,115440,0,0,0,0
1787576369.634182,-27,-46,-20,-33,20049,229,7920,22272,115465,115467,115468,115470,0,0,0,0
1787576369.6500406,-51,-43,-18,-9,18293,31054,6484,21452,115525,115527,115528,115530,0,0,0,0
1787576369.6860478,-33,-52,-65,-55,17054,29883,5484,20657,115555,115557,115558,115560,0,0,0,0
1787576369.794971,-54,-60,-60,-85,16103,28601,3443,18362,115585,115587,115588,115590,0,0,0,0
1787576369.794971,-73,-66,-69,-49,13862,26659,1720,16356,115615,115617,115618,115620,0,0,0,0
1787576369.9290912,-75,-61,-30,-93,10783,23241,30755,12816,115675,115677,115678,115680,0,0,0,0
1787576369.9458227,-96,-97,-87,-68,8304,21092,29074,10211,115705,115707,115708,115710,0,0,0,0
1787576370.0592537,-121,-137,-143,-81,5264,17972,25592,8574,115735,115737,115738,115740,0,0,0,0
1787576370.075181,-147,-153,-126,-130,1864,14133,21743,5610,115765,115767,115768,115770,0,0,0,0
1787576370.1069314,-183,-183,-188,-235,30547,9928,17820,428,115795,115797,115798,115800,0,0,0,0
1787576370.2216582,-224,-265,-201,-270,18714,30788,5681,20936,115855,115857,115858,115860,0,0,0,0
1787576370.2452846,-246,-246,-315,-264,11432,23180,30913,12730,115885,115887,115888,115890,0,0,0,0
1787576370.3405032,-501,-492,-475,-468,23401,2405,7800,24299,115945,115947,115948,115950,0,0,0,0
1787576370.4045968,-484,-434,-373,-384,9892,21675,28351,10207,115975,115977,115978,115980,0,0,0,0
1787576370.4529712,-397,-402,-375,-422,30252,9293,17088,31737,116005,116007,116008,116010,0,0,0,0
1787576370.5428894,-361,-367,-313,-289,20236,31741,5773,21852,116035,116037,116038,116040,0,0,0,0
1787576370.5428894,-240,-190,-184,-215,12562,24236,31291,14045,116065,116067,116068,116070,0,0,0,0
1787576370.747069,-182,-158,-129,-160,7229,19302,26760,9125,116095,116097,116098,116100,0,0,0,0
1787576370.747069,-137,-116,-128,-143,31676,11532,19048,670,116155,116157,116158,116160,0,0,0,0
1787576370.7647338,-112,-107,-124,-153,28236,8074,15563,29785,116185,116187,116188,116190,0,0,0,0
1787576370.8592918,-97,-102,-111,-104,22389,2086,9341,23512,116245,116247,116248,116250,0,0,0,0
1787576370.9387462,-61,-71,-80,-32,19971,32237,6636,21391,116275,116277,116278,116280,0,0,0,0
1787576370.9538746,-31,-24,-26,-19,18949,31017,5328,21120,116305,116307,116308,116310,0,0,0,0
1787576371.0747385,-18,17,9,-18,17740,30898,5059,19613,116365,116367,116368,116370,0,0,0,0
1787576371.1526794,-26,11,23,-32,17192,31373,5375,18934,116395,116397,116398,116400,0,0,0,0
1787576371.1650887,-22,31,18,-28,16526,32052,5832,18198,116425,116427,116428,116430,0,0,0,0
1787576371.2887604,-22,26,32,-29,15079,684,7261,16646,116485,116487,116488,116490,0,0,0,0
1787576371.3567445,-16,21,20,-25,13809,2034,8528,15363,116545,116547,116548,116550,0,0,0,0
1787576371.4018228,-26,19,13,-22,13221,2580,9137,14806,116575,116577,116578,116580,0,0,0,0
1787576371.4659774,-16,12,21,-20,12714,3050,9632,14273,116605,116607,116608,116610,0,0,0,0
1787576371.485831,-16,12,18,-9,12230,3464,10134,13847,116635,116637,116638,116640,0,0,0,0
1787576371.6819165,-10,18,14,-17,11780,3945,10503,13448,116665,116667,116668,116670,0,0,0,0
1787576371.6819165,-8,7,5,-8,11150,4641,11211,12783,116725,116727,116728,116730,0,0,0,0
1787576371.7715685,-10,10,6,-9,10847,4923,11498,12530,116755,116757,116758,116760,0,0,0,0
1787576371.7839541,-8,7,5,15,10599,5198,11742,12265,116785,116787,116788,116790,0,0,0,0
1787576371.8975015,-6,5,9,-8,9953,5822,12482,11540,116875,116877,116878,116880,0,0,0,0
1787576371.9822137,-4,4,5,-5,9788,5967,12616,11400,116905,116907,116908,116910,0,0,0,0
1787576372.0191374,-3,7,-2,-4,9690,6069,12699,11320,116935,116937,116938,116940,0,0,0,0
1787576372.0816457,3,-6,-7,9,9702,6097,12720,11356,116965,116967,116968,116970,0,0,0,0
1787576372.0973895,25,-21,-15,22,10094,5826,12532,11751,116995,116997,116998,117000,0,0,0,0
1787576372.1614945,45,-41,-40,33,11022,5132,11822,12693,117025,117027,117028,117030,0,0,0,0
1787576372.219625,61,-48,-55,53,12460,4012,10643,14021,117055,117057,117058,117060,0,0,0,0
1787576372.2710435,37,-51,-50,63,14051,2574,9197,15814,117085,117087,117088,117090,0,0,0,0
1787576372.3580127,55,-40,-44,48,17293,32488,6269,19133,117145,117147,117148,117150,0,0,0,0
1787576372.4246185,32,-29,-31,47,18532,31349,5356,20386,117175,117177,117178,117180,0,0,0,0
1787576372.4803212,33,-22,-24,41,19423,30610,4598,21285,117205,117207,117208,117210,0,0,0,0
1787576372.5435789,25,-26,-20,25,20094,30020,4050,22013,117235,117237,117238,117240,0,0,0,0
1787576372.59233,24,-33,-20,32,20883,29323,3504,22824,117265,117267,117268,117270,0,0,0,0
1787576372.6407762,39,-32,-32,49,21769,28654,2849,23720,117295,117297,117298,117300,0,0,0,0
1787576372.656659,52,-42,-45,54,22962,27742,1875,24905,117325,117327,117328,117330,0,0,0,0
1787576372.741205,49,-41,-45,48,24275,26638,687,26250,117355,117357,117358,117360,0,0,0,0
1787576372.7981088,47,-44,-49,49,25739,25512,32139,27703,117385,117387,117388,117390,0,0,0,0
1787576372.8464186,63,-39,-46,43,27132,24263,30958,29085,117415,117417,117418,117420,0,0,0,0
1787576372.8659413,40,-38,-38,39,28439,23217,29959,30360,117445,117447,117448,117450,0,0,0,0
1787576372.9219093,43,-32,-22,31,29510,22244,29119,31437,117475,117477,117478,117480,0,0,0,0
1787576373.023767,34,-31,-27,31,30430,21485,28387,32438,117505,117507,117508,117510,0,0,0,0
1787576373.0421455,32,-31,-36,37,31395,20733,27596,559,117535,117537,117538,117540,0,0,0,0
1787576373.107501,36,-35,-24,49,32535,19921,26748,1590,117565,117567,117568,117570,0,0,0,0
1787576373.1223967,43,-43,-34,46,823,19033,25910,2692,117595,117597,117598,117600,0,0,0,0
1787576373.18447,50,-41,-43,61,2027,17988,24820,3974,117625,117627,117628,117630,0,0,0,0
1787576373.2335896,47,-38,-38,49,3243,16955,23771,5301,117655,117657,117658,117660,0,0,0,0
1787576373.2949276,41,-41,-45,48,4531,15882,22723,6540,117685,117687,117688,117690,0,0,0,0
1787576373.3665624,42,-29,-42,38,5667,14924,21693,7777,117715,117717,117718,117720,0,0,0,0
1787576373.3738112,34,-36,-22,42,6865,13949,20836,8934,117745,117747,117748,117750,0,0,0,0
1787576373.4378,29,-32,-30,42,7932,13052,19857,10009,117775,117777,117778,117780,0,0,0,0
1787576373.5539997,39,-36,-22,40,8972,12192,19007,10978,117805,117807,117808,117810,0,0,0,0
1787576373.5628002,46,-40,-37,46,10040,11365,18195,12104,117835,117837,117838,117840,0,0,0,0
1787576373.598035,41,-35,-40,45,11129,10399,17236,13229,117865,117867,117868,117870,0,0,0,0
1787576373.685886,52,-32,-28,49,12284,9455,16260,14473,117895,117897,117898,117900,0,0,0,0
1787576373.740531,45,-44,-41,51,13607,8416,15235,15732,117925,117927,117928,117930,0,0,0,0
1787576373.7626393,44,-31,-35,47,14715,7403,14168,16912,117955,117957,117958,117960,0,0,0,0
1787576373.8143983,46,-38,-42,44,15929,6509,13294,18096,117985,117987,117988,117990,0,0,0,0
1787576373.8628137,43,-34,-43,48,16934,5483,12391,19223,118015,118017,118018,118020,0,0,0,0
1787576373.8786821,38,-25,-33,48,18082,4578,11481,20314,118045,118047,118048,118050,0,0,0,0
1787576373.9769404,40,-39,-27,37,19089,3664,10555,21493,118075,118077,118078,118080,0,0,0,0
1787576373.983112,71,-35,-36,47,20211,2787,9695,22520,118105,118107,118108,118110,0,0,0,0
1787576374.0855231,36,-36,-31,40,21287,1978,8717,23601,118135,118137,118138,118140,0,0,0,0
1787576374.134441,47,-36,-31,42,22448,978,7786,24711,118165,118167,118168,118170,0,0,0,0
1787576374.1415014,48,-23,-29,48,23657,57,6760,25924,118195,118197,118198,118200,0,0,0,0
1787576374.2039402,48,-39,-36,41,24806,31796,5730,27028,118225,118227,118228,118230,0,0,0,0
1787576374.266172,50,-38,-37,46,27165,29962,3759,29494,118285,118287,118288,118290,0,0,0,0
1787576374.3083916,28,-25,-40,38,28260,28955,2899,30613,118315,118317,118318,118320,0,0,0,0
1787576374.4191124,33,-37,-38,36,29251,27930,1892,31605,118345,118347,118348,118350,0,0,0,0
1787576374.4254465,37,-33,-41,33,30299,26798,762,32632,118375,118377,118378,118380,0,0,0,0
1787576374.474876,28,-41,-38,27,31335,25774,32427,833,118405,118407,118408,118410,0,0,0,0
1787576374.489865,34,-37,-36,35,32366,24594,31259,1811,118435,118437,118438,118440,0,0,0,0
1787576374.5784147,38,-38,-43,35,523,23525,30171,2779,118465,118467,118468,118470,0,0,0,0
1787576374.6376011,39,-51,-34,42,1422,22317,28974,3720,118495,118497,118498,118500,0,0,0,0
1787576374.6427188,28,-43,-42,35,2408,21292,27902,4695,118525,118527,118528,118530,0,0,0,0
1787576374.7058978,35,-43,-35,30,3384,20188,26720,5613,118555,118557,118558,118560,0,0,0,0
1787576574.5135357,0,2,-4,-6,14755,23411,16260,832,238255,238257,238258,238260,0,0,0,0
1787576574.520819,-1,-4,-4,3,14757,23410,16258,834,238405,238407,238408,238410,0,0,0,0
1787576574.520819,-2,-4,3,0,14758,23409,16258,835,238435,238437,238438,238440,0,0,0,0
1787576574.6486976,2,-4,0,-3,14755,23412,16262,831,238525,238527,238528,238530,0,0,0,0
1787576574.7156389,3,0,5,3,14755,23411,16260,833,238555,238557,238558,238560,0,0,0,0
1787576574.7156389,0,1,3,-4,14759,23409,16258,835,238585,238587,238588,238590,0,0,0,0
1787576574.8330717,-1,-6,0,-3,14761,23407,16257,837,238645,238647,238648,238650,0,0,0,0
1787576574.9285417,-1,-4,-1,-1,14757,23408,16256,834,238675,238677,238678,238680,0,0,0,0
1787576574.936023,-1,-4,-1,-1,14757,23408,16256,834,238675,238677,238678,238680,0,0,0,0
1787576574.9929304,-2,0,-2,3,14746,23419,16268,824,238735,238737,238738,238740,0,0,0,0
1787576575.121228,2,-2,0,-8,14752,23413,16261,830,238795,238797,238798,238800,0,0,0,0
1787576575.1283865,0,-3,-6,0,14759,23409,16258,837,238825,238827,238828,238830,0,0,0,0
1787576575.2315936,-6,0,2,-8,14760,23406,16255,836,238885,238887,238888,238890,0,0,0,0
1787576575.3358378,2,-3,-5,-5,14752,23414,16264,830,238945,238947,238948,238950,0,0,0,0
1787576575.5383668,1,-1,-1,-2,14763,23405,16254,840,239065,239067,239068,239070,0,0,0,0
1787576575.6564128,-1,-2,-3,-1,14757,23410,16258,834,239125,239127,239128,239130,0,0,0,0
1787576575.746113,1,4,-1,-1,14755,23410,16259,832,239185,239187,239188,239190,0,0,0,0
1787576575.8947349,-3,-4,1,-6,14755,23410,16260,833,239215,239217,239218,239220,0,0,0,0
1787576575.8947349,-3,-1,-2,0,14756,23410,16259,833,239245,239247,239248,239250,0,0,0,0
1787576575.9023945,-4,-8,-1,7,14756,23410,16260,833,239275,239277,239278,239280,0,0,0,0
1787576575.9524317,0,0,5,-1,14756,23409,16259,833,239305,239307,239308,239310,0,0,0,0
1787576576.0323884,3,2,0,0,14757,23409,16258,834,239335,239337,239338,239340,0,0,0,0
1787576576.0323884,-5,-6,4,-1,14760,23405,16256,837,239365,239367,239368,239370,0,0,0,0
1787576576.1342258,-3,3,-3,0,14761,23407,16256,838,239395,239397,239398,239400,0,0,0,0
1787576576.1416285,1,-5,-1,2,14758,23409,16257,834,239425,239427,239428,239430,0,0,0,0
1787576576.356131,-6,2,-2,-5,14761,23407,16256,838,239515,239517,239518,239520,0,0,0,0
1787576576.374461,1,0,3,2,14763,23405,16254,840,239545,239547,239548,239550,0,0,0,0
1787576576.4887042,-2,2,-3,-2,14761,23407,16255,836,239575,239577,239578,239580,0,0,0,0
1787576576.4887042,-2,3,-3,-2,14754,23413,16262,830,239635,239637,239638,239640,0,0,0,0
1787576576.5518177,-1,-3,-3,-1,14753,23413,16262,830,239665,239667,239668,239670,0,0,0,0
1787576674.663543,1,-2,0,-2,17204,19545,12446,3070,298465,298467,298468,298470,0,0,0,0
1787576674.6691926,5,3,-2,3,17207,19544,12444,3072,298495,298497,298498,298500,0,0,0,0
1787576674.8673604,1,-2,1,-1,17206,19545,12445,3072,298615,298617,298618,298620,0,0,0,0
1787576674.8673604,-1,-1,3,2,17207,19544,12444,3072,298645,298647,298648,298650,0,0,0,0
1787576674.9866998,4,-1,-6,0,17207,19542,12444,3072,298705,298707,298708,298710,0,0,0,0
1787576675.079116,-2,-4,-2,-3,17206,19545,12446,3072,298765,298767,298768,298770,0,0,0,0
1787576675.1966763,-1,-1,-2,6,17209,19542,12442,3073,298855,298857,298858,298860,0,0,0,0
1787576675.2743528,0,1,-1,-4,17209,19542,12443,3073,298885,298887,298888,298890,0,0,0,0
1787576675.2890007,-3,5,9,2,17208,19543,12443,3073,298915,298917,298918,298920,0,0,0,0
1787576675.392819,-1,3,-3,-1,17206,19543,12444,3072,298975,298977,298978,298980,0,0,0,0
1787576675.4692109,-3,3,2,1,17206,19545,12445,3071,299005,299007,299008,299010,0,0,0,0
1787576675.4874685,3,0,1,3,17206,19543,12444,3072,299035,299037,299038,299040,0,0,0,0
1787576675.5931609,0,-3,-3,-2,17211,19540,12441,3074,299095,299097,299098,299100,0,0,0,0
1787576675.6905954,6,0,-4,2,17202,19546,12447,3068,299155,299157,299158,299160,0,0,0,0
1787576675.7252352,-1,-1,2,0,17204,19544,12445,3070,299185,299187,299188,299190,0,0,0,0
1787576675.8930988,4,5,1,2,17209,19540,12441,3074,299215,299217,299218,299220,0,0,0,0
1787576675.8945997,-2,-5,0,-1,17212,19538,12439,3075,299245,299247,299248,299250,0,0,0,0
1787576675.898967,2,-3,-2,1,17211,19539,12440,3075,299275,299277,299278,299280,0,0,0,0
1787576675.9955466,-1,-1,5,3,17208,19541,12442,3074,299305,299307,299308,299310,0,0,0,0
1787576675.9955466,3,-4,3,2,17209,19541,12442,3073,299335,299337,299338,299340,0,0,0,0
1787576676.0927348,0,3,1,-3,17208,19540,12442,3073,299365,299367,299368,299370,0,0,0,0
1787576676.10864,6,0,0,-1,17209,19540,12441,3073,299395,299397,299398,299400,0,0,0,0
1787576676.2152798,-3,-4,-6,-5,17210,19539,12440,3075,299455,299457,299458,299460,0,0,0,0
1787576676.2292914,0,-5,-2,-1,17210,19538,12439,3075,299485,299487,299488,299490,0,0,0,0
1787576676.309014,2,1,0,-6,17210,19540,12440,3074,299515,299517,299518,299520,0,0,0,0
1787576676.4046824,3,-5,3,-3,17211,19538,12438,3076,299575,299577,299578,299580,0,0,0,0
1787576676.4203806,2,1,1,0,17212,19539,12440,3075,299605,299607,299608,299610,0,0,0,0
1787576676.4844868,-1,-3,0,-3,17211,19540,12442,3074,299635,299637,299638,299640,0,0,0,0
1787576676.5692022,-13,-3,-6,-7,17208,19542,12443,3073,299665,299667,299668,299670,0,0,0,0
1787576676.586145,5,3,0,-3,17206,19544,12445,3072,299695,299697,299698,299700,0,0,0,0
1787576791.188236,-2,0,-2,-1,17605,17607,10514,3175,368455,368457,368458,368460,0,0,0,0
1787576791.3313627,-3,-1,-1,0,17608,17604,10513,3176,368485,368487,368488,368490,0,0,0,0
1787576791.3313627,2,1,2,-2,17609,17604,10512,3177,368515,368517,368518,368520,0,0,0,0
1787576791.3812675,2,0,-3,-1,17607,17606,10513,3175,368545,368547,368548,368550,0,0,0,0
1787576791.3952093,1,3,-1,2,17605,17606,10514,3174,368575,368577,368578,368580,0,0,0,0
1787576791.5978665,-3,4,-2,1,17607,17605,10513,3176,368605,368607,368608,368610,0,0,0,0
1787576791.5978665,0,-2,3,0,17609,17604,10512,3177,368635,368637,368638,368640,0,0,0,0
1787576791.5978665,2,1,2,-7,17608,17605,10513,3177,368665,368667,368668,368670,0,0,0,0
1787576791.5978665,3,-1,-2,-8,17606,17607,10514,3175,368695,368697,368698,368700,0,0,0,0
1787576791.7171786,-19,-3,-6,-1,17604,17607,10514,3175,368755,368757,368758,368760,0,0,0,0
1787576791.8060744,-1,-4,-2,-1,17608,17605,10513,3177,368785,368787,368788,368790,0,0,0,0
1787576791.8128734,-3,0,1,1,17610,17604,10512,3178,368815,368817,368818,368820,0,0,0,0
1787576791.854578,6,1,-3,-4,17610,17604,10512,3177,368845,368847,368848,368850,0,0,0,0
1787576792.0075228,-1,9,0,-2,17611,17604,10512,3178,368905,368907,368908,368910,0,0,0,0
1787576792.0147805,2,-2,4,0,17612,17602,10510,3179,368935,368937,368938,368940,0,0,0,0
1787576792.1181438,-3,-1,1,-1,17614,17601,10509,3180,368995,368997,368998,369000,0,0,0,0
1787576792.2160468,2,4,3,1,17610,17604,10512,3179,369055,369057,369058,369060,0,0,0,0
1787576792.4174922,-1,2,-4,1,17610,17602,10510,3180,369115,369117,369118,369120,0,0,0,0
1787576792.4174922,1,-3,-10,0,17612,17602,10509,3180,369175,369177,369178,369180,0,0,0,0
1787576792.5366704,0,-4,3,-6,17611,17602,10510,3178,369205,369207,369208,369210,0,0,0,0
1787576792.5525236,1,0,3,2,17611,17603,10511,3179,369265,369267,369268,369270,0,0,0,0
1787576792.6295521,2,-4,-1,-3,17611,17602,10509,3179,369295,369297,369298,369300,0,0,0,0
1787576792.6615365,-1,-4,-1,-3,17612,17602,10509,3180,369325,369327,369328,369330,0,0,0,0
1787576792.823,-5,-2,0,-2,17612,17601,10510,3180,369355,369357,369358,369360,0,0,0,0
1787576792.823,4,-2,-3,0,17611,17604,10512,3179,369385,369387,369388,369390,0,0,0,0
1787576792.823,1,-4,-1,2,17609,17605,10513,3178,369415,369417,369418,369420,0,0,0,0
1787576792.9396005,3,-2,-2,-1,17611,17602,10511,3179,369475,369477,369478,369480,0,0,0,0
1787576792.9957235,0,4,1,0,17611,17602,10510,3180,369505,369507,369508,369510,0,0,0,0
1787576793.0118866,0,4,-2,0,17611,17603,10510,3179,369535,369537,369538,369540,0,0,0,0
1787576793.0920002,-2,-2,-3,-3,17609,17604,10512,3177,369565,369567,369568,369570,0,0,0,0
1787576793.1894772,1,-1,-1,-1,17609,17605,10513,3177,369595,369597,369598,369600,0,0,0,0
1787576793.1894772,2,-1,0,-2,17610,17604,10512,3178,369625,369627,369628,369630,0,0,0,0
1787577169.7846797,2,2,0,-3,17367,17406,10489,3108,595585,595587,595588,595590,0,0,0,0
1787577169.806305,3,0,-4,0,17367,17408,10491,3106,595615,595617,595618,595620,0,0,0,0
1787577169.9140947,-6,2,1,-4,17364,17410,10492,3103,595675,595677,595678,595680,0,0,0,0
1787577169.9382503,-1,4,-3,-5,17366,17406,10490,3106,595705,595707,595708,595710,0,0,0,0
1787577170.063559,-4,-2,2,0,17368,17405,10490,3108,595765,595767,595768,595770,0,0,0,0
1787577170.0958393,0,0,0,0,17366,17407,10491,3105,595795,595797,595798,595800,0,0,0,0
1787577170.1984794,0,1,-10,2,17363,17409,10493,3102,595825,595827,595828,595830,0,0,0,0
1787577170.2005394,-3,2,1,3,17365,17410,10492,3103,595855,595857,595858,595860,0,0,0,0
1787577170.2749827,-4,-2,-3,-2,17367,17407,10490,3106,595885,595887,595888,595890,0,0,0,0
1787577170.303228,-2,-2,0,1,17368,17406,10489,3107,595915,595917,595918,595920,0,0,0,0
1787577170.413926,-1,-4,2,1,17367,17407,10491,3106,595975,595977,595978,595980,0,0,0,0
1787577170.413926,3,-2,0,-3,17367,17406,10490,3107,596005,596007,596008,596010,0,0,0,0
1787577170.49175,-1,3,-5,-3,17367,17406,10489,3107,596035,596037,596038,596040,0,0,0,0
1787577170.503887,-1,1,-4,-5,17367,17406,10490,3106,596065,596067,596068,596070,0,0,0,0
1787577170.8043642,-4,-4,1,0,17365,17408,10491,3103,596155,596157,596158,596160,0,0,0,0
1787577170.8169253,0,-4,1,-1,17365,17408,10491,3104,596245,596247,596248,596250,0,0,0,0
1787577170.8649297,-2,3,-2,-1,17365,17407,10491,3104,596275,596277,596278,596280,0,0,0,0
1787577171.0049117,2,6,-3,4,17366,17408,10491,3104,596335,596337,596338,596340,0,0,0,0
1787577171.0095143,2,0,1,-1,17364,17408,10492,3103,596365,596367,596368,596370,0,0,0,0
1787577171.1662776,-5,3,-1,-4,17364,17410,10492,3103,596395,596397,596398,596400,0,0,0,0
1787577171.1662776,-3,-1,3,-1,17365,17408,10491,3104,596455,596457,596458,596460,0,0,0,0
1787577171.209504,-1,-5,-1,4,17365,17408,10491,3104,596485,596487,596488,596490,0,0,0,0
1787577171.3487632,0,-3,-5,2,17366,17408,10492,3104,596515,596517,596518,596520,0,0,0,0
1787577171.3487632,-1,-2,-5,-4,17365,17408,10491,3104,596545,596547,596548,596550,0,0,0,0
1787577171.3647442,-3,-3,-3,-5,17367,17407,10491,3105,596575,596577,596578,596580,0,0,0,0
1787577171.3964114,-4,2,-1,-2,17366,17408,10491,3105,596605,596607,596608,596610,0,0,0,0
1787577171.5237296,-1,3,-2,-3,17366,17408,10491,3105,596665,596667,596668,596670,0,0,0,0
1787577171.5552454,3,4,-4,-1,17364,17409,10492,3103,596695,596697,596698,596700,0,0,0,0
1787577171.7269225,-6,1,-2,3,17362,17411,10494,3102,596755,596757,596758,596760,0,0,0,0
1787577171.7292547,1,10,-3,2,17363,17411,10493,3103,596785,596787,596788,596790,0,0,0,0
1787577171.7679625,3,1,-5,6,17363,17410,10493,3103,596815,596817,596818,596820,0,0,0,0
1787577171.8598423,6,-4,-2,7,17480,17426,10513,3219,596845,596847,596848,596850,0,0,0,0
1787577171.8598423,32,-18,-15,36,17985,17181,10354,3758,596875,596877,596878,596880,0,0,0,0
1787577171.939858,66,-33,-42,49,19109,16348,9697,4908,596905,596907,596908,596910,0,0,0,0
1787577172.00426,55,-46,-49,71,20759,15208,8450,6473,596935,596937,596938,596940,0,0,0,0
1787577172.068629,74,-42,-53,73,22504,13757,7023,8266,596965,596967,596968,596970,0,0,0,0
1787577172.1012762,60,-55,-38,60,24272,12353,5625,10190,596995,596997,596998,597000,0,0,0,0
1787577172.1221056,45,-42,-35,53,25788,11049,4490,11717,597025,597027,597028,597030,0,0,0,0
1787577172.184523,46,-31,-22,41,26966,10113,3568,13010,597055,597057,597058,597060,0,0,0,0
1787577172.2470481,23,-19,-19,31,27984,9412,3056,14032,597085,597087,597088,597090,0,0,0,0
1787577172.2678475,29,-18,-12,24,28744,8982,2686,14898,597115,597117,597118,597120,0,0,0,0
1787577172.3804247,43,-23,-20,34,29665,8456,2160,15797,597145,597147,597148,597150,0,0,0,0
1787577172.3866298,48,-24,-40,43,30774,7844,1380,16735,597175,597177,597178,597180,0,0,0,0
1787577172.4558125,61,-33,-38,53,32185,7066,389,17944,597205,597207,597208,597210,0,0,0,0
1787577172.5123386,52,-46,-48,57,846,6022,31989,19325,597235,597237,597238,597240,0,0,0,0
1787577172.546317,50,-40,-43,53,2341,4851,30858,20945,597265,597267,597268,597270,0,0,0,0
1787577172.6296322,49,-46,-36,51,3742,3795,29841,22380,597295,597297,597298,597300,0,0,0,0
1787577172.6579263,39,-34,-24,49,5033,2806,28919,23742,597325,597327,597328,597330,0,0,0,0
1787577172.6916814,44,-32,-29,43,6140,2057,28164,24868,597355,597357,597358,597360,0,0,0,0
1787577172.795403,42,-29,-29,33,7193,1223,27463,25931,597385,597387,597388,597390,0,0,0,0
1787577172.8048942,43,-24,-24,42,8346,617,26825,26974,597415,597417,597418,597420,0,0,0,0
1787577172.8445196,36,-23,-27,37,9410,32663,26175,28163,597445,597447,597448,597450,0,0,0,0
1787577172.9070518,42,-36,-31,47,10620,31753,25276,29400,597475,597477,597478,597480,0,0,0,0
1787577172.970008,52,-37,-35,51,11885,30905,24245,30729,597505,597507,597508,597510,0,0,0,0
1787577173.0119722,56,-41,-35,54,13364,29950,23308,32105,597535,597537,597538,597540,0,0,0,0
1787577173.0680845,53,-25,-38,49,14635,28952,22202,627,597565,597567,597568,597570,0,0,0,0
1787577173.1003597,42,-27,-36,47,16023,28057,21359,1975,597595,597597,597598,597600,0,0,0,0
1787577173.1481729,42,-34,-32,41,17138,27145,20593,3196,597625,597627,597628,597630,0,0,0,0
1787577173.2048054,38,-24,-26,30,18279,26388,19764,4435,597655,597657,597658,597660,0,0,0,0
1787577173.259927,51,-30,-24,37,19369,25627,19072,5546,597685,597687,597688,597690,0,0,0,0
1787577173.33986,52,-33,-27,37,21768,24021,17372,7867,597745,597747,597748,597750,0,0,0,0
1787577173.403883,47,-29,-37,42,23113,23151,16485,9173,597775,597777,597778,597780,0,0,0,0
1787577173.4363928,39,-30,-38,42,24368,22160,15571,10523,597805,597807,597808,597810,0,0,0,0
1787577173.528173,36,-36,-42,32,26689,20133,13525,12843,597865,597867,597868,597870,0,0,0,0
1787577173.565749,31,-47,-40,32,27877,19159,12445,13931,597895,597897,597898,597900,0,0,0,0
1787577173.629932,31,-47,-40,32,27877,19159,12445,13931,597895,597897,597898,597900,0,0,0,0
1787577173.7095919,46,-34,-33,36,29936,17169,10497,16009,597955,597957,597958,597960,0,0,0,0
1787577173.7107882,39,-38,-42,43,30974,16185,9547,17052,597985,597987,597988,597990,0,0,0,0
1787577173.7618113,43,-38,-36,40,31995,15192,8516,18061,598015,598017,598018,598020,0,0,0,0
1787577173.8260798,38,-37,-42,43,303,14119,7518,19083,598045,598047,598048,598050,0,0,0,0
1787577173.9404552,35,-44,-39,46,1302,13062,6373,20132,598075,598077,598078,598080,0,0,0,0
1787577173.9556184,31,-39,-35,40,2427,12070,5356,21229,598105,598107,598108,598110,0,0,0,0
1787577173.9556184,36,-43,-46,38,3491,11036,4240,22255,598135,598137,598138,598140,0,0,0,0
1787577174.068809,34,-35,-41,40,4623,9953,3114,23363,598165,598167,598168,598170,0,0,0,0
1787577174.0847654,37,-36,-36,29,5641,9015,2105,24428,598195,598197,598198,598200,0,0,0,0
1787577174.1646507,37,-32,-34,38,6682,7837,1062,25484,598225,598227,598228,598230,0,0,0,0
1787577174.1804736,43,-32,-33,31,7729,6944,70,26468,598255,598257,598258,598260,0,0,0,0
1787577174.2603722,35,-49,-43,40,8766,5861,31780,27532,598285,598287,598288,598290,0,0,0,0
1787577174.3143427,45,-39,-49,46,9770,4810,30729,28562,598315,598317,598318,598320,0,0,0,0
1787577174.3619378,35,-40,-44,44,10838,3787,29641,29711,598345,598347,598348,598350,0,0,0,0
1787577174.3777354,39,-36,-39,37,11843,2712,28629,30754,598375,598377,598378,598380,0,0,0,0
1787577174.5098681,38,-44,-44,48,13003,1678,27564,31856,598405,598407,598408,598410,0,0,0,0
1787577174.5251834,38,-38,-36,37,14026,649,26473,134,598435,598437,598438,598440,0,0,0,0
1787577174.5530078,31,-34,-42,34,15072,32422,25500,1136,598465,598467,598468,598470,0,0,0,0
1787577174.632435,28,-29,-31,22,16194,31415,24392,2174,598495,598497,598498,598500,0,0,0,0
1787577174.6485064,35,-44,-38,33,17197,30389,23437,3198,598525,598527,598528,598530,0,0,0,0
1787577174.7115924,32,-29,-43,43,18157,29114,22184,4169,598555,598557,598558,598560,0,0,0,0
1787577174.7653673,37,-40,-32,37,19001,28062,20954,5025,598585,598587,598588,598590,0,0,0,0
1787577174.8507528,28,-43,-47,26,19945,26890,19718,5813,598615,598617,598618,598620,0,0,0,0
1787577174.9471536,30,-38,-42,31,21839,24520,17305,7533,598675,598677,598678,598680,0,0,0,0
1787577174.9620593,35,-44,-49,38,22756,23386,16133,8336,598705,598707,598708,598710,0,0,0,0
1787577174.994756,29,-40,-46,34,23563,22077,14866,9264,598735,598737,598738,598740,0,0,0,0
1787577175.0914629,27,-37,-48,28,24416,20906,13668,10168,598765,598767,598768,598770,0,0,0,0
1787577175.1394534,35,-36,-52,31,26185,18470,11179,11804,598825,598827,598828,598830,0,0,0,0
1787577175.2644155,34,-40,-50,21,27045,17264,9935,12722,598855,598857,598858,598860,0,0,0,0
1787577175.2803512,29,-39,-45,31,27980,16004,8717,13615,598885,598887,598888,598890,0,0,0,0
1787577175.322818,26,-43,-46,31,28791,14832,7573,14426,598915,598917,598918,598920,0,0,0,0
1787577175.3701034,35,-47,-49,30,29610,13536,6308,15230,598945,598947,598948,598950,0,0,0,0
1787577175.4018898,28,-46,-48,29,30470,12241,5139,16223,598975,598977,598978,598980,0,0,0,0
1787577175.4493344,27,-53,-49,36,31356,11007,3803,17117,599005,599007,599008,599010,0,0,0,0
1787577175.4964938,33,-45,-47,35,32229,9733,2646,17999,599035,599037,599038,599040,0,0,0,0
1787577175.5598178,31,-51,-46,39,295,8489,1456,18876,599065,599067,599068,599070,0,0,0,0
1787577175.6865115,28,-51,-48,34,2059,6029,31695,20600,599125,599127,599128,599130,0,0,0,0
1787577175.7157269,34,-41,-45,38,2959,4798,30458,21483,599155,599157,599158,599160,0,0,0,0
1787577175.7898047,31,-47,-37,28,3873,3644,29196,22275,599185,599187,599188,599190,0,0,0,0
1787577175.8055074,25,-40,-45,32,4704,2410,28040,23157,599215,599217,599218,599220,0,0,0,0
1787577175.8644495,31,-41,-46,37,6425,32748,25725,24995,599275,599277,599278,599280,0,0,0,0
1787577175.92804,32,-37,-38,31,7156,31438,24320,25811,599305,599307,599308,599310,0,0,0,0
1787577176.0105665,22,-22,-8,9,8853,29927,22835,27305,599365,599367,599368,599370,0,0,0,0
1787577176.0915074,3,-8,4,5,9176,29678,22647,27656,599395,599397,599398,599400,0,0,0,0
1787577176.1056871,3,-8,4,5,9176,29678,22647,27656,599395,599397,599398,599400,0,0,0,0
1787577176.2059464,-2,0,0,0,9202,29530,22592,27671,599485,599487,599488,599490,0,0,0,0
1787577176.3348548,1,0,-5,-4,9210,29524,22583,27678,599515,599517,599518,599520,0,0,0,0
1787577176.3348548,-4,0,-4,2,9216,29512,22569,27685,599545,599547,599548,599550,0,0,0,0
1787577176.402338,0,-1,-2,0,9224,29502,22560,27693,599575,599577,599578,599580,0,0,0,0
1787577176.5170126,2,2,2,0,9238,29485,22544,27708,599665,599667,599668,599670,0,0,0,0
1787577176.6004684,-4,2,-1,2,9238,29482,22542,27708,599695,599697,599698,599700,0,0,0,0
1787577176.6866226,6,-1,0,1,9237,29483,22541,27706,599725,599727,599728,599730,0,0,0,0
1787577176.7011437,1,-6,-2,-1,9239,29482,22539,27706,599755,599757,599758,599760,0,0,0,0
1787577176.816139,-5,-1,-2,1,9239,29479,22536,27707,599785,599787,599788,599790,0,0,0,0
1787577176.816139,-4,0,0,1,9239,29479,22536,27706,599815,599817,599818,599820,0,0,0,0
1787577176.816139,-1,-4,4,2,9240,29478,22536,27706,599845,599847,599848,599850,0,0,0,0
1787577176.9432027,-3,-3,-3,-3,9241,29478,22535,27708,599875,599877,599878,599880,0,0,0,0
1787577176.9512558,1,2,4,-16,9243,29474,22533,27700,599905,599907,599908,599910,0,0,0,0
1787577177.0194187,-139,-87,-131,-111,7552,27680,20497,25838,599935,599937,599938,599940,0,0,0,0
1787577177.0194187,-81,-63,-83,-82,5165,25617,18181,23521,599965,599967,599968,599970,0,0,0,0
1787577177.1373293,-58,-69,-62,-55,3261,23603,16165,21631,599995,599997,599998,600000,0,0,0,0
1787577177.1373293,-79,-75,-75,-64,1416,21630,14232,19652,600025,600027,600028,600030,0,0,0,0
1787577177.2272837,-70,-69,-72,-85,30171,17566,10109,15514,600085,600087,600088,600090,0,0,0,0
1787577177.339922,-74,-75,-68,-85,28117,15431,8011,13384,600115,600117,600118,600120,0,0,0,0
1787577177.339922,-77,-83,-61,-70,26014,13319,5765,11328,600145,600147,600148,600150,0,0,0,0
1787577177.434562,-84,-71,-83,-71,21597,9085,1600,7173,600205,600207,600208,600210,0,0,0,0
1787577177.560302,-82,-61,-89,-84,19445,6917,32248,5004,600235,600237,600238,600240,0,0,0,0
1787577177.560302,-71,-79,-79,-85,17271,4721,30123,2797,600265,600267,600268,600270,0,0,0,0
1787577177.638412,-79,-78,-74,-79,15127,2671,27957,607,600295,600297,600298,600300,0,0,0,0
1787577177.6499958,-73,-94,-82,-70,12937,470,25819,31256,600325,600327,600328,600330,0,0,0,0
1787577177.7535205,-37,-40,-37,-13,9606,29892,22364,27983,600385,600387,600388,600390,0,0,0,0
1787577177.8437684,-24,-24,-30,-29,8968,29091,21657,27252,600415,600417,600418,600420,0,0,0,0
1787577177.8510199,-17,-12,-18,-16,8419,28663,21057,26638,600445,600447,600448,600450,0,0,0,0
1787577177.9558616,-10,-3,-8,-6,8141,28442,20801,26359,600475,600477,600478,600480,0,0,0,0
1787577178.047948,0,-1,1,1,8089,28494,20783,26269,600535,600537,600538,600540,0,0,0,0
1787577178.049954,1,-5,-3,1,8074,28504,20794,26259,600565,600567,600568,600570,0,0,0,0
1787577178.1635153,-3,0,0,-5,8072,28509,20796,26256,600595,600597,600598,600600,0,0,0,0
1787577178.1635153,4,2,-1,-8,8076,28506,20793,26263,600625,600627,600628,600630,0,0,0,0
1787577178.2502098,1,4,0,-1,8083,28498,20785,26271,600655,600657,600658,600660,0,0,0,0
1787577178.3613915,-1,-5,1,-2,8090,28492,20780,26277,600745,600747,600748,600750,0,0,0,0
1787577178.4562476,2,1,-7,3,8086,28498,20784,26274,600775,600777,600778,600780,0,0,0,0
1787577178.4562476,-1,-6,3,-6,8084,28500,20786,26272,600805,600807,600808,600810,0,0,0,0
1787577178.5957105,3,-2,4,-3,8087,28497,20782,26276,600865,600867,600868,600870,0,0,0,0
1787577178.5957105,-3,-2,0,-1,8089,28496,20781,26277,600895,600897,600898,600900,0,0,0,0
1787577178.6636705,1,-1,-1,0,8089,28496,20781,26276,600925,600927,600928,600930,0,0,0,0
1787577178.669999,-2,3,6,-3,8087,28499,20783,26276,600955,600957,600958,600960,0,0,0,0
1787577178.7748256,-7,1,-3,-6,8086,28500,20784,26275,600985,600987,600988,600990,0,0,0,0
1787577178.7907224,-3,3,6,-2,8087,28499,20783,26275,601015,601017,601018,601020,0,0,0,0
1787577178.8511035,0,3,-1,2,8088,28498,20782,26277,601045,601047,601048,601050,0,0,0,0
1787577178.8953283,-1,-15,0,-13,8075,28403,20714,26262,601075,601077,601078,601080,0,0,0,0
1787577178.9526548,9,-30,-28,17,8245,27890,20306,26441,601105,601107,601108,601110,0,0,0,0
1787577178.9673998,22,-45,-41,29,8864,26568,19295,26960,601135,601137,601138,601140,0,0,0,0
1787577179.0314066,45,-61,-67,34,9936,25175,17753,28077,601165,601167,601168,601170,0,0,0,0
1787577179.0919616,55,-61,-66,55,11321,23501,16008,29465,601195,601197,601198,601200,0,0,0,0
1787577179.2207265,49,-55,-62,56,12862,21748,14139,30907,601225,601227,601228,601230,0,0,0,0
1787577179.2257993,45,-54,-53,43,14104,20172,12573,32129,601255,601257,601258,601260,0,0,0,0
1787577179.3305466,25,-32,-30,18,15888,17985,10215,804,601315,601317,601318,601320,0,0,0,0
1787577179.3513756,20,-28,-35,14,16335,17176,9391,1244,601345,601347,601348,601350,0,0,0,0
1787577179.3860214,19,-28,-41,19,16790,16224,8569,1805,601375,601377,601378,601380,0,0,0,0
1787577179.448215,25,-36,-45,27,17464,15256,7545,2398,601405,601407,601408,601410,0,0,0,0
1787577179.489797,34,-41,-58,31,18323,13937,6279,3319,601435,601437,601438,601440,0,0,0,0
1787577179.5519812,45,-52,-61,37,19239,12529,4914,4542,601465,601467,601468,601470,0,0,0,0
1787577179.6073954,49,-62,-43,39,20400,11082,3377,5694,601495,601497,601498,601500,0,0,0,0
1787577179.670728,43,-49,-49,32,21516,9568,1971,6793,601525,601527,601528,601530,0,0,0,0
1787577179.7011366,45,-44,-40,34,22601,8285,629,7868,601555,601557,601558,601560,0,0,0,0
1787577179.7607229,38,-32,-39,30,23601,7302,32401,8842,601585,601587,601588,601590,0,0,0,0
1787577179.8168933,28,-33,-26,28,24458,6434,31455,9696,601615,601617,601618,601620,0,0,0,0
1787577179.8716166,38,-30,-29,22,25335,5457,30625,10514,601645,601647,601648,601650,0,0,0,0
1787577179.93405,35,-31,-39,33,26154,4545,29657,11406,601675,601677,601678,601680,0,0,0,0
1787577179.9483597,46,-36,-36,43,27142,3513,28690,12473,601705,601707,601708,601710,0,0,0,0
1787577179.98981,39,-36,-50,42,28234,2436,27590,13606,601735,601737,601738,601740,0,0,0,0
1787577180.051499,42,-35,-38,32,29416,1273,26433,14749,601765,601767,601768,601770,0,0,0,0
1787577180.1081674,47,-41,-50,37,30587,70,25286,15992,601795,601797,601798,601800,0,0,0,0
1787577180.1463387,42,-37,-35,43,31685,31682,24077,17096,601825,601827,601828,601830,0,0,0,0
1787577180.2113354,32,-38,-36,38,35,30706,23070,18135,601855,601857,601858,601860,0,0,0,0
1787577180.2613091,29,-40,-35,35,1000,29683,22003,19101,601885,601887,601888,601890,0,0,0,0
1787577180.3093967,35,-40,-38,28,1971,28687,21030,20022,601915,601917,601918,601920,0,0,0,0
1787577180.39177,27,-43,-39,20,2771,27555,19850,20929,601945,601947,601948,601950,0,0,0,0
1787577180.4477239,38,-33,-42,30,3654,26477,18725,21737,601975,601977,601978,601980,0,0,0,0
1787577180.452359,27,-51,-42,36,4610,25313,17474,22522,602005,602007,602008,602010,0,0,0,0
1787577180.4998846,33,-52,-41,33,5477,24011,16245,23449,602035,602037,602038,602040,0,0,0,0
1787577180.5954747,32,-52,-50,31,6425,22772,14990,24451,602065,602067,602068,602070,0,0,0,0
1787577180.6119711,40,-46,-43,27,7284,21388,13726,25488,602095,602097,602098,602100,0,0,0,0
1787577180.6689317,33,-47,-39,30,8217,20159,12510,26372,602125,602127,602128,602130,0,0,0,0
1787577180.7275229,28,-52,-49,19,9967,17827,10112,28042,602185,602187,602188,602190,0,0,0,0
1787577180.791899,36,-45,-43,37,10805,16604,8877,28872,602215,602217,602218,602220,0,0,0,0
1787577180.8496308,29,-37,-27,42,11730,15571,7837,29901,602245,602247,602248,602250,0,0,0,0
1787577180.9206753,26,-41,-36,45,13793,13431,5684,31925,602305,602307,602308,602310,0,0,0,0
1787577180.9843283,32,-47,-37,38,14840,12369,4624,192,602335,602337,602338,602340,0,0,0,0
1787577181.0518537,41,-49,-36,38,15924,11310,3457,1231,602365,602367,602368,602370,0,0,0,0
1787577181.0995471,42,-38,-41,41,16902,10208,2449,2310,602395,602397,602398,602400,0,0,0,0
1787577181.156413,48,-36,-41,35,18041,9131,1388,3338,602425,602427,602428,602430,0,0,0,0
1787577181.2163148,41,-36,-41,31,19018,7952,324,4529,602455,602457,602458,602460,0,0,0,0
1787577181.2250583,37,-40,-48,25,20051,6985,32042,5520,602485,602487,602488,602490,0,0,0,0
1787577181.3212843,26,-48,-47,33,20914,5744,30870,6391,602515,602517,602518,602520,0,0,0,0
1787577181.3212843,30,-33,-47,35,21752,4578,29713,7294,602545,602547,602548,602550,0,0,0,0
1787577181.3911169,43,-50,-42,28,22639,3356,28621,8126,602575,602577,602578,602580,0,0,0,0
1787577181.4655015,30,-48,-56,33,23480,2214,27382,9014,602605,602607,602608,602610,0,0,0,0
1787577181.5143447,27,-36,-48,45,24397,1008,26176,9924,602635,602637,602638,602640,0,0,0,0
1787577181.5306368,34,-43,-58,28,25402,32599,24792,10747,602665,602667,602668,602670,0,0,0,0
1787577181.5793843,37,-40,-46,30,26277,31394,23565,11612,602695,602697,602698,602700,0,0,0,0
1787577181.627367,31,-42,-47,25,27174,30151,22308,12605,602725,602727,602728,602730,0,0,0,0
1787577181.7114835,24,-34,-35,40,28058,28893,21172,13489,602755,602757,602758,602760,0,0,0,0
1787577181.731033,40,-32,-35,44,28935,27818,20096,14448,602785,602787,602788,602790,0,0,0,0
1787577181.8232825,39,-31,-37,62,30077,26834,19233,15684,602815,602817,602818,602820,0,0,0,0
1787577181.8948605,40,-33,-33,48,31184,25972,18426,16947,602845,602847,602848,602850,0,0,0,0
1787577181.9036887,42,-45,-35,51,32390,24955,17513,18152,602875,602877,602878,602880,0,0,0,0
1787577181.9513175,42,-33,-37,45,748,24040,16654,19372,602905,602907,602908,602910,0,0,0,0
1787577182.0316288,48,-39,-39,50,1922,23132,15834,20696,602935,602937,602938,602940,0,0,0,0
1787577182.0801163,41,-30,-33,41,3147,22152,14906,21925,602965,602967,602968,602970,0,0,0,0
1787577182.0801163,43,-34,-34,37,4404,21281,14008,23110,602995,602997,602998,603000,0,0,0,0
1787577182.1444352,51,-33,-32,46,5584,20433,13120,24347,603025,603027,603028,603030,0,0,0,0
1787577182.2086108,36,-31,-33,30,6835,19562,12230,25576,603055,603057,603058,603060,0,0,0,0
1787577182.2652214,42,-26,-25,40,8037,18658,11348,26715,603085,603087,603088,603090,0,0,0,0
1787577182.280899,38,-35,-28,40,9217,17795,10542,28008,603115,603117,603118,603120,0,0,0,0
1787577182.375773,38,-32,-35,41,10421,16987,9770,29259,603145,603147,603148,603150,0,0,0,0
1787577182.3921149,35,-24,-32,39,11592,16153,8866,30463,603175,603177,603178,603180,0,0,0,0
1787577182.4405618,51,-23,-29,41,12920,15327,7983,31611,603205,603207,603208,603210,0,0,0,0
1787577182.5530777,39,-40,-37,35,14145,14532,6998,50,603235,603237,603238,603240,0,0,0,0
1787577182.5711849,51,-21,-32,49,15442,13694,6080,1246,603265,603267,603268,603270,0,0,0,0
1787577182.5879807,44,-34,-29,42,16588,12795,5270,2456,603295,603297,603298,603300,0,0,0,0
1787577182.7075627,50,-33,-30,60,17891,11924,4436,3752,603325,603327,603328,603330,0,0,0,0
1787577182.7113087,42,-35,-31,44,19027,11023,3562,5138,603355,603357,603358,603360,0,0,0,0
1787577182.7617311,46,-36,-30,50,20247,10119,2739,6377,603385,603387,603388,603390,0,0,0,0
1787577182.8264463,52,-36,-29,44,22803,8408,1027,8849,603445,603447,603448,603450,0,0,0,0
1787577182.9076831,44,-24,-29,37,23998,7588,155,10093,603475,603477,603478,603480,0,0,0,0
1787577182.9076831,45,-36,-32,42,25307,6814,32103,11245,603505,603507,603508,603510,0,0,0,0
1787577182.971932,45,-31,-30,51,26472,5871,31222,12587,603535,603537,603538,603540,0,0,0,0
1787577183.0198293,39,-36,-29,38,27786,5005,30388,13811,603565,603567,603568,603570,0,0,0,0
1787577183.08539,43,-33,-10,37,28936,4209,29509,14963,603595,603597,603598,603600,0,0,0,0
1787577183.1583104,40,-29,-26,41,30205,3302,28737,16286,603625,603627,603628,603630,0,0,0,0
1787577183.1649854,41,-32,-36,35,31386,2479,27896,17485,603655,603657,603658,603660,0,0,0,0
1787577183.2741046,39,-42,-27,39,32665,1599,26893,18698,603685,603687,603688,603690,0,0,0,0
1787577183.28067,37,-31,-37,44,1091,735,26116,19931,603715,603717,603718,603720,0,0,0,0
1787577183.344529,38,-27,-38,38,2377,32633,25237,21233,603745,603747,603748,603750,0,0,0,0
1787577183.3924198,44,-23,-22,46,3579,31776,24341,22407,603775,603777,603778,603780,0,0,0,0
1787577183.4593346,44,-33,-23,45,4802,30969,23567,23655,603805,603807,603808,603810,0,0,0,0
1787577183.4722898,45,-31,-40,48,5981,30119,22633,24834,603835,603837,603838,603840,0,0,0,0
1787577183.5197234,49,-30,-29,50,7203,29209,21736,26092,603865,603867,603868,603870,0,0,0,0
1787577183.5830534,44,-32,-28,56,8526,28425,20931,27357,603895,603897,603898,603900,0,0,0,0
1787580496.0771837,0,0,0,0,0,0,0,0,0,0,0,0,0,0,0,0
1787580496.0771837,-4,1,2,-1,1346,30482,1587,3273,59274,59275,59277,59278,0,0,0,0
1787580496.293539,3,1,1,2,1342,30484,1590,3271,59334,59335,59337,59338,0,0,0,0
1787580496.296973,2,5,-4,2,1346,30480,1585,3274,59394,59395,59397,59398,0,0,0,0
1787580496.4108698,2,-1,4,-2,1342,30485,1590,3271,59484,59485,59487,59488,0,0,0,0
1787580496.4917698,2,-1,4,-2,1342,30485,1590,3271,59484,59485,59487,59488,0,0,0,0
1787580496.507787,4,-8,-4,0,1346,30480,1585,3275,59544,59545,59547,59548,0,0,0,0
1787580496.5513024,-7,3,0,-7,1349,30478,1583,3275,59574,59575,59577,59578,0,0,0,0
1787580496.6887715,-2,-1,3,1,1342,30486,1593,3270,59634,59635,59637,59638,0,0,0,0
1787580496.6887715,0,-2,-2,2,1339,30489,1595,3267,59664,59665,59667,59668,0,0,0,0
1787580496.9034007,-7,-4,-3,1,1345,30482,1587,3273,59754,59755,59757,59758,0,0,0,0
1787580496.9034007,-1,3,-1,4,1345,30483,1588,3272,59784,59785,59787,59788,0,0,0,0
1787580497.0229151,0,0,-2,-2,1340,30487,1594,3268,59844,59845,59847,59848,0,0,0,0
1787580497.1122131,2,0,-2,7,1340,30487,1592,3268,59874,59875,59877,59878,0,0,0,0
1787580497.119015,2,2,-4,-4,1344,30484,1589,3272,59904,59905,59907,59908,0,0,0,0
1787580497.2300637,3,0,-2,1,1345,30485,1590,3271,59964,59965,59967,59968,0,0,0,0
1787580497.314309,-3,-2,-2,-2,1342,30487,1592,3270,59994,59995,59997,59998,0,0,0,0
1787580497.327325,2,-1,0,2,1343,30485,1591,3269,60024,60025,60027,60028,0,0,0,0
1787580497.4347422,-2,7,3,-5,1348,30480,1586,3273,60084,60085,60087,60088,0,0,0,0
1787580497.5211809,0,-2,1,-3,1347,30482,1587,3272,60114,60115,60117,60118,0,0,0,0
1787580497.5211809,0,-1,1,3,1345,30484,1589,3271,60144,60145,60147,60148,0,0,0,0
1787580497.5818453,2,-1,-3,-2,1343,30485,1590,3270,60174,60175,60177,60178,0,0,0,0
1787580497.6888409,-1,3,1,-4,1344,30483,1589,3271,60204,60205,60207,60208,0,0,0,0
1787580497.708656,-7,-3,-1,2,1345,30482,1588,3271,60264,60265,60267,60268,0,0,0,0
1787580497.8020253,0,-1,3,-2,1344,30484,1591,3270,60324,60325,60327,60328,0,0,0,0
1787580497.9299972,1,-8,3,-3,1344,30483,1588,3272,60354,60355,60357,60358,0,0,0,0
1787580497.9734592,-2,2,0,-3,1347,30481,1587,3273,60384,60385,60387,60388,0,0,0,0
1787580498.0904818,0,-1,-3,-24,1347,30480,1586,3272,60414,60415,60417,60418,0,0,0,0
1787580498.1062307,-3,-2,-1,-6,1343,30485,1590,3271,60474,60475,60477,60478,0,0,0,0
1787580498.2170634,-8,-2,-5,3,1346,30483,1587,3272,60534,60535,60537,60538,0,0,0,0
1787580498.2300942,-2,-3,-3,-3,1341,30483,1596,3268,60564,60565,60567,60568,0,0,0,0
1787580498.340575,2,-3,-6,0,1211,30592,1739,3165,60624,60625,60627,60628,0,0,0,0
1787580498.4590394,5,-9,-6,3,1332,30475,1590,3275,60654,60655,60657,60658,0,0,0,0
1787580498.4590394,-4,4,4,-1,1443,30382,1496,3340,60714,60715,60717,60718,0,0,0,0
1787580498.548475,-1,0,0,-4,1397,30420,1537,3309,60744,60745,60747,60748,0,0,0,0
1787580498.6711342,2,1,0,0,1285,30518,1652,3222,60834,60835,60837,60838,0,0,0,0
1787580498.75083,1,-1,-5,-1,1296,30511,1639,3233,60864,60865,60867,60868,0,0,0,0
1787580498.8212926,3,-1,-1,1,1322,30481,1608,3259,60894,60895,60897,60898,0,0,0,0
1787580498.8266532,-2,-2,-8,-1,1352,30455,1577,3281,60924,60925,60927,60928,0,0,0,0
1787580498.951973,-2,3,-5,-2,1373,30436,1559,3294,60984,60985,60987,60988,0,0,0,0
1787580498.9654791,-4,2,1,0,1362,30447,1571,3283,61014,61015,61017,61018,0,0,0,0
1787580499.0702775,-1,-6,-3,1,1343,30464,1589,3271,61074,61075,61077,61078,0,0,0,0
1787580499.1673884,3,-5,-8,4,1346,30461,1585,3273,61104,61105,61107,61108,0,0,0,0
1787580499.1683755,-3,-3,0,1,1352,30456,1580,3278,61134,61135,61137,61138,0,0,0,0
1787580499.2779577,-2,1,3,0,1355,30454,1577,3279,61164,61165,61167,61168,0,0,0,0
1787580499.2779577,0,-2,3,1,1352,30456,1581,3277,61194,61195,61197,61198,0,0,0,0
1787580499.36823,-5,-1,2,3,1349,30458,1583,3275,61224,61225,61227,61228,0,0,0,0
1787580499.4750803,-7,-3,0,3,1350,30456,1581,3276,61254,61255,61257,61258,0,0,0,0
1787580499.4910934,0,6,-2,0,1351,30456,1580,3276,61314,61315,61317,61318,0,0,0,0
1787580499.571856,4,-2,0,-1,1349,30458,1583,3275,61344,61345,61347,61348,0,0,0,0
1787580499.571856,-3,2,2,0,1348,30461,1585,3274,61374,61375,61377,61378,0,0,0,0
1787580499.6970642,-2,0,4,1,1350,30458,1583,3276,61404,61405,61407,61408,0,0,0,0
1787580499.6970642,1,-4,-1,0,1351,30457,1581,3277,61434,61435,61437,61438,0,0,0,0
1787580499.7649653,-1,0,1,4,1350,30455,1580,3278,61464,61465,61467,61468,0,0,0,0
1787580499.778753,-2,1,1,-3,1352,30456,1579,3278,61494,61495,61497,61498,0,0,0,0
1787580499.8959525,1,-8,-2,-1,1354,30457,1578,3279,61524,61525,61527,61528,0,0,0,0
1787580499.8959525,4,4,1,0,1353,30456,1579,3278,61554,61555,61557,61558,0,0,0,0
1787580499.971724,-5,-2,2,1,1353,30457,1581,3277,61584,61585,61587,61588,0,0,0,0
1787580499.9914422,-2,-3,-5,-1,1349,30459,1584,3273,61614,61615,61617,61618,0,0,0,0
1787580500.0997627,3,2,3,-10,1347,30461,1586,3274,61644,61645,61647,61648,0,0,0,0
1787580500.0997627,0,1,-3,2,1350,30457,1581,3277,61674,61675,61677,61678,0,0,0,0
1787580500.180567,-1,5,0,-2,1354,30454,1577,3280,61704,61705,61707,61708,0,0,0,0
1787580500.180567,0,3,-3,4,1355,30453,1577,3279,61734,61735,61737,61738,0,0,0,0
1787580500.3769052,1,1,0,0,1348,30460,1584,3275,61824,61825,61827,61828,0,0,0,0
1787580500.3769052,-1,5,-1,3,1350,30457,1581,3277,61854,61855,61857,61858,0,0,0,0
1787580500.5851815,7,-2,-2,-2,1349,30458,1583,3275,61944,61945,61947,61948,0,0,0,0
1787580500.711658,0,-6,-4,4,1349,30458,1582,3275,62004,62005,62007,62008,0,0,0,0
1787580500.711658,5,1,1,0,1348,30460,1583,3274,62064,62065,62067,62068,0,0,0,0
1787580500.8054602,-3,-2,-3,0,1348,30460,1584,3274,62124,62125,62127,62128,0,0,0,0
1787580500.9087808,-3,-1,-3,2,1352,30456,1579,3277,62184,62185,62187,62188,0,0,0,0
1787580501.0047243,-1,-4,3,1,1351,30458,1581,3276,62214,62215,62217,62218,0,0,0,0
1787580501.0047243,-1,-3,-3,3,1349,30459,1582,3275,62244,62245,62247,62248,0,0,0,0
1787580501.1249223,2,-1,-4,-1,1350,30458,1581,3275,62304,62305,62307,62308,0,0,0,0
1787580501.1967447,3,-4,-2,-3,1350,30458,1581,3276,62334,62335,62337,62338,0,0,0,0
1787580501.326452,4,-1,-6,3,1347,30459,1584,3274,62424,62425,62427,62428,0,0,0,0
1787580501.416977,-3,-1,-2,-2,1349,30459,1583,3276,62484,62485,62487,62488,0,0,0,0
1787580501.5282373,3,-1,0,-4,1350,30460,1583,3275,62514,62515,62517,62518,0,0,0,0
1787580501.5282373,0,1,-2,0,1348,30459,1584,3273,62544,62545,62547,62548,0,0,0,0
1787580501.6322117,2,-2,-1,0,1353,30456,1579,3278,62604,62605,62607,62608,0,0,0,0
1787580501.7292185,2,4,-1,-11,1349,30462,1586,3273,62664,62665,62667,62668,0,0,0,0
1787580501.8089857,-3,-2,4,-1,1344,30464,1591,3272,62694,62695,62697,62698,0,0,0,0
1787580501.8089857,-1,-2,0,3,1344,30463,1588,3272,62724,62725,62727,62728,0,0,0,0
1787580501.9242647,-2,3,9,-1,1352,30457,1580,3278,62784,62785,62787,62788,0,0,0,0
1787580502.0278153,-1,3,6,-6,1351,30457,1580,3275,62844,62845,62847,62848,0,0,0,0
1787580502.1371162,21,2,-3,0,1348,30462,1586,3272,62874,62875,62877,62878,0,0,0,0
1787580502.1371162,1,1,-3,-8,1347,30462,1587,3272,62904,62905,62907,62908,0,0,0,0
1787580502.2318609,-1,1,-3,-1,1348,30460,1583,3274,62934,62935,62937,62938,0,0,0,0
1787580502.235332,1,3,2,4,1345,30459,1586,3272,62964,62965,62967,62968,0,0,0,0
1787580502.3484232,-2,-1,-2,-2,1336,30469,1596,3266,62994,62995,62997,62998,0,0,0,0
1787580502.3504262,-3,1,-4,1,1339,30466,1593,3268,63024,63025,63027,63028,0,0,0,0
1787580502.4210846,-6,0,-2,-1,1328,30478,1605,3258,63054,63055,63057,63058,0,0,0,0
1787580502.4368298,-5,-1,-4,0,1320,30482,1610,3253,63084,63085,63087,63088,0,0,0,0
1787580502.5703487,2,8,1,-1,1375,30434,1557,3295,63174,63175,63177,63178,0,0,0,0
1787580502.639048,2,-2,-6,0,1373,30435,1557,3295,63204,63205,63207,63208,0,0,0,0
1787580502.7361748,-1,3,-1,-2,1375,30435,1558,3294,63264,63265,63267,63268,0,0,0,0
1787580502.8473213,-5,-1,-1,0,1345,30463,1587,3270,63324,63325,63327,63328,0,0,0,0
1787580503.048366,-1,1,6,3,1336,30469,1595,3264,63354,63355,63357,63358,0,0,0,0
1787580503.1737134,1,5,-1,0,1348,30461,1586,3272,63534,63535,63537,63538,0,0,0,0
1787580503.2568972,0,1,0,1,1345,30463,1588,3272,63564,63565,63567,63568,0,0,0,0
1787580503.3354661,8,-2,2,-4,1348,30459,1584,3274,63594,63595,63597,63598,0,0,0,0
1787580503.34243,0,-1,5,1,1351,30457,1581,3277,63624,63625,63627,63628,0,0,0,0
1787580503.4597352,-2,-3,-1,0,1352,30456,1581,3276,63654,63655,63657,63658,0,0,0,0
1787580503.4597352,-2,-5,-3,1,1349,30458,1583,3274,63684,63685,63687,63688,0,0,0,0
1787580503.5704281,-1,-3,-2,-3,1348,30459,1585,3274,63714,63715,63717,63718,0,0,0,0
1787580503.5767415,4,2,0,4,1349,30458,1583,3275,63774,63775,63777,63778,0,0,0,0
1787580503.665504,0,-2,1,-2,1350,30457,1583,3275,63804,63805,63807,63808,0,0,0,0
1787580503.6959224,-1,2,-1,-3,1350,30458,1583,3275,63834,63835,63837,63838,0,0,0,0
1787580503.7436335,-2,-1,5,3,1345,30462,1588,3270,63864,63865,63867,63868,0,0,0,0
1787580503.8410406,-5,-1,-1,0,1350,30457,1583,3275,63924,63925,63927,63928,0,0,0,0
1787580504.075457,3,-1,-4,-1,1353,30456,1580,3276,63954,63955,63957,63958,0,0,0,0
1787580504.0761752,-2,3,-1,5,1353,30457,1581,3276,64044,64045,64047,64048,0,0,0,0
1787580504.0907748,0,4,-3,3,1353,30457,1583,3276,64074,64075,64077,64078,0,0,0,0
1787580504.2008562,-2,-2,-2,0,1332,30475,1604,3259,64134,64135,64137,64138,0,0,0,0
1787580504.2907221,-4,-1,2,-1,1325,30479,1613,3253,64194,64195,64197,64198,0,0,0,0
1787580504.4020126,0,3,-1,-3,1324,30481,1616,3255,64254,64255,64257,64258,0,0,0,0
1787580504.4867015,-1,-2,-1,-1,1338,30469,1602,3263,64314,64315,64317,64318,0,0,0,0
1787580504.5476878,1,2,-2,-1,1342,30465,1598,3267,64344,64345,64347,64348,0,0,0,0
1787580504.6530304,-2,-2,3,-4,1340,30467,1601,3264,64374,64375,64377,64378,0,0,0,0
1787580504.6590734,0,0,-1,-3,1331,30475,1608,3257,64434,64435,64437,64438,0,0,0,0
1787580504.742207,-1,0,0,-1,1337,30470,1601,3262,64494,64495,64497,64498,0,0,0,0
1787580504.8932693,2,-2,1,3,1340,30464,1601,3262,64554,64555,64557,64558,0,0,0,0
1787580504.8950305,-1,4,5,-4,1346,30453,1592,3271,64584,64585,64587,64588,0,0,0,0
1787580505.0164595,3,2,-1,-2,1361,30436,1572,3282,64614,64615,64617,64618,0,0,0,0
1787580505.0172386,1,-2,-2,-1,1364,30435,1571,3284,64644,64645,64647,64648,0,0,0,0
1787580505.1020184,-3,4,0,-1,1365,30436,1571,3284,64704,64705,64707,64708,0,0,0,0
1787580505.2077467,1,-2,1,1,1337,30458,1598,3263,64764,64765,64767,64768,0,0,0,0
1787580505.3048818,-1,-1,3,-1,1330,30464,1603,3259,64824,64825,64827,64828,0,0,0,0
1787580505.370514,-2,1,-3,-4,1333,30464,1602,3261,64854,64855,64857,64858,0,0,0,0
1787580505.4949043,-4,2,4,2,1338,30462,1599,3264,64884,64885,64887,64888,0,0,0,0
1787580505.4949043,1,0,-4,3,1343,30455,1592,3270,64914,64915,64917,64918,0,0,0,0
1787580505.501311,-1,1,-1,-2,1348,30448,1585,3274,64944,64945,64947,64948,0,0,0,0
1787580505.702715,-4,-1,-1,3,1348,30450,1587,3272,65034,65035,65037,65038,0,0,0,0
1787580505.7183795,2,-6,-2,3,1344,30454,1592,3269,65064,65065,65067,65068,0,0,0,0
1787580505.840202,-2,0,0,0,1342,30456,1595,3266,65094,65095,65097,65098,0,0,0,0
1787580505.8467078,-39,0,4,-2,1346,30451,1587,3273,65124,65125,65127,65128,0,0,0,0
1787580505.9160647,6,0,-3,0,1355,30443,1580,3278,65154,65155,65157,65158,0,0,0,0
1787580506.0343583,-3,5,1,2,1341,30456,1594,3266,65244,65245,65247,65248,0,0,0,0
1787580506.1183274,-4,-1,0,1,1345,30454,1591,3270,65274,65275,65277,65278,0,0,0,0
1787580506.1313257,2,2,-2,1,1349,30451,1587,3273,65304,65305,65307,65308,0,0,0,0
1787580506.1700664,0,1,0,-3,1351,30448,1585,3274,65334,65335,65337,65338,0,0,0,0
1787580506.336497,-2,4,0,-2,1352,30449,1586,3274,65364,65365,65367,65368,0,0,0,0
1787580506.3477545,0,1,-1,-1,1349,30451,1590,3274,65424,65425,65427,65428,0,0,0,0
1787580506.4688988,-96,-64,-68,-78,31807,28035,31075,71,65514,65515,65517,65518,0,0,0,0
1787580506.6488316,-81,-71,-69,-90,29795,26136,29135,30804,65544,65545,65547,65548,0,0,0,0
1787580506.6707714,-69,-68,-70,-60,23560,19843,23202,24838,65634,65635,65637,65638,0,0,0,0
1787580506.744087,-81,-84,-67,-69,21559,17600,21172,23174,65664,65665,65667,65668,0,0,0,0
1787580506.84691,-82,-80,-74,-83,17612,13258,17117,19193,65724,65725,65727,65728,0,0,0,0
1787580506.9436665,-88,-74,-76,-92,15455,11416,14861,16841,65754,65755,65757,65758,0,0,0,0
1787580506.9503748,-93,-56,-67,-95,13337,9447,12732,14496,65784,65785,65787,65788,0,0,0,0
1787580507.061621,-85,-76,-83,-84,11227,7442,10641,12319,65814,65815,65817,65818,0,0,0,0
1787580507.061621,-77,-84,-74,-73,9095,5340,8510,10110,65844,65845,65847,65848,0,0,0,0
1787580507.145357,-72,-80,-81,-62,6884,3156,6411,7953,65874,65875,65877,65878,0,0,0,0
1787580507.152094,-67,-73,-83,-81,4717,915,4221,5956,65904,65905,65907,65908,0,0,0,0
1787580507.2577357,-58,-59,-42,-51,2671,31606,2383,4246,65934,65935,65937,65938,0,0,0,0
1787580507.2698138,-32,-36,-31,-22,1607,30461,1343,3243,65964,65965,65967,65968,0,0,0,0
1787580507.346198,-22,-30,-16,-20,858,29617,643,2628,65994,65995,65997,65998,0,0,0,0
1787580507.4652815,4,-4,1,3,275,28704,32622,2304,66114,66115,66117,66118,0,0,0,0
1787580507.561557,3,-2,-2,-7,363,28699,32640,2397,66174,66175,66177,66178,0,0,0,0
1787580507.6763456,4,-2,2,2,372,28671,32617,2410,66234,66235,66237,66238,0,0,0,0
1787580507.745057,0,2,-3,-1,405,28658,32603,2435,66264,66265,66267,66268,0,0,0,0
1787580507.762488,-1,2,6,1,419,28653,32599,2444,66294,66295,66297,66298,0,0,0,0
1787580507.8095498,-10,1,-2,-5,396,28677,32621,2418,66324,66325,66327,66328,0,0,0,0
1787580507.9376414,-4,-2,6,2,345,28713,32652,2381,66384,66385,66387,66388,0,0,0,0
1787580508.17233,-4,2,1,-3,374,28696,32635,2404,66534,66535,66537,66538,0,0,0,0
1787580508.271117,-1,0,1,3,377,28690,32629,2408,66564,66565,66567,66568,0,0,0,0
1787580508.271117,1,-6,4,1,387,28681,32620,2418,66594,66595,66597,66598,0,0,0,0
1787580508.374542,-4,1,2,6,399,28674,32614,2427,66624,66625,66627,66628,0,0,0,0
1787580508.374542,-3,-4,1,-4,395,28678,32620,2421,66654,66655,66657,66658,0,0,0,0
1787580508.5768313,2,-2,-2,2,409,28657,32598,2442,66774,66775,66777,66778,0,0,0,0
1787580508.704819,-1,-1,0,-1,434,28641,32573,2459,66834,66835,66837,66838,0,0,0,0
1787580508.7298741,-4,1,3,-2,399,28681,32612,2422,66864,66865,66867,66868,0,0,0,0
1787580508.8387742,-1,1,-2,3,372,28711,32635,2398,66894,66895,66897,66898,0,0,0,0
1787580508.8461332,-2,-3,-3,-5,375,28716,32636,2400,66924,66925,66927,66928,0,0,0,0
1787580508.99207,-4,-3,2,2,409,28691,32611,2430,66984,66985,66987,66988,0,0,0,0
1787580509.1058836,-3,1,-1,5,428,28674,32594,2447,67014,67015,67017,67018,0,0,0,0
1787580509.1058836,-1,5,0,-1,446,28657,32580,2461,67074,67075,67077,67078,0,0,0,0
1787580509.1939669,-1,3,2,-1,445,28651,32577,2463,67104,67105,67107,67108,0,0,0,0
1787580509.1939669,-2,3,-5,-2,438,28657,32584,2457,67134,67135,67137,67138,0,0,0,0
1787580509.3117807,2,-3,0,5,442,28664,32585,2458,67194,67195,67197,67198,0,0,0,0
1787580509.396177,-2,1,-1,-7,444,28658,32582,2460,67224,67225,67227,67228,0,0,0,0
1787580509.5361414,-1,-2,-2,-2,437,28665,32588,2453,67314,67315,67317,67318,0,0,0,0
1787580509.5519938,-2,-5,-2,1,431,28664,32588,2450,67374,67375,67377,67378,0,0,0,0
1787580509.6080267,2,0,-2,4,441,28658,32581,2460,67404,67405,67407,67408,0,0,0,0
1787580509.69194,2,0,-1,0,469,28627,32551,2489,67434,67435,67437,67438,0,0,0,0
1787580509.7527556,-5,-4,-2,1,512,28591,32519,2526,67464,67465,67467,67468,0,0,0,0
1787580509.7687855,3,2,1,0,531,28569,32498,2542,67494,67495,67497,67498,0,0,0,0
1787580509.8087127,-3,-2,-3,-1,537,28561,32491,2545,67524,67525,67527,67528,0,0,0,0
1787580509.8865197,-1,-3,-3,2,532,28570,32500,2539,67554,67555,67557,67558,0,0,0,0
1787580509.9091284,0,7,-3,-7,481,28621,32549,2488,67584,67585,67587,67588,0,0,0,0
1787580510.0155199,-3,2,3,-2,449,28658,32580,2458,67614,67615,67617,67618,0,0,0,0
1787580510.0261831,2,1,2,-5,425,28684,32603,2441,67644,67645,67647,67648,0,0,0,0
1787580510.2136862,5,-2,-3,-3,439,28668,32585,2457,67704,67705,67707,67708,0,0,0,0
1787580510.3318186,1,1,0,1,496,28616,32537,2504,67824,67825,67827,67828,0,0,0,0
1787580510.4152687,-3,2,0,1,496,28613,32538,2505,67854,67855,67857,67858,0,0,0,0
1787580510.4152687,2,0,3,-2,492,28616,32539,2502,67884,67885,67887,67888,0,0,0,0
1787580510.4705088,-1,-2,-1,1,489,28621,32542,2499,67914,67915,67917,67918,0,0,0,0
1787580510.6302686,-1,-3,-1,2,487,28623,32544,2496,68004,68005,68007,68008,0,0,0,0
1787580510.7498634,-5,1,0,1,488,28620,32542,2498,68064,68065,68067,68068,0,0,0,0
1787580510.8299556,7,0,-3,0,488,28618,32541,2498,68094,68095,68097,68098,0,0,0,0
1787580510.8299556,1,1,-4,0,489,28621,32542,2498,68124,68125,68127,68128,0,0,0,0
1787580510.964878,2,-2,-6,2,485,28624,32545,2495,68184,68185,68187,68188,0,0,0,0
1787580510.9822602,0,-1,3,1,484,28625,32546,2494,68214,68215,68217,68218,0,0,0,0
1787580511.0445833,0,0,-2,-2,483,28629,32549,2494,68244,68245,68247,68248,0,0,0,0
1787580511.1409953,-1,-2,-2,6,487,28624,32542,2496,68304,68305,68307,68308,0,0,0,0
1787580643.7467294,4,1,-2,-2,1270,32562,31452,29552,147834,147835,147837,147838,0,0,0,0
1787580643.9457386,-3,-1,-6,0,1278,32555,31445,29563,147954,147955,147957,147958,0,0,0,0
1787580643.9457386,2,-1,-1,0,1278,32554,31445,29561,147984,147985,147987,147988,0,0,0,0
1787580644.1539142,1,3,4,1,1273,32560,31452,29554,148074,148075,148077,148078,0,0,0,0
1787580644.1625967,1,0,-1,-1,1272,32560,31451,29554,148134,148135,148137,148138,0,0,0,0
1787580644.2600517,1,-5,1,-1,1276,32556,31447,29561,148164,148165,148167,148168,0,0,0,0
1787580644.2600517,0,-4,-1,-6,1280,32554,31444,29564,148194,148195,148197,148198,0,0,0,0
1787580644.362247,-4,-3,-3,-2,1272,32560,31450,29555,148254,148255,148257,148258,0,0,0,0
1787580644.4875975,4,-1,-4,1,1269,32563,31453,29551,148284,148285,148287,148288,0,0,0,0
1787580644.5647435,-1,-4,0,-2,1276,32556,31447,29560,148374,148375,148377,148378,0,0,0,0
1787580644.6752322,3,-1,3,0,1268,32561,31453,29551,148434,148435,148437,148438,0,0,0,0
1787580644.7718863,2,-4,-2,0,1268,32562,31454,29550,148494,148495,148497,148498,0,0,0,0
1787580644.8278024,1,1,0,0,1269,32560,31452,29552,148524,148525,148527,148528,0,0,0,0
1787580644.9520938,0,-5,2,-8,1271,32560,31451,29553,148584,148585,148587,148588,0,0,0,0
1787580645.1855292,-1,-1,-2,-3,1270,32559,31451,29553,148704,148705,148707,148708,0,0,0,0
1787580645.1936948,-2,-3,-1,1,1270,32560,31451,29553,148734,148735,148737,148738,0,0,0,0
1787580645.2996218,-4,1,-2,0,1264,32566,31458,29545,148794,148795,148797,148798,0,0,0,0
1787580645.331394,-2,-1,1,0,1261,32570,31462,29541,148824,148825,148827,148828,0,0,0,0
1787580645.3917353,-1,1,1,-5,1257,32572,31464,29537,148854,148855,148857,148858,0,0,0,0
1787580645.5052154,2,4,-3,-1,1256,32572,31465,29537,148914,148915,148917,148918,0,0,0,0
1787580645.5499718,-1,-1,-17,-2,1259,32570,31461,29540,148944,148945,148947,148948,0,0,0,0
1787580645.5915816,0,-2,-1,-1,1262,32565,31458,29545,148974,148975,148977,148978,0,0,0,0
1787580645.6479988,-3,-3,3,-3,1266,32563,31455,29548,149004,149005,149007,149008,0,0,0,0
1787580645.760929,3,-3,0,-1,1265,32566,31457,29545,149034,149035,149037,149038,0,0,0,0
1787580645.7728941,-4,-4,-4,-2,1260,32569,31461,29540,149064,149065,149067,149068,0,0,0,0
1787580645.7932887,6,6,-1,1,1256,32573,31465,29537,149094,149095,149097,149098,0,0,0,0
1787580646.000463,-1,3,1,-3,1261,32569,31459,29541,149154,149155,149157,149158,0,0,0,0
1787580646.0017014,-2,-1,3,2,1260,32569,31462,29540,149244,149245,149247,149248,0,0,0,0
1787580646.1137006,-2,-1,3,2,1260,32569,31462,29540,149244,149245,149247,149248,0,0,0,0
1787580646.1137006,-2,-4,-5,-2,1257,32568,31462,29541,149304,149305,149307,149308,0,0,0,0
1787580646.1957679,3,3,0,6,1263,32567,31457,29546,149334,149335,149337,149338,0,0,0,0
1787580646.2110775,3,-2,-2,-2,1267,32563,31455,29550,149364,149365,149367,149368,0,0,0,0
1787580646.3207033,2,4,0,1,1264,32566,31458,29545,149424,149425,149427,149428,0,0,0,0
1787580646.403727,1,-3,1,1,1261,32567,31459,29543,149454,149455,149457,149458,0,0,0,0
1787580646.4111347,-2,-1,1,-1,1262,32568,31459,29543,149484,149485,149487,149488,0,0,0,0
1787580646.523486,-3,-2,-1,0,1263,32567,31458,29545,149544,149545,149547,149548,0,0,0,0
1787580646.5496726,-1,-1,-1,-1,1264,32565,31457,29545,149574,149575,149577,149578,0,0,0,0
1787580646.6120403,1,1,-5,1,1262,32567,31459,29544,149604,149605,149607,149608,0,0,0,0
1787580646.6673613,-2,2,2,0,1259,32571,31463,29538,149634,149635,149637,149638,0,0,0,0
1787580646.8134127,-4,-4,-6,-2,1253,32575,31467,29534,149664,149665,149667,149668,0,0,0,0
1787580646.8201828,0,5,3,0,1253,32576,31466,29534,149724,149725,149727,149728,0,0,0,0
1787580646.931408,-2,-1,-1,-4,1257,32571,31463,29538,149754,149755,149757,149758,0,0,0,0
1787580646.931408,0,4,1,-1,1259,32569,31461,29539,149784,149785,149787,149788,0,0,0,0
1787580647.021558,2,2,-1,0,1259,32571,31463,29540,149814,149815,149817,149818,0,0,0,0
1787580647.021558,-2,-1,1,0,1258,32571,31462,29540,149844,149845,149847,149848,0,0,0,0
1787580647.139453,-3,-5,-1,-3,1260,32569,31460,29541,149904,149905,149907,149908,0,0,0,0
1787580647.2271068,0,0,1,1,1259,32570,31461,29540,149934,149935,149937,149938,0,0,0,0
1787580647.2271068,-3,0,-2,-2,1257,32571,31463,29539,149964,149965,149967,149968,0,0,0,0
1787580647.3481555,6,-2,2,-5,1256,32573,31464,29537,149994,149995,149997,149998,0,0,0,0
1787580674.2478743,-4,-1,-5,1,1259,32573,31463,29539,166134,166135,166137,166138,0,0,0,0
1787580674.2674603,-2,-3,0,-2,1257,32575,31465,29537,166194,166195,166197,166198,0,0,0,0
1787580674.4310334,0,0,4,0,1259,32572,31462,29540,166224,166225,166227,166228,0,0,0,0
1787580674.4310334,-1,1,0,-5,1263,32569,31459,29544,166254,166255,166257,166258,0,0,0,0
1787580674.4310334,-1,-4,0,2,1263,32570,31461,29543,166284,166285,166287,166288,0,0,0,0
1787580674.5701027,2,1,0,-1,1258,32573,31463,29538,166314,166315,166317,166318,0,0,0,0
1787580674.5861416,5,-1,1,0,1257,32575,31465,29537,166374,166375,166377,166378,0,0,0,0
1787580674.6723428,1,-1,-4,0,1259,32572,31463,29540,166404,166405,166407,166408,0,0,0,0
1787580674.6723428,-2,0,0,-1,1259,32571,31463,29540,166434,166435,166437,166438,0,0,0,0
1787580674.783238,-6,7,-4,-1,1256,32575,31464,29536,166464,166465,166467,166468,0,0,0,0
1787580674.783238,0,0,-2,-1,1252,32577,31467,29532,166494,166495,166497,166498,0,0,0,0
1787580674.8791106,5,-2,1,1,1254,32574,31466,29536,166554,166555,166557,166558,0,0,0,0
1787580674.9910975,-2,-4,-4,2,1254,32576,31466,29533,166614,166615,166617,166618,0,0,0,0
1787580675.0666401,-1,-6,4,-1,1251,32578,31469,29531,166644,166645,166647,166648,0,0,0,0
1787580675.0735133,-1,2,2,-1,1248,32581,31472,29527,166674,166675,166677,166678,0,0,0,0
1787580675.1849842,-4,-3,0,1,1243,32586,31477,29520,166734,166735,166737,166738,0,0,0,0
1787580675.2886243,2,-1,4,-2,1240,32586,31478,29518,166764,166765,166767,166768,0,0,0,0
1787580675.290629,-1,13,4,-1,1241,32588,31479,29519,166794,166795,166797,166798,0,0,0,0
1787580675.490472,3,-3,0,-1,1236,32592,31483,29513,166884,166885,166887,166888,0,0,0,0
1787580675.497514,3,-7,-3,0,1236,32593,31483,29513,166914,166915,166917,166918,0,0,0,0
1787580675.6396725,-4,-3,-2,-1,1236,32593,31482,29515,166944,166945,166947,166948,0,0,0,0
1787580675.643659,-1,-1,7,-3,1238,32589,31479,29518,167004,167005,167007,167008,0,0,0,0
1787580675.690439,-4,4,-2,-1,1241,32588,31478,29519,167034,167035,167037,167038,0,0,0,0
1787580675.7756886,-2,-2,-1,0,1241,32588,31478,29518,167064,167065,167067,167068,0,0,0,0
1787580675.887684,3,0,0,-2,1241,32589,31478,29519,167094,167095,167097,167098,0,0,0,0
1787580675.887684,-3,0,2,-2,1245,32583,31475,29524,167184,167185,167187,167188,0,0,0,0
1787580676.0000305,2,-3,5,1,1246,32584,31475,29524,167244,167245,167247,167248,0,0,0,0
1787580676.0854814,-2,-5,-1,2,1240,32588,31479,29518,167304,167305,167307,167308,0,0,0,0
1787580676.1895595,0,-2,3,4,1241,32588,31477,29520,167364,167365,167367,167368,0,0,0,0
1787580676.2932737,2,-2,-4,-3,1247,32582,31473,29526,167424,167425,167427,167428,0,0,0,0
1787580676.5078084,-5,1,2,7,1243,32585,31475,29523,167454,167455,167457,167458,0,0,0,0
1787580676.7185106,-1,0,3,0,1238,32589,31480,29516,167664,167665,167667,167668,0,0,0,0
1787580676.8310103,-2,1,-4,-1,1236,32591,31482,29514,167694,167695,167697,167698,0,0,0,0
1787580676.8310103,6,2,0,-2,1237,32591,31483,29514,167724,167725,167727,167728,0,0,0,0
1787580676.9233608,-7,0,0,2,1238,32590,31482,29515,167754,167755,167757,167758,0,0,0,0
1787580676.9233608,0,-5,3,-4,1242,32586,31476,29521,167784,167785,167787,167788,0,0,0,0
1787580677.0462933,-1,3,2,-2,1249,32582,31471,29527,167814,167815,167817,167818,0,0,0,0
1787580677.0522785,2,3,6,-2,1250,32578,31469,29530,167844,167845,167847,167848,0,0,0,0
1787580677.0522785,-2,0,6,3,1249,32580,31470,29528,167874,167875,167877,167878,0,0,0,0
1787580677.1289396,6,-3,-3,1,1248,32583,31473,29526,167904,167905,167907,167908,0,0,0,0
1787580677.2406867,-3,4,0,-5,1242,32587,31477,29520,167964,167965,167967,167968,0,0,0,0
1787580677.2545397,-1,-1,-3,-1,1244,32586,31476,29522,167994,167995,167997,167998,0,0,0,0
1787580677.330323,4,7,-4,-3,1245,32584,31474,29525,168024,168025,168027,168028,0,0,0,0
1787580677.4477363,-4,0,4,-4,1245,32583,31473,29524,168084,168085,168087,168088,0,0,0,0
1787580677.455077,2,3,-2,-2,1242,32587,31477,29520,168114,168115,168117,168118,0,0,0,0
1787580677.654835,-6,-2,2,2,1240,32588,31478,29518,168234,168235,168237,168238,0,0,0,0
1787580677.7323692,-1,-3,0,3,1240,32588,31479,29518,168264,168265,168267,168268,0,0,0,0
1787580677.8591347,-7,-2,2,0,1239,32590,31479,29517,168294,168295,168297,168298,0,0,0,0
1787580677.8591347,-5,-1,-2,0,1238,32591,31481,29516,168324,168325,168327,168328,0,0,0,0
1787580677.8744223,-1,-5,-3,-2,1235,32592,31482,29513,168354,168355,168357,168358,0,0,0,0
1787580693.9258676,-2,-2,1,0,1245,32585,31475,29524,177984,177985,177987,177988,0,0,0,0
1787580694.1218536,5,3,0,0,1246,32585,31474,29524,178044,178045,178047,178048,0,0,0,0
1787580694.1278844,-3,5,4,1,1244,32586,31476,29522,178104,178105,178107,178108,0,0,0,0
1787580694.2447271,1,0,-2,0,1245,32585,31475,29523,178134,178135,178137,178138,0,0,0,0
1787580694.254083,3,1,1,-3,1248,32580,31471,29527,178194,178195,178197,178198,0,0,0,0
1787580694.3348222,-2,1,2,-2,1250,32582,31471,29528,178224,178225,178227,178228,0,0,0,0
1787580694.4540122,1,1,3,0,1247,32584,31474,29525,178254,178255,178257,178258,0,0,0,0
1787580694.454531,-5,-1,-1,-1,1245,32585,31475,29523,178314,178315,178317,178318,0,0,0,0
1787580694.5428395,1,0,-11,-1,1246,32585,31474,29525,178344,178345,178347,178348,0,0,0,0
1787580694.5549748,-6,0,-1,-3,1246,32585,31475,29523,178374,178375,178377,178378,0,0,0,0
1787580694.6562011,0,2,2,0,1246,32585,31474,29524,178404,178405,178407,178408,0,0,0,0
1787580694.6562011,0,1,-3,-1,1247,32584,31474,29525,178434,178435,178437,178438,0,0,0,0
1787580694.7448251,-2,-2,-1,-3,1247,32584,31474,29525,178464,178465,178467,178468,0,0,0,0
1787580694.7729826,3,-3,2,-1,1246,32584,31474,29525,178494,178495,178497,178498,0,0,0,0
1787580694.8656974,-4,-2,-1,0,1246,32584,31474,29525,178554,178555,178557,178558,0,0,0,0
1787580694.9525409,0,-2,-1,-5,1247,32584,31473,29526,178584,178585,178587,178588,0,0,0,0
1787580694.9873083,1,0,-2,3,1247,32583,31473,29526,178614,178615,178617,178618,0,0,0,0
1787580695.153885,1,-4,2,0,1247,32583,31473,29525,178644,178645,178647,178648,0,0,0,0
1787580695.2584412,-5,3,-2,0,1242,32588,31478,29519,178734,178735,178737,178738,0,0,0,0
1787580695.2584412,-3,-3,-4,0,1243,32587,31477,29519,178764,178765,178767,178768,0,0,0,0
1787580695.2722106,-1,-1,-2,-1,1243,32585,31476,29521,178794,178795,178797,178798,0,0,0,0
1787580695.3570845,3,-3,1,-2,1245,32585,31475,29522,178824,178825,178827,178828,0,0,0,0
1787580695.4093437,-2,-10,-2,1,1245,32585,31475,29522,178854,178855,178857,178858,0,0,0,0
1787580695.5575664,-1,-3,3,3,1241,32588,31478,29519,178974,178975,178977,178978,0,0,0,0
1787580695.6657555,2,-2,-4,0,1241,32587,31478,29519,179004,179005,179007,179008,0,0,0,0
1787580695.6657555,-5,0,0,-1,1241,32586,31477,29520,179034,179035,179037,179038,0,0,0,0
1787580695.765795,4,-2,-1,2,1243,32587,31476,29521,179064,179065,179067,179068,0,0,0,0
1787580695.765795,2,-2,3,-4,1244,32586,31476,29521,179094,179095,179097,179098,0,0,0,0
1787580695.797499,0,-6,-2,1,1243,32586,31477,29522,179124,179125,179127,179128,0,0,0,0
1787580695.9416263,0,-1,0,-1,1244,32586,31476,29522,179184,179185,179187,179188,0,0,0,0
1787580695.9577577,-2,-4,-1,-2,1245,32585,31475,29523,179214,179215,179217,179218,0,0,0,0
1787580696.1618936,-1,-3,2,-1,1246,32585,31474,29524,179244,179245,179247,179248,0,0,0,0
1787580696.2905405,-2,-1,-4,-1,1245,32586,31476,29523,179364,179365,179367,179368,0,0,0,0
1787580696.2905405,-7,-4,0,4,1245,32585,31475,29524,179394,179395,179397,179398,0,0,0,0
1787580696.2905405,1,-9,-1,2,1245,32584,31475,29524,179424,179425,179427,179428,0,0,0,0
1787580696.4879956,1,-4,-5,2,1245,32586,31475,29522,179454,179455,179457,179458,0,0,0,0
1787580696.4910872,2,-6,-2,1,1242,32589,31479,29519,179514,179515,179517,179518,0,0,0,0
1787580696.577363,1,-8,-4,0,1243,32587,31477,29521,179544,179545,179547,179548,0,0,0,0
1787580696.591236,5,2,0,0,1246,32584,31474,29524,179574,179575,179577,179578,0,0,0,0
1787580696.6969297,-1,2,0,0,1248,32583,31472,29526,179604,179605,179607,179608,0,0,0,0
1787580696.7063375,-1,-7,2,-3,1245,32584,31476,29522,179664,179665,179667,179668,0,0,0,0
1787580696.7866774,1,1,0,-4,1242,32588,31479,29519,179694,179695,179697,179698,0,0,0,0
1787580696.8496623,1,2,-2,-1,1240,32588,31479,29517,179724,179725,179727,179728,0,0,0,0
1787580696.8556933,1,0,-5,-1,1241,32587,31478,29520,179754,179755,179757,179758,0,0,0,0
1787580696.994563,-9,-1,1,-5,1244,32585,31476,29521,179814,179815,179817,179818,0,0,0,0
1787580697.1060197,-2,-1,0,1,1243,32587,31477,29520,179844,179845,179847,179848,0,0,0,0
1787580697.1060197,-2,2,0,0,1243,32586,31477,29522,179904,179905,179907,179908,0,0,0,0
1787580697.20218,3,3,-2,-3,1245,32584,31475,29523,179934,179935,179937,179938,0,0,0,0
1787580697.2162797,-4,-1,-5,-3,1245,32585,31475,29523,179964,179965,179967,179968,0,0,0,0
1787580697.3091996,1,-2,-4,-1,1244,32584,31476,29523,179994,179995,179997,179998,0,0,0,0
1787580697.38984,-2,-2,2,-1,1244,32586,31476,29522,180054,180055,180057,180058,0,0,0,0
1787580697.38984,-6,2,-1,0,1244,32586,31476,29521,180084,180085,180087,180088,0,0,0,0
1787580697.5239723,5,0,-6,1,1243,32587,31476,29520,180144,180145,180147,180148,0,0,0,0
1787580736.3147628,3,2,0,-2,1240,32588,31480,29517,203364,203365,203367,203368,0,0,0,0
1787580736.5196507,-1,-3,0,2,1237,32591,31482,29514,203514,203515,203517,203518,0,0,0,0
1787580736.5233085,1,-3,-5,1,1237,32591,31483,29515,203544,203545,203547,203548,0,0,0,0
1787580736.5233085,-4,-3,-2,1,1239,32589,31483,29516,203574,203575,203577,203578,0,0,0,0
1787580736.6552396,2,1,-1,-4,1235,32595,31486,29511,203634,203635,203637,203638,0,0,0,0
1787580736.7193213,3,-3,-3,0,1231,32596,31488,29508,203694,203695,203697,203698,0,0,0,0
1787580736.8427029,-2,-2,4,0,1233,32595,31487,29509,203724,203725,203727,203728,0,0,0,0
1787580736.8427029,-3,-1,-3,-4,1235,32595,31486,29511,203754,203755,203757,203758,0,0,0,0
1787580737.1278224,-2,-8,-3,1,1235,32594,31486,29510,203814,203815,203817,203818,0,0,0,0
1787580737.1278224,3,-5,-5,4,1238,32592,31482,29514,203904,203905,203907,203908,0,0,0,0
1787580737.1344924,-2,3,-3,0,1240,32591,31481,29516,203934,203935,203937,203938,0,0,0,0
1787580737.239108,-4,4,-4,-3,1238,32592,31483,29514,203964,203965,203967,203968,0,0,0,0
1787580737.239108,-1,1,-4,-1,1234,32595,31487,29509,203994,203995,203997,203998,0,0,0,0
1787580737.3356807,2,2,3,-2,1231,32597,31487,29507,204024,204025,204027,204028,0,0,0,0
1787580737.3427002,-1,-1,3,0,1232,32596,31488,29508,204054,204055,204057,204058,0,0,0,0
1787580737.543689,4,5,-2,0,1239,32591,31482,29514,204144,204145,204147,204148,0,0,0,0
1787580737.635856,-2,-2,0,1,1236,32593,31485,29511,204174,204175,204177,204178,0,0,0,0
1787580737.655759,-1,0,-2,-3,1232,32596,31489,29508,204204,204205,204207,204208,0,0,0,0
1787580737.7449644,-4,-4,-7,1,1231,32598,31489,29507,204234,204235,204237,204238,0,0,0,0
1787580737.7449644,-4,1,5,-4,1232,32598,31488,29508,204264,204265,204267,204268,0,0,0,0
1787580737.863754,1,2,6,0,1233,32597,31486,29510,204294,204295,204297,204298,0,0,0,0
1787580737.863754,-3,-2,-1,-2,1233,32595,31487,29509,204354,204355,204357,204358,0,0,0,0
1787580737.9600546,-2,-6,2,3,1234,32595,31486,29510,204384,204385,204387,204388,0,0,0,0
1787580737.9742086,1,-3,3,3,1233,32595,31486,29510,204414,204415,204417,204418,0,0,0,0
1787580738.167091,4,2,2,2,1231,32598,31489,29506,204504,204505,204507,204508,0,0,0,0
1787580738.2745426,-1,0,-2,-7,1232,32598,31489,29506,204534,204535,204537,204538,0,0,0,0
1787580738.2745426,1,9,1,3,1232,32595,31486,29508,204594,204595,204597,204598,0,0,0,0
1787580738.3703651,3,-1,16,-1,1236,32592,31484,29514,204624,204625,204627,204628,0,0,0,0
1787580738.4119163,-5,-1,0,-3,1240,32589,31480,29518,204654,204655,204657,204658,0,0,0,0
1787580738.523219,0,0,3,1,1240,32589,31480,29517,204744,204745,204747,204748,0,0,0,0
1787580738.691726,2,0,-4,-3,1237,32591,31483,29514,204864,204865,204867,204868,0,0,0,0
1787580738.7743335,-1,-2,1,1,1236,32593,31484,29513,204894,204895,204897,204898,0,0,0,0
1787580738.9669554,-1,-2,1,1,1236,32593,31484,29513,204894,204895,204897,204898,0,0,0,0
1787580738.9669554,1,-2,1,-1,1231,32596,31487,29506,204984,204985,204987,204988,0,0,0,0
1787580738.982272,3,0,1,-1,1233,32595,31486,29508,205014,205015,205017,205018,0,0,0,0
1787580738.9948342,2,0,3,2,1237,32593,31484,29512,205044,205045,205047,205048,0,0,0,0
1787580739.0929058,0,-1,0,1,1238,32589,31482,29515,205104,205105,205107,205108,0,0,0,0
1787580739.1696808,-2,-6,-1,-1,1236,32591,31484,29511,205134,205135,205137,205138,0,0,0,0
1787580739.2708163,1,-8,-2,0,1233,32594,31486,29509,205164,205165,205167,205168,0,0,0,0
1787580739.2728877,-1,0,-1,-4,1232,32597,31488,29507,205194,205195,205197,205198,0,0,0,0
1787580739.3846405,0,1,0,-2,1231,32596,31489,29506,205224,205225,205227,205228,0,0,0,0
1787580739.3846405,0,-1,-4,-1,1235,32595,31485,29511,205254,205255,205257,205258,0,0,0,0
1787580739.390625,0,-2,4,-2,1237,32592,31482,29514,205284,205285,205287,205288,0,0,0,0
1787580739.509071,-5,2,-2,1,1238,32591,31482,29514,205314,205315,205317,205318,0,0,0,0
1787580739.509071,-2,4,2,-6,1236,32593,31485,29511,205344,205345,205347,205348,0,0,0,0
1787580739.5918384,3,0,4,-1,1234,32595,31485,29510,205374,205375,205377,205378,0,0,0,0
1787580739.5923576,-1,-3,0,-1,1234,32594,31485,29510,205404,205405,205407,205408,0,0,0,0
1787580739.7935808,4,-3,5,1,1236,32591,31483,29514,205494,205495,205497,205498,0,0,0,0
1787580739.9076896,1,-2,-3,-7,1235,32592,31484,29512,205524,205525,205527,205528,0,0,0,0
1787580739.9096465,-3,6,-2,-3,1237,32592,31481,29514,205584,205585,205587,205588,0,0,0,0
1787580739.9995973,-1,5,0,-3,1237,32591,31483,29514,205614,205615,205617,205618,0,0,0,0
1787580740.015309,2,-1,0,0,1237,32592,31483,29513,205644,205645,205647,205648,0,0,0,0
1787580740.1099634,1,6,0,4,1236,32592,31484,29512,205674,205675,205677,205678,0,0,0,0
1787580740.1131039,-1,2,4,-1,1236,32592,31484,29513,205704,205705,205707,205708,0,0,0,0
1787580740.16885,-1,2,-3,2,1237,32593,31483,29512,205734,205735,205737,205738,0,0,0,0
1787580740.2157412,0,-5,5,-4,1236,32594,31485,29510,205764,205765,205767,205768,0,0,0,0
1787580740.3107197,-6,-3,3,1,1234,32595,31487,29509,205824,205825,205827,205828,0,0,0,0
1787580740.4139397,2,-1,-1,-4,1232,32595,31486,29508,205884,205885,205887,205888,0,0,0,0
1787580740.5398054,-3,-1,4,3,1237,32592,31482,29514,205944,205945,205947,205948,0,0,0,0
1787580740.6140156,5,2,0,-1,1237,32591,31483,29515,205974,205975,205977,205978,0,0,0,0
1787580740.6697412,-6,1,9,0,1238,32591,31482,29514,206004,206005,206007,206008,0,0,0,0
1787580740.6697412,-3,-1,0,-4,1236,32592,31483,29513,206034,206035,206037,206038,0,0,0,0
1787580740.8206043,-8,2,-1,0,1232,32595,31487,29509,206124,206125,206127,206128,0,0,0,0
1787580740.822043,0,1,-4,2,1234,32595,31487,29510,206094,206095,206097,206098,0,0,0,0
1787580740.9597023,7,3,-2,1,1235,32594,31484,29511,206184,206185,206187,206188,0,0,0,0
1787580740.973584,2,1,-2,-1,1235,32593,31484,29512,206214,206215,206217,206218,0,0,0,0
1787580741.0221899,-1,-4,1,-2,1233,32593,31485,29510,206244,206245,206247,206248,0,0,0,0
1787580741.1478543,-1,1,-1,0,1233,32592,31485,29511,206274,206275,206277,206278,0,0,0,0
1787580741.1478543,0,3,-3,2,1235,32592,31483,29511,206304,206305,206307,206308,0,0,0,0
1787580741.1684825,-10,3,1,2,1235,32592,31484,29511,206334,206335,206337,206338,0,0,0,0
1787580741.237513,1,-3,-5,-4,1234,32593,31485,29511,206364,206365,206367,206368,0,0,0,0
1787580741.2939167,3,-2,2,-3,1234,32594,31486,29510,206394,206395,206397,206398,0,0,0,0
1787580741.4339485,-2,-2,-20,2,1231,32598,31488,29506,206454,206455,206457,206458,0,0,0,0
1787580741.4339485,-1,1,0,-1,1232,32596,31487,29507,206484,206485,206487,206488,0,0,0,0
1787580741.5385242,1,-5,-2,2,1235,32593,31485,29512,206514,206515,206517,206518,0,0,0,0
1787580741.5385242,-1,0,5,3,1237,32591,31483,29514,206544,206545,206547,206548,0,0,0,0
1787580741.6493828,2,-3,0,2,1235,32593,31484,29511,206604,206605,206607,206608,0,0,0,0
1787580741.7670083,-3,1,0,1,1235,32594,31485,29510,206664,206665,206667,206668,0,0,0,0
1787580741.8425014,0,4,4,-1,1235,32593,31485,29512,206694,206695,206697,206698,0,0,0,0
1787580741.8561807,3,0,-3,1,1235,32593,31484,29511,206724,206725,206727,206728,0,0,0,0
1787580741.897309,-1,0,-2,-1,1235,32593,31485,29510,206754,206755,206757,206758,0,0,0,0
1787580742.031046,-1,5,0,4,1231,32596,31487,29507,206784,206785,206787,206788,0,0,0,0
1787580742.031046,0,1,0,-4,1228,32601,31492,29502,206874,206875,206877,206878,0,0,0,0
1787580742.1693513,4,-1,-1,4,1235,32595,31485,29510,206934,206935,206937,206938,0,0,0,0
1787580742.2030241,2,1,-2,-4,1233,32594,31485,29509,206964,206965,206967,206968,0,0,0,0
1787580742.2522302,1,-6,2,-4,1231,32596,31487,29504,206994,206995,206997,206998,0,0,0,0
1787580742.2946432,-1,-3,4,0,1231,32598,31489,29504,207024,207025,207027,207028,0,0,0,0
1787580742.462693,4,-1,2,-1,1273,32559,31447,29562,207084,207085,207087,207088,0,0,0,0
1787580742.4741194,-2,-2,-1,1,1288,32543,31433,29580,207114,207115,207117,207118,0,0,0,0
1787580742.571418,-4,7,2,-6,1135,32686,31592,29371,207174,207175,207177,207178,0,0,0,0
1787580742.6631048,-7,-3,-1,-4,1072,32747,31656,29309,207204,207205,207207,207208,0,0,0,0
1787580742.6661048,-3,3,0,-6,1044,32766,31678,29278,207234,207235,207237,207238,0,0,0,0
1787580742.78655,1,-2,-1,-1,1075,32736,31640,29324,207294,207295,207297,207298,0,0,0,0
1787580742.86411,-2,-3,1,2,1124,32690,31588,29385,207324,207325,207327,207328,0,0,0,0
1787580742.8695605,2,-6,-2,20,1172,32641,31538,29444,207354,207355,207357,207358,0,0,0,0
1787580742.9875367,-7,1,3,0,1248,32574,31470,29527,207414,207415,207417,207418,0,0,0,0
1787580743.0722249,-1,1,-1,-2,1244,32580,31475,29519,207444,207445,207447,207448,0,0,0,0
1787580743.0722249,2,2,7,-2,1228,32593,31488,29499,207474,207475,207477,207478,0,0,0,0
1787580743.1628637,-4,-1,-1,-3,1202,32618,31516,29467,207504,207505,207507,207508,0,0,0,0
1787580743.168403,-4,5,1,-4,1181,32637,31536,29441,207534,207535,207537,207538,0,0,0,0
1787580743.2732997,-3,1,1,0,1167,32648,31548,29428,207564,207565,207567,207568,0,0,0,0
1787580743.2932816,-2,-2,1,4,1165,32649,31549,29429,207594,207595,207597,207598,0,0,0,0
1787580743.3850186,6,0,-3,0,1168,32645,31545,29432,207624,207625,207627,207628,0,0,0,0
1787580743.3970845,-2,-4,-2,-1,1180,32636,31535,29446,207654,207655,207657,207658,0,0,0,0
1787580743.4808767,2,-2,-1,1,1188,32627,31526,29454,207684,207685,207687,207688,0,0,0,0
1787580743.495738,6,-2,0,1,1192,32624,31524,29459,207714,207715,207717,207718,0,0,0,0
1787580743.5239623,0,-2,0,2,1188,32628,31528,29452,207744,207745,207747,207748,0,0,0,0
1787580743.6843748,-6,4,-3,0,1175,32643,31541,29436,207804,207805,207807,207808,0,0,0,0
1787580743.696443,-5,-7,1,-5,1174,32642,31541,29438,207834,207835,207837,207838,0,0,0,0
1787580743.7999957,2,-8,-4,2,1180,32635,31534,29445,207864,207865,207867,207868,0,0,0,0
1787580743.8099172,-1,3,-2,-2,1188,32630,31529,29452,207924,207925,207927,207928,0,0,0,0
1787580743.8902106,1,3,0,-3,1182,32635,31535,29444,207954,207955,207957,207958,0,0,0,0
1787580744.0084546,-1,-3,3,-1,1173,32644,31544,29435,208014,208015,208017,208018,0,0,0,0
1787580744.0776167,-4,-2,3,-1,1176,32640,31539,29440,208044,208045,208047,208048,0,0,0,0
1787580744.0916371,1,1,-1,1,1181,32634,31534,29446,208074,208075,208077,208078,0,0,0,0
1787580744.133674,-3,2,-1,-1,1182,32634,31532,29447,208104,208105,208107,208108,0,0,0,0
1787580744.2630558,4,4,-3,2,1178,32638,31537,29441,208134,208135,208137,208138,0,0,0,0
1787580744.2630558,-3,2,0,3,1171,32643,31543,29433,208164,208165,208167,208168,0,0,0,0
1787580744.5020385,0,1,-1,1,1173,32641,31540,29439,208224,208225,208227,208228,0,0,0,0
1787580744.5020385,-3,-1,0,-1,1180,32634,31533,29448,208284,208285,208287,208288,0,0,0,0
1787580744.5020385,-3,-1,0,-1,1180,32634,31533,29448,208284,208285,208287,208288,0,0,0,0
1787580744.5124235,4,1,6,-5,1175,32640,31540,29439,208344,208345,208347,208348,0,0,0,0
1787580744.6225717,3,1,-2,-5,1167,32647,31546,29429,208404,208405,208407,208408,0,0,0,0
1787580744.6332605,0,-4,0,-3,1171,32643,31542,29435,208434,208435,208437,208438,0,0,0,0
1787580744.7161512,-7,0,-1,-3,1176,32639,31537,29440,208464,208465,208467,208468,0,0,0,0
1787580744.751513,0,2,0,-2,1170,32644,31543,29432,208494,208495,208497,208498,0,0,0,0
1787580744.9133642,-1,-3,-2,3,1161,32653,31554,29422,208524,208525,208527,208528,0,0,0,0
1787580744.9179022,1,-2,-2,-2,1165,32649,31548,29431,208554,208555,208557,208558,0,0,0,0
1787580745.028929,-7,3,2,-2,1177,32639,31539,29440,208644,208645,208647,208648,0,0,0,0
1787580745.1200511,0,-1,-3,-1,1166,32648,31549,29427,208674,208675,208677,208678,0,0,0,0
1787580745.1258903,0,5,0,-3,1159,32657,31555,29418,208704,208705,208707,208708,0,0,0,0
1787580745.1745226,3,3,2,0,1160,32655,31554,29421,208734,208735,208737,208738,0,0,0,0
1787580745.238918,2,1,4,2,1167,32647,31546,29432,208764,208765,208767,208768,0,0,0,0
1787580745.2528949,1,0,-1,-5,1175,32639,31538,29440,208794,208795,208797,208798,0,0,0,0
1787580745.3276255,4,2,-2,-4,1180,32637,31536,29444,208824,208825,208827,208828,0,0,0,0
1787580745.4383907,-5,6,1,-3,1179,32639,31537,29442,208854,208855,208857,208858,0,0,0,0
1787580745.4383907,5,0,2,-1,1174,32640,31541,29438,208884,208885,208887,208888,0,0,0,0
1787580745.4383907,-2,-8,0,-3,1174,32640,31540,29438,208914,208915,208917,208918,0,0,0,0
1787580745.5183914,-3,-4,-2,-3,1177,32639,31538,29440,208944,208945,208947,208948,0,0,0,0
1787580745.6349788,-2,-3,-1,1,1176,32640,31538,29440,208974,208975,208977,208978,0,0,0,0
1787580745.6349788,-3,6,-3,0,1174,32640,31539,29439,209004,209005,209007,209008,0,0,0,0
1787580745.654446,4,-1,-8,-2,1175,32642,31540,29438,209034,209035,209037,209038,0,0,0,0
1787580745.7368414,0,2,1,0,1174,32642,31541,29438,209064,209065,209067,209068,0,0,0,0
1787580745.8439221,-2,-5,-4,-1,1175,32641,31540,29438,209094,209095,209097,209098,0,0,0,0
1787580745.8439221,4,-5,-2,-1,1173,32643,31542,29436,209154,209155,209157,209158,0,0,0,0
1787580745.939394,-3,-1,3,0,1174,32643,31541,29437,209184,209185,209187,209188,0,0,0,0
1787580745.939394,2,4,1,0,1176,32640,31539,29439,209214,209215,209217,209218,0,0,0,0
1787580746.068143,2,-1,-3,5,1178,32639,31538,29441,209244,209245,209247,209248,0,0,0,0
1787580746.068143,7,-4,4,0,1177,32639,31540,29440,209274,209275,209277,209278,0,0,0,0
1787580746.1484306,1,2,1,-1,1174,32643,31542,29437,209304,209305,209307,209308,0,0,0,0
1787580746.1484306,-3,3,2,-2,1172,32644,31544,29434,209334,209335,209337,209338,0,0,0,0
1787580746.2726707,1,-3,-1,-2,1170,32645,31547,29433,209394,209395,209397,209398,0,0,0,0
1787580746.3549085,1,-6,-2,0,1170,32645,31546,29432,209454,209455,209457,209458,0,0,0,0
1787580746.4736185,-3,-2,3,0,1172,32645,31545,29434,209514,209515,209517,209518,0,0,0,0
1787580746.5497847,-2,4,-1,-1,1173,32644,31544,29436,209544,209545,209547,209548,0,0,0,0
1787580746.6533332,-1,-3,0,-2,1173,32644,31544,29436,209574,209575,209577,209578,0,0,0,0
1787580746.67608,-1,-2,6,-4,1173,32645,31545,29436,209634,209635,209637,209638,0,0,0,0
1787580746.8061154,-111,-78,-83,-77,32329,31035,29787,27656,209694,209695,209697,209698,0,0,0,0
1787580746.9500127,-70,-55,-78,-79,30162,29010,27765,25494,209724,209725,209727,209728,0,0,0,0
1787580746.9659045,-82,-68,-81,-61,24730,23152,21605,19670,209814,209815,209817,209818,0,0,0,0
1787580747.0844421,-78,-83,-75,-88,20570,19083,17629,15634,209874,209875,209877,209878,0,0,0,0
1787580747.1677566,-68,-87,-81,-86,18462,17038,15652,13555,209904,209905,209907,209908,0,0,0,0
1787580747.1748207,-67,-71,-79,-67,16309,14912,13504,11413,209934,209935,209937,209938,0,0,0,0
1787580747.285987,-79,-82,-81,-78,12087,10497,9332,7155,209994,209995,209997,209998,0,0,0,0
1787580747.3699553,-81,-94,-91,-89,9946,8325,7172,4971,210024,210025,210027,210028,0,0,0,0
1787580747.3761477,-81,-96,-92,-71,7840,6283,4994,2877,210054,210055,210057,210058,0,0,0,0
1787580747.4171991,-77,-81,-84,-76,5704,4018,2745,710,210084,210085,210087,210088,0,0,0,0
1787580747.5772889,-77,-72,-75,-72,3589,1946,613,31394,210114,210115,210117,210118,0,0,0,0
1787580747.6893919,-28,-18,-17,-21,1315,32545,31165,29113,210174,210175,210177,210178,0,0,0,0
1787580747.695292,-14,-18,-22,-22,765,31986,30577,28568,210204,210205,210207,210208,0,0,0,0
1787580747.6957862,-3,-7,-10,-8,386,31629,30261,28224,210234,210235,210237,210238,0,0,0,0
1787580747.7792985,3,0,-1,4,350,31587,30137,28124,210264,210265,210267,210268,0,0,0,0
1787580747.7923205,3,-1,-4,1,392,31602,30158,28161,210294,210295,210297,210298,0,0,0,0
1787580747.9046354,-2,-2,2,4,391,31592,30147,28159,210324,210325,210327,210328,0,0,0,0
1787580747.9046354,-1,-4,-2,-2,394,31598,30151,28156,210354,210355,210357,210358,0,0,0,0
1787580747.9106119,-5,-1,3,-3,386,31606,30160,28148,210384,210385,210387,210388,0,0,0,0
1787580747.9882083,4,-3,1,-2,378,31608,30163,28143,210414,210415,210417,210418,0,0,0,0
1787580748.1124976,0,-4,-5,3,381,31611,30165,28144,210444,210445,210447,210448,0,0,0,0
1787580748.1145675,3,-5,-4,0,383,31608,30162,28148,210474,210475,210477,210478,0,0,0,0
1787580748.1155643,2,3,0,0,385,31604,30157,28150,210504,210505,210507,210508,0,0,0,0
1787580748.1904068,-4,-5,3,-5,387,31604,30157,28150,210534,210535,210537,210538,0,0,0,0
1787580748.2988458,-1,-1,-6,2,382,31608,30161,28146,210594,210595,210597,210598,0,0,0,0
1787580748.31463,-5,2,-5,1,383,31608,30162,28146,210624,210625,210627,210628,0,0,0,0
1787580748.4102023,-1,0,-4,-6,385,31605,30159,28148,210684,210685,210687,210688,0,0,0,0
1787580748.5071664,-6,-3,-1,-2,385,31605,30159,28148,210714,210715,210717,210718,0,0,0,0
1787580748.5881188,-2,4,1,2,385,31607,30160,28147,210744,210745,210747,210748,0,0,0,0
1787580748.6128714,-4,-4,-2,-1,384,31607,30161,28146,210774,210775,210777,210778,0,0,0,0
1787580748.697973,1,-1,3,-2,384,31607,30160,28147,210804,210805,210807,210808,0,0,0,0
1787580748.697973,1,-7,-1,0,385,31606,30159,28148,210834,210835,210837,210838,0,0,0,0
1787580748.7370596,0,3,-1,0,385,31606,30159,28148,210864,210865,210867,210868,0,0,0,0
1787580748.8143013,-2,3,-3,0,385,31607,30160,28147,210894,210895,210897,210898,0,0,0,0
1787580748.932408,-4,1,-3,-2,377,31617,30168,28139,210954,210955,210957,210958,0,0,0,0
1787580748.932408,-2,-2,1,-2,373,31622,30172,28136,210984,210985,210987,210988,0,0,0,0
1787580749.0040154,3,1,-1,-3,370,31622,30172,28134,211014,211015,211017,211018,0,0,0,0
1787580749.1896114,0,-5,-2,-4,375,31624,30173,28137,211044,211045,211047,211048,0,0,0,0
1787580749.1896114,0,-4,-2,-2,373,31622,30171,28136,211074,211075,211077,211078,0,0,0,0
1787580749.1896114,-1,-3,-5,-3,371,31625,30175,28134,211134,211135,211137,211138,0,0,0,0
1787580749.3137596,2,3,-2,-2,365,31632,30182,28129,211194,211195,211197,211198,0,0,0,0
1787580749.4177527,-2,-1,-2,-1,360,31633,30185,28125,211224,211225,211227,211228,0,0,0,0
1787580749.4344873,-1,-1,-2,-1,363,31633,30184,28127,211314,211315,211317,211318,0,0,0,0
1787580749.5427356,0,1,-8,2,361,31632,30183,28128,211344,211345,211347,211348,0,0,0,0
1787580749.5562842,3,-3,-3,2,363,31637,30184,28127,211374,211375,211377,211378,0,0,0,0
1787580749.6262236,1,3,3,3,360,31636,30186,28125,211404,211405,211407,211408,0,0,0,0
1787580749.6895335,0,-3,-3,-1,361,31636,30185,28125,211434,211435,211437,211438,0,0,0,0
1787580749.6895335,-1,-2,3,-4,367,31631,30182,28132,211464,211465,211467,211468,0,0,0,0
1787580749.829581,-1,-3,-4,-2,372,31632,30179,28131,211494,211495,211497,211498,0,0,0,0
1787580749.8333511,-5,-3,-1,2,372,31631,30179,28133,211524,211525,211527,211528,0,0,0,0
1787580750.0272408,-1,-4,-3,-3,369,31628,30179,28133,211554,211555,211557,211558,0,0,0,0
1787580750.1989677,2,2,4,1,382,31617,30161,28149,211674,211675,211677,211678,0,0,0,0
1787580750.1989677,-3,-2,-2,2,414,31595,30140,28166,211764,211765,211767,211768,0,0,0,0
1787580750.3216407,0,5,2,3,372,31636,30178,28127,211824,211825,211827,211828,0,0,0,0
1787580750.445159,3,1,1,-3,324,31684,30229,28076,211854,211855,211857,211858,0,0,0,0
1787580750.445159,0,-2,-5,1,277,31741,30280,28043,211884,211885,211887,211888,0,0,0,0
1787580750.556251,1,-1,-4,1,297,31720,30254,28064,211944,211945,211947,211948,0,0,0,0
1787580750.5697775,3,-1,-2,-3,340,31683,30218,28102,211974,211975,211977,211978,0,0,0,0
1787580750.6534781,-1,0,-2,-3,400,31620,30160,28152,212034,212035,212037,212038,0,0,0,0
1787580750.7644532,1,4,2,2,384,31642,30183,28134,212094,212095,212097,212098,0,0,0,0
1787580750.9663477,1,-1,6,-5,363,31658,30197,28117,212124,212125,212127,212128,0,0,0,0
1787580750.9663477,-2,3,-6,3,333,31692,30230,28088,212214,212215,212217,212218,0,0,0,0
1787580751.1736352,2,-2,-2,0,334,31690,30227,28092,212244,212245,212247,212248,0,0,0,0
1787580751.1736352,1,-2,-3,3,351,31674,30211,28109,212274,212275,212277,212278,0,0,0,0
1787580751.1736352,-4,1,-1,3,367,31659,30197,28122,212304,212305,212307,212308,0,0,0,0
1787580751.189604,-2,2,1,-1,361,31664,30203,28113,212334,212335,212337,212338,0,0,0,0
1787580751.2540052,-1,5,1,1,337,31692,30231,28089,212364,212365,212367,212368,0,0,0,0
1787580751.2724814,2,4,2,-6,303,31728,30264,28058,212394,212395,212397,212398,0,0,0,0
1787580751.334714,0,1,2,8,271,31766,30300,28030,212424,212425,212427,212428,0,0,0,0
1787580751.4645452,-3,4,6,-2,242,31811,30359,28029,212454,212455,212457,212458,0,0,0,0
1787580751.4645452,-1,2,2,3,247,31966,30593,28143,212514,212515,212517,212518,0,0,0,0
1787580751.5737565,-1,0,1,2,258,31995,30652,28190,212544,212545,212547,212548,0,0,0,0
1787580751.5894117,6,-6,-2,5,260,31991,30641,28189,212574,212575,212577,212578,0,0,0,0
1787580751.6751058,0,2,-3,-2,285,31969,30624,28218,212604,212605,212607,212608,0,0,0,0
1787580751.7884324,4,0,-1,0,311,31928,30593,28251,212634,212635,212637,212638,0,0,0,0
1787580751.8689768,8,-5,-1,13,562,31708,30431,28562,212724,212725,212727,212728,0,0,0,0
1787580751.8847938,9,3,15,18,1018,31653,30718,29346,212784,212785,212787,212788,0,0,0,0
1787580752.0058308,4,9,19,8,1160,31891,31185,29783,212814,212815,212817,212818,0,0,0,0
1787580752.0217705,3,15,22,9,1199,32258,31713,30120,212844,212845,212847,212848,0,0,0,0
1787580752.0698802,0,8,17,0,1232,32550,32279,30311,212874,212875,212877,212878,0,0,0,0
1787580752.0897214,4,16,26,2,1256,108,49,30451,212904,212905,212907,212908,0,0,0,0
1787580752.2048578,-3,19,26,-1,1237,578,605,30490,212934,212935,212937,212938,0,0,0,0
1787580752.2048578,4,19,15,-3,1214,1046,1102,30502,212964,212965,212967,212968,0,0,0,0
1787580752.2847297,7,20,9,-2,1324,1561,1640,30561,212994,212995,212997,212998,0,0,0,0
1787580752.3973198,13,19,21,6,1596,2062,2123,30661,213024,213025,213027,213028,0,0,0,0
1787580752.3973198,12,12,16,2,1963,2689,2652,30850,213054,213055,213057,213058,0,0,0,0
1787580752.4083457,9,18,18,3,2258,3237,3109,31021,213084,213085,213087,213088,0,0,0,0
1787580752.4939513,10,20,17,14,2590,3813,3595,31330,213114,213115,213117,213118,0,0,0,0
1787580752.596099,12,18,16,10,3394,4788,4618,32067,213174,213175,213177,213178,0,0,0,0
1787580752.6142147,19,21,29,11,3799,5360,5168,32406,213204,213205,213207,213208,0,0,0,0
1787580752.7486532,12,14,18,14,4228,5829,5658,32729,213234,213235,213237,213238,0,0,0,0
1787580752.7486532,10,13,18,12,4868,6708,6643,826,213294,213295,213297,213298,0,0,0,0
1787580765.6160796,0,-4,-1,-4,29745,28069,2495,31537,220974,220975,220977,220978,0,0,0,0
1787580765.634523,-4,0,6,-4,29743,28071,2497,31534,221004,221005,221007,221008,0,0,0,0
1787580765.775815,-4,3,3,0,29742,28071,2498,31534,221034,221035,221037,221038,0,0,0,0
1787580765.775815,-2,1,0,-1,29743,28070,2496,31536,221064,221065,221067,221068,0,0,0,0
1787580765.7970614,3,1,-3,-12,29745,28070,2495,31536,221094,221095,221097,221098,0,0,0,0
1787580765.909394,-5,1,-4,-1,29744,28069,2495,31536,221124,221125,221127,221128,0,0,0,0
1787580765.916111,3,-4,1,-4,29743,28071,2498,31534,221154,221155,221157,221158,0,0,0,0
1787580765.9295285,-1,-3,2,-2,29739,28075,2502,31530,221184,221185,221187,221188,0,0,0,0
1787580765.9634085,6,-2,0,0,29736,28077,2503,31529,221214,221215,221217,221218,0,0,0,0
1787580766.097457,2,-2,0,-1,29739,28075,2501,31532,221244,221245,221247,221248,0,0,0,0
1787580766.0984397,6,1,-4,1,29740,28074,2499,31532,221274,221275,221277,221278,0,0,0,0
1787580766.133042,3,1,5,1,29738,28075,2501,31531,221304,221305,221307,221308,0,0,0,0
1787580766.237919,-4,2,-1,2,29735,28078,2504,31529,221364,221365,221367,221368,0,0,0,0
1787580766.2766244,0,-3,-4,-1,29736,28077,2502,31531,221394,221395,221397,221398,0,0,0,0
1787580766.4255805,-1,3,-1,-1,29743,28073,2497,31535,221454,221455,221457,221458,0,0,0,0
1787580766.4255805,-3,3,1,-2,29740,28073,2499,31534,221484,221485,221487,221488,0,0,0,0
1787580766.5476465,-1,1,0,0,29739,28074,2500,31532,221514,221515,221517,221518,0,0,0,0
1787580766.553781,-3,-5,0,0,29739,28072,2499,31533,221544,221545,221547,221548,0,0,0,0
1787580766.596497,0,0,2,4,29742,28072,2498,31535,221574,221575,221577,221578,0,0,0,0
1787580766.737502,-1,-5,-3,-4,29741,28073,2500,31533,221604,221605,221607,221608,0,0,0,0
1787580766.7554972,-3,4,1,-5,29735,28077,2503,31530,221664,221665,221667,221668,0,0,0,0
1787580766.8738034,-3,-7,-2,1,29737,28076,2502,31531,221694,221695,221697,221698,0,0,0,0
1787580766.9268029,0,2,-1,4,29735,28077,2504,31529,221814,221815,221817,221818,0,0,0,0
1787580767.045217,-4,-3,0,4,29736,28075,2502,31530,221874,221875,221877,221878,0,0,0,0
1787580767.154387,2,4,3,-2,29738,28076,2502,31530,221904,221905,221907,221908,0,0,0,0
1787580767.1732662,-3,3,1,-1,29737,28076,2502,31529,221934,221935,221937,221938,0,0,0,0
1787580767.1955233,3,-3,6,0,29736,28077,2503,31530,221964,221965,221967,221968,0,0,0,0
1787580767.294915,2,1,2,-4,29738,28075,2502,31530,221994,221995,221997,221998,0,0,0,0
1787580767.303772,-1,1,1,-3,29738,28075,2501,31531,222024,222025,222027,222028,0,0,0,0
1787580767.407779,-1,-4,3,-1,29739,28075,2501,31531,222054,222055,222057,222058,0,0,0,0
1787580767.407779,-1,0,0,1,29738,28075,2501,31532,222084,222085,222087,222088,0,0,0,0
1787580767.4565275,0,-3,-1,1,29739,28074,2501,31532,222114,222115,222117,222118,0,0,0,0
1787580767.5544758,-1,2,-3,0,29740,28073,2500,31533,222144,222145,222147,222148,0,0,0,0
1787580767.5702908,0,3,0,1,29740,28072,2500,31533,222174,222175,222177,222178,0,0,0,0
1787580767.6025774,-1,1,-1,1,29739,28074,2500,31532,222204,222205,222207,222208,0,0,0,0
1787580767.7076113,1,-1,-2,0,29737,28074,2501,31531,222234,222235,222237,222238,0,0,0,0
1787580767.729827,1,1,7,3,29738,28074,2500,31532,222264,222265,222267,222268,0,0,0,0
1787580767.7550128,-3,-5,-1,-3,29738,28075,2500,31531,222294,222295,222297,222298,0,0,0,0
1787580767.865785,1,0,0,-2,29736,28075,2502,31530,222324,222325,222327,222328,0,0,0,0
1787580767.865785,-2,0,-7,-1,29737,28074,2501,31531,222354,222355,222357,222358,0,0,0,0
1787580767.9076297,-5,9,-3,-4,29737,28075,2501,31531,222384,222385,222387,222388,0,0,0,0
1787580767.997976,2,-2,-2,-2,29737,28075,2501,31531,222414,222415,222417,222418,0,0,0,0
1787580768.0049617,-2,2,-1,4,29739,28074,2499,31533,222444,222445,222447,222448,0,0,0,0
1787580768.1030288,-2,3,-2,1,29740,28072,2498,31534,222504,222505,222507,222508,0,0,0,0
1787580768.1553721,-3,5,-4,2,29742,28072,2497,31534,222534,222535,222537,222538,0,0,0,0
1787580768.2482905,-1,1,-1,-3,29740,28072,2498,31533,222564,222565,222567,222568,0,0,0,0
1787580768.255149,-6,1,1,-1,29740,28073,2499,31533,222594,222595,222597,222598,0,0,0,0
1787580768.3969712,2,-1,5,-1,29739,28074,2500,31533,222624,222625,222627,222628,0,0,0,0
1787580768.3969712,-2,0,0,1,29739,28074,2500,31532,222654,222655,222657,222658,0,0,0,0
1787580768.4073946,-1,-1,-5,0,29739,28073,2499,31533,222684,222685,222687,222688,0,0,0,0
1787580768.5204282,6,-5,-2,-1,29740,28072,2498,31533,222714,222715,222717,222718,0,0,0,0
1787580768.5204282,-5,0,-2,-3,29742,28071,2497,31533,222744,222745,222747,222748,0,0,0,0
1787580768.6332524,0,2,1,-3,29740,28073,2499,31532,222774,222775,222777,222778,0,0,0,0
1787580768.6574228,2,-1,-5,3,29737,28074,2501,31530,222804,222805,222807,222808,0,0,0,0
1787580768.67497,-3,-1,2,1,29736,28077,2502,31530,222834,222835,222837,222838,0,0,0,0
1787580768.733159,5,4,-1,-4,29737,28075,2502,31531,222864,222865,222867,222868,0,0,0,0
1787580768.7705514,-1,0,-2,1,29738,28075,2502,31531,222894,222895,222897,222898,0,0,0,0
1787580768.8343685,-3,-4,-4,1,29736,28077,2503,31529,222924,222925,222927,222928,0,0,0,0
1787580768.8656878,-6,1,2,0,29735,28076,2503,31530,222954,222955,222957,222958,0,0,0,0
1787580768.9331832,1,-1,-2,-3,29738,28074,2500,31532,222984,222985,222987,222988,0,0,0,0
1787580768.9708905,0,-1,-4,2,29742,28071,2497,31534,223014,223015,223017,223018,0,0,0,0
1787580769.0330443,-1,-2,-4,-1,29742,28072,2497,31535,223044,223045,223047,223048,0,0,0,0
1787580769.0685906,-3,0,0,2,29740,28074,2499,31532,223074,223075,223077,223078,0,0,0,0
1787580769.1329503,-3,0,0,-2,29736,28076,2502,31529,223104,223105,223107,223108,0,0,0,0
1787580769.1730165,-3,1,1,0,29734,28077,2504,31528,223134,223135,223137,223138,0,0,0,0
1787580769.233082,1,0,2,-2,29735,28077,2503,31529,223164,223165,223167,223168,0,0,0,0
1787580769.2711365,0,-1,-1,2,29737,28075,2501,31530,223194,223195,223197,223198,0,0,0,0
1787580769.3333251,3,10,-3,0,29738,28074,2498,31532,223224,223225,223227,223228,0,0,0,0
1787580769.372646,1,0,-5,1,29740,28072,2497,31533,223254,223255,223257,223258,0,0,0,0
1787580769.4333055,-2,-1,3,2,29743,28071,2496,31535,223284,223285,223287,223288,0,0,0,0
1787580769.4707515,-3,5,-8,0,29743,28070,2495,31534,223314,223315,223317,223318,0,0,0,0
1787580769.5334063,-1,-4,-2,1,29743,28072,2497,31534,223344,223345,223347,223348,0,0,0,0
1787580769.569905,-1,5,1,4,29740,28073,2499,31533,223374,223375,223377,223378,0,0,0,0
1787580769.634003,3,-2,3,3,29738,28074,2501,31533,223404,223405,223407,223408,0,0,0,0
1787580769.6747792,3,1,-6,1,29740,28075,2497,31532,223434,223435,223437,223438,0,0,0,0
1787580769.7340922,-1,5,2,1,29741,28070,2496,31536,223464,223465,223467,223468,0,0,0,0
1787580769.7706006,-2,0,-1,-3,29744,28068,2493,31537,223494,223495,223497,223498,0,0,0,0
1787580769.8341393,4,7,2,1,29746,28067,2492,31537,223524,223525,223527,223528,0,0,0,0
1787580769.865809,-5,4,7,0,29744,28070,2495,31535,223554,223555,223557,223558,0,0,0,0
1787580769.9344716,1,1,-2,-4,29740,28073,2499,31533,223584,223585,223587,223588,0,0,0,0
1787580769.9711466,-2,2,-7,2,29739,28074,2500,31532,223614,223615,223617,223618,0,0,0,0
1787580770.0346582,2,-3,-1,1,29741,28072,2497,31534,223644,223645,223647,223648,0,0,0,0
1787580770.0694697,1,-3,-2,0,29744,28068,2493,31537,223674,223675,223677,223678,0,0,0,0
1787580770.1352596,1,-2,-5,-2,29746,28067,2492,31537,223704,223705,223707,223708,0,0,0,0
1787580770.1728518,-2,-6,0,-1,29746,28068,2493,31538,223734,223735,223737,223738,0,0,0,0
1787580770.3050842,-5,3,2,5,29743,28071,2496,31535,223794,223795,223797,223798,0,0,0,0
1787580770.5041773,-1,3,-1,0,29742,28070,2496,31534,223824,223825,223827,223828,0,0,0,0
1787580770.5041773,0,1,9,1,29745,28069,2493,31537,223914,223915,223917,223918,0,0,0,0
1787580770.6184025,-3,1,2,0,29743,28069,2494,31536,223944,223945,223947,223948,0,0,0,0
1787580770.6184025,-1,2,2,-4,29742,28071,2495,31534,224004,224005,224007,224008,0,0,0,0
1787580770.8373742,-2,1,-2,0,29742,28070,2497,31534,224094,224095,224097,224098,0,0,0,0
1787580770.8373742,-3,-2,-1,2,29744,28069,2495,31536,224154,224155,224157,224158,0,0,0,0
1787580770.922927,3,-1,2,-2,29746,28067,2492,31537,224184,224185,224187,224188,0,0,0,0
1787580771.048127,-3,3,-4,1,29745,28071,2495,31535,224214,224215,224217,224218,0,0,0,0
1787580771.0511127,1,-2,-2,-4,29737,28075,2501,31529,224274,224275,224277,224278,0,0,0,0
1787580771.1344366,0,0,-1,2,29738,28075,2500,31531,224304,224305,224307,224308,0,0,0,0
1787580771.2485476,0,-2,-2,0,29741,28072,2497,31534,224334,224335,224337,224338,0,0,0,0
1787580771.2495944,-2,-3,1,0,29747,28067,2492,31539,224394,224395,224397,224398,0,0,0,0
1787580771.3352106,-5,-1,-5,1,29745,28069,2493,31535,224424,224425,224427,224428,0,0,0,0
1787580771.4488695,2,-10,-2,0,29741,28071,2496,31533,224484,224485,224487,224488,0,0,0,0
1787580771.4499292,1,0,-4,6,29744,28069,2494,31536,224514,224515,224517,224518,0,0,0,0
1787580771.6225889,-4,2,3,-2,29784,28036,2454,31573,224574,224575,224577,224578,0,0,0,0
1787580771.6323562,-5,-1,-5,0,29798,28030,2453,31573,224604,224605,224607,224608,0,0,0,0
1787580771.7437363,-9,2,5,-5,29686,28124,2560,31476,224634,224635,224637,224638,0,0,0,0
1787580771.754873,-1,-1,-1,1,29510,28266,2709,31344,224694,224695,224697,224698,0,0,0,0
1787580771.8656838,5,-5,-2,-4,29556,28223,2664,31389,224754,224755,224757,224758,0,0,0,0
1787580771.9564803,1,3,1,0,29652,28135,2566,31471,224814,224815,224817,224818,0,0,0,0
1787580772.070538,4,-3,-1,1,29743,28063,2488,31541,224874,224875,224877,224878,0,0,0,0
1787580772.1016614,-1,1,-1,0,29774,28041,2463,31565,224904,224905,224907,224908,0,0,0,0
1787580772.2203398,-4,2,2,-4,29776,28039,2463,31562,224934,224935,224937,224938,0,0,0,0
1787580772.234191,1,7,5,-9,29748,28063,2492,31537,224964,224965,224967,224968,0,0,0,0
1787580772.358246,-6,1,-3,5,29704,28097,2529,31504,225024,225025,225027,225028,0,0,0,0
1787580772.4712512,-3,-3,3,-4,29701,28100,2532,31503,225054,225055,225057,225058,0,0,0,0
1787580772.4761775,0,0,1,4,29724,28083,2510,31523,225114,225115,225117,225118,0,0,0,0
1787580772.5263813,1,8,-1,1,29734,28072,2497,31531,225144,225145,225147,225148,0,0,0,0
1787580772.6379848,1,-3,-2,3,29730,28076,2503,31527,225204,225205,225207,225208,0,0,0,0
1787580772.7689922,-2,-4,0,0,29721,28083,2512,31520,225294,225295,225297,225298,0,0,0,0
1787580772.8874693,-2,9,-1,-2,29716,28087,2516,31514,225354,225355,225357,225358,0,0,0,0
1787580772.9699337,0,2,-1,2,29708,28091,2521,31509,225384,225385,225387,225388,0,0,0,0
1787580773.0946803,-3,-3,-4,1,29704,28084,2518,31510,225474,225475,225477,225478,0,0,0,0
1787580773.164158,-2,1,2,5,29709,28079,2513,31516,225504,225505,225507,225508,0,0,0,0
1787580773.164158,-2,1,-6,-7,29708,28074,2507,31515,225534,225535,225537,225538,0,0,0,0
1787580773.3814032,-1,-4,-4,-3,29712,28070,2503,31517,225564,225565,225567,225568,0,0,0,0
1787580773.3814032,0,-4,4,-1,29718,28067,2499,31521,225624,225625,225627,225628,0,0,0,0
1787580773.3814032,4,2,-5,0,29716,28071,2504,31516,225654,225655,225657,225658,0,0,0,0
1787580773.5096338,-1,-2,10,-2,29708,28078,2513,31511,225714,225715,225717,225718,0,0,0,0
1787580773.525279,-4,-3,-1,-4,29701,28087,2522,31506,225744,225745,225747,225748,0,0,0,0
1787580773.5884426,-2,-2,4,-2,29699,28086,2521,31505,225774,225775,225777,225778,0,0,0,0
1787580773.699439,-5,-1,-2,0,29701,28086,2520,31508,225804,225805,225807,225808,0,0,0,0
1787580773.7789636,-5,0,-1,3,29707,28080,2515,31513,225864,225865,225867,225868,0,0,0,0
1787580773.7949224,-4,-3,-4,-2,29700,28084,2521,31506,225894,225895,225897,225898,0,0,0,0
1787580773.906643,0,2,-1,-3,29693,28090,2527,31501,225924,225925,225927,225928,0,0,0,0
1787580773.906643,-3,-1,-6,0,29700,28084,2518,31508,225954,225955,225957,225958,0,0,0,0
1787580773.9224548,-1,-2,-7,0,29712,28074,2509,31518,225984,225985,225987,225988,0,0,0,0
1787580774.1020846,4,0,-1,2,29723,28065,2497,31525,226014,226015,226017,226018,0,0,0,0
1787580774.1142294,-1,-6,5,1,29707,28080,2514,31511,226074,226075,226077,226078,0,0,0,0
1787580774.1941783,0,-1,-1,-4,29698,28087,2523,31504,226104,226105,226107,226108,0,0,0,0
1787580774.216832,1,2,4,3,29697,28090,2524,31504,226134,226135,226137,226138,0,0,0,0
1787580774.315202,1,-1,0,2,29711,28076,2509,31516,226194,226195,226197,226198,0,0,0,0
1787580774.3312883,-2,-3,0,-3,29714,28074,2507,31518,226254,226255,226257,226258,0,0,0,0
1787580774.4046679,3,-4,-4,-4,29711,28076,2510,31515,226284,226285,226287,226288,0,0,0,0
1787580774.5176222,2,-4,-4,-3,29707,28079,2514,31512,226344,226345,226347,226348,0,0,0,0
1787580774.5176222,2,1,1,1,29710,28077,2511,31515,226374,226375,226377,226378,0,0,0,0
1787580774.6143286,-2,0,-2,1,29712,28075,2509,31517,226404,226405,226407,226408,0,0,0,0
1787580774.7312686,2,5,3,1,29711,28076,2511,31516,226434,226435,226437,226438,0,0,0,0
1787580774.7548544,-5,-3,-6,4,29708,28079,2513,31513,226494,226495,226497,226498,0,0,0,0
1787580774.9280229,0,3,-2,1,29709,28077,2511,31514,226524,226525,226527,226528,0,0,0,0
1787580774.9280229,-1,-2,0,-8,29711,28076,2510,31516,226584,226585,226587,226588,0,0,0,0
1787580775.0127919,-11,3,1,3,29711,28076,2510,31515,226614,226615,226617,226618,0,0,0,0
1787580775.0240324,1,-1,-4,4,29712,28076,2510,31517,226644,226645,226647,226648,0,0,0,0
1787580775.0240324,-4,1,4,-9,29712,28076,2511,31516,226674,226675,226677,226678,0,0,0,0
1787580775.1531243,0,-3,0,1,29707,28080,2514,31513,226734,226735,226737,226738,0,0,0,0
1787580775.233898,-6,3,1,-3,29708,28078,2512,31514,226764,226765,226767,226768,0,0,0,0
1787580775.3315077,-3,-1,-1,0,29710,28078,2512,31515,226794,226795,226797,226798,0,0,0,0
1787580775.3315077,3,-4,0,-1,29707,28080,2513,31513,226824,226825,226827,226828,0,0,0,0
1787580775.3509717,0,-1,-1,-2,29704,28081,2516,31509,226854,226855,226857,226858,0,0,0,0
1787580775.4206052,-1,3,-2,-3,29703,28083,2516,31509,226884,226885,226887,226888,0,0,0,0
1787580775.4691484,-2,-1,-2,3,29706,28081,2515,31512,226914,226915,226917,226918,0,0,0,0
1787580775.533568,-4,2,-1,2,29710,28079,2512,31514,226974,226975,226977,226978,0,0,0,0
1787580775.63816,7,-6,-1,-1,29707,28081,2516,31512,227004,227005,227007,227008,0,0,0,0
1787580775.6631246,-4,5,0,-3,29703,28085,2519,31509,227034,227035,227037,227038,0,0,0,0
1787580775.7588086,-2,-3,0,-3,29708,28081,2514,31515,227094,227095,227097,227098,0,0,0,0
1787580775.8394048,0,-3,-6,3,29712,28080,2513,31517,227124,227125,227127,227128,0,0,0,0
1787580775.8749168,-94,-73,-85,-67,28619,26756,1327,30297,227154,227155,227157,227158,0,0,0,0
1787580776.038489,-57,-81,-78,-73,24528,22799,29858,26230,227214,227215,227217,227218,0,0,0,0
1787580776.038489,-76,-68,-73,-56,22842,20909,27963,24384,227244,227245,227247,227248,0,0,0,0
1787580776.167707,-61,-78,-73,-79,20874,19004,25967,22317,227274,227275,227277,227278,0,0,0,0
1787580776.167707,-73,-79,-82,-94,18899,17051,23814,20376,227304,227305,227307,227308,0,0,0,0
1787580776.183587,-92,-65,-63,-74,16771,14922,21740,18339,227334,227335,227337,227338,0,0,0,0
1787580776.2477698,-85,-76,-69,-71,14622,12790,19644,16176,227364,227365,227367,227368,0,0,0,0
1787580776.3652267,-74,-84,-76,-68,12482,10733,17654,14037,227394,227395,227397,227398,0,0,0,0
1787580776.3652267,-60,-111,-81,-91,10288,8620,15581,12034,227424,227425,227427,227428,0,0,0,0
1787580776.3652267,-61,-83,-86,-77,8126,6551,13456,9943,227454,227455,227457,227458,0,0,0,0
1787580776.444924,-79,-67,-80,-69,6044,4295,11307,7815,227484,227485,227487,227488,0,0,0,0
1787580776.5412228,-71,-73,-82,-67,1872,34,6840,3367,227544,227545,227547,227548,0,0,0,0
1787580776.5737948,-69,-77,-71,-81,32530,30778,4657,1237,227574,227575,227577,227578,0,0,0,0
1787580776.6550477,-45,-37,-39,-34,30877,29074,3109,32559,227604,227605,227607,227608,0,0,0,0
1787580776.673833,-33,-29,-19,-31,30010,28274,2239,31753,227634,227635,227637,227638,0,0,0,0
1787580776.7678409,-15,-11,-13,-13,28971,27372,1357,30702,227694,227695,227697,227698,0,0,0,0
1787580776.8750844,-1,-4,-5,-2,28878,27305,1137,30484,227754,227755,227757,227758,0,0,0,0
1787580776.9127283,-1,-1,-1,0,28897,27307,1129,30497,227784,227785,227787,227788,0,0,0,0
1787580776.928724,2,0,-3,-1,28914,27283,1111,30515,227814,227815,227817,227818,0,0,0,0
1787580777.0647242,0,-2,-7,4,28951,27246,1079,30551,227874,227875,227877,227878,0,0,0,0
1787580777.1868162,2,0,-1,1,28994,27193,1034,30596,227964,227965,227967,227968,0,0,0,0
1787580777.2676952,6,-6,0,-1,29006,27178,1022,30610,227994,227995,227997,227998,0,0,0,0
1787580777.4781885,-2,1,-7,1,29018,27166,1011,30622,228024,228025,228027,228028,0,0,0,0
1787580777.4781885,5,-5,-3,3,29041,27136,987,30648,228084,228085,228087,228088,0,0,0,0
1787580777.4781885,-5,-3,-1,1,29052,27124,974,30664,228114,228115,228117,228118,0,0,0,0
1787580777.5417674,-1,-3,-2,4,29066,27106,960,30679,228144,228145,228147,228148,0,0,0,0
1787580777.5417674,1,-8,-2,-4,29081,27090,945,30697,228174,228175,228177,228178,0,0,0,0
1787580777.6057012,2,3,3,-2,29098,27069,927,30719,228204,228205,228207,228208,0,0,0,0
1787580777.6934602,-3,-12,6,0,29116,27046,906,30741,228234,228235,228237,228238,0,0,0,0
1787580777.7939355,0,0,1,-2,29138,27023,884,30767,228264,228265,228267,228268,0,0,0,0
1787580777.8096151,-5,-3,-2,-5,29160,26996,859,30797,228294,228295,228297,228298,0,0,0,0
1787580777.8096151,1,0,-4,1,29185,26974,833,30826,228324,228325,228327,228328,0,0,0,0
1787580777.8817353,0,0,0,2,29204,26951,813,30850,228354,228355,228357,228358,0,0,0,0
1787580777.94326,1,-3,1,-5,29218,26936,797,30867,228384,228385,228387,228388,0,0,0,0
1787580777.94326,-1,-2,-5,2,29228,26926,786,30879,228414,228415,228417,228418,0,0,0,0
1787580778.087443,-4,3,3,5,29232,26922,784,30883,228474,228475,228477,228478,0,0,0,0
1787580778.2974346,4,-3,2,0,29232,26929,786,30881,228564,228565,228567,228568,0,0,0,0
1787580778.2974346,3,2,-1,-1,29233,26926,783,30884,228594,228595,228597,228598,0,0,0,0
1787580778.3135257,-3,0,0,3,29233,26922,781,30883,228624,228625,228627,228628,0,0,0,0
1787580778.4135118,-3,-2,-2,4,29234,26923,781,30884,228684,228685,228687,228688,0,0,0,0
1787580778.5075293,1,2,4,-2,29236,26920,778,30887,228744,228745,228747,228748,0,0,0,0
1787580778.5739305,3,3,-3,-1,29238,26918,776,30891,228774,228775,228777,228778,0,0,0,0
1787580778.6307461,8,2,0,4,29240,26917,775,30892,228804,228805,228807,228808,0,0,0,0
1787580778.7148125,-1,6,2,3,29240,26917,775,30893,228834,228835,228837,228838,0,0,0,0
1787580778.8081772,2,4,-5,-1,29240,26922,777,30891,228864,228865,228867,228868,0,0,0,0
1787580778.8081772,4,3,-2,-2,29238,26923,780,30890,228894,228895,228897,228898,0,0,0,0
1787580778.8240983,-3,1,-2,-3,29237,26924,781,30888,228924,228925,228927,228928,0,0,0,0
1787580778.900807,-2,-3,3,2,29238,26924,781,30890,228954,228955,228957,228958,0,0,0,0
1787580778.9577644,2,0,0,0,29237,26925,782,30887,228984,228985,228987,228988,0,0,0,0
1787580779.1178539,3,1,0,2,29220,26936,796,30868,229044,229045,229047,229048,0,0,0,0
1787580779.1178539,1,2,-1,-7,29207,26949,808,30848,229074,229075,229077,229078,0,0,0,0
1787580779.1340756,-4,4,-7,2,29213,26955,806,30861,229104,229105,229107,229108,0,0,0,0
1787580779.2309015,2,-2,-3,2,29260,26889,741,30931,229134,229135,229137,229138,0,0,0,0
1787580779.2548482,0,1,0,1,29304,26853,701,30973,229164,229165,229167,229168,0,0,0,0
1787580779.334236,0,-3,-3,-1,29300,26860,711,30963,229194,229195,229197,229198,0,0,0,0
1787580779.438124,-5,-3,1,-1,29251,26907,761,30906,229254,229255,229257,229258,0,0,0,0
1787580779.438124,-1,0,-4,-3,29236,26920,779,30884,229284,229285,229287,229288,0,0,0,0
1787580779.453831,1,6,0,0,29201,26971,826,30831,229314,229315,229317,229318,0,0,0,0
1787580779.5335295,-2,-1,2,-1,29146,27031,883,30768,229344,229345,229347,229348,0,0,0,0
1787580779.57716,-2,-1,-5,5,29134,27042,893,30751,229374,229375,229377,229378,0,0,0,0
1787580779.724425,5,-1,-3,0,29174,26991,845,30814,229434,229435,229437,229438,0,0,0,0
1787580779.724425,1,-1,0,4,29209,26949,806,30859,229464,229465,229467,229468,0,0,0,0
1787580779.9324517,0,4,0,2,29242,26917,774,30890,229584,229585,229587,229588,0,0,0,0
1787580780.0510159,-3,1,-4,-2,29222,26940,797,30867,229644,229645,229647,229648,0,0,0,0
1787580780.1495993,2,0,2,4,29226,26933,789,30875,229704,229705,229707,229708,0,0,0,0
1787580780.2613378,2,0,1,0,29233,26926,783,30883,229734,229735,229737,229738,0,0,0,0
1787580780.2613378,2,1,-7,0,29235,26924,781,30884,229764,229765,229767,229768,0,0,0,0
1787580780.3410666,-2,-8,3,0,29233,26927,784,30881,229794,229795,229797,229798,0,0,0,0
1787580780.3410666,2,-4,-2,4,29230,26930,787,30878,229824,229825,229827,229828,0,0,0,0
1787580780.416137,-3,0,-4,1,29230,26930,787,30877,229854,229855,229857,229858,0,0,0,0
1787580780.5406997,7,3,2,1,29231,26929,786,30879,229944,229945,229947,229948,0,0,0,0
1787580780.5406997,-2,0,-6,3,29231,26932,785,30880,229974,229975,229977,229978,0,0,0,0
1787580780.5885553,0,1,3,2,29235,26930,782,30882,230004,230005,230007,230008,0,0,0,0
1787580780.669297,-4,-3,-4,-6,29238,26925,780,30885,230034,230035,230037,230038,0,0,0,0
1787580780.7491055,-5,-5,-1,-9,29239,26921,778,30887,230064,230065,230067,230068,0,0,0,0
1787580780.8653684,-1,-3,2,-2,29238,26923,780,30888,230094,230095,230097,230098,0,0,0,0
1787580780.8653684,-1,0,-11,4,29236,26926,781,30885,230154,230155,230157,230158,0,0,0,0
1787580780.9608915,2,1,-1,2,29236,26926,782,30886,230184,230185,230187,230188,0,0,0,0
1787580780.9659038,1,-3,-3,-2,29236,26924,779,30887,230214,230215,230217,230218,0,0,0,0
1787580781.073383,-5,-1,1,0,29237,26923,778,30888,230244,230245,230247,230248,0,0,0,0
1787580781.0874832,-4,-3,1,4,29238,26924,780,30887,230274,230275,230277,230278,0,0,0,0
1787580781.0892437,-1,-1,-2,-4,29237,26925,781,30886,230304,230305,230307,230308,0,0,0,0
1787580781.1734653,-3,-6,0,4,29237,26924,780,30886,230334,230335,230337,230338,0,0,0,0
1787580781.2671027,-1,-8,2,5,29238,26923,778,30888,230364,230365,230367,230368,0,0,0,0
1787580781.2807903,-2,2,2,-3,29240,26921,777,30891,230394,230395,230397,230398,0,0,0,0
1787580781.289647,-1,-3,1,0,29241,26922,775,30892,230424,230425,230427,230428,0,0,0,0
1787580781.3734038,0,-4,4,-5,29240,26923,778,30889,230454,230455,230457,230458,0,0,0,0
1787580781.5586777,-1,4,-4,-2,29236,26925,780,30885,230484,230485,230487,230488,0,0,0,0
1787580781.5745146,2,-1,-1,2,29235,26927,782,30885,230544,230545,230547,230548,0,0,0,0
1787580781.5745146,-1,-3,-4,4,29236,26924,780,30887,230574,230575,230577,230578,0,0,0,0
1787580781.593465,0,-1,1,1,29237,26923,779,30887,230604,230605,230607,230608,0,0,0,0
1787580781.7053192,-1,-3,1,1,29235,26926,781,30886,230664,230665,230667,230668,0,0,0,0
1787580781.774368,-4,-5,0,0,29237,26924,779,30889,230694,230695,230697,230698,0,0,0,0
1787580891.7522924,0,8,2,2,28705,17675,31305,3189,296694,296695,296697,296698,0,0,0,0
1787580891.9589581,0,2,-4,3,28713,17667,31298,3195,296754,296755,296757,296758,0,0,0,0
1787580891.9589581,-1,-1,5,0,28704,17674,31305,3189,296814,296815,296817,296818,0,0,0,0
1787580892.073221,-3,-3,-3,1,28702,17677,31307,3187,296874,296875,296877,296878,0,0,0,0
1787580892.155208,-2,2,-2,0,28705,17673,31304,3190,296904,296905,296907,296908,0,0,0,0
1787580892.1725574,-1,1,2,0,28709,17669,31300,3192,296934,296935,296937,296938,0,0,0,0
1787580892.2037048,-1,0,-3,0,28711,17670,31300,3194,296964,296965,296967,296968,0,0,0,0
1787580892.3497982,-5,1,-3,1,28709,17671,31302,3191,296994,296995,296997,296998,0,0,0,0
1787580892.3561647,0,2,3,2,28706,17672,31304,3189,297024,297025,297027,297028,0,0,0,0
1787580892.3642132,2,-1,-1,5,28706,17673,31304,3190,297054,297055,297057,297058,0,0,0,0
1787580892.4887457,0,5,0,-1,28707,17673,31304,3190,297114,297115,297117,297118,0,0,0,0
1787580892.5742724,-2,0,-2,-2,28707,17673,31304,3191,297174,297175,297177,297178,0,0,0,0
1787580892.6061091,0,2,-5,-1,28704,17677,31307,3188,297204,297205,297207,297208,0,0,0,0
1787580892.774553,-1,-1,1,0,28701,17678,31308,3186,297264,297265,297267,297268,0,0,0,0
1787580892.7940364,1,-4,0,2,28711,17669,31300,3194,297324,297325,297327,297328,0,0,0,0
1787580892.8978677,-5,0,-3,0,28711,17670,31302,3193,297384,297385,297387,297388,0,0,0,0
1787580892.9951665,-4,-2,-4,-2,28701,17679,31310,3186,297444,297445,297447,297448,0,0,0,0
1787580893.0366573,-5,1,0,0,28701,17679,31310,3187,297474,297475,297477,297478,0,0,0,0
1787580893.177096,-1,-2,-1,1,28708,17672,31303,3192,297534,297535,297537,297538,0,0,0,0
1787580893.1932113,-4,-1,1,1,28708,17674,31305,3192,297564,297565,297567,297568,0,0,0,0
1787580893.3555672,3,3,-4,2,28704,17676,31308,3190,297624,297625,297627,297628,0,0,0,0
1787580893.3709643,-1,-4,-4,-3,28704,17676,31307,3188,297654,297655,297657,297658,0,0,0,0
1787580893.4788482,11,0,3,2,28706,17673,31305,3191,297684,297685,297687,297688,0,0,0,0
1787580893.4788482,3,0,-2,0,28708,17672,31304,3192,297714,297715,297717,297718,0,0,0,0
1787580893.4951751,-1,4,-1,-6,28707,17674,31305,3190,297744,297745,297747,297748,0,0,0,0
1787580893.5975034,1,0,2,3,28700,17678,31309,3185,297804,297805,297807,297808,0,0,0,0
1787580893.7027194,1,-2,1,-2,28703,17677,31308,3188,297864,297865,297867,297868,0,0,0,0
1787580893.7875357,0,-1,-4,1,28704,17674,31305,3189,297924,297925,297927,297928,0,0,0,0
1787580893.9052126,0,-2,-3,-4,28702,17678,31308,3187,297984,297985,297987,297988,0,0,0,0
1787580894.0016782,-1,-1,0,3,28699,17681,31312,3184,298044,298045,298047,298048,0,0,0,0
1787580894.123455,-3,-4,2,2,28702,17676,31306,3188,298104,298105,298107,298108,0,0,0,0
1787580894.2108955,3,-6,3,-1,28703,17676,31307,3188,298134,298135,298137,298138,0,0,0,0
1787580894.2108955,-1,1,-5,1,28700,17679,31311,3185,298164,298165,298167,298168,0,0,0,0
1787580894.3627372,0,-1,-4,3,28700,17678,31309,3186,298224,298225,298227,298228,0,0,0,0
1787580894.3763058,2,-1,3,-3,28706,17673,31304,3191,298254,298255,298257,298258,0,0,0,0
1787580894.4124181,-3,-5,1,0,28709,17671,31302,3193,298284,298285,298287,298288,0,0,0,0
1787580894.4879959,1,-3,2,0,28708,17673,31304,3190,298314,298315,298317,298318,0,0,0,0
1787580894.4948783,-1,0,0,3,28703,17676,31308,3186,298344,298345,298347,298348,0,0,0,0
1787580894.6204774,1,2,3,1,28702,17677,31308,3186,298404,298405,298407,298408,0,0,0,0
1787580894.738396,1,3,0,1,28706,17674,31305,3190,298434,298435,298437,298438,0,0,0,0
1787580894.738396,5,1,-1,0,28707,17674,31305,3190,298494,298495,298497,298498,0,0,0,0
1787580894.8352654,-1,-3,0,-3,28703,17677,31309,3187,298524,298525,298527,298528,0,0,0,0
1787580894.9334981,-2,0,-9,-1,28701,17680,31310,3185,298554,298555,298557,298558,0,0,0,0
1787580895.0293303,0,-2,0,0,28708,17671,31303,3192,298614,298615,298617,298618,0,0,0,0
1787580895.0293303,-3,-8,3,-2,28711,17671,31302,3192,298644,298645,298647,298648,0,0,0,0
1787580895.220878,2,-1,1,-3,28697,17684,31313,3182,298734,298735,298737,298738,0,0,0,0
1787580895.346673,0,-4,3,0,28699,17680,31311,3184,298824,298825,298827,298828,0,0,0,0
1787580895.438984,1,-4,2,2,28702,17678,31307,3186,298854,298855,298857,298858,0,0,0,0
1787580895.4456563,0,4,-6,2,28700,17679,31310,3185,298884,298885,298887,298888,0,0,0,0
1787580895.5656786,0,1,3,2,28695,17682,31313,3180,298914,298915,298917,298918,0,0,0,0
1787580895.5656786,-1,4,2,-2,28689,17688,31318,3178,298944,298945,298947,298948,0,0,0,0
1787580895.5656786,1,0,1,-2,28686,17691,31319,3176,298974,298975,298977,298978,0,0,0,0
1787580895.6446166,3,-3,-2,3,28688,17688,31318,3178,299004,299005,299007,299008,0,0,0,0
1787580895.7046645,2,0,-3,2,28692,17684,31315,3181,299034,299035,299037,299038,0,0,0,0
1787580895.8482764,2,-2,-5,-3,28694,17685,31315,3180,299064,299065,299067,299068,0,0,0,0
1787580895.850522,3,-2,-2,-3,28683,17694,31323,3172,299124,299125,299127,299128,0,0,0,0
1787580896.0504994,-2,4,-4,-4,28685,17692,31321,3174,299244,299245,299247,299248,0,0,0,0
1787580896.1698332,-3,1,0,-1,28687,17690,31319,3176,299274,299275,299277,299278,0,0,0,0
1787580896.1698332,0,1,-3,-2,28686,17692,31321,3174,299304,299305,299307,299308,0,0,0,0
1787580896.1698332,-6,-2,-4,-3,28682,17695,31324,3171,299334,299335,299337,299338,0,0,0,0
1787580896.2518551,1,-2,-3,-2,28682,17696,31325,3171,299394,299395,299397,299398,0,0,0,0
1787580896.3560145,-6,0,3,0,28683,17694,31322,3171,299424,299425,299427,299428,0,0,0,0
1787580896.3710706,-4,-2,-6,-1,28685,17694,31323,3172,299454,299455,299457,299458,0,0,0,0
1787580896.4662478,0,1,-3,4,28682,17695,31324,3171,299484,299485,299487,299488,0,0,0,0
1787580896.4741328,1,-1,-2,2,28682,17695,31322,3170,299514,299515,299517,299518,0,0,0,0
1787580896.669055,1,6,-4,0,28685,17693,31321,3175,299604,299605,299607,299608,0,0,0,0
1787580896.6747518,2,-1,4,-4,28684,17693,31321,3173,299634,299635,299637,299638,0,0,0,0
1787580896.7871165,0,7,1,-3,28678,17703,31329,3167,299694,299695,299697,299698,0,0,0,0
1787580896.870461,3,4,-7,-4,28684,17699,31326,3171,299754,299755,299757,299758,0,0,0,0
1787580897.0788102,1,2,1,1,28675,17709,31333,3164,299874,299875,299877,299878,0,0,0,0
1787580897.1894743,2,2,-8,-2,28673,17706,31332,3164,299904,299905,299907,299908,0,0,0,0
1787580897.1894743,4,-4,-1,-3,28676,17701,31330,3167,299934,299935,299937,299938,0,0,0,0
1787580897.1962621,-3,-2,0,4,28682,17699,31327,3171,299964,299965,299967,299968,0,0,0,0
1787580897.2801285,0,1,0,-4,28685,17698,31325,3174,299994,299995,299997,299998,0,0,0,0
1787580897.2801285,-1,2,-6,-1,28683,17698,31325,3172,300024,300025,300027,300028,0,0,0,0
1787580897.3704367,1,-4,2,3,28683,17695,31323,3172,300054,300055,300057,300058,0,0,0,0
1787580897.410629,0,1,0,-4,28690,17688,31318,3181,300084,300085,300087,300088,0,0,0,0
1787580897.474801,-1,8,-4,4,28718,17666,31296,3202,300114,300115,300117,300118,0,0,0,0
1787580897.4803748,-1,1,2,1,28753,17632,31265,3229,300144,300145,300147,300148,0,0,0,0
1787580897.590897,-5,4,-4,2,28783,17605,31243,3254,300174,300175,300177,300178,0,0,0,0
1787580897.6909633,-4,-1,-3,1,28794,17597,31234,3257,300234,300235,300237,300238,0,0,0,0
1787580897.696604,-1,-2,-5,-1,28779,17612,31251,3246,300264,300265,300267,300268,0,0,0,0
1787580897.897443,-4,1,1,0,28761,17623,31260,3231,300294,300295,300297,300298,0,0,0,0
1787580897.8995445,-1,0,1,0,28742,17647,31280,3216,300354,300355,300357,300358,0,0,0,0
1787580897.9055383,1,-2,1,5,28730,17652,31285,3206,300384,300385,300387,300388,0,0,0,0
1787580898.0096564,-2,1,-6,-5,28726,17656,31290,3207,300414,300415,300417,300418,0,0,0,0
1787580898.0096564,2,-7,0,1,28753,17628,31264,3236,300444,300445,300447,300448,0,0,0,0
1787580898.0983474,1,-1,2,4,28795,17592,31228,3266,300474,300475,300477,300478,0,0,0,0
1787580898.224306,-1,-3,3,1,28759,17633,31273,3229,300534,300535,300537,300538,0,0,0,0
1787580898.2303739,-2,4,1,1,28723,17662,31296,3204,300564,300565,300567,300568,0,0,0,0
1787580898.3069956,2,-4,0,-2,28713,17674,31304,3200,300624,300625,300627,300628,0,0,0,0
1787580898.369153,-3,-2,-3,0,28730,17658,31290,3214,300654,300655,300657,300658,0,0,0,0
1787580898.4323316,1,-8,3,3,28738,17651,31283,3219,300684,300685,300687,300688,0,0,0,0
1787580898.5086935,-1,2,1,-1,28737,17652,31285,3217,300714,300715,300717,300718,0,0,0,0
1787580898.5149632,4,-5,5,-1,28729,17660,31292,3210,300744,300745,300747,300748,0,0,0,0
1787580898.7169302,2,-4,-1,-1,28720,17667,31299,3203,300774,300775,300777,300778,0,0,0,0
1787580898.7169302,4,-3,5,6,28722,17666,31297,3207,300834,300835,300837,300838,0,0,0,0
1787580898.8295088,-1,-1,-2,-4,28733,17655,31286,3215,300894,300895,300897,300898,0,0,0,0
1787580898.8295088,1,1,-1,-7,28730,17657,31290,3211,300924,300925,300927,300928,0,0,0,0
1787580898.9174674,-2,-3,2,0,28725,17663,31294,3208,300984,300985,300987,300988,0,0,0,0
1787580899.040749,-10,-1,-1,2,28728,17660,31291,3211,301014,301015,301017,301018,0,0,0,0
1787580899.040749,-5,1,0,-3,28732,17657,31289,3213,301044,301045,301047,301048,0,0,0,0
1787580899.040749,-3,-1,-2,0,28731,17657,31289,3213,301074,301075,301077,301078,0,0,0,0
1787580899.1328878,0,-2,0,-1,28728,17659,31292,3210,301104,301105,301107,301108,0,0,0,0
1787580899.2548795,1,0,5,-4,28728,17661,31292,3211,301164,301165,301167,301168,0,0,0,0
1787580899.321574,-2,3,2,4,28730,17658,31290,3213,301194,301195,301197,301198,0,0,0,0
1787580899.321574,4,-1,-2,-13,28731,17664,31294,3211,301224,301225,301227,301228,0,0,0,0
1787580899.3849676,0,1,-2,0,28721,17665,31294,3204,301254,301255,301257,301258,0,0,0,0
1787580899.4490967,0,-2,2,4,28727,17666,31295,3209,301284,301285,301287,301288,0,0,0,0
1787580899.4747002,-1,3,1,0,28727,17658,31290,3211,301314,301315,301317,301318,0,0,0,0
1787580899.5845604,0,-2,4,1,28733,17657,31288,3213,301344,301345,301347,301348,0,0,0,0
1787580899.5917282,2,-7,1,-1,28736,17656,31289,3218,301374,301375,301377,301378,0,0,0,0
1787580899.736758,4,0,-1,3,28737,17664,31294,3214,301434,301435,301437,301438,0,0,0,0
1787580899.7508337,3,-2,0,-4,28728,17659,31292,3211,301494,301495,301497,301498,0,0,0,0
1787580899.854935,-1,1,0,-6,28740,17656,31287,3221,301554,301555,301557,301558,0,0,0,0
1787580899.945861,-2,-1,1,0,28743,17648,31282,3222,301584,301585,301587,301588,0,0,0,0
1787580899.9522567,-2,-1,1,0,28743,17648,31282,3222,301584,301585,301587,301588,0,0,0,0
1787580900.077866,0,0,-1,-8,28725,17666,31297,3206,301644,301645,301647,301648,0,0,0,0
1787580900.09217,-3,-1,-7,2,28722,17671,31299,3205,301704,301705,301707,301708,0,0,0,0
1787580900.2092707,-2,3,2,1,28733,17660,31292,3214,301734,301735,301737,301738,0,0,0,0
1787580900.2092707,3,-2,-1,-3,28741,17654,31285,3219,301764,301765,301767,301768,0,0,0,0
1787580900.354927,1,-2,-1,1,28733,17661,31292,3212,301824,301825,301827,301828,0,0,0,0
1787580900.557458,4,4,-3,-2,28766,17588,31232,3248,301914,301915,301917,301918,0,0,0,0
1787580900.557458,2,-3,-5,-1,28841,17518,31169,3307,301944,301945,301947,301948,0,0,0,0
1787580900.573497,6,1,3,2,28849,17519,31175,3309,301974,301975,301977,301978,0,0,0,0
1787580900.6748114,5,-1,0,-1,28834,17539,31189,3295,302004,302005,302007,302008,0,0,0,0
1787580900.6748114,-3,0,-4,3,28807,17569,31220,3275,302064,302065,302067,302068,0,0,0,0
1787580900.7716749,-4,1,2,-4,28793,17578,31226,3264,302094,302095,302097,302098,0,0,0,0
1787580900.8771238,-1,2,-3,2,28786,17580,31229,3258,302124,302125,302127,302128,0,0,0,0
1787580900.8833733,3,4,-2,-7,28781,17581,31231,3254,302154,302155,302157,302158,0,0,0,0
1787580900.8970344,-1,-1,1,-1,28772,17593,31243,3247,302184,302185,302187,302188,0,0,0,0
1787580900.973582,-4,5,1,8,28759,17611,31259,3235,302214,302215,302217,302218,0,0,0,0
1787580901.0082667,-4,1,-2,-6,28749,17624,31269,3231,302244,302245,302247,302248,0,0,0,0
1787580901.0845912,11,-13,-13,11,28874,17462,31135,3357,302304,302305,302307,302308,0,0,0,0
1787580901.1954699,27,-53,-55,59,29427,16730,30465,4133,302334,302335,302337,302338,0,0,0,0
1787580901.2142513,107,-133,-107,141,31537,14494,28562,6460,302364,302365,302367,302368,0,0,0,0
1787580901.290516,102,-135,-137,116,4898,8747,22551,12360,302424,302425,302427,302428,0,0,0,0
1787580901.352772,99,-110,-106,134,7992,5655,19444,15504,302454,302455,302457,302458,0,0,0,0
1787580901.3843992,133,-110,-105,114,11155,2518,16275,18783,302484,302485,302487,302488,0,0,0,0
1787580901.5225623,97,-126,-113,95,14244,32222,13190,21886,302514,302515,302517,302518,0,0,0,0
1787580901.535562,102,-101,-78,96,17130,29317,10352,24661,302544,302545,302547,302548,0,0,0,0
1787580901.5922997,84,-77,-75,102,19689,26742,7864,27286,302574,302575,302577,302578,0,0,0,0
1787580901.6336563,84,-81,-73,100,22063,24408,5528,29631,302604,302605,302607,302608,0,0,0,0
1787580901.6891582,83,-72,-82,98,24379,22094,3160,31986,302634,302635,302637,302638,0,0,0,0
1787580901.74475,98,-75,-89,109,26816,19755,722,1650,302664,302665,302667,302668,0,0,0,0
1787580901.7853568,88,-88,-106,100,29346,17281,30982,4218,302694,302695,302697,302698,0,0,0,0
1787580901.8157847,115,-120,-103,84,32034,14521,28335,6901,302724,302725,302727,302728,0,0,0,0
1787580901.9108427,96,-89,-96,105,2023,11799,25648,9613,302754,302755,302757,302758,0,0,0,0
1787580901.9108427,90,-89,-123,93,4764,9137,22722,12545,302784,302785,302787,302788,0,0,0,0
1787580901.9733121,116,-110,-106,98,7518,6444,19975,15237,302814,302815,302817,302818,0,0,0,0
1787580902.0363717,89,-108,-85,117,10177,3749,17394,17882,302844,302845,302847,302848,0,0,0,0
1787580902.0919447,86,-93,-94,106,12730,1102,14856,20554,302874,302875,302877,302878,0,0,0,0
1787580902.1881704,94,-73,-98,88,15289,31377,12291,23031,302904,302905,302907,302908,0,0,0,0
1787580902.1951687,90,-84,-96,81,17741,28925,9880,25384,302934,302935,302937,302938,0,0,0,0
1787580902.257584,76,-84,-111,88,19995,26443,7293,27660,302964,302965,302967,302968,0,0,0,0
1787580902.3005764,83,-104,-112,97,22449,23776,4598,30002,302994,302995,302997,302998,0,0,0,0
1787580902.344539,101,-97,-111,83,24906,20917,1745,32485,303024,303025,303027,303028,0,0,0,0
1787580902.3599577,97,-110,-110,93,27518,18103,31607,2289,303054,303055,303057,303058,0,0,0,0
1787580902.4879224,72,-104,-103,82,32668,12328,25889,7349,303114,303115,303117,303118,0,0,0,0
1787580902.5357566,79,-103,-114,91,2356,9573,22977,9757,303144,303145,303147,303148,0,0,0,0
1787580902.6162148,81,-92,-118,89,4772,6799,20203,12116,303174,303175,303177,303178,0,0,0,0
1787580902.65972,85,-115,-98,100,7115,4031,17518,14459,303204,303205,303207,303208,0,0,0,0
1787580902.6674283,82,-105,-94,93,9518,1255,14850,16970,303234,303235,303237,303238,0,0,0,0
1787580902.73641,79,-95,-112,84,11842,31247,12010,19495,303264,303265,303267,303268,0,0,0,0
1787580902.795723,80,-107,-99,72,14261,28277,9227,21956,303294,303295,303297,303298,0,0,0,0
1787580902.8427594,109,-103,-119,78,16808,25488,6368,24437,303324,303325,303327,303328,0,0,0,0
1787580902.914177,101,-121,-92,73,19349,22638,3380,26894,303354,303355,303357,303358,0,0,0,0
1787580902.9704325,100,-93,-101,88,21848,19877,642,29279,303384,303385,303387,303388,0,0,0,0
1787580902.9864407,80,-97,-105,91,24321,17166,30573,31848,303414,303415,303417,303418,0,0,0,0
1787580903.0344946,92,-118,-99,102,26764,14234,27836,1429,303444,303445,303447,303448,0,0,0,0
1787580903.115492,84,-86,-128,94,29126,11542,24920,3816,303474,303475,303477,303478,0,0,0,0
1787580903.1636164,81,-115,-102,100,31536,8823,22128,6203,303504,303505,303507,303508,0,0,0,0
1787580903.1636164,84,-111,-96,110,1173,6065,19384,8566,303534,303535,303537,303538,0,0,0,0
1787580903.234793,95,-102,-107,104,3609,3252,16654,11030,303564,303565,303567,303568,0,0,0,0
1787580903.3268983,93,-118,-95,97,6076,341,13760,13528,303594,303595,303597,303598,0,0,0,0
1787580903.3268983,105,-122,-92,89,11084,27498,8159,18533,303654,303655,303657,303658,0,0,0,0
1787580903.39035,101,-109,-89,84,13615,24698,5424,21001,303684,303685,303687,303688,0,0,0,0
1787580903.438119,101,-109,-89,84,13615,24698,5424,21001,303684,303685,303687,303688,0,0,0,0
1787580903.5334182,86,-96,-94,106,18698,19386,85,26198,303744,303745,303747,303748,0,0,0,0
1787580903.5334182,99,-109,-94,91,21194,16708,30222,28794,303774,303775,303777,303778,0,0,0,0
1787580903.597044,107,-91,-102,83,23833,14049,27617,31402,303804,303805,303807,303808,0,0,0,0
1787580903.6307087,114,-86,-116,98,26428,11468,24987,1249,303834,303835,303837,303838,0,0,0,0
1787580903.7155807,91,-105,-101,107,29044,8876,22200,3921,303864,303865,303867,303868,0,0,0,0
1787580903.746911,92,-105,-92,102,31629,6108,19615,6589,303894,303895,303897,303898,0,0,0,0
1787580903.828565,104,-87,-101,87,4241,866,14457,11742,303954,303955,303957,303958,0,0,0,0
1787580903.8936596,87,-103,-101,89,6759,30981,11642,14266,303984,303985,303987,303988,0,0,0,0
1787580903.9423645,80,-93,-99,89,9237,28121,8893,16660,304014,304015,304017,304018,0,0,0,0
1787580904.0863054,68,-110,-91,92,14022,22731,3439,21510,304074,304075,304077,304078,0,0,0,0
1787580904.0863054,65,-104,-91,87,16348,20051,762,23875,304104,304105,304107,304108,0,0,0,0
1787580904.150391,85,-94,-112,103,18820,17326,30694,26328,304134,304135,304137,304138,0,0,0,0
1787580904.2151036,118,-120,-96,91,21298,14320,27863,28827,304164,304165,304167,304168,0,0,0,0
1787580904.250383,111,-91,-116,86,24053,11640,25164,31550,304194,304195,304197,304198,0,0,0,0
1787580904.3348253,100,-90,-101,115,26700,8963,22317,1401,304224,304225,304227,304228,0,0,0,0
1787580904.366282,74,-132,-91,92,29137,6298,19818,3943,304254,304255,304257,304258,0,0,0,0
1787580904.4074383,76,-95,-81,85,31385,3389,17347,6074,304284,304285,304287,304288,0,0,0,0
1787580904.4721708,81,-108,-85,89,897,716,14822,8217,304314,304315,304317,304318,0,0,0,0
1787580904.5072536,83,-91,-117,77,3175,30512,12045,10487,304344,304345,304347,304348,0,0,0,0
1787580904.6000104,89,-85,-114,71,5387,27893,8873,12677,304374,304375,304377,304378,0,0,0,0
1787580904.6336832,47,-151,-101,80,7622,25081,5844,15071,304404,304405,304407,304408,0,0,0,0
1787580904.6474824,130,-100,-99,138,9658,21707,2885,17792,304434,304435,304437,304438,0,0,0,0
1787580904.7154121,107,-114,-93,96,12919,18984,32740,20580,304464,304465,304467,304468,0,0,0,0
1787580904.7602158,106,-117,-105,105,15759,16362,30058,23044,304494,304495,304497,304498,0,0,0,0
1787580904.850761,87,-122,-103,102,18355,13254,26978,25800,304524,304525,304527,304528,0,0,0,0
1787580904.8669035,86,-64,-77,101,20941,11463,24213,28514,304554,304555,304557,304558,0,0,0,0
1787580904.9472396,90,-101,-77,64,25670,4813,18580,32701,304614,304615,304617,304618,0,0,0,0
1787580905.0120087,98,-79,-67,96,28845,2639,16942,2437,304644,304645,304647,304648,0,0,0,0
1787580905.0768657,109,-94,-70,93,31079,45,14804,5606,304674,304675,304677,304678,0,0,0,0
1787580905.135002,170,-23,-58,150,2030,31073,13114,9438,304704,304705,304707,304708,0,0,0,0
1787580905.1963627,165,-5,-19,143,6948,30835,12291,14059,304734,304735,304737,304738,0,0,0,0
1787580905.2128434,196,2,-10,173,11991,30882,11829,19639,304764,304765,304767,304768,0,0,0,0
1787580905.3251135,191,18,12,212,17543,31273,11968,25340,304794,304795,304797,304798,0,0,0,0
1787580905.3306797,179,11,26,243,23225,31684,12630,31158,304824,304825,304827,304828,0,0,0,0
1787580905.342221,190,42,36,223,29133,32382,13432,4781,304854,304855,304857,304858,0,0,0,0
1787580905.4056523,221,35,51,210,2528,879,14574,10300,304884,304885,304887,304888,0,0,0,0
1787580905.4702508,249,46,43,254,8850,1744,15858,17099,304914,304915,304917,304918,0,0,0,0
1787580905.5012598,170,16,16,196,13898,2414,16596,23177,304944,304945,304947,304948,0,0,0,0
1787580905.6321611,236,22,18,214,20628,2957,17069,28764,304974,304975,304977,304978,0,0,0,0
1787580905.6772902,231,11,16,217,31008,3541,18054,6551,305034,305035,305037,305038,0,0,0,0
1787580905.7661288,251,7,5,228,4122,3793,18456,12089,305064,305065,305067,305068,0,0,0,0
1787580905.774139,159,-2,3,206,9394,3832,18652,17753,305094,305095,305097,305098,0,0,0,0
1787580905.8171608,151,-12,-8,175,14123,3787,18654,22359,305124,305125,305127,305128,0,0,0,0
1787580905.894802,162,-40,-46,154,18852,3189,17970,27018,305154,305155,305157,305158,0,0,0,0
1787580905.9429376,138,-43,-37,142,22981,2045,16771,31242,305184,305185,305187,305188,0,0,0,0
1787580905.9980676,152,-32,-56,137,27016,820,15821,2391,305214,305215,305217,305218,0,0,0,0
1787580906.0176961,165,-45,-55,169,30996,32460,14258,6468,305244,305245,305247,305248,0,0,0,0
1787580906.0643315,123,-51,-42,128,2174,30899,12931,10186,305274,305275,305277,305278,0,0,0,0
1787580906.1420724,131,-64,-49,123,5926,29444,11555,14072,305304,305305,305307,305308,0,0,0,0
1787580906.1892662,94,-81,-101,89,9354,27635,9528,17378,305334,305335,305337,305338,0,0,0,0
1787580906.254826,78,-113,-108,68,11790,24889,6729,19737,305364,305365,305367,305368,0,0,0,0
1787580906.274281,55,-141,-111,64,13835,21450,3456,21651,305394,305395,305397,305398,0,0,0,0
1787580906.34503,41,-156,-150,35,15210,17644,32417,23099,305424,305425,305427,305428,0,0,0,0
1787580906.3900228,12,-184,-172,3,16004,13213,27790,23656,305454,305455,305457,305458,0,0,0,0
1787580906.4347725,0,-195,-228,1,16213,8058,22584,23779,305484,305485,305487,305488,0,0,0,0
1787580906.504525,-37,-206,-266,-34,15900,2237,16688,23233,305514,305515,305517,305518,0,0,0,0
1787580906.518542,-64,-237,-254,-65,14390,28039,10040,21748,305544,305545,305547,305548,0,0,0,0
1787580906.635243,-92,-277,-289,-83,12337,20732,2312,19535,305574,305575,305577,305578,0,0,0,0
1787580906.6491983,-128,-295,-308,-122,9582,12647,26952,16547,305604,305605,305607,305608,0,0,0,0
1787580906.7114155,-134,-399,-356,-143,5746,3760,18108,12824,305634,305635,305637,305638,0,0,0,0
1787580906.7587085,-174,-390,-358,-209,1479,26976,8484,8474,305664,305665,305667,305668,0,0,0,0
1787580906.774814,-191,-427,-382,-172,29483,16621,30914,3486,305694,305695,305697,305698,0,0,0,0
1787580906.834721,-178,-403,-345,-185,24457,6465,20692,31273,305724,305725,305727,305728,0,0,0,0
1787580906.8964005,-220,-414,-391,-222,19123,28535,10048,25727,305754,305755,305757,305758,0,0,0,0
1787580906.921095,-252,-421,-432,-221,13318,17571,31740,19889,305784,305785,305787,305788,0,0,0,0
1787580907.016552,-240,-427,-445,-208,7065,5673,19859,13706,305814,305815,305817,305818,0,0,0,0
1787580907.0491247,-268,-384,-372,-229,546,26591,8022,7064,305844,305845,305847,305848,0,0,0,0
1787580907.1131783,-277,-480,-397,-273,26541,14685,28768,250,305874,305875,305877,305878,0,0,0,0
1787580907.1618936,-224,-397,-477,-277,12707,23145,3985,19005,305934,305935,305937,305938,0,0,0,0
1787580907.1618936,-217,-460,-509,-254,5642,10766,24873,12209,305964,305965,305967,305968,0,0,0,0
1787580907.241986,-260,-439,-429,-206,31725,31516,12922,5532,305994,305995,305997,305998,0,0,0,0
1787580907.3206658,-243,-423,-462,-254,18211,7602,21238,24674,306054,306055,306057,306058,0,0,0,0
1787580907.4397967,-290,-424,-462,-254,11052,27982,8822,17440,306084,306085,306087,306088,0,0,0,0
1787580907.4529598,-321,-430,-407,-309,3636,14904,28927,9815,306114,306115,306117,306118,0,0,0,0
1787580907.5479636,-225,-420,-460,-259,28976,2195,16311,2340,306144,306145,306147,306148,0,0,0,0
1787580907.5636613,-225,-420,-460,-259,28976,2195,16311,2340,306144,306145,306147,306148,0,0,0,0
1787580907.5636613,-292,-442,-460,-255,14588,10219,23816,20799,306204,306205,306207,306208,0,0,0,0
1787580907.6276357,-281,-441,-460,-312,7067,30220,11042,13306,306234,306235,306237,306238,0,0,0,0
1787580907.691403,-235,-463,-427,-284,32498,17056,31153,5819,306264,306265,306267,306268,0,0,0,0
1787580907.7239332,-323,-433,-454,-315,24744,4227,18261,30863,306294,306295,306297,306298,0,0,0,0
1787580907.8163502,-323,-407,-504,-259,16941,24141,5075,23116,306324,306325,306327,306328,0,0,0,0
1787580907.8430026,-295,-417,-491,-304,9576,11594,25284,15756,306354,306355,306357,306358,0,0,0,0
1787580907.9310625,-262,-518,-437,-273,1993,31637,12505,8058,306384,306385,306387,306388,0,0,0,0
1787580907.9310625,-297,-445,-458,-289,27192,18236,32328,493,306414,306415,306417,306418,0,0,0,0
1787580907.982457,-298,-460,-483,-269,19464,5394,19022,25514,306444,306445,306447,306448,0,0,0,0
1787580908.1140068,-267,-496,-478,-340,11695,25239,6020,17902,306474,306475,306477,306478,0,0,0,0
1787580908.1257908,-265,-455,-451,-251,4277,12470,26112,10380,306504,306505,306507,306508,0,0,0,0
1787580908.1257908,-294,-502,-468,-295,29466,32110,13452,2607,306534,306535,306537,306538,0,0,0,0
1787580908.189505,-268,-432,-504,-240,21963,19372,113,27893,306564,306565,306567,306568,0,0,0,0
1787580908.2540457,-287,-399,-490,-290,14623,6806,20372,20572,306594,306595,306597,306598,0,0,0,0
1787580908.3118834,-289,-444,-472,-318,7061,26759,7612,12954,306624,306625,306627,306628,0,0,0,0
1787580908.3588498,-314,-395,-507,-301,32132,13754,27286,5216,306654,306655,306657,306658,0,0,0,0
1787580908.4231853,-341,-519,-448,-268,23893,149,13703,30079,306684,306685,306687,306688,0,0,0,0
1787580908.5477278,-352,-568,-473,-369,7385,5963,19426,13128,306744,306745,306747,306748,0,0,0,0
1787580908.5563931,-299,-573,-434,-283,31463,24750,5494,4391,306774,306775,306777,306778,0,0,0,0
1787580908.6369228,-346,-537,-460,-350,22607,10731,24148,28261,306804,306805,306807,306808,0,0,0,0
1787580908.6527534,-339,-525,-581,-337,13553,28596,9314,19245,306834,306835,306837,306838,0,0,0,0
1787580908.7527075,-336,-565,-520,-380,27565,32142,12845,318,306894,306895,306897,306898,0,0,0,0
1787580908.8158007,-366,-575,-577,-358,17612,16982,30363,23148,306924,306925,306927,306928,0,0,0,0
1787580908.872896,-438,-544,-635,-342,7322,888,14323,12425,306954,306955,306957,306958,0,0,0,0
1787580908.9348903,-403,-627,-570,-495,29287,17629,31018,1547,306984,306985,306987,306988,0,0,0,0
1787580908.985558,-395,-672,-599,-400,18196,1284,14695,23139,307014,307015,307017,307018,0,0,0,0
1787580909.050548,-411,-622,-597,-436,6490,17534,30954,11945,307044,307045,307047,307048,0,0,0,0
1787580909.0670376,-408,-666,-635,-351,28165,1345,14129,857,307074,307075,307077,307078,0,0,0,0
1787580909.1306808,-378,-588,-577,-391,17537,17481,30964,22996,307104,307105,307107,307108,0,0,0,0
1787580909.1787248,-359,-615,-557,-362,6793,1705,15077,12344,307134,307135,307137,307138,0,0,0,0
1787580909.2271204,-369,-533,-621,-384,28849,18403,31821,1016,307164,307165,307167,307168,0,0,0,0
1787580909.2550278,-375,-581,-597,-388,18198,2558,15411,23257,307194,307195,307197,307198,0,0,0,0
1787580909.352078,-420,-502,-586,-353,7526,19471,32274,12584,307224,307225,307227,307228,0,0,0,0
1787580909.3684316,-427,-542,-609,-379,29603,2979,16411,1930,307254,307255,307257,307258,0,0,0,0
1787580909.4324892,-433,-554,-586,-349,18999,19808,566,24086,307284,307285,307287,307288,0,0,0,0
1787580909.4531238,-423,-610,-616,-429,8268,4018,16813,13385,307314,307315,307317,307318,0,0,0,0
1787580909.512744,-349,-570,-565,-411,30246,20692,756,2479,307344,307345,307347,307348,0,0,0,0
1787580909.570836,-397,-578,-580,-355,19510,4097,17533,24093,307374,307375,307377,307378,0,0,0,0
1787580909.635131,-442,-563,-598,-450,8694,20774,1484,13292,307404,307405,307407,307408,0,0,0,0
1787580909.7001812,-360,-600,-574,-393,30095,4713,17507,2329,307434,307435,307437,307438,0,0,0,0
1787580909.7001812,-432,-609,-598,-322,19278,21379,1421,24264,307464,307465,307467,307468,0,0,0,0
1787580909.7850015,-448,-569,-579,-400,8392,5404,18189,13492,307494,307495,307497,307498,0,0,0,0
1787580909.8299587,-376,-577,-585,-410,30367,21517,2178,2620,307524,307525,307527,307528,0,0,0,0
1787580909.8955693,-365,-588,-584,-383,19745,5636,19074,24631,307554,307555,307557,307558,0,0,0,0
1787580909.907101,-397,-662,-629,-406,8921,22281,2340,13498,307584,307585,307587,307588,0,0,0,0
1787580910.0038111,-439,-663,-607,-417,30659,6186,18899,2425,307614,307615,307617,307618,0,0,0,0
1787580910.0038111,-400,-694,-636,-384,19591,22557,2585,24056,307644,307645,307647,307648,0,0,0,0
1787580910.074825,-431,-593,-640,-416,8239,5472,18841,12741,307674,307675,307677,307678,0,0,0,0
1787580910.1776245,-449,-568,-607,-504,29740,21627,1638,1333,307704,307705,307707,307708,0,0,0,0
1787580910.1935127,-367,-629,-635,-440,18446,5157,17910,22874,307734,307735,307737,307738,0,0,0,0
1787580910.2421966,-428,-522,-617,-373,28190,4332,17726,32613,307794,307795,307797,307798,0,0,0,0
1787580910.334959,-388,-568,-559,-350,17260,20831,875,21689,307824,307825,307827,307828,0,0,0,0
1787580910.3832068,-423,-620,-590,-426,6343,4882,17606,11007,307854,307855,307857,307858,0,0,0,0
1787580910.3832068,-366,-489,-541,-354,28812,21944,2039,569,307884,307885,307887,307888,0,0,0,0
1787580910.4526281,-366,-480,-515,-384,18760,6854,19625,23433,307914,307915,307917,307918,0,0,0,0
1787580910.5743587,-319,-475,-554,-300,9128,24161,4256,13853,307944,307945,307947,307948,0,0,0,0
1787580910.590461,-285,-578,-590,-349,32572,9609,22452,4105,307974,307975,307977,307978,0,0,0,0
1787580910.590461,-280,-469,-454,-317,23236,27854,8019,27643,308004,308005,308007,308008,0,0,0,0
1787580910.6401336,-297,-487,-473,-294,14016,13425,26345,18462,308034,308035,308037,308038,0,0,0,0
1787580910.703797,-352,-471,-510,-302,4903,31267,11414,9257,308064,308065,308067,308068,0,0,0,0
1787580910.767025,-400,-548,-401,-272,28402,16904,31698,189,308094,308095,308097,308098,0,0,0,0
1787580910.9063244,-208,-410,-433,-216,14801,25917,7222,20569,308154,308155,308157,308158,0,0,0,0
1787580910.9063244,-153,-273,-336,-100,10035,16118,29980,16227,308184,308185,308187,308188,0,0,0,0
1787580910.9708204,-71,-183,-234,-117,7339,8980,22171,13272,308214,308215,308217,308218,0,0,0,0
1787580911.0025368,-30,-202,-237,-76,6079,3224,16873,11076,308244,308245,308247,308248,0,0,0,0
1787580911.0901153,-31,-220,-210,-26,5363,29111,10445,9936,308274,308275,308277,308278,0,0,0,0
1787580911.1493638,-7,-190,-183,-28,4851,23107,5114,9438,308304,308305,308307,308308,0,0,0,0
1787580911.1539154,7,-137,-171,-16,4723,18449,54,8867,308334,308335,308337,308338,0,0,0,0
1787580911.2716918,36,-177,-97,30,5422,14203,28879,9222,308364,308365,308367,308368,0,0,0,0
1787580911.3279738,54,-178,-155,36,6696,9879,25271,10527,308394,308395,308397,308398,0,0,0,0
1787580911.344072,43,-129,-138,46,8122,5784,21510,11768,308424,308425,308427,308428,0,0,0,0
1787580911.4082859,64,-111,-144,76,9711,2343,17576,13467,308454,308455,308457,308458,0,0,0,0
1787580911.4082859,72,-117,-142,74,11565,31501,14130,15302,308484,308485,308487,308488,0,0,0,0
1787580911.4730875,61,-118,-126,74,13765,28237,10896,17202,308514,308515,308517,308518,0,0,0,0
1787580911.5219102,83,-145,-106,66,15838,24900,7786,19124,308544,308545,308547,308548,0,0,0,0
1787580911.6498766,77,-131,-119,58,17969,21500,4639,21011,308574,308575,308577,308578,0,0,0,0
1787580911.6498766,64,-119,-130,78,19900,18258,1348,22868,308604,308605,308607,308608,0,0,0,0
1787580911.6765695,72,-141,-128,57,21852,14760,30801,24579,308634,308635,308637,308638,0,0,0,0
1787580911.7029474,43,-133,-174,66,23368,11162,27130,26405,308664,308665,308667,308668,0,0,0,0
1787580911.7970543,54,-141,-182,50,24882,7387,22836,28157,308694,308695,308697,308698,0,0,0,0
1787580911.8257556,53,-145,-137,60,26204,3462,18508,29706,308724,308725,308727,308728,0,0,0,0
1787580911.895298,34,-167,-145,48,27412,32192,14618,31105,308754,308755,308757,308758,0,0,0,0
1787580911.9076686,41,-132,-153,41,28267,27874,10074,32274,308784,308785,308787,308788,0,0,0,0
1787580912.0015233,33,-167,-131,48,29476,23653,5670,649,308814,308815,308817,308818,0,0,0,0
1787580912.0015233,21,-167,-180,38,30308,19383,1180,1596,308844,308845,308847,308848,0,0,0,0
1787580912.067118,29,-189,-150,4,31040,14783,28951,2430,308874,308875,308877,308878,0,0,0,0
1787580912.1544147,4,-209,-199,20,31410,9650,23930,3102,308904,308905,308907,308908,0,0,0,0
1787580912.2289398,-4,-165,-204,5,31449,4422,18410,3538,308934,308935,308937,308938,0,0,0,0
1787580912.2348447,-6,-213,-183,-2,31368,31703,12607,3695,308964,308965,308967,308968,0,0,0,0
1787580912.4230204,-42,-143,-164,-35,31092,26754,7724,3354,308994,308995,308997,308998,0,0,0,0
1787580912.4388971,-142,-138,-114,-144,26271,18948,32746,30904,309054,309055,309057,309058,0,0,0,0
1787580912.454933,-156,-153,-188,-155,18902,11761,25068,23298,309114,309115,309117,309118,0,0,0,0
1787580912.5266285,-185,-170,-182,-159,14368,7157,20539,18694,309144,309145,309147,309148,0,0,0,0
1787580912.5343277,-187,-186,-212,-225,9250,2059,15315,13458,309174,309175,309177,309178,0,0,0,0
1787580912.6399007,-208,-231,-221,-218,3326,28673,9059,7484,309204,309205,309207,309208,0,0,0,0
1787580912.6520727,-249,-208,-273,-257,29311,22014,2490,545,309234,309235,309237,309238,0,0,0,0
1787580912.757087,-283,-304,-276,-328,22000,14734,27869,25810,309264,309265,309267,309268,0,0,0,0
1787580912.772848,-270,-306,-289,-333,13846,6625,19636,17525,309294,309295,309297,309298,0,0,0,0
1787580912.8470948,-367,-338,-296,-406,4926,30067,10340,8595,309324,309325,309327,309328,0,0,0,0
1787580912.8540132,-352,-386,-352,-380,28098,20437,733,31698,309354,309355,309357,309358,0,0,0,0
1787580912.9585302,-429,-455,-422,-419,7048,32081,12324,10451,309414,309415,309417,309418,0,0,0,0
1787580913.048974,-488,-452,-413,-399,28328,20507,734,31200,309444,309445,309447,309448,0,0,0,0
1787580913.0550992,-403,-433,-412,-486,16194,7922,20870,18987,309474,309475,309477,309478,0,0,0,0
1787580913.1383862,-532,-443,-426,-553,3554,27983,8130,6284,309504,309505,309507,309508,0,0,0,0
1787580913.258265,-526,-558,-548,-445,9681,1440,14264,13459,309564,309565,309567,309568,0,0,0,0
1787580913.262047,-743,-633,-760,-696,25996,18286,29679,30343,309594,309595,309597,309598,0,0,0,0
1787580913.3918388,-656,-577,-487,-649,8458,270,12499,13041,309624,309625,309627,309628,0,0,0,0
1787580913.3918388,-543,-576,-515,-565,27208,19041,32401,30632,309654,309655,309657,309658,0,0,0,0
1787580913.4128962,-595,-653,-684,-534,12056,3573,16552,16733,309684,309685,309687,309688,0,0,0,0
1787580913.4727604,-566,-535,-524,-559,29307,20939,93,718,309714,309715,309717,309718,0,0,0,0
1787580913.4884257,-529,-631,-562,-561,13868,4898,18300,16838,309744,309745,309747,309748,0,0,0,0
1787580913.5896778,-524,-612,-651,-605,30201,21345,1390,2493,309774,309775,309777,309778,0,0,0,0
1787580913.5896778,-581,-595,-496,-566,14624,5813,19025,19867,309804,309805,309807,309808,0,0,0,0
1787580913.6733954,-405,-408,-339,-566,2333,26844,5515,6041,309834,309835,309837,309838,0,0,0,0
1787580913.7774827,-426,-380,-373,-310,23476,15034,27690,27606,309864,309865,309867,309868,0,0,0,0
1787580913.7916567,-177,-182,-176,-203,9554,1704,14189,14512,309924,309925,309927,309928,0,0,0,0
1787580913.8743222,-125,-150,-172,-166,4677,30323,9617,9626,309954,309955,309957,309958,0,0,0,0
1787580913.986135,-127,-130,-113,-121,799,26396,5607,5619,309984,309985,309987,309988,0,0,0,0
1787580913.9920316,-105,-139,-106,-85,30110,22742,2016,2227,310014,310015,310017,310018,0,0,0,0
1787580914.075983,-13,-65,-20,-2,28371,20200,92,1126,310044,310045,310047,310048,0,0,0,0
1787580914.1874635,-23,-33,-23,-23,27899,19274,32339,764,310074,310075,310077,310078,0,0,0,0
1787580914.1934679,-5,2,-3,-8,27146,18327,31288,1,310134,310135,310137,310138,0,0,0,0
1787580914.2791102,3,3,9,-3,27133,18389,31287,32722,310164,310165,310167,310168,0,0,0,0
1787580914.290629,2,3,14,10,27245,18539,31462,97,310194,310195,310197,310198,0,0,0,0
1787580914.3887753,12,11,17,17,27529,18792,31826,467,310224,310225,310227,310228,0,0,0,0
1787580914.3950207,4,5,11,6,27800,19015,32209,826,310254,310255,310257,310258,0,0,0,0
1787580914.4164393,2,5,5,9,27989,19176,32495,1109,310284,310285,310287,310288,0,0,0,0
1787580914.4802344,2,7,7,11,28157,19319,32679,1375,310314,310315,310317,310318,0,0,0,0
1787580914.5125494,7,10,7,5,28349,19475,44,1585,310344,310345,310347,310348,0,0,0,0
1787580914.6890986,4,4,1,3,28533,19631,140,1699,310374,310375,310377,310378,0,0,0,0
1787580914.6890986,1,1,-1,-1,28633,19762,237,1727,310434,310435,310437,310438,0,0,0,0
1787580914.8625288,-3,1,-2,-4,28634,19771,298,1784,310464,310465,310467,310468,0,0,0,0
1787580914.9862454,2,1,-5,5,28732,19763,353,1960,310584,310585,310587,310588,0,0,0,0
1787580914.9862454,2,-4,-2,1,28757,19759,345,1984,310614,310615,310617,310618,0,0,0,0
1787580915.0873756,0,1,0,3,28769,19749,337,1999,310644,310645,310647,310648,0,0,0,0
1787580915.103109,4,3,-1,-2,28777,19743,333,2009,310674,310675,310677,310678,0,0,0,0
1787580915.1188462,-2,2,-6,3,28780,19736,330,2016,310704,310705,310707,310708,0,0,0,0
1787580915.2959177,1,-2,-1,-2,28777,19726,328,2019,310764,310765,310767,310768,0,0,0,0
1787580915.3154328,2,-5,0,3,28776,19731,335,2017,310794,310795,310797,310798,0,0,0,0
1787580915.410482,5,-3,3,1,28771,19735,340,2014,310824,310825,310827,310828,0,0,0,0
1787580915.410482,-1,2,4,3,28769,19737,341,2012,310884,310885,310887,310888,0,0,0,0
1787580915.5101182,-1,3,-9,-6,28770,19734,336,2014,310914,310915,310917,310918,0,0,0,0
1787580915.5436287,1,1,1,-4,28774,19733,334,2016,310944,310945,310947,310948,0,0,0,0
1787580915.7171373,-1,-2,-5,1,28771,19736,339,2013,311034,311035,311037,311038,0,0,0,0
1787580915.8416364,-1,3,-8,-2,28772,19734,337,2015,311094,311095,311097,311098,0,0,0,0
1787580915.8416364,0,0,-1,0,28773,19734,336,2014,311124,311125,311127,311128,0,0,0,0
1787580915.9195113,3,-1,4,-5,28773,19734,337,2015,311154,311155,311157,311158,0,0,0,0
1787580916.0380983,1,-2,-3,1,28772,19735,337,2013,311184,311185,311187,311188,0,0,0,0
1787580916.0380983,0,0,-3,1,28772,19735,338,2014,311244,311245,311247,311248,0,0,0,0
1787580916.1317587,0,4,2,1,28772,19735,337,2014,311334,311335,311337,311338,0,0,0,0
1787580916.1939104,-6,-6,-9,1,28764,19701,321,2003,311364,311365,311367,311368,0,0,0,0
1787580916.255581,6,-18,-14,10,28818,19461,51,2057,311394,311395,311397,311398,0,0,0,0
1787580916.315182,44,-84,-60,23,29361,18122,31810,2469,311424,311425,311427,311428,0,0,0,0
1787580916.365495,125,-111,-104,74,31226,15387,29773,4546,311454,311455,311457,311458,0,0,0,0
1787580916.4162838,129,-100,-99,99,1762,12487,26789,7264,311484,311485,311487,311488,0,0,0,0
1787580916.4789822,88,-118,-113,108,4596,9754,23767,10371,311514,311515,311517,311518,0,0,0,0
1787580916.4946465,123,-110,-127,124,7681,6666,20574,13624,311544,311545,311547,311548,0,0,0,0
1787580916.553671,121,-111,-106,120,10766,3451,17332,16805,311574,311575,311577,311578,0,0,0,0
1787580916.6023633,93,-122,-110,100,13906,447,14253,19880,311604,311605,311607,311608,0,0,0,0
1787580916.650699,113,-86,-85,108,16658,30473,11411,22793,311634,311635,311637,311638,0,0,0,0
1787580916.7694125,91,-79,-92,89,19220,28011,8936,25249,311664,311665,311667,311668,0,0,0,0
1787580916.7694125,90,-77,-87,88,21554,25673,6647,27544,311694,311695,311697,311698,0,0,0,0
1787580916.824995,89,-72,-92,102,23782,23426,4411,29764,311724,311725,311727,311728,0,0,0,0
1787580916.894646,92,-86,-83,93,26117,21091,2007,32182,311754,311755,311757,311758,0,0,0,0
1787580916.9505932,110,-85,-107,100,28654,18590,32241,1988,311784,311785,311787,311788,0,0,0,0
1787580916.9926283,91,-98,-111,99,31380,15889,29408,4783,311814,311815,311817,311818,0,0,0,0
1787580917.047192,105,-101,-81,99,1369,12934,26643,7649,311844,311845,311847,311848,0,0,0,0
1787580917.1026866,104,-97,-102,93,4327,10251,23732,10472,311874,311875,311877,311878,0,0,0,0
1787580917.109605,90,-92,-92,111,6993,7519,21002,13191,311904,311905,311907,311908,0,0,0,0
1787580917.2147648,92,-91,-84,99,9611,4946,18429,15837,311934,311935,311937,311938,0,0,0,0
1787580917.2356074,94,-84,-96,92,12163,2377,15917,18411,311964,311965,311967,311968,0,0,0,0
1787580917.2698708,103,-74,-102,83,14663,32675,13393,20907,311994,311995,311997,311998,0,0,0,0
1787580917.3324485,99,-95,-95,92,17218,30254,10745,23518,312024,312025,312027,312028,0,0,0,0
1787580917.3741393,97,-92,-84,109,19822,27718,8224,26071,312054,312055,312057,312058,0,0,0,0
1787580917.4765837,102,-97,-81,91,22396,25157,5640,28710,312084,312085,312087,312088,0,0,0,0
1787580917.5232975,89,-89,-103,105,27776,19698,230,1302,312144,312145,312147,312148,0,0,0,0
1787580917.5710194,81,-107,-92,108,30448,17024,30284,4078,312174,312175,312177,312178,0,0,0,0
1787580917.6026728,104,-110,-102,89,347,14299,27637,6748,312204,312205,312207,312208,0,0,0,0
1787580917.7351098,97,-86,-117,81,2956,11748,25052,9410,312234,312235,312237,312238,0,0,0,0
1787580917.7476125,80,-79,-104,99,5553,9151,22337,12012,312264,312265,312267,312268,0,0,0,0
1787580917.7960637,79,-91,-85,93,8098,6650,19831,14580,312294,312295,312297,312298,0,0,0,0
1787580917.8568082,88,-99,-88,88,10612,4061,17357,17112,312324,312325,312327,312328,0,0,0,0
1787580917.874232,98,-84,-97,80,15815,31614,12189,22195,312384,312385,312387,312388,0,0,0,0
1787580917.970284,98,-84,-97,80,15815,31614,12189,22195,312384,312385,312387,312388,0,0,0,0
1787580917.9711416,96,-86,-77,58,18248,29279,9849,24588,312414,312415,312417,312418,0,0,0,0
1787580918.0824032,-29,-3,-9,22,23124,27842,10677,28186,312504,312505,312507,312508,0,0,0,0
1787580918.1626647,-5,-1,7,8,22631,27701,11617,29035,312564,312565,312567,312568,0,0,0,0
1787580918.36601,-3,-1,3,-9,22579,27718,11810,29101,312624,312625,312627,312628,0,0,0,0
1787580918.36601,-4,4,7,-7,22486,27823,11912,28987,312654,312655,312657,312658,0,0,0,0
1787580918.4916887,15,-4,14,-7,21838,28477,13185,27773,312744,312745,312747,312748,0,0,0,0
1787580918.5552106,30,30,13,60,22573,28722,13577,28512,312774,312775,312777,312778,0,0,0,0
1787580918.6598794,47,36,23,44,23543,29611,13978,30176,312804,312805,312807,312808,0,0,0,0
1787580918.6598794,38,42,30,22,24728,30624,14779,31310,312834,312835,312837,312838,0,0,0,0
1787580918.6598794,18,18,11,11,25510,31599,15568,31897,312864,312865,312867,312868,0,0,0,0
1787580918.7767704,-25,-27,-33,-32,25511,31025,15072,31532,312924,312925,312927,312928,0,0,0,0
1787580918.899536,-78,-79,-55,-69,23997,29750,13709,30095,312954,312955,312957,312958,0,0,0,0
1787580918.899536,-90,-101,-84,-81,21935,27517,11517,27853,312984,312985,312987,312988,0,0,0,0
1787580918.9288611,-127,-111,-117,-120,19235,24680,8586,24998,313014,313015,313017,313018,0,0,0,0
1787580918.9918125,-141,-142,-152,-147,15821,21341,5236,21424,313044,313045,313047,313048,0,0,0,0
1787580919.1946127,-151,-144,-152,-135,11812,17275,1262,17391,313074,313075,313077,313078,0,0,0,0
1787580919.1946127,-181,-195,-191,-177,2203,7553,24078,7666,313134,313135,313137,313138,0,0,0,0
1787580919.2005346,-201,-232,-219,-232,29213,1897,18304,1901,313164,313165,313167,313168,0,0,0,0
1787580919.3179443,-204,-281,-279,-277,16124,21305,5186,21448,313224,313225,313227,313228,0,0,0,0
1787580919.4017222,-282,-234,-263,-225,8903,13899,30265,13795,313254,313255,313257,313258,0,0,0,0
1787580919.4149802,-285,-324,-331,-345,1205,6354,22600,6121,313284,313285,313287,313288,0,0,0,0
1787580919.5130646,-318,-366,-327,-373,17844,22521,6321,22578,313344,313345,313347,313348,0,0,0,0
1787580919.553909,-302,-342,-309,-322,9376,14104,30374,14157,313374,313375,313377,313378,0,0,0,0
1787580919.6658225,-272,-311,-301,-281,889,5585,21822,5587,313404,313405,313407,313408,0,0,0,0
1787580919.6717546,-331,-363,-306,-377,24303,29301,12814,29294,313434,313435,313437,313438,0,0,0,0
1787580919.811592,-379,-387,-314,-396,5247,9890,26459,9807,313494,313495,313497,313498,0,0,0,0
1787580919.8135996,-331,-367,-408,-390,27745,32348,15682,32177,313524,313525,313527,313528,0,0,0,0
1787580919.928796,-130,-50,-166,-125,19893,24487,5188,24800,313554,313555,313557,313558,0,0,0,0
1787580919.928796,-102,-118,-95,-134,16397,21847,4070,21070,313584,313585,313587,313588,0,0,0,0
1787580920.0117207,-105,-52,-61,-73,13188,19594,2132,18122,313614,313615,313617,313618,0,0,0,0
1787580920.0117207,-42,-46,-48,-42,11562,18227,658,17048,313644,313645,313647,313648,0,0,0,0
1787580920.1297107,-34,-49,-35,-30,9252,15630,31175,14701,313704,313705,313707,313708,0,0,0,0
1787580920.2210906,-29,-30,-13,-41,7671,13784,29861,13130,313764,313765,313767,313768,0,0,0,0
1787580920.332318,-21,-23,-1,-44,6358,12403,29657,11225,313824,313825,313827,313828,0,0,0,0
1787580920.412278,-23,-16,26,-34,5799,11875,30036,10169,313854,313855,313857,313858,0,0,0,0
1787580920.4281497,-28,-59,21,-31,5109,11057,30622,9172,313884,313885,313887,313888,0,0,0,0
1787580920.541513,-18,18,25,-30,3437,10269,31889,7428,313944,313945,313947,313948,0,0,0,0
1787580920.6381295,-15,19,45,-66,1676,12251,2193,2749,314034,314035,314037,314038,0,0,0,0
1787580920.7698145,50,22,23,-38,2512,13885,4027,32305,314094,314095,314097,314098,0,0,0,0
1787580920.8277693,60,47,44,-12,4326,15168,4900,31678,314124,314125,314127,314128,0,0,0,0
1787580920.8417761,71,86,94,-3,5894,17025,6447,31485,314154,314155,314157,314158,0,0,0,0
1787580920.9533312,84,82,118,35,10870,22067,12055,32536,314214,314215,314217,314218,0,0,0,0
1787580921.0384293,81,60,69,53,15535,26839,17328,3000,314274,314275,314277,314278,0,0,0,0
1787580921.1468368,-19,23,48,18,15106,28752,21425,4875,314334,314335,314337,314338,0,0,0,0
1787580921.2312715,50,16,44,2,15324,29643,22017,4951,314394,314395,314397,314398,0,0,0,0
1787580921.3560257,-17,26,27,-11,15436,30762,23868,4660,314454,314455,314457,314458,0,0,0,0
1787580921.4513593,-7,13,11,-7,15026,31285,24405,4411,314484,314485,314487,314488,0,0,0,0
1787580921.4513593,0,6,13,7,14813,31555,24905,4369,314514,314515,314517,314518,0,0,0,0
1787580921.5479715,-6,2,5,0,14775,31812,25404,4467,314574,314575,314577,314578,0,0,0,0
1787580921.6473837,-1,-4,-2,-5,14754,31789,25386,4451,314634,314635,314637,314638,0,0,0,0
1787580921.7651374,3,-8,2,-4,14779,31753,25351,4477,314664,314665,314667,314668,0,0,0,0
1787580921.7651374,-2,-2,4,3,14812,31707,25308,4506,314694,314695,314697,314698,0,0,0,0
1787580921.8566833,-1,-3,1,-1,14841,31681,25277,4530,314724,314725,314727,314728,0,0,0,0
1787580921.8566833,1,-1,0,-5,14853,31657,25253,4542,314754,314755,314757,314758,0,0,0,0
1787580922.052385,-2,-4,-3,-2,14840,31674,25274,4528,314874,314875,314877,314878,0,0,0,0
1787580922.1777852,-2,-1,1,2,14840,31671,25271,4528,314904,314905,314907,314908,0,0,0,0
1787580922.2678003,-2,-3,-4,-4,14851,31660,25260,4536,314964,314965,314967,314968,0,0,0,0
1787580922.273334,0,1,1,2,14852,31661,25261,4535,314994,314995,314997,314998,0,0,0,0
1787580922.3720553,0,2,2,-1,14848,31664,25264,4533,315024,315025,315027,315028,0,0,0,0
1787580922.3881845,2,3,-6,3,14845,31667,25269,4529,315054,315055,315057,315058,0,0,0,0
1787580922.4681067,-2,1,2,-4,14842,31668,25270,4528,315084,315085,315087,315088,0,0,0,0
1787580922.4681067,-1,-8,-1,-4,14845,31666,25266,4529,315114,315115,315117,315118,0,0,0,0
1787580922.58021,6,-2,-2,-3,14852,31659,25258,4535,315174,315175,315177,315178,0,0,0,0
1787580922.6768734,3,-2,0,0,14848,31662,25263,4531,315234,315235,315237,315238,0,0,0,0
1787580949.0989075,5,-10,-9,7,21434,8336,14661,15068,331074,331075,331077,331078,0,0,0,0
1787580949.114825,10,-6,-9,9,21630,8135,14433,15208,331104,331105,331107,331108,0,0,0,0
1787580949.3009923,6,-11,-15,10,21880,7919,14163,15424,331134,331135,331137,331138,0,0,0,0
1787580949.3009923,8,-10,-11,14,22141,7681,13910,15713,331164,331165,331167,331168,0,0,0,0
1787580949.313743,1,-5,-3,5,22342,7466,13727,15933,331194,331195,331197,331198,0,0,0,0
1787580949.4080145,1,-5,-3,1,22473,7341,13606,16052,331224,331225,331227,331228,0,0,0,0
1787580949.4080145,1,-2,1,4,22603,7248,13486,16156,331284,331285,331287,331288,0,0,0,0
1787580949.5006034,1,-2,1,4,22603,7248,13486,16156,331284,331285,331287,331288,0,0,0,0
1787580949.5006034,0,0,0,-4,22608,7246,13485,16154,331314,331315,331317,331318,0,0,0,0
1787580949.6344683,-1,-2,-2,-5,22534,7312,13559,16088,331374,331375,331377,331378,0,0,0,0
1787580949.6407304,-2,0,-3,-1,22422,7419,13673,15983,331434,331435,331437,331438,0,0,0,0
1787580949.7100039,-5,7,0,-1,22361,7478,13727,15920,331464,331465,331467,331468,0,0,0,0
1787580949.766302,-1,10,-1,-3,22304,7538,13782,15854,331494,331495,331497,331498,0,0,0,0
1787580949.905382,-1,3,-7,-4,22183,7665,13900,15711,331554,331555,331557,331558,0,0,0,0
1787580950.0234344,-2,4,-2,-6,22039,7804,14031,15540,331614,331615,331617,331618,0,0,0,0
1787580950.0287366,-4,2,4,-3,21961,7871,14102,15451,331644,331645,331647,331648,0,0,0,0
1787580950.030242,-3,4,3,-8,21884,7936,14174,15365,331674,331675,331677,331678,0,0,0,0
1787580950.1190233,-8,1,2,-5,21804,8000,14244,15285,331704,331705,331707,331708,0,0,0,0
1787580950.1329048,-6,-1,0,-2,21722,8065,14318,15213,331734,331735,331737,331738,0,0,0,0
1787580950.3217905,-5,5,2,1,21573,8177,14442,15100,331794,331795,331797,331798,0,0,0,0
1787580950.3350172,-1,3,-2,0,21518,8218,14487,15060,331824,331825,331827,331828,0,0,0,0
1787580950.434929,-3,-1,-6,-2,21475,8254,14523,15027,331854,331855,331857,331858,0,0,0,0
1787580950.439635,-2,-6,3,-3,21402,8318,14587,14973,331914,331915,331917,331918,0,0,0,0
1787580950.5315943,-7,0,5,-2,21365,8349,14619,14944,331944,331945,331947,331948,0,0,0,0
1787580950.5707633,1,-2,-4,3,21323,8385,14656,14911,331974,331975,331977,331978,0,0,0,0
1787580950.732367,1,0,-4,2,21268,8421,14701,14866,332004,332005,332007,332008,0,0,0,0
1787580950.732367,-3,2,-2,-2,21216,8491,14760,14817,332034,332035,332037,332038,0,0,0,0
1787580950.7407558,0,-2,-2,-5,21160,8558,14817,14762,332064,332065,332067,332068,0,0,0,0
1787580950.7407558,2,2,6,-2,21121,8614,14858,14723,332094,332095,332097,332098,0,0,0,0
1787580950.8536117,-2,-2,2,4,21117,8620,14859,14725,332154,332155,332157,332158,0,0,0,0
1787580950.9041123,0,-3,-4,3,21139,8588,14834,14749,332184,332185,332187,332188,0,0,0,0
1787580951.0285673,2,2,-6,-5,21157,8563,14815,14767,332214,332215,332217,332218,0,0,0,0
1787580951.034566,-2,-1,-2,-1,21163,8555,14809,14771,332244,332245,332247,332248,0,0,0,0
1787580951.0996177,3,1,2,-2,21158,8565,14817,14764,332274,332275,332277,332278,0,0,0,0
1787580951.1154902,-5,-2,-4,2,21146,8581,14830,14752,332304,332305,332307,332308,0,0,0,0
1787580951.1544611,-1,0,2,4,21139,8589,14837,14746,332334,332335,332337,332338,0,0,0,0
1787580951.2375352,-1,1,3,-5,21141,8607,14835,14745,332364,332365,332367,332368,0,0,0,0
1787580951.2507854,3,-7,-8,8,21060,8674,14927,14670,332394,332395,332397,332398,0,0,0,0
1787580951.3437865,-1,-4,-3,4,21157,8592,14855,14742,332424,332425,332427,332428,0,0,0,0
1787580951.3437865,-4,-3,-2,7,21188,8533,14802,14784,332454,332455,332457,332458,0,0,0,0
1787580951.5117455,-2,7,2,-2,21203,8511,14791,14795,332484,332485,332487,332488,0,0,0,0
1787580951.5117455,0,5,2,-3,21166,8564,14831,14755,332544,332545,332547,332548,0,0,0,0
1787580951.5436938,-2,4,0,2,21145,8590,14853,14736,332574,332575,332577,332578,0,0,0,0
1787580951.6677718,-1,2,-3,-4,21143,8593,14853,14736,332634,332635,332637,332638,0,0,0,0
1787580951.757613,-3,0,1,0,21163,8564,14830,14757,332694,332695,332697,332698,0,0,0,0
1787580951.8703601,-5,-1,-3,-1,21156,8577,14838,14747,332754,332755,332757,332758,0,0,0,0
1787580951.9598575,1,2,2,-2,21152,8581,14842,14746,332784,332785,332787,332788,0,0,0,0
1787580951.9660866,-4,0,0,0,21153,8578,14840,14747,332814,332815,332817,332818,0,0,0,0
1787580952.036189,4,1,-2,-2,21156,8576,14838,14748,332844,332845,332847,332848,0,0,0,0
1787580952.1672158,1,0,2,3,21155,8577,14840,14748,332874,332875,332877,332878,0,0,0,0
1787580952.1672158,-2,4,5,-1,21153,8579,14841,14745,332904,332905,332907,332908,0,0,0,0
1787580952.1745114,-3,0,2,0,21154,8578,14840,14747,332934,332935,332937,332938,0,0,0,0
1787580952.2860985,-2,-3,-2,-9,21160,8568,14832,14754,332994,332995,332997,332998,0,0,0,0
1787580952.3697126,2,2,-1,1,21157,8572,14835,14750,333054,333055,333057,333058,0,0,0,0
1787580952.50377,-1,4,1,-2,21155,8576,14839,14748,333114,333115,333117,333118,0,0,0,0
1787580952.574015,0,2,-5,-2,21157,8576,14839,14749,333144,333145,333147,333148,0,0,0,0
1787580952.5913305,-1,-1,-1,-2,21158,8574,14838,14750,333174,333175,333177,333178,0,0,0,0
1787580952.7088323,-5,1,-2,2,21158,8572,14836,14751,333204,333205,333207,333208,0,0,0,0
1787580952.7784245,-2,-3,-1,4,21157,8574,14838,14751,333264,333265,333267,333268,0,0,0,0
1787580952.7961035,3,7,1,1,21155,8578,14841,14748,333294,333295,333297,333298,0,0,0,0
1787580952.8839881,2,2,-6,-7,21152,8578,14843,14747,333324,333325,333327,333328,0,0,0,0
1787580952.8839881,1,3,-3,2,21154,8576,14840,14748,333354,333355,333357,333358,0,0,0,0
1787580952.931995,3,-4,3,-2,21158,8574,14837,14751,333384,333385,333387,333388,0,0,0,0
1787580952.9965074,-3,-3,-2,-2,21159,8571,14836,14752,333414,333415,333417,333418,0,0,0,0
1787580953.192993,1,-3,0,1,21156,8576,14840,14751,333534,333535,333537,333538,0,0,0,0
1787580953.384562,-4,-8,1,-2,21156,8572,14837,14749,333564,333565,333567,333568,0,0,0,0
1787580953.384562,-2,-7,1,-7,21158,8572,14837,14750,333594,333595,333597,333598,0,0,0,0
1787580953.384562,-1,-1,-1,-2,21158,8573,14837,14751,333624,333625,333627,333628,0,0,0,0
1787580953.400555,1,0,-17,1,21157,8574,14839,14751,333654,333655,333657,333658,0,0,0,0
1787580953.4976928,6,-3,3,1,21155,8574,14838,14750,333684,333685,333687,333688,0,0,0,0
1787580953.5136142,2,0,-3,-1,21156,8574,14837,14750,333714,333715,333717,333718,0,0,0,0
1787580953.599189,-2,0,0,-2,21156,8574,14838,14750,333744,333745,333747,333748,0,0,0,0
1787580953.599189,-1,5,2,2,21157,8573,14839,14750,333774,333775,333777,333778,0,0,0,0
1787580953.7121966,-2,3,1,0,21157,8573,14838,14751,333804,333805,333807,333808,0,0,0,0
1787580953.7121966,0,-5,-1,3,21156,8573,14838,14750,333834,333835,333837,333838,0,0,0,0
1787580953.7121966,2,-1,3,-2,21156,8573,14839,14750,333864,333865,333867,333868,0,0,0,0
1787580953.811402,0,-1,-2,-1,21155,8574,14839,14750,333894,333895,333897,333898,0,0,0,0
1787580953.8407602,0,-3,-2,-3,21155,8575,14839,14750,333924,333925,333927,333928,0,0,0,0
1787580953.9245415,-3,-1,1,0,21157,8573,14838,14752,333954,333955,333957,333958,0,0,0,0
1787580953.93438,0,2,0,2,21158,8571,14836,14751,333984,333985,333987,333988,0,0,0,0
1787580954.0124872,-2,-2,3,3,21157,8574,14838,14749,334014,334015,334017,334018,0,0,0,0
1787580954.0389502,-6,-1,0,-1,21153,8578,14841,14747,334074,334075,334077,334078,0,0,0,0
1787580954.2145042,3,-4,4,-2,21154,8575,14839,14747,334104,334105,334107,334108,0,0,0,0
1787580954.2145042,-3,1,-1,-1,21156,8572,14837,14750,334134,334135,334137,334138,0,0,0,0
1787580954.341203,-4,0,-2,-7,21159,8571,14836,14751,334194,334195,334197,334198,0,0,0,0
1787580954.4312222,-1,-3,-1,-2,21155,8576,14839,14749,334314,334315,334317,334318,0,0,0,0
1787580954.5351255,0,5,-2,1,21156,8576,14839,14749,334374,334375,334377,334378,0,0,0,0
1787580954.625031,0,1,-3,2,21153,8576,14840,14747,334404,334405,334407,334408,0,0,0,0
1787580954.744069,-5,-1,-2,-3,21154,8578,14841,14747,334434,334435,334437,334438,0,0,0,0
1787580954.744069,-4,2,4,0,21154,8577,14839,14747,334464,334465,334467,334468,0,0,0,0
1787580954.744069,4,-5,-5,-3,21155,8575,14839,14748,334494,334495,334497,334498,0,0,0,0
1787580954.8338852,-1,2,2,-6,21155,8576,14839,14748,334524,334525,334527,334528,0,0,0,0
1787580954.8548505,-4,2,3,-1,21155,8576,14840,14748,334554,334555,334557,334558,0,0,0,0
1787580954.9345205,-3,2,0,-4,21154,8575,14840,14748,334584,334585,334587,334588,0,0,0,0
1787580955.0228772,-4,-2,-3,1,21153,8581,14842,14746,334644,334645,334647,334648,0,0,0,0
1787580955.236458,-7,-1,-3,0,21151,8580,14844,14746,334674,334675,334677,334678,0,0,0,0
1787580955.236458,2,-4,0,-1,21153,8573,14838,14748,334704,334705,334707,334708,0,0,0,0
1787580955.236458,3,2,-2,-3,21157,8581,14842,14746,334734,334735,334737,334738,0,0,0,0
1787580955.236458,-2,-1,-5,-2,21154,8582,14843,14748,334764,334765,334767,334768,0,0,0,0
1787580955.255154,3,3,3,0,21146,8590,14851,14736,334794,334795,334797,334798,0,0,0,0
1787580955.3552022,0,-1,-3,2,21149,8585,14846,14747,334854,334855,334857,334858,0,0,0,0
1787580955.4444902,-1,0,-2,2,21176,8544,14814,14773,334884,334885,334887,334888,0,0,0,0
1787580955.4444902,-5,-4,-1,2,21192,8528,14801,14785,334914,334915,334917,334918,0,0,0,0
1787580955.5628908,-4,-4,-2,1,21183,8542,14816,14773,334944,334945,334947,334948,0,0,0,0
1787580955.5628908,-1,-2,3,1,21171,8553,14825,14763,334974,334975,334977,334978,0,0,0,0
1787580955.6468058,-2,-2,-1,2,21167,8559,14828,14760,335034,335035,335037,335038,0,0,0,0
1787580955.7577512,-3,-2,-1,-2,21168,8559,14827,14760,335094,335095,335097,335098,0,0,0,0
1787580955.9112508,0,-1,-7,0,21167,8560,14827,14760,335154,335155,335157,335158,0,0,0,0
1787580955.9112508,4,-1,-2,5,21166,8561,14829,14759,335184,335185,335187,335188,0,0,0,0
1787580956.048504,0,-3,3,3,21165,8560,14829,14760,335214,335215,335217,335218,0,0,0,0
1787580956.048504,-2,2,-7,2,21165,8559,14828,14760,335274,335275,335277,335278,0,0,0,0
1787580956.2586985,1,-2,3,-6,21166,8559,14827,14760,335364,335365,335367,335368,0,0,0,0
1787580956.2730782,-1,-2,1,-1,21170,8556,14825,14762,335394,335395,335397,335398,0,0,0,0
1787580956.3827438,0,5,4,-2,21169,8555,14824,14763,335424,335425,335427,335428,0,0,0,0
1787580956.4151623,-1,-2,1,-5,21163,8561,14829,14757,335484,335485,335487,335488,0,0,0,0
1787580956.4729168,2,0,-2,3,21166,8560,14829,14759,335514,335515,335517,335518,0,0,0,0
1787580956.5599947,-1,-1,1,-2,21166,8560,14828,14759,335574,335575,335577,335578,0,0,0,0
1787580956.6602404,0,1,-3,2,21162,8565,14832,14756,335604,335605,335607,335608,0,0,0,0
1787580956.6602404,-4,-1,0,1,21160,8569,14835,14753,335634,335635,335637,335638,0,0,0,0
1787580956.7157478,-13,-5,0,2,21160,8565,14833,14755,335664,335665,335667,335668,0,0,0,0
1787580956.8264942,7,4,0,0,21164,8563,14830,14758,335694,335695,335697,335698,0,0,0,0
1787580956.8264942,-6,6,-7,-2,21164,8561,14830,14759,335724,335725,335727,335728,0,0,0,0
1787580956.9376585,2,-1,1,-3,21161,8563,14833,14755,335754,335755,335757,335758,0,0,0,0
1787580956.9524379,-4,-1,-1,-1,21155,8570,14838,14749,335784,335785,335787,335788,0,0,0,0
1787580956.987113,6,-2,-7,2,21154,8576,14841,14748,335814,335815,335817,335818,0,0,0,0
1787580957.090632,2,1,1,-1,21158,8568,14835,14752,335874,335875,335877,335878,0,0,0,0
1787580957.201477,-5,-1,0,2,21158,8568,14837,14751,335904,335905,335907,335908,0,0,0,0
1787580957.201477,1,-1,-3,-1,21156,8572,14839,14749,335934,335935,335937,335938,0,0,0,0
1787580957.2853117,-1,-6,1,2,21154,8574,14840,14749,335964,335965,335967,335968,0,0,0,0
1787580957.292312,-1,0,-2,-1,21155,8571,14838,14749,335994,335995,335997,335998,0,0,0,0
1787580957.3340302,2,2,-1,3,21157,8572,14839,14750,336054,336055,336057,336058,0,0,0,0
1787580957.4245434,3,0,2,-5,21158,8570,14836,14752,336084,336085,336087,336088,0,0,0,0
1787580957.430503,-3,0,2,-5,21159,8566,14834,14753,336114,336115,336117,336118,0,0,0,0
1787580957.4933925,-2,1,-1,-3,21160,8569,14836,14753,336144,336145,336147,336148,0,0,0,0
1787580957.5554726,-2,-3,-5,-1,21157,8573,14839,14750,336174,336175,336177,336178,0,0,0,0
1787580957.575945,-2,-3,-5,-1,21157,8573,14839,14750,336174,336175,336177,336178,0,0,0,0
1787580957.706699,-3,-1,5,-1,21155,8573,14840,14748,336234,336235,336237,336238,0,0,0,0
1787580957.706699,-4,0,1,-2,21145,8587,14851,14737,336264,336265,336267,336268,0,0,0,0
1787580957.9000776,-2,1,-4,2,21207,8505,14781,14806,336324,336325,336327,336328,0,0,0,0
1787580957.9159546,-1,0,-9,-1,21209,8503,14786,14797,336384,336385,336387,336388,0,0,0,0
1787580957.9483218,2,1,0,-1,21156,8568,14840,14747,336414,336415,336417,336418,0,0,0,0
1787580958.0211067,-1,-1,-4,2,21117,8631,14882,14705,336474,336475,336477,336478,0,0,0,0
1787580958.1115866,-1,-3,-4,3,21125,8619,14871,14719,336504,336505,336507,336508,0,0,0,0
1787580958.2220645,1,-3,-4,4,21144,8587,14849,14741,336534,336535,336537,336538,0,0,0,0
1787580958.2220645,-1,-4,6,-1,21160,8568,14833,14754,336564,336565,336567,336568,0,0,0,0
1787580958.229034,1,-1,1,0,21155,8576,14840,14747,336594,336595,336597,336598,0,0,0,0
1787580958.29444,0,-6,-7,-3,21141,8552,14825,14731,336624,336625,336627,336628,0,0,0,0
1787580958.3426304,7,-21,-26,13,21189,8241,14566,14782,336654,336655,336657,336658,0,0,0,0
1787580958.4084847,44,-81,-66,32,21801,7091,13614,15341,336684,336685,336687,336688,0,0,0,0
1787580958.4720309,108,-130,-127,106,23675,4131,11185,16968,336714,336715,336717,336718,0,0,0,0
1787580958.4879413,101,-100,-95,85,26531,880,7870,19677,336744,336745,336747,336748,0,0,0,0
1787580958.551661,94,-117,-128,94,28945,30670,4905,22267,336774,336775,336777,336778,0,0,0,0
1787580958.615743,104,-135,-128,115,31663,27565,1527,25162,336804,336805,336807,336808,0,0,0,0
1787580958.6318293,122,-108,-130,107,1931,24271,30826,28221,336834,336835,336837,336838,0,0,0,0
1787580958.7085192,83,-103,-125,96,4835,21227,27663,30935,336864,336865,336867,336868,0,0,0,0
1787580958.724508,106,-97,-114,86,7379,18454,24795,648,336894,336895,336897,336898,0,0,0,0
1787580958.888232,81,-67,-107,66,9750,16054,22341,3041,336924,336925,336927,336928,0,0,0,0
1787580958.888232,39,-45,-4,25,11289,14373,21031,4274,336954,336955,336957,336958,0,0,0,0
1787580958.9040115,-30,-38,-38,19,11199,13679,20522,5308,336984,336985,336987,336988,0,0,0,0
1787580958.9748456,10,-11,6,-2,10861,12943,19977,5649,337014,337015,337017,337018,0,0,0,0
1787580959.076046,-6,4,8,2,11079,12768,20312,5707,337044,337045,337047,337048,0,0,0,0
1787580959.080683,1,0,7,-3,11078,12848,20540,5758,337074,337075,337077,337078,0,0,0,0
1787580959.080683,-2,4,4,-2,10979,12979,20691,5736,337104,337105,337107,337108,0,0,0,0
1787580959.2438297,-7,-2,3,-3,10869,13074,20772,5657,337134,337135,337137,337138,0,0,0,0
1787580959.2438297,3,-4,0,-1,10821,13116,20806,5628,337164,337165,337167,337168,0,0,0,0
1787580959.2500837,2,6,4,-5,10812,13124,20809,5625,337194,337195,337197,337198,0,0,0,0
1787580959.4451354,3,-1,-1,-2,10918,13023,20719,5714,337284,337285,337287,337288,0,0,0,0
1787580959.4510171,-2,2,-3,-3,10960,12984,20683,5744,337314,337315,337317,337318,0,0,0,0
1787580959.5556223,-3,-4,-5,3,11022,12932,20630,5791,337374,337375,337377,337378,0,0,0,0
1787580959.6534538,-2,0,-7,2,11053,12910,20605,5812,337434,337435,337437,337438,0,0,0,0
1787580959.7549174,-59,-56,-76,-66,10735,12505,20087,5323,337494,337495,337497,337498,0,0,0,0
1787580959.8593733,-72,-73,-81,-71,8259,10359,17724,2983,337524,337525,337527,337528,0,0,0,0
1787580959.8593733,-76,-84,-78,-61,6417,8283,15655,884,337554,337555,337557,337558,0,0,0,0
1787580959.9506543,-74,-59,-75,-76,2712,4411,11545,29922,337614,337615,337617,337618,0,0,0,0
1787580960.0664206,-68,-74,-72,-89,31406,485,7481,25771,337674,337675,337677,337678,0,0,0,0
1787580960.257212,-56,-63,-75,-91,29221,31167,5419,23704,337704,337705,337707,337708,0,0,0,0
1787580960.257212,-92,-72,-75,-70,25023,26803,1296,19462,337764,337765,337767,337768,0,0,0,0
1787580960.2737694,-72,-89,-86,-73,22920,24613,31835,17387,337794,337795,337797,337798,0,0,0,0
1787580960.374954,-73,-79,-87,-85,18641,20332,27509,13181,337854,337855,337857,337858,0,0,0,0
1787580960.4718041,-83,-78,-81,-83,16535,18221,25406,11061,337884,337885,337887,337888,0,0,0,0
1787580960.5637798,-81,-87,-75,-95,14405,16094,23257,8710,337914,337915,337917,337918,0,0,0,0
1787580960.5637798,-55,-56,-46,-47,12495,14301,21311,6903,337944,337945,337947,337948,0,0,0,0
1787580960.5637798,-28,-39,-34,-22,11407,13220,20346,5801,337974,337975,337977,337978,0,0,0,0
1787580960.693878,-21,-20,-22,-24,10673,12528,19637,5213,338004,338005,338007,338008,0,0,0,0
1787580960.694486,-16,-13,-9,-9,10200,12056,19148,4723,338034,338035,338037,338038,0,0,0,0
1787580960.771243,-4,0,4,-2,9996,11858,18829,4451,338094,338095,338097,338098,0,0,0,0
1787580960.8782027,-3,-2,0,-2,9984,11870,18840,4437,338124,338125,338127,338128,0,0,0,0
1787580960.882841,1,1,-5,-6,9968,11895,18861,4423,338154,338155,338157,338158,0,0,0,0
1787580960.971738,0,-2,2,0,9950,11910,18877,4408,338184,338185,338187,338188,0,0,0,0
1787580960.971738,-3,3,-1,2,9936,11925,18891,4397,338214,338215,338217,338218,0,0,0,0
1787580961.0849826,-2,8,0,1,9926,11937,18902,4388,338244,338245,338247,338248,0,0,0,0
1787580961.0914912,-5,2,2,3,9919,11943,18906,4383,338274,338275,338277,338278,0,0,0,0
1787580961.1110413,2,1,0,-2,9917,11947,18909,4381,338304,338305,338307,338308,0,0,0,0
1787580961.2328517,-1,4,-2,4,9920,11943,18907,4383,338364,338365,338367,338368,0,0,0,0
1787580961.235272,0,-1,-1,8,9921,11943,18905,4384,338394,338395,338397,338398,0,0,0,0
1787580961.3765228,2,0,1,-1,9920,11943,18907,4382,338424,338425,338427,338428,0,0,0,0
1787580961.392502,-1,2,-1,3,9919,11945,18908,4383,338454,338455,338457,338458,0,0,0,0
1787580961.392502,3,-2,2,2,9919,11946,18909,4381,338484,338485,338487,338488,0,0,0,0
1787580961.5107365,-3,-1,-5,-1,9920,11945,18908,4382,338514,338515,338517,338518,0,0,0,0
1787580961.5358858,-3,-1,1,-1,9921,11945,18907,4383,338544,338545,338547,338548,0,0,0,0
1787580961.5977156,-3,-2,3,-5,9921,11946,18908,4383,338574,338575,338577,338578,0,0,0,0
1787580961.6420155,0,-2,-2,2,9921,11948,18909,4383,338604,338605,338607,338608,0,0,0,0
1787580961.6448374,1,3,-2,0,9920,11947,18908,4383,338634,338635,338637,338638,0,0,0,0
1787580961.7161088,8,-5,-5,6,9953,11920,18881,4418,338664,338665,338667,338668,0,0,0,0
1787580961.7926369,21,-31,-16,22,10306,11486,18534,4739,338694,338695,338697,338698,0,0,0,0
1787580961.797537,106,-105,-64,103,11918,9395,17287,6309,338724,338725,338727,338728,0,0,0,0
1787580961.8729293,121,-102,-124,90,15359,6490,14489,9261,338754,338755,338757,338758,0,0,0,0
1787580961.9218693,105,-108,-92,100,17982,3982,11476,12274,338784,338785,338787,338788,0,0,0,0
1787580962.0078652,94,-104,-118,109,20790,1137,8555,15221,338814,338815,338817,338818,0,0,0,0
1787580962.0160208,135,-118,-114,120,23921,30784,5424,18520,338844,338845,338847,338848,0,0,0,0
1787580962.0749798,121,-116,-103,112,27183,27649,2090,21791,338874,338875,338877,338878,0,0,0,0
1787580962.0925076,90,-112,-110,94,30176,24676,31884,24687,338904,338905,338907,338908,0,0,0,0
1787580962.2082765,84,-80,-84,104,44,22072,29286,27453,338934,338935,338937,338938,0,0,0,0
1787580962.2162657,72,-63,-78,90,2418,19770,27004,29795,338964,338965,338967,338968,0,0,0,0
1787580962.4071932,50,-54,-57,46,4381,17928,25269,31562,338994,338995,338997,338998,0,0,0,0
1787580962.40853,22,-4,-15,2,5509,17128,24498,32163,339024,339025,339027,339028,0,0,0,0
1787580962.409943,-12,-21,-9,14,5771,16875,23936,32427,339054,339055,339057,339058,0,0,0,0
1787580962.5341322,-5,3,5,-5,5627,16746,24015,32451,339144,339145,339147,339148,0,0,0,0
1787580962.614316,-1,-2,1,1,5510,16936,24171,32318,339204,339205,339207,339208,0,0,0,0
1787580962.7214541,-4,4,5,-4,5447,17041,24250,32244,339234,339235,339237,339238,0,0,0,0
1787580962.7282007,-5,-3,5,-2,5385,17127,24313,32175,339264,339265,339267,339268,0,0,0,0
1787580962.9319196,-2,-3,1,-1,5305,17199,24373,32105,339354,339355,339357,339358,0,0,0,0
1787580962.9319196,1,-1,0,2,5316,17192,24364,32112,339384,339385,339387,339388,0,0,0,0
1787580963.1254275,4,-4,-7,1,5291,17216,24388,32090,339474,339475,339477,339478,0,0,0,0
1787580963.1322923,0,-1,0,-2,5303,17207,24378,32100,339504,339505,339507,339508,0,0,0,0
1787580963.2357857,2,-1,0,-1,5333,17181,24356,32129,339564,339565,339567,339568,0,0,0,0
1787580963.2748864,-1,1,1,3,5338,17177,24353,32135,339594,339595,339597,339598,0,0,0,0
1787580963.4299362,-1,-1,1,-2,5265,17227,24405,32067,339684,339685,339687,339688,0,0,0,0
1787580963.5565708,-1,-1,0,-1,5279,17209,24389,32087,339714,339715,339717,339718,0,0,0,0
1787580963.6240616,-1,1,-1,-4,5343,17171,24353,32141,339774,339775,339777,339778,0,0,0,0
1787580963.8400805,-7,11,7,-8,4843,17622,24852,31579,339894,339895,339897,339898,0,0,0,0
1787580963.95352,-5,3,6,-9,4332,18248,25519,31053,340014,340015,340017,340018,0,0,0,0
1787580964.0134573,-7,-1,-1,-5,4232,18341,25607,30954,340044,340045,340047,340048,0,0,0,0
1787580964.042222,-7,1,-1,-2,4157,18400,25666,30889,340074,340075,340077,340078,0,0,0,0
1787580964.1256683,1,0,0,-3,4124,18425,25691,30866,340104,340105,340107,340108,0,0,0,0
1787580964.1306198,-2,4,1,-2,4130,18417,25682,30877,340134,340135,340137,340138,0,0,0,0
1787580964.255561,0,-7,-7,2,4222,18343,25602,30966,340194,340195,340197,340198,0,0,0,0
1787580964.360129,2,-2,2,1,4286,18286,25544,31034,340224,340225,340227,340228,0,0,0,0
1787580964.3667336,3,4,-1,3,4353,18220,25478,31104,340254,340255,340257,340258,0,0,0,0
1787580964.4518428,-1,-3,-5,1,4422,18142,25401,31179,340284,340285,340287,340288,0,0,0,0
1787580964.4870818,2,-10,-6,0,4495,18056,25315,31254,340314,340315,340317,340318,0,0,0,0
1787580964.4870818,0,-5,0,-3,4553,17980,25239,31317,340344,340345,340347,340348,0,0,0,0
1787580964.6606958,2,-5,-1,2,4636,17877,25124,31397,340404,340405,340407,340408,0,0,0,0
1787580964.6692584,1,0,-6,2,4674,17828,25068,31439,340434,340435,340437,340438,0,0,0,0
1787580964.7748663,0,-6,-2,4,4720,17766,25001,31487,340464,340465,340467,340468,0,0,0,0
1787580964.7748663,-4,-1,-2,-3,4757,17712,24942,31525,340494,340495,340497,340498,0,0,0,0
1787580964.7945845,-3,0,2,-1,4768,17696,24929,31533,340524,340525,340527,340528,0,0,0,0
1787580964.8715177,2,2,1,-4,4745,17718,24961,31508,340554,340555,340557,340558,0,0,0,0
1787580964.9758186,2,10,3,-1,4698,17777,25031,31454,340584,340585,340587,340588,0,0,0,0
1787580964.9928918,-4,3,-6,-5,4567,17981,25249,31305,340644,340645,340647,340648,0,0,0,0
1787580965.0668783,-5,5,8,-5,4469,18103,25393,31218,340674,340675,340677,340678,0,0,0,0
1787580965.1380367,-7,7,13,-3,4356,18306,25678,31193,340704,340705,340707,340708,0,0,0,0
1787580965.1443846,-4,9,16,0,4247,18579,26096,31222,340734,340735,340737,340738,0,0,0,0
1787580965.2837377,-12,14,16,-1,4121,18830,26508,31253,340764,340765,340767,340768,0,0,0,0
1787580965.2847447,-8,11,16,-7,3944,19079,26851,31235,340794,340795,340797,340798,0,0,0,0
1787580965.2905076,-16,-2,0,-5,3710,19323,27183,31181,340824,340825,340827,340828,0,0,0,0
1787580965.481673,-34,-43,-46,-15,2395,17876,25249,30307,340914,340915,340917,340918,0,0,0,0
1787580965.4937804,-30,-23,-20,-29,1554,16943,24359,29587,340944,340945,340947,340948,0,0,0,0
1787580965.5916975,-17,16,20,-8,906,16820,24394,29078,340974,340975,340977,340978,0,0,0,0
1787580965.6113987,-6,15,14,2,628,17292,24877,28951,341004,341005,341007,341008,0,0,0,0
1787580965.6953278,15,11,-1,8,688,17696,25067,29069,341034,341035,341037,341038,0,0,0,0
1787580965.7140048,12,20,9,5,962,18060,25161,29358,341064,341065,341067,341068,0,0,0,0
1787580965.7909515,10,15,9,19,1267,18545,25524,29750,341094,341095,341097,341098,0,0,0,0
1787580965.8858268,1,15,13,14,1474,18971,25879,30162,341124,341125,341127,341128,0,0,0,0
1787580965.8927054,8,11,5,13,1582,19347,26085,30646,341154,341155,341157,341158,0,0,0,0
1787580965.934244,11,13,3,8,1889,19706,26169,31121,341184,341185,341187,341188,0,0,0,0
1787580966.0107577,9,4,-1,14,2258,20040,26189,31654,341214,341215,341217,341218,0,0,0,0
1787580966.0889564,11,-11,0,11,3234,19589,26179,140,341304,341305,341307,341308,0,0,0,0
1787580966.134652,6,-1,4,11,3404,19446,26174,513,341334,341335,341337,341338,0,0,0,0
1787580966.2900038,-3,4,3,19,3338,19533,26171,1000,341364,341365,341367,341368,0,0,0,0
1787580966.3123171,2,5,5,19,3224,19620,26175,1496,341394,341395,341397,341398,0,0,0,0
1787580966.3123171,7,2,1,20,3316,19558,26169,1990,341424,341425,341427,341428,0,0,0,0
1787580966.4126227,16,-1,1,23,3628,19501,26177,2520,341454,341455,341457,341458,0,0,0,0
1787580966.4180825,8,11,-2,7,4021,19579,26183,2949,341484,341485,341487,341488,0,0,0,0
1787580966.4343145,-1,1,-1,1,4271,19608,26168,3111,341514,341515,341517,341518,0,0,0,0
1787580966.5128982,-15,14,-3,-3,4026,19751,26128,3106,341544,341545,341547,341548,0,0,0,0
1787580966.5397873,-14,-10,1,2,3621,19796,26096,3120,341574,341575,341577,341578,0,0,0,0
1787580977.152983,3,0,-9,-2,3189,19597,26167,3220,347874,347875,347877,347878,0,0,0,0
1787580977.3513842,-2,-3,0,2,3194,19591,26160,3226,347934,347935,347937,347938,0,0,0,0
1787580977.3601987,2,1,-3,1,3196,19591,26160,3227,347964,347965,347967,347968,0,0,0,0
1787580977.3802798,-3,0,-5,1,3195,19590,26160,3228,348054,348055,348057,348058,0,0,0,0
1787580977.5176203,-1,4,2,-1,3194,19590,26160,3227,348114,348115,348117,348118,0,0,0,0
1787580977.5176203,3,12,-2,-1,3194,19591,26160,3226,348144,348145,348147,348148,0,0,0,0
1787580977.665035,-4,-2,2,-2,3194,19591,26161,3226,348174,348175,348177,348178,0,0,0,0
1787580977.670698,-7,0,-2,-1,3193,19592,26161,3224,348234,348235,348237,348238,0,0,0,0
1787580977.7674923,-3,-2,1,3,3193,19592,26161,3225,348264,348265,348267,348268,0,0,0,0
1787580977.7759252,3,-3,1,-1,3194,19590,26159,3226,348294,348295,348297,348298,0,0,0,0
1787580977.9568484,0,-1,0,-3,3195,19590,26159,3227,348354,348355,348357,348358,0,0,0,0
1787580977.9568484,0,4,2,-4,3195,19588,26158,3228,348414,348415,348417,348418,0,0,0,0
1787580978.0681221,4,1,-4,-2,3196,19590,26158,3228,348444,348445,348447,348448,0,0,0,0
1787580978.0812757,-1,0,0,6,3195,19589,26158,3228,348474,348475,348477,348478,0,0,0,0
1787580978.0950496,-1,-1,1,-3,3195,19588,26158,3227,348504,348505,348507,348508,0,0,0,0
1787580978.17773,1,2,0,-2,3194,19589,26158,3227,348564,348565,348567,348568,0,0,0,0
1787580978.3794837,-1,-2,-1,1,3194,19590,26159,3226,348624,348625,348627,348628,0,0,0,0
1787580978.3794837,1,-4,2,-4,3194,19590,26159,3226,348654,348655,348657,348658,0,0,0,0
1787580978.3931444,-4,0,-3,-1,3194,19589,26158,3227,348684,348685,348687,348688,0,0,0,0
1787580978.497942,0,-1,3,-3,3196,19587,26157,3227,348744,348745,348747,348748,0,0,0,0
1787580978.5810502,-1,2,4,2,3195,19588,26158,3227,348774,348775,348777,348778,0,0,0,0
1787580978.594473,1,-5,-4,-1,3192,19589,26161,3224,348804,348805,348807,348808,0,0,0,0
1787580978.6986496,1,-5,-5,1,3194,19590,26160,3226,348864,348865,348867,348868,0,0,0,0
1787580978.7889738,-1,2,3,1,3200,19583,26152,3231,348924,348925,348927,348928,0,0,0,0
1787580978.9500864,0,3,1,3,3198,19585,26155,3229,348954,348955,348957,348958,0,0,0,0
1787580979.0825632,-1,0,-6,-8,3192,19592,26162,3224,349044,349045,349047,349048,0,0,0,0
1787580979.0871558,-2,-4,-1,0,3194,19590,26159,3227,349074,349075,349077,349078,0,0,0,0
1787580979.1019313,-1,-2,3,-1,3197,19587,26156,3229,349104,349105,349107,349108,0,0,0,0
1787580979.1932762,1,-3,-3,-4,3199,19586,26155,3230,349134,349135,349137,349138,0,0,0,0
1787580979.2093341,-2,1,1,1,3199,19586,26155,3230,349164,349165,349167,349168,0,0,0,0
1787580979.3722699,0,-2,0,-1,3198,19586,26156,3228,349194,349195,349197,349198,0,0,0,0
1787580979.373266,3,0,1,0,3197,19587,26156,3228,349224,349225,349227,349228,0,0,0,0
1787580979.3742573,-1,1,-1,1,3198,19587,26156,3229,349254,349255,349257,349258,0,0,0,0
1787580979.4773417,4,-3,2,0,3199,19587,26155,3230,349344,349345,349347,349348,0,0,0,0
1787580979.6038263,-5,-3,0,0,3197,19588,26158,3228,349374,349375,349377,349378,0,0,0,0
1787580979.6038263,-1,4,-1,1,3196,19588,26158,3228,349404,349405,349407,349408,0,0,0,0
1787580979.804124,2,6,-5,0,3199,19584,26153,3231,349434,349435,349437,349438,0,0,0,0
1787580979.804124,-2,0,1,4,3201,19585,26154,3232,349524,349525,349527,349528,0,0,0,0
1787580979.9275377,2,-3,1,-2,3199,19586,26155,3230,349554,349555,349557,349558,0,0,0,0
1787580979.9275377,-4,0,0,-4,3200,19586,26154,3231,349614,349615,349617,349618,0,0,0,0
1787580980.0184555,0,0,2,2,3202,19582,26151,3233,349644,349645,349647,349648,0,0,0,0
1787580980.081258,1,0,3,0,3204,19580,26149,3236,349674,349675,349677,349678,0,0,0,0
1787580980.0954406,-4,4,-2,-1,3205,19581,26149,3236,349704,349705,349707,349708,0,0,0,0
1787580980.2262247,-2,0,-1,3,3201,19583,26153,3232,349764,349765,349767,349768,0,0,0,0
1787580980.2337468,3,-2,0,1,3201,19583,26152,3234,349794,349795,349797,349798,0,0,0,0
1787580980.338187,-2,-1,0,-3,3204,19581,26149,3236,349824,349825,349827,349828,0,0,0,0
1787580980.338187,5,-2,2,-3,3206,19578,26147,3238,349854,349855,349857,349858,0,0,0,0
1787580980.4352386,-3,-1,2,-1,3205,19580,26148,3237,349914,349915,349917,349918,0,0,0,0
1787580980.5387719,5,1,-4,-1,3205,19581,26148,3236,349974,349975,349977,349978,0,0,0,0
1787580980.6355867,-2,-3,1,-1,3205,19580,26148,3237,350004,350005,350007,350008,0,0,0,0
1787580980.7469814,-2,-4,-1,-4,3205,19578,26147,3238,350034,350035,350037,350038,0,0,0,0
1787580980.7469814,0,3,-1,-3,3202,19582,26150,3235,350094,350095,350097,350098,0,0,0,0
1787580980.8376386,0,4,-1,1,3209,19577,26145,3241,350154,350155,350157,350158,0,0,0,0
1787580980.940806,3,-2,-3,-3,3211,19574,26142,3242,350214,350215,350217,350218,0,0,0,0
1787580981.0388942,-3,0,-2,3,3210,19577,26144,3240,350244,350245,350247,350248,0,0,0,0
1787580981.0565994,2,-5,3,1,3207,19578,26146,3238,350274,350275,350277,350278,0,0,0,0
1787580981.179408,-3,-3,0,-1,3209,19576,26143,3241,350334,350335,350337,350338,0,0,0,0
1787580981.193851,5,-3,1,1,3211,19574,26142,3244,350364,350365,350367,350368,0,0,0,0
1787580981.253544,-2,5,-5,2,3211,19574,26142,3243,350394,350395,350397,350398,0,0,0,0
1787580981.30429,5,-1,0,3,3210,19577,26144,3241,350424,350425,350427,350428,0,0,0,0
1787580981.450216,1,-3,0,-2,3208,19579,26146,3239,350514,350515,350517,350518,0,0,0,0
1787580981.657436,0,2,3,5,3208,19575,26144,3241,350574,350575,350577,350578,0,0,0,0
1787580981.6703615,-1,-4,1,0,3213,19573,26141,3244,350634,350635,350637,350638,0,0,0,0
1787580981.7751114,4,-3,0,-3,3207,19578,26146,3238,350694,350695,350697,350698,0,0,0,0
1787580981.8600972,-6,1,2,-1,3207,19578,26147,3238,350724,350725,350727,350728,0,0,0,0
1787580981.8782134,-3,3,-2,-1,3207,19577,26145,3239,350754,350755,350757,350758,0,0,0,0
1787580981.975751,-1,4,3,3,3209,19576,26145,3241,350784,350785,350787,350788,0,0,0,0
1787580981.976622,-2,-7,5,-3,3209,19576,26144,3240,350814,350815,350817,350818,0,0,0,0
1787580982.053343,-2,-5,-3,1,3208,19578,26146,3239,350874,350875,350877,350878,0,0,0,0
1787580982.1714237,3,0,3,1,3208,19577,26145,3239,350904,350905,350907,350908,0,0,0,0
1787580982.2750378,0,-6,-2,5,3210,19574,26143,3242,350994,350995,350997,350998,0,0,0,0
1787580982.4106383,0,1,2,7,3211,19573,26141,3244,351054,351055,351057,351058,0,0,0,0
1787580982.4106383,4,0,-2,1,3217,19570,26138,3248,351084,351085,351087,351088,0,0,0,0
1787580982.523557,0,-3,-5,0,3219,19566,26134,3250,351114,351115,351117,351118,0,0,0,0
1787580982.523557,1,-2,0,5,3219,19568,26135,3247,351144,351145,351147,351148,0,0,0,0
1787580982.6774228,0,2,3,2,3217,19570,26139,3245,351174,351175,351177,351178,0,0,0,0
1787580982.6835554,-3,-5,-4,0,3213,19572,26141,3244,351204,351205,351207,351208,0,0,0,0
1787580982.6915393,1,1,-4,0,3214,19575,26143,3242,351234,351235,351237,351238,0,0,0,0
1787580982.810386,3,-3,3,-2,3219,19568,26135,3249,351324,351325,351327,351328,0,0,0,0
1787580982.8930027,2,4,0,0,3218,19568,26136,3248,351354,351355,351357,351358,0,0,0,0
1787580982.975803,0,-4,-2,2,3215,19572,26140,3245,351414,351415,351417,351418,0,0,0,0
1787580983.086642,1,1,-1,3,3216,19570,26138,3247,351444,351445,351447,351448,0,0,0,0
1787580983.0939455,1,0,0,0,3218,19570,26138,3248,351474,351475,351477,351478,0,0,0,0
1787580983.289524,-1,-1,2,2,3215,19572,26141,3245,351534,351535,351537,351538,0,0,0,0
1787580983.2952468,0,1,3,-7,3216,19569,26138,3247,351594,351595,351597,351598,0,0,0,0
1787580983.4971764,-5,-1,6,-2,3211,19575,26144,3241,351714,351715,351717,351718,0,0,0,0
1787580983.504538,-3,-1,-1,4,3209,19572,26142,3242,351744,351745,351747,351748,0,0,0,0
1787580983.6228893,2,-1,-1,-1,3211,19574,26144,3242,351774,351775,351777,351778,0,0,0,0
1787580983.6228893,0,2,-1,-5,3198,19581,26155,3232,351804,351805,351807,351808,0,0,0,0
1787580983.6228893,2,-1,4,0,3154,19622,26204,3188,351834,351835,351837,351838,0,0,0,0
1787580983.7052414,3,0,-6,1,3108,19668,26249,3147,351864,351865,351867,351868,0,0,0,0
1787580983.8247075,2,0,1,6,3114,19662,26237,3160,351894,351895,351897,351898,0,0,0,0
1787580983.8300915,4,-6,-2,-6,3250,19530,26090,3286,351954,351955,351957,351958,0,0,0,0
1787580983.913056,1,-3,-2,-2,3304,19476,26033,3336,351984,351985,351987,351988,0,0,0,0
1787580983.96951,2,-2,-2,3,3360,19416,25973,3389,352014,352015,352017,352018,0,0,0,0
1787580984.018115,0,-4,-1,0,3408,19361,25921,3433,352044,352045,352047,352048,0,0,0,0
1787580984.0387158,4,-8,-2,0,3451,19303,25873,3472,352074,352075,352077,352078,0,0,0,0
1787580984.2320917,-2,1,-4,-3,3525,19218,25798,3537,352164,352165,352167,352168,0,0,0,0
1787580984.3174915,-2,0,3,-3,3514,19231,25809,3514,352194,352195,352197,352198,0,0,0,0
1787580984.3230166,-1,2,-4,2,3500,19248,25824,3489,352224,352225,352227,352228,0,0,0,0
1787580984.4474218,-1,-2,-8,0,3492,19258,25833,3483,352254,352255,352257,352258,0,0,0,0
1787580984.4477289,4,0,6,-1,3492,19256,25832,3484,352284,352285,352287,352288,0,0,0,0
1787580984.4477289,2,-3,5,1,3498,19249,25824,3490,352314,352315,352317,352318,0,0,0,0
1787580984.537518,1,-5,-2,-3,3505,19242,25819,3496,352344,352345,352347,352348,0,0,0,0
1787580984.6432998,-2,1,5,-2,3502,19244,25822,3493,352404,352405,352407,352408,0,0,0,0
1787580984.6432998,0,-6,-2,2,3501,19245,25821,3493,352434,352435,352437,352438,0,0,0,0
1787580984.7234762,-2,1,-1,-2,3502,19242,25820,3493,352464,352465,352467,352468,0,0,0,0
1787580984.8390546,-3,-2,1,-3,3500,19249,25824,3491,352524,352525,352527,352528,0,0,0,0
1787580984.934721,2,3,-5,-2,3498,19250,25826,3488,352554,352555,352557,352558,0,0,0,0
1787580984.934721,0,-1,1,0,3499,19251,25824,3490,352584,352585,352587,352588,0,0,0,0
1787580985.0534601,1,3,-1,2,3500,19244,25821,3493,352614,352615,352617,352618,0,0,0,0
1787580985.055652,0,-2,-1,-1,3503,19246,25820,3494,352644,352645,352647,352648,0,0,0,0
1787580985.1338935,2,1,-4,2,3501,19248,25824,3491,352674,352675,352677,352678,0,0,0,0
1787580985.275834,4,-2,0,-3,3476,19250,25833,3474,352734,352735,352737,352738,0,0,0,0
1787580985.275834,-4,-2,-2,0,3459,19267,25843,3455,352794,352795,352797,352798,0,0,0,0
1787580985.3434908,2,-3,5,1,3446,19258,25841,3451,352824,352825,352827,352828,0,0,0,0
1787580985.406063,1,-4,4,-1,3447,19260,25844,3448,352854,352855,352857,352858,0,0,0,0
1787580985.4134808,-6,1,5,2,3443,19262,25847,3446,352884,352885,352887,352888,0,0,0,0
1787580985.5452971,2,-3,-2,-4,3448,19268,25850,3450,352914,352915,352917,352918,0,0,0,0
1787580985.5517921,5,0,0,-2,3465,19274,25851,3463,352944,352945,352947,352948,0,0,0,0
1787580985.6640396,-2,-6,-3,2,3468,19261,25838,3469,352974,352975,352977,352978,0,0,0,0
1787580985.6703293,2,0,1,0,3472,19258,25834,3472,353034,353035,353037,353038,0,0,0,0
1787580985.7531044,0,0,3,-4,3469,19265,25841,3468,353064,353065,353067,353068,0,0,0,0
1787580985.7891574,2,4,11,-4,3466,19268,25843,3467,353094,353095,353097,353098,0,0,0,0
1787580985.9418907,0,0,-1,5,3473,19260,25836,3474,353184,353185,353187,353188,0,0,0,0
1787580985.955494,4,-1,3,1,3473,19258,25835,3473,353214,353215,353217,353218,0,0,0,0
1787580985.9966812,-11,-3,0,-1,3472,19263,25839,3471,353244,353245,353247,353248,0,0,0,0
1787580986.078129,-2,-3,-3,-2,3467,19265,25842,3468,353274,353275,353277,353278,0,0,0,0
1787580986.1537445,-3,-3,-7,2,3467,19274,25849,3460,353304,353305,353307,353308,0,0,0,0
1787580986.166361,-2,2,-7,1,3467,19272,25849,3464,353334,353335,353337,353338,0,0,0,0
1787580986.2934527,3,6,-4,1,3514,19223,25806,3508,353424,353425,353427,353428,0,0,0,0
1787580986.3675275,1,-4,-2,5,3542,19189,25773,3538,353454,353455,353457,353458,0,0,0,0
1787580986.4764256,-5,-2,0,1,3584,19141,25732,3574,353484,353485,353487,353488,0,0,0,0
1787580986.4764256,0,-1,-7,1,3615,19112,25707,3605,353514,353515,353517,353518,0,0,0,0
1787580986.4764256,-3,1,-1,0,3628,19104,25700,3610,353544,353545,353547,353548,0,0,0,0
1787580986.5729587,3,1,0,-3,3595,19142,25734,3574,353574,353575,353577,353578,0,0,0,0
1787580986.6844077,-6,4,-5,0,3538,19197,25785,3521,353604,353605,353607,353608,0,0,0,0
1787580986.6844077,1,0,-4,-1,3437,19305,25879,3433,353664,353665,353667,353668,0,0,0,0
1787580986.7750387,-1,-5,0,0,3425,19317,25888,3425,353694,353695,353697,353698,0,0,0,0
1787580986.822725,11,-6,3,11,3547,19352,25934,3586,353724,353725,353727,353728,0,0,0,0
1787580986.822725,34,-25,-20,46,4059,19045,25764,4410,353754,353755,353757,353758,0,0,0,0
1787580986.88869,101,-66,-60,119,5778,17979,24525,6258,353784,353785,353787,353788,0,0,0,0
1787580986.9736967,97,-95,-103,104,9313,15557,22184,9425,353814,353815,353817,353818,0,0,0,0
1787580986.989666,115,-96,-82,107,12031,12868,19495,12538,353844,353845,353847,353848,0,0,0,0
1787580987.0218952,103,-105,-110,140,15187,10147,16810,15843,353874,353875,353877,353878,0,0,0,0
1787580987.0858393,108,-105,-96,135,18516,7123,13852,19341,353904,353905,353907,353908,0,0,0,0
1787580987.1670842,121,-120,-107,130,21970,4166,10878,22962,353934,353935,353937,353938,0,0,0,0
1787580987.225738,132,-112,-78,129,25213,1226,8052,26218,353964,353965,353967,353968,0,0,0,0
1787580987.2327921,91,-82,-80,82,28143,31290,5557,28990,353994,353995,353997,353998,0,0,0,0
1787580987.331597,100,-72,-69,90,30867,28951,3239,31677,354024,354025,354027,354028,0,0,0,0
1787580987.386581,101,-66,-75,95,591,26829,1172,1310,354054,354055,354057,354058,0,0,0,0
1787580987.392307,97,-88,-91,93,3004,24776,31776,3763,354084,354085,354087,354088,0,0,0,0
1787580987.4564323,91,-91,-99,112,5568,22740,29616,6330,354114,354115,354117,354118,0,0,0,0
1787580987.5453389,100,-94,-100,92,8252,20442,27299,9089,354144,354145,354147,354148,0,0,0,0
1787580987.551757,118,-111,-103,104,11108,18030,24764,11857,354174,354175,354177,354178,0,0,0,0
1787580987.6568854,89,-97,-90,106,14084,15433,22060,14890,354204,354205,354207,354208,0,0,0,0
1787580987.7128966,120,-90,-86,136,17098,12776,19435,17896,354234,354235,354237,354238,0,0,0,0
1787580987.7128966,103,-98,-97,97,20032,10115,16858,20917,354264,354265,354267,354268,0,0,0,0
1787580987.7737708,96,-91,-93,114,23084,7589,14350,23869,354294,354295,354297,354298,0,0,0,0
1787580987.8297434,79,-90,-90,87,25812,5148,11829,26676,354324,354325,354327,354328,0,0,0,0
1787580987.8792064,109,-77,-93,112,28511,2810,9607,29440,354354,354355,354357,354358,0,0,0,0
1787580987.9348826,95,-88,-103,93,31164,523,7301,32083,354384,354385,354387,354388,0,0,0,0
1787580987.9900155,91,-98,-98,108,897,30825,4842,1795,354414,354415,354417,354418,0,0,0,0
1787580988.0441248,95,-94,-85,75,3428,28368,2222,4318,354444,354445,354447,354448,0,0,0,0
1787580988.0441248,112,-81,-96,91,6105,25862,32409,6944,354474,354475,354477,354478,0,0,0,0
1787580988.1084843,112,-90,-113,111,8873,23284,29712,9608,354504,354505,354507,354508,0,0,0,0
1787580988.1930351,94,-108,-102,93,11577,20508,27018,12393,354534,354535,354537,354538,0,0,0,0
1787580988.2042117,91,-102,-87,88,14245,17853,24273,15174,354564,354565,354567,354568,0,0,0,0
1787580988.2921789,113,-91,-101,107,16962,15182,21583,17797,354594,354595,354597,354598,0,0,0,0
1787580988.3406575,95,-98,-98,97,19494,12486,18835,20243,354624,354625,354627,354628,0,0,0,0
1787580988.3731177,84,-108,-91,102,22042,9860,16136,22558,354654,354655,354657,354658,0,0,0,0
1787580988.4378862,73,-82,-106,89,24486,7097,13208,24872,354684,354685,354687,354688,0,0,0,0
1787580988.4859893,95,-89,-79,93,26983,4427,10486,27282,354714,354715,354717,354718,0,0,0,0
1787580988.536368,83,-107,-88,108,29373,1816,7868,29747,354744,354745,354747,354748,0,0,0,0
1787580988.5858781,96,-116,-108,99,31785,31843,5157,32135,354774,354775,354777,354778,0,0,0,0
1787580988.650134,101,-90,-92,99,1471,28957,2234,1831,354804,354805,354807,354808,0,0,0,0
1787580988.6765828,93,-93,-97,78,6504,23346,29243,6755,354864,354865,354867,354868,0,0,0,0
1787580988.7967548,83,-95,-73,73,9080,20767,26663,9254,354894,354895,354897,354898,0,0,0,0
1787580988.8031561,84,-63,-42,44,11190,18431,24578,11355,354924,354925,354927,354928,0,0,0,0
1787580988.9964678,47,-26,-46,22,12768,17017,23611,12109,354954,354955,354957,354958,0,0,0,0
1787580988.9964678,42,27,-18,23,13535,16993,23054,12939,354984,354985,354987,354988,0,0,0,0
1787580988.9964678,7,-9,-10,-27,14246,17067,22528,12849,355014,355015,355017,355018,0,0,0,0
1787580989.01632,-6,-8,1,-2,14324,16770,22390,12598,355044,355045,355047,355048,0,0,0,0
1787580989.119767,-5,-3,-3,-2,14314,16800,22462,12572,355074,355075,355077,355078,0,0,0,0
1787580989.1242304,0,-1,3,-5,14348,16810,22452,12588,355104,355105,355107,355108,0,0,0,0
1787580989.1242304,-1,-4,-1,4,14382,16762,22405,12618,355134,355135,355137,355138,0,0,0,0
1787580989.2319198,0,1,-5,3,14452,16669,22320,12674,355194,355195,355197,355198,0,0,0,0
1787580989.4407372,-2,1,1,-5,14464,16674,22326,12667,355254,355255,355257,355258,0,0,0,0
1787580989.4545999,0,-1,-2,-2,14435,16707,22359,12643,355284,355285,355287,355288,0,0,0,0
1787580989.552526,20,-2,-4,-1,14415,16728,22377,12627,355314,355315,355317,355318,0,0,0,0
1787580989.565444,0,1,-1,-2,14412,16728,22377,12629,355374,355375,355377,355378,0,0,0,0
1787580989.5729535,3,1,-1,1,14417,16718,22368,12635,355404,355405,355407,355408,0,0,0,0
1787580989.655161,0,1,-6,2,14422,16713,22363,12639,355434,355435,355437,355438,0,0,0,0
1787580989.6840801,-1,1,2,0,14423,16711,22362,12639,355464,355465,355467,355468,0,0,0,0
1787580989.850375,-82,-77,-88,-94,13834,15910,21515,11820,355494,355495,355497,355498,0,0,0,0
1787580989.850375,-45,-66,-72,-65,11367,13657,19350,9281,355524,355525,355527,355528,0,0,0,0
1787580989.850375,-63,-65,-69,-64,9424,11736,17176,7293,355554,355555,355557,355558,0,0,0,0
1787580989.9695852,-72,-70,-86,-61,5770,7717,13194,3405,355614,355615,355617,355618,0,0,0,0
1787580990.0123925,-83,-85,-76,-95,3749,5687,11114,1428,355644,355645,355647,355648,0,0,0,0
1787580990.0286343,-85,-85,-74,-75,1689,3618,8981,32229,355674,355675,355677,355678,0,0,0,0
1787580990.1446805,-88,-86,-77,-77,32400,1476,6920,30092,355704,355705,355707,355708,0,0,0,0
1787580990.1446805,-80,-84,-90,-70,30160,32234,4872,27883,355734,355735,355737,355738,0,0,0,0
1787580990.259359,-66,-75,-75,-91,28005,30180,2786,25794,355764,355765,355767,355768,0,0,0,0
1787580990.4618502,-91,-80,-73,-76,21555,23612,29059,19357,355854,355855,355857,355858,0,0,0,0
1787580990.4618502,-80,-82,-72,-67,19528,21477,26897,17238,355884,355885,355887,355888,0,0,0,0
1787580990.4748702,-70,-78,-86,-78,17415,19441,24664,15051,355914,355915,355917,355918,0,0,0,0
1787580990.5728974,-23,-31,-24,-29,14691,16755,22016,12431,355974,355975,355977,355978,0,0,0,0
1787580990.669538,-15,-15,-25,-18,14093,16175,21389,11689,356004,356005,356007,356008,0,0,0,0
1787580990.669538,-16,-10,-11,-8,13690,15846,20966,11301,356034,356035,356037,356038,0,0,0,0
1787580990.7946362,0,-4,3,-3,13502,15826,20921,11142,356094,356095,356097,356098,0,0,0,0
1787580990.8773913,-5,3,3,1,13452,15854,20948,11099,356154,356155,356157,356158,0,0,0,0
1787580990.9912312,2,1,-3,-1,13432,15869,20961,11083,356214,356215,356217,356218,0,0,0,0
1787580991.0356941,-2,1,2,3,13426,15869,20961,11080,356244,356245,356247,356248,0,0,0,0
1787580991.08387,1,-2,-2,1,13426,15871,20962,11081,356274,356275,356277,356278,0,0,0,0
1787580991.1163204,1,-3,-3,2,13427,15869,20960,11082,356304,356305,356307,356308,0,0,0,0
1787580991.276933,-2,-2,-4,-6,13429,15869,20959,11082,356394,356395,356397,356398,0,0,0,0
1787580991.3892267,0,-2,-2,-1,13431,15875,20964,11084,356484,356485,356487,356488,0,0,0,0
1787580991.48793,3,-5,-1,0,13425,15875,20963,11079,356544,356545,356547,356548,0,0,0,0
1787580991.5978713,-2,-6,3,-1,13424,15873,20963,11079,356604,356605,356607,356608,0,0,0,0
1787580991.6553051,1,1,-1,-2,13426,15873,20963,11081,356634,356635,356637,356638,0,0,0,0
1787580991.7186694,4,-17,-2,4,13502,15800,20905,11166,356664,356665,356667,356668,0,0,0,0
1787580991.7449515,37,-50,-39,20,14041,15165,20443,11664,356694,356695,356697,356698,0,0,0,0
1787580991.793387,71,-113,-108,100,16291,12900,18901,13375,356724,356725,356727,356728,0,0,0,0
1787580991.8737445,96,-108,-130,103,19167,9831,15719,16454,356754,356755,356757,356758,0,0,0,0
1787580991.9056957,120,-94,-87,103,21702,7104,12643,19458,356784,356785,356787,356788,0,0,0,0
1787580991.9377687,105,-118,-124,125,24638,4197,9697,22417,356814,356815,356817,356818,0,0,0,0
1787580991.9863563,101,-104,-136,107,27835,1062,6435,25667,356844,356845,356847,356848,0,0,0,0
1787580992.0503418,119,-113,-93,93,30963,30770,3176,28851,356874,356875,356877,356878,0,0,0,0
1787580992.1166737,93,-95,-105,99,1122,27815,310,31734,356904,356905,356907,356908,0,0,0,0
1787580992.180863,104,-93,-84,107,3775,25264,30510,1534,356934,356935,356937,356938,0,0,0,0
1787580992.197025,86,-81,-83,86,6025,23078,28316,3863,356964,356965,356967,356968,0,0,0,0
1787580992.2577448,77,-81,-86,85,8214,20849,26050,6051,356994,356995,356997,356998,0,0,0,0
1787580992.3501852,106,-95,-100,110,13152,15983,21188,10972,357054,357055,357057,357058,0,0,0,0
1787580992.4069269,110,-109,-93,90,15847,13309,18539,13693,357084,357085,357087,357088,0,0,0,0
1787580992.4741337,81,-102,-120,101,18604,10482,15602,16469,357114,357115,357117,357118,0,0,0,0
1787580992.495382,106,-110,-109,93,21344,7591,12672,19439,357144,357145,357147,357148,0,0,0,0
1787580992.5925841,97,-117,-101,73,26552,1832,6859,24459,357204,357205,357207,357208,0,0,0,0
1787580992.6963446,79,-105,-94,77,28994,31932,4146,26799,357234,357235,357237,357238,0,0,0,0
1787580992.717608,68,-94,-76,64,31009,29686,2062,28746,357264,357265,357267,357268,0,0,0,0
1787580992.7453485,29,-125,-187,23,32564,26749,32153,30111,357294,357295,357297,357298,0,0,0,0
1787580992.8211622,5,-240,-184,6,309,21357,26273,30509,357324,357325,357327,357328,0,0,0,0
1787580992.8568919,8,-133,-90,5,424,16268,21641,30598,357354,357355,357357,357358,0,0,0,0
1787580992.9195423,38,-176,-151,22,1108,12249,18394,30900,357384,357385,357387,357388,0,0,0,0
1787580992.962854,18,-198,-181,9,1878,7227,12647,31310,357414,357415,357417,357418,0,0,0,0
1787580993.0374825,1,-181,-195,-9,2136,1904,7146,31340,357444,357445,357447,357448,0,0,0,0
1787580993.0427856,-6,-170,-147,-11,2083,30048,2812,31128,357474,357475,357477,357478,0,0,0,0
1787580993.1236978,1,-173,-164,-17,1988,25401,31026,30807,357504,357505,357507,357508,0,0,0,0
1787580993.1717818,-3,-166,-167,-20,1899,20712,26115,30451,357534,357535,357537,357538,0,0,0,0
1787580993.2201908,4,-154,-160,-16,1838,16007,21464,30135,357564,357565,357567,357568,0,0,0,0
1787580993.2929459,5,-179,-182,-12,1804,11161,16923,29806,357594,357595,357597,357598,0,0,0,0
1787580993.300395,-3,-204,-206,-21,1760,6318,11975,29443,357624,357625,357627,357628,0,0,0,0
1787580993.3493912,-9,-215,-220,-15,1671,1289,7060,29075,357654,357655,357657,357658,0,0,0,0
1787580993.4141512,-1,-173,-150,-12,1526,29289,2108,28756,357684,357685,357687,357688,0,0,0,0
1787580993.4784265,-7,-147,-178,-18,1424,24421,30171,28376,357714,357715,357717,357718,0,0,0,0
1787580993.526342,-1,-153,-204,-10,1316,19765,25152,28005,357744,357745,357747,357748,0,0,0,0
1787580993.5424402,9,-157,-203,-13,1213,15087,20390,27653,357774,357775,357777,357778,0,0,0,0
1787580993.6709666,-3,-154,-190,-12,1123,10359,15718,27256,357804,357805,357807,357808,0,0,0,0
1787580993.6866765,-4,-179,-197,-15,1022,5289,10753,26918,357834,357835,357837,357838,0,0,0,0
1787580993.7392933,0,-183,-142,-17,906,494,5760,26591,357864,357865,357867,357868,0,0,0,0
1787580993.7924464,-4,-199,-172,-21,837,28412,1242,26181,357894,357895,357897,357898,0,0,0,0
1787580993.81808,-7,-191,-153,-14,781,23617,29058,25806,357924,357925,357927,357928,0,0,0,0
1787580993.876794,-11,-186,-210,-5,616,19148,23907,25525,357954,357955,357957,357958,0,0,0,0
1787580993.9398298,-14,-158,-217,-3,193,13872,17930,25383,357984,357985,357987,357988,0,0,0,0
1787580993.9725947,-16,-218,-164,-8,32466,8126,12727,25328,358014,358015,358017,358018,0,0,0,0
1787580994.040387,32,-155,-143,-2,32604,2491,8127,25152,358044,358045,358047,358048,0,0,0,0
1787580994.100878,47,-108,-142,30,1225,31484,4237,25511,358074,358075,358077,358078,0,0,0,0
1787580994.1169071,38,-134,-125,66,2526,27832,780,26937,358104,358105,358107,358108,0,0,0,0
1787580994.1718407,71,-160,-156,61,4021,23717,29569,29048,358134,358135,358137,358138,0,0,0,0
1787580994.2521203,70,-123,-86,56,5666,20292,26419,30991,358164,358165,358167,358168,0,0,0,0
1787580994.2674603,81,-76,-125,118,7843,17387,23200,411,358194,358195,358197,358198,0,0,0,0
1787580994.4131184,50,-114,-93,95,10448,11267,16146,5068,358254,358255,358257,358258,0,0,0,0
1787580994.4755747,121,-104,-86,81,14618,4562,10289,9531,358314,358315,358317,358318,0,0,0,0
1787580994.4949098,109,-107,-128,68,17649,1700,7316,11721,358344,358345,358347,358348,0,0,0,0
1787580994.5549142,89,-102,-99,66,20340,31831,4541,13964,358374,358375,358377,358378,0,0,0,0
1787580994.6038513,100,-103,-105,82,22869,29301,1886,16374,358404,358405,358407,358408,0,0,0,0
1787580994.6515768,87,-93,-123,104,25461,26622,31777,18968,358434,358435,358437,358438,0,0,0,0
1787580994.74222,87,-113,-110,84,28120,23700,28815,21748,358464,358465,358467,358468,0,0,0,0
1787580994.752146,111,-111,-119,83,31014,20740,25696,24351,358494,358495,358497,358498,0,0,0,0
1787580994.7850564,87,-114,-123,85,969,17664,22423,26905,358524,358525,358527,358528,0,0,0,0
1787580994.8749497,91,-101,-96,92,3505,14910,19599,29331,358554,358555,358557,358558,0,0,0,0
1787580994.900526,84,-104,-111,84,5933,12181,16959,31685,358584,358585,358587,358588,0,0,0,0
1787580994.9656935,81,-96,-104,76,8220,9555,14301,1127,358614,358615,358617,358618,0,0,0,0
1787580995.0150383,75,-90,-94,76,10466,6873,11553,3443,358644,358645,358647,358648,0,0,0,0
1787580995.0381453,83,-93,-93,97,12847,4252,8961,5952,358674,358675,358677,358678,0,0,0,0
1787580995.0944855,96,-114,-100,120,15377,1628,6364,8600,358704,358705,358707,358708,0,0,0,0
1787580995.175234,100,-99,-100,98,18048,31653,3632,11328,358734,358735,358737,358738,0,0,0,0
1787580995.224037,89,-92,-95,88,20684,28836,985,13982,358764,358765,358767,358768,0,0,0,0
1787580995.224037,80,-106,-101,102,23344,26134,30911,16677,358794,358795,358797,358798,0,0,0,0
1787580995.299021,95,-89,-94,91,26005,23423,28224,19438,358824,358825,358827,358828,0,0,0,0
1787580995.406088,98,-89,-85,81,28784,20832,25668,22099,358854,358855,358857,358858,0,0,0,0
1787580995.4184484,82,-91,-109,86,31316,18312,23127,24683,358884,358885,358887,358888,0,0,0,0
1787580995.4739764,78,-102,-101,101,1056,15666,20494,27253,358914,358915,358917,358918,0,0,0,0
1787580995.5325396,85,-90,-101,115,3521,13128,18001,29752,358944,358945,358947,358948,0,0,0,0
1787580995.5484743,90,-91,-105,86,6000,10686,15617,32199,358974,358975,358977,358978,0,0,0,0
1787580995.6170807,102,-102,-84,82,8409,8158,13352,1804,359004,359005,359007,359008,0,0,0,0
1787580995.7172625,111,-127,-39,32,11379,4947,11944,3362,359034,359035,359037,359038,0,0,0,0
1787580995.7172625,23,-133,-80,22,13327,1797,10446,4253,359064,359065,359067,359068,0,0,0,0
1787580995.7915041,-30,10,-33,-22,12771,31232,5150,3812,359124,359125,359127,359128,0,0,0,0
1787580995.9041688,-17,1,3,-6,11942,31573,5698,3087,359184,359185,359187,359188,0,0,0,0
1787580995.9864523,4,-8,-7,3,11926,31436,5551,3031,359214,359215,359217,359218,0,0,0,0
1787580995.9864523,0,-11,-14,-1,11952,31174,5198,3056,359244,359245,359247,359248,0,0,0,0
1787580996.0833256,-1,6,3,-7,11964,31111,5002,3004,359274,359275,359277,359278,0,0,0,0
1787580996.0991774,-7,7,15,-12,11814,31241,5169,2825,359304,359305,359307,359308,0,0,0,0
1787580996.1964018,-9,11,7,-9,11319,31629,5620,2332,359364,359365,359367,359368,0,0,0,0
1787580996.4040902,-5,3,7,-8,10718,32128,6038,1792,359454,359455,359457,359458,0,0,0,0
1787580996.4040902,-9,-1,1,-10,10499,32218,6174,1573,359484,359485,359487,359488,0,0,0,0
1787580996.5182374,-8,4,50,-11,10165,32450,6479,1175,359544,359545,359547,359548,0,0,0,0
1787580996.606075,-4,-9,-25,20,9894,32446,6463,1320,359574,359575,359577,359578,0,0,0,0
1787580996.606075,-29,-10,44,-25,9444,32222,5714,1608,359604,359605,359607,359608,0,0,0,0
1787580996.7195842,23,-5,40,-46,9073,32392,7511,312,359664,359665,359667,359668,0,0,0,0
1787580996.814328,-62,-63,-94,-43,7984,31033,6085,30740,359724,359725,359727,359728,0,0,0,0
1787580997.0106342,-70,-73,-95,-80,2174,25118,32226,26326,359814,359815,359817,359818,0,0,0,0
1787580997.0746112,-66,-73,-65,-68,148,23120,30422,24293,359844,359845,359847,359848,0,0,0,0
1787580997.0904627,-80,-78,-64,-64,30827,21082,28764,22012,359874,359875,359877,359878,0,0,0,0
1787580997.1265097,-64,-46,-71,-66,28839,19262,26273,19776,359904,359905,359907,359908,0,0,0,0
1787580997.2391388,-46,-57,-10,-38,26152,17243,24200,16646,359964,359965,359967,359968,0,0,0,0
1787580997.3357718,-38,-7,20,-26,25167,16249,23911,15862,359994,359995,359997,359998,0,0,0,0
1787580997.34175,-29,-1,4,-21,24325,16274,24240,15184,360024,360025,360027,360028,0,0,0,0
1787580997.4322145,-16,-6,-6,-15,23700,16135,24209,14808,360054,360055,360057,360058,0,0,0,0
1787580997.4322145,-5,-10,-10,-4,23444,15900,24039,14611,360084,360085,360087,360088,0,0,0,0
1787580997.5499237,-4,-9,29,-3,23249,15643,23874,14442,360144,360145,360147,360148,0,0,0,0
1787580997.6263957,-2,-9,-3,-2,23155,15551,23805,14349,360174,360175,360177,360178,0,0,0,0
1787580997.633372,0,-3,2,-3,23058,15471,23749,14270,360204,360205,360207,360208,0,0,0,0
1787580997.7447796,1,1,-7,1,22981,15390,23682,14208,360264,360265,360267,360268,0,0,0,0
1787580997.8346636,-1,-2,-5,-3,22980,15361,23652,14205,360294,360295,360297,360298,0,0,0,0
1787580997.9472253,-6,-3,-2,-1,23003,15299,23574,14229,360354,360355,360357,360358,0,0,0,0
1787580997.9531968,-2,-2,-5,-4,23055,15226,23493,14281,360414,360415,360417,360418,0,0,0,0
1787580998.0303314,1,-4,-4,-1,23082,15195,23450,14306,360444,360445,360447,360448,0,0,0,0
1787580998.0804372,1,-4,-4,-1,23082,15195,23450,14306,360444,360445,360447,360448,0,0,0,0
1787580998.0963757,-2,1,4,-2,23124,15139,23385,14347,360504,360505,360507,360508,0,0,0,0
1787580998.145163,0,-2,-2,-3,23138,15116,23356,14356,360534,360535,360537,360538,0,0,0,0
1787580998.2465189,-3,1,-2,4,23149,15097,23337,14372,360564,360565,360567,360568,0,0,0,0
1787580998.2582178,-2,-4,-1,2,23161,15087,23322,14382,360594,360595,360597,360598,0,0,0,0
1787580998.365481,-1,-2,-1,-2,23187,15091,23314,14399,360624,360625,360627,360628,0,0,0,0
1787580998.365481,-3,-1,-1,-3,23195,15079,23302,14415,360654,360655,360657,360658,0,0,0,0
1787580998.4426143,4,-1,-3,2,23206,15064,23288,14427,360684,360685,360687,360688,0,0,0,0
1787580998.4426143,-3,-2,-4,-2,23219,15059,23282,14441,360714,360715,360717,360718,0,0,0,0
1787580998.5715833,-1,1,0,-2,23220,15052,23276,14443,360744,360745,360747,360748,0,0,0,0
1787580998.5974824,0,3,4,4,23229,15043,23267,14455,360804,360805,360807,360808,0,0,0,0
1787580998.6540976,0,3,-4,-1,23234,15039,23263,14461,360834,360835,360837,360838,0,0,0,0
1787580998.7668502,-4,3,-2,3,23240,15034,23259,14467,360864,360865,360867,360868,0,0,0,0
1787580998.7668502,6,-2,-2,0,23246,15029,23252,14475,360894,360895,360897,360898,0,0,0,0
1787580998.798361,4,-1,-7,-2,23253,15018,23242,14485,360924,360925,360927,360928,0,0,0,0
1787580998.869525,0,2,1,-1,23265,15007,23231,14501,360954,360955,360957,360958,0,0,0,0
1787580998.9273362,1,-5,-3,9,23276,14990,23213,14519,360984,360985,360987,360988,0,0,0,0
1787580999.0544634,-4,-4,-4,1,23293,14969,23193,14543,361014,361015,361017,361018,0,0,0,0
1787580999.0705168,3,5,2,2,23340,14926,23142,14600,361074,361075,361077,361078,0,0,0,0
1787580999.0862818,1,-1,-4,0,23367,14893,23108,14636,361104,361105,361107,361108,0,0,0,0
1787580999.1810176,2,1,-3,2,23402,14857,23069,14678,361134,361135,361137,361138,0,0,0,0
1787580999.1968765,2,-2,1,1,23440,14818,23026,14721,361164,361165,361167,361168,0,0,0,0
1787580999.2775967,-1,-4,10,-1,23479,14778,22983,14762,361194,361195,361197,361198,0,0,0,0
1787580999.3717868,0,-2,-3,-4,23515,14744,22947,14797,361224,361225,361227,361228,0,0,0,0
1787581047.195501,4,-3,1,-5,17877,13449,5394,27491,389904,389905,389907,389908,0,0,0,0
1787581047.195501,-4,-3,6,2,17876,13450,5394,27490,389934,389935,389937,389938,0,0,0,0
1787581047.391786,-1,2,1,1,17878,13448,5393,27492,389964,389965,389967,389968,0,0,0,0
1787581047.407977,1,35,2,-3,17875,13452,5395,27488,390054,390055,390057,390058,0,0,0,0
1787581047.407977,0,1,-4,1,17874,13452,5396,27487,390084,390085,390087,390088,0,0,0,0
1787581047.534617,-1,1,1,1,17875,13450,5395,27489,390114,390115,390117,390118,0,0,0,0
1787581047.615061,-2,5,3,3,17875,13450,5394,27490,390204,390205,390207,390208,0,0,0,0
1787581047.7062135,-2,2,4,-4,17876,13450,5395,27490,390234,390235,390237,390238,0,0,0,0
1787581047.7268865,-4,1,-1,3,17877,13449,5394,27491,390294,390295,390297,390298,0,0,0,0
1787581047.8146174,-1,-1,-2,-1,17876,13449,5394,27490,390324,390325,390327,390328,0,0,0,0
1787581047.8503232,7,2,-3,-2,17876,13451,5394,27490,390354,390355,390357,390358,0,0,0,0
1787581048.0030694,-4,3,2,0,17876,13450,5395,27489,390384,390385,390387,390388,0,0,0,0
1787581048.0083115,-1,-1,-2,-1,17876,13451,5395,27489,390414,390415,390417,390418,0,0,0,0
1787581048.0153437,-1,3,-1,1,17874,13451,5396,27487,390444,390445,390447,390448,0,0,0,0
1787581048.1336896,-3,5,-1,2,17876,13449,5394,27490,390504,390505,390507,390508,0,0,0,0
1787581048.2163112,-5,0,-2,1,17877,13448,5393,27491,390534,390535,390537,390538,0,0,0,0
1787581048.2312775,-1,3,-1,2,17876,13450,5394,27489,390564,390565,390567,390568,0,0,0,0
1787581048.327755,1,4,5,0,17874,13452,5396,27488,390594,390595,390597,390598,0,0,0,0
1787581048.3348017,-2,1,0,-3,17873,13452,5396,27488,390624,390625,390627,390628,0,0,0,0
1787581048.4182448,4,-4,4,-6,17875,13450,5395,27489,390654,390655,390657,390658,0,0,0,0
1787581048.4324512,-7,6,-1,-1,17877,13449,5393,27491,390684,390685,390687,390688,0,0,0,0
1787581048.530066,-1,2,-1,0,17877,13449,5395,27491,390714,390715,390717,390718,0,0,0,0
1787581048.5369916,-1,1,1,1,17875,13451,5396,27488,390744,390745,390747,390748,0,0,0,0
1787581048.625563,4,0,-2,-1,17873,13453,5397,27487,390774,390775,390777,390778,0,0,0,0
1787581048.6371317,-1,1,1,0,17873,13452,5397,27487,390804,390805,390807,390808,0,0,0,0
1787581048.750653,-1,-4,-5,-1,17875,13450,5395,27489,390834,390835,390837,390838,0,0,0,0
1787581048.750653,1,1,0,2,17877,13449,5394,27491,390894,390895,390897,390898,0,0,0,0
1787581048.8297544,3,1,-3,-2,17877,13450,5394,27491,390924,390925,390927,390928,0,0,0,0
1787581048.8935645,-5,-3,-4,0,17876,13449,5394,27490,390954,390955,390957,390958,0,0,0,0
1787581049.0064638,-3,-5,1,-2,17877,13450,5394,27491,390984,390985,390987,390988,0,0,0,0
1787581049.0064638,-5,0,-15,-3,17876,13449,5395,27490,391044,391045,391047,391048,0,0,0,0
1787581049.133363,1,-1,-2,-2,17876,13450,5395,27489,391074,391075,391077,391078,0,0,0,0
1787581049.1493788,3,0,5,-2,17875,13451,5396,27488,391104,391105,391107,391108,0,0,0,0
1787581049.1971183,-1,-5,-1,-3,17874,13452,5397,27487,391134,391135,391137,391138,0,0,0,0
1787581049.2155402,-3,1,1,-4,17875,13451,5396,27488,391164,391165,391167,391168,0,0,0,0
1787581049.3308601,3,-3,0,1,17878,13447,5392,27493,391194,391195,391197,391198,0,0,0,0
1787581049.3353705,-4,-2,7,-11,17879,13457,5412,27459,391224,391225,391227,391228,0,0,0,0
1787581049.4442022,1,-5,-14,0,17865,13454,5417,27476,391284,391285,391287,391288,0,0,0,0
1787581049.5564513,3,-3,-5,3,17891,13442,5405,27489,391314,391315,391317,391318,0,0,0,0
1787581049.5564513,-2,-3,-3,-1,17889,13447,5405,27484,391374,391375,391377,391378,0,0,0,0
1787581049.6463437,3,1,-1,0,17878,13455,5414,27475,391404,391405,391407,391408,0,0,0,0
1787581049.7311423,-3,-1,-2,-1,17869,13464,5420,27464,391434,391435,391437,391438,0,0,0,0
1787581049.7375746,-8,-3,-5,3,17867,13466,5421,27463,391464,391465,391467,391468,0,0,0,0
1787581049.855377,1,-4,-6,-2,17882,13453,5408,27479,391554,391555,391557,391558,0,0,0,0
1787581050.0165355,-2,1,-1,0,17883,13453,5407,27479,391614,391615,391617,391618,0,0,0,0
1787581050.0293767,3,2,1,1,17873,13462,5416,27467,391674,391675,391677,391678,0,0,0,0
1787581050.1387773,-4,-2,-3,0,17872,13463,5417,27467,391704,391705,391707,391708,0,0,0,0
1787581050.2658296,-2,0,2,1,17879,13455,5410,27475,391794,391795,391797,391798,0,0,0,0
1787581050.3840246,-1,4,0,-1,17877,13457,5411,27473,391824,391825,391827,391828,0,0,0,0
1787581050.3895743,4,-7,-2,2,17877,13458,5412,27473,391854,391855,391857,391858,0,0,0,0
1787581050.3970983,3,0,-4,4,17876,13458,5412,27474,391884,391885,391887,391888,0,0,0,0
1787581050.4733338,-1,-2,-2,1,17877,13458,5412,27472,391914,391915,391917,391918,0,0,0,0
1787581050.572508,-2,-2,-1,-4,17876,13459,5413,27472,391944,391945,391947,391948,0,0,0,0
1787581050.572508,5,-5,3,-4,17875,13458,5413,27471,391974,391975,391977,391978,0,0,0,0
1787581050.5886233,2,0,-1,5,17877,13457,5412,27472,392004,392005,392007,392008,0,0,0,0
1787581050.6714945,-3,1,5,-2,17876,13457,5412,27472,392034,392035,392037,392038,0,0,0,0
1787581050.7161267,0,2,-1,1,17876,13459,5412,27471,392064,392065,392067,392068,0,0,0,0
1787581050.874919,-1,2,-3,-2,17873,13461,5415,27469,392124,392125,392127,392128,0,0,0,0
1787581050.8909323,-1,2,-2,-1,17874,13460,5413,27470,392154,392155,392157,392158,0,0,0,0
1787581050.981727,-1,5,-3,-2,17876,13457,5412,27472,392184,392185,392187,392188,0,0,0,0
1787581050.9977846,0,-4,3,6,17876,13459,5413,27471,392214,392215,392217,392218,0,0,0,0
1787581051.014277,-3,2,-4,0,17875,13460,5414,27469,392244,392245,392247,392248,0,0,0,0
1787581051.0783195,-5,2,2,-1,17874,13461,5415,27469,392274,392275,392277,392278,0,0,0,0
1787581051.1264446,3,-3,1,-1,17875,13460,5414,27470,392304,392305,392307,392308,0,0,0,0
1787581051.2844708,1,-2,-1,3,17878,13457,5412,27473,392394,392395,392397,392398,0,0,0,0
1787581051.482561,0,-2,-3,2,17878,13458,5412,27472,392424,392425,392427,392428,0,0,0,0
1787581051.482561,3,-4,0,1,17877,13459,5413,27474,392454,392455,392457,392458,0,0,0,0
1787581051.482561,-1,5,0,0,17878,13457,5411,27473,392484,392485,392487,392488,0,0,0,0
1787581051.482561,-2,-3,3,-3,17879,13458,5413,27474,392514,392515,392517,392518,0,0,0,0
1787581051.604666,-5,2,1,1,17876,13460,5414,27470,392544,392545,392547,392548,0,0,0,0
1787581051.604666,3,4,-2,-1,17875,13460,5416,27470,392574,392575,392577,392578,0,0,0,0
1787581051.6114926,2,2,-4,7,17876,13458,5413,27471,392604,392605,392607,392608,0,0,0,0
1787581051.6971734,-6,0,-2,4,17878,13456,5411,27475,392634,392635,392637,392638,0,0,0,0
1787581051.7065697,3,2,-2,1,17882,13454,5409,27478,392664,392665,392667,392668,0,0,0,0
1787581051.902382,3,2,0,-1,17876,13459,5413,27471,392754,392755,392757,392758,0,0,0,0
1787581051.9344869,-3,-1,2,2,17873,13463,5418,27467,392784,392785,392787,392788,0,0,0,0
1787581052.1064112,-4,-5,3,-2,17874,13460,5414,27471,392844,392845,392847,392848,0,0,0,0
1787581052.1064112,4,-2,-1,-2,17878,13455,5411,27475,392874,392875,392877,392878,0,0,0,0
1787581052.216512,1,-4,-1,-1,17875,13459,5414,27470,392964,392965,392967,392968,0,0,0,0
1787581052.3130047,3,-3,4,5,17873,13461,5416,27468,392994,392995,392997,392998,0,0,0,0
1787581052.3153944,7,-1,0,1,17874,13460,5413,27470,393024,393025,393027,393028,0,0,0,0
1787581052.3534622,1,0,-1,-1,17878,13457,5411,27475,393054,393055,393057,393058,0,0,0,0
1787581052.5150092,-1,3,2,-2,17878,13455,5411,27475,393114,393115,393117,393118,0,0,0,0
1787581052.6274314,4,1,-1,-1,17875,13459,5413,27471,393144,393145,393147,393148,0,0,0,0
1787581052.6274314,-1,-3,-2,-2,17873,13460,5415,27469,393204,393205,393207,393208,0,0,0,0
1787581052.7233965,-5,-1,-1,1,17876,13459,5413,27473,393234,393235,393237,393238,0,0,0,0
1787581052.7368398,0,-5,-2,0,17877,13455,5410,27475,393264,393265,393267,393268,0,0,0,0
1787581052.8357754,1,3,-2,-2,17879,13454,5410,27476,393294,393295,393297,393298,0,0,0,0
1787581052.8493934,2,1,-2,2,17876,13458,5412,27473,393354,393355,393357,393358,0,0,0,0
1787581052.931958,0,0,-2,-4,17877,13457,5411,27474,393384,393385,393387,393388,0,0,0,0
1787581052.953216,-2,2,-2,0,17878,13456,5411,27475,393414,393415,393417,393418,0,0,0,0
1787581053.0357573,3,3,2,4,17877,13458,5411,27472,393444,393445,393447,393448,0,0,0,0
1787581053.121636,-1,-7,0,-2,17876,13458,5413,27471,393474,393475,393477,393478,0,0,0,0
1787581053.121636,3,-5,-1,0,17874,13461,5415,27468,393504,393505,393507,393508,0,0,0,0
1787581053.1373312,1,3,-3,1,17871,13462,5417,27466,393534,393535,393537,393538,0,0,0,0
1787581053.3278596,-2,5,-1,-5,17862,13471,5425,27456,393594,393595,393597,393598,0,0,0,0
1787581053.4409182,0,-2,3,-6,17821,13514,5470,27400,393624,393625,393627,393628,0,0,0,0
1787581053.4518495,0,1,-1,-6,17750,13581,5528,27324,393654,393655,393657,393658,0,0,0,0
1787581053.4518495,0,-2,1,0,17721,13606,5548,27303,393684,393685,393687,393688,0,0,0,0
1787581053.5423486,3,-7,3,3,17758,13572,5516,27350,393714,393715,393717,393718,0,0,0,0
1787581053.5499494,-1,3,-6,2,17800,13542,5486,27389,393744,393745,393747,393748,0,0,0,0
1787581053.6533372,-2,2,-1,-2,17784,13554,5501,27363,393774,393775,393777,393778,0,0,0,0
1787581053.6673448,-1,-1,2,1,17716,13628,5566,27295,393834,393835,393837,393838,0,0,0,0
1787581053.7510302,0,-2,1,5,17729,13607,5546,27315,393864,393865,393867,393868,0,0,0,0
1787581053.7855585,0,0,1,-2,17770,13578,5517,27353,393924,393925,393927,393928,0,0,0,0
1787581053.9452102,-1,-1,-3,3,17762,13585,5527,27340,393984,393985,393987,393988,0,0,0,0
1787581053.9586115,1,2,1,4,17749,13594,5533,27330,394014,394015,394017,394018,0,0,0,0
1787581054.0362878,7,7,-2,-1,17739,13602,5543,27319,394074,394075,394077,394078,0,0,0,0
1787581054.1609907,-1,-3,-1,-3,17744,13598,5539,27324,394134,394135,394137,394138,0,0,0,0
1787581054.3624697,-5,10,-3,2,17745,13598,5539,27324,394254,394255,394257,394258,0,0,0,0
1787581054.4728732,-2,-3,-1,-15,17742,13600,5540,27322,394314,394315,394317,394318,0,0,0,0
1787581054.5158849,-2,-2,-4,2,17746,13596,5536,27327,394344,394345,394347,394348,0,0,0,0
1787581054.5765738,-5,-3,-1,-3,17748,13594,5535,27328,394374,394375,394377,394378,0,0,0,0
1787581054.6717453,0,3,-1,-2,17742,13600,5541,27321,394434,394435,394437,394438,0,0,0,0
1787581054.768772,-1,2,-1,-1,17738,13605,5545,27317,394464,394465,394467,394468,0,0,0,0
1787581054.768772,0,5,4,1,17737,13605,5545,27316,394494,394495,394497,394498,0,0,0,0
1787581054.885661,0,-3,-1,0,17741,13607,5544,27317,394554,394555,394557,394558,0,0,0,0
1787581054.966013,-1,2,4,2,17742,13613,5551,27318,394584,394585,394587,394588,0,0,0,0
1787581055.0557458,0,1,-7,5,17714,13632,5567,27289,394674,394675,394677,394678,0,0,0,0
1787581055.1668084,1,-1,1,-2,17719,13634,5572,27291,394704,394705,394707,394708,0,0,0,0
1787581055.1673365,-3,-1,2,2,17708,13632,5569,27284,394734,394735,394737,394738,0,0,0,0
1787581055.2851584,2,-2,-1,0,17711,13632,5567,27284,394764,394765,394767,394768,0,0,0,0
1787581055.3830125,3,-3,-8,-2,17711,13632,5568,27287,394824,394825,394827,394828,0,0,0,0
1787581055.3967216,-3,-4,-3,-2,17711,13632,5568,27286,394854,394855,394857,394858,0,0,0,0
1787581055.4951093,2,1,1,-1,17714,13635,5569,27289,394884,394885,394887,394888,0,0,0,0
1787581055.5090194,4,0,-2,2,17713,13633,5569,27286,394944,394945,394947,394948,0,0,0,0
1787581055.688528,11,-5,0,1,17707,13640,5574,27277,395034,395035,395037,395038,0,0,0,0
1787581055.794668,1,0,-7,2,17705,13642,5576,27277,395064,395065,395067,395068,0,0,0,0
1787581055.7969866,-14,0,-4,1,17703,13642,5577,27275,395094,395095,395097,395098,0,0,0,0
1787581055.8985476,2,2,-1,-2,17702,13642,5577,27273,395124,395125,395127,395128,0,0,0,0
1787581055.8985476,3,-3,0,2,17699,13648,5590,27263,395154,395155,395157,395158,0,0,0,0
1787581055.9884782,-2,-2,1,3,17695,13640,5591,27263,395184,395185,395187,395188,0,0,0,0
1787581056.0365832,5,-9,-5,0,17756,13579,5527,27337,395214,395215,395217,395218,0,0,0,0
1787581056.0524418,5,-2,-1,1,17824,13511,5470,27412,395244,395245,395247,395248,0,0,0,0
1787581056.1013396,5,1,-1,1,17860,13475,5437,27449,395274,395275,395277,395278,0,0,0,0
1787581056.199472,4,-3,0,-3,17900,13442,5407,27491,395304,395305,395307,395308,0,0,0,0
1787581056.199472,5,2,7,1,17942,13406,5372,27534,395334,395335,395337,395338,0,0,0,0
1787581056.3137846,-2,-3,-3,-2,17982,13366,5335,27569,395394,395395,395397,395398,0,0,0,0
1787581056.3224277,6,5,6,1,17960,13388,5358,27541,395424,395425,395427,395428,0,0,0,0
1787581056.417203,-5,4,3,-6,17864,13480,5444,27437,395484,395485,395487,395488,0,0,0,0
1787581056.4455068,0,-3,1,-3,17803,13546,5502,27373,395514,395515,395517,395518,0,0,0,0
1787581056.6135433,-4,3,3,-5,17760,13582,5535,27330,395544,395545,395547,395548,0,0,0,0
1787581056.6135433,1,-4,1,-4,17747,13589,5540,27321,395604,395605,395607,395608,0,0,0,0
1787581056.7369688,1,2,1,-2,17792,13552,5505,27367,395694,395695,395697,395698,0,0,0,0
1787581056.8244197,2,0,-5,1,17793,13552,5506,27368,395724,395725,395727,395728,0,0,0,0
1787581056.9422321,4,-3,2,0,17792,13550,5505,27366,395754,395755,395757,395758,0,0,0,0
1787581056.9466496,2,2,0,0,17787,13555,5509,27361,395814,395815,395817,395818,0,0,0,0
1787581057.027935,-3,6,-2,-2,17785,13557,5510,27359,395844,395845,395847,395848,0,0,0,0
1787581057.055426,3,-1,-2,-2,17783,13559,5514,27357,395874,395875,395877,395878,0,0,0,0
1787581057.2254744,-5,1,-4,-1,17789,13552,5507,27365,395964,395965,395967,395968,0,0,0,0
1787581057.3420982,-2,-4,2,3,17789,13553,5508,27364,395994,395995,395997,395998,0,0,0,0
1787581057.3479228,-1,-1,-3,-2,17781,13561,5515,27356,396054,396055,396057,396058,0,0,0,0
1787581057.4314315,-1,-2,0,1,17784,13560,5513,27359,396084,396085,396087,396088,0,0,0,0
1787581057.4657679,5,3,-1,1,17787,13556,5509,27362,396114,396115,396117,396118,0,0,0,0
1787581057.6264203,-61,-77,-75,-70,14105,9824,981,22933,396204,396205,396207,396208,0,0,0,0
1787581057.7707996,-77,-72,-76,-60,8238,3437,27439,17235,396294,396295,396297,396298,0,0,0,0
1787581057.8375192,-89,-80,-65,-74,6126,1212,25685,15454,396324,396325,396327,396328,0,0,0,0
1787581057.853473,-99,-79,-71,-72,4031,31804,23720,13588,396354,396355,396357,396358,0,0,0,0
1787581057.9530957,-62,-76,-77,-78,32596,27878,19531,9227,396414,396415,396417,396418,0,0,0,0
1787581058.0417445,-75,-67,-78,-80,30532,25826,17329,6926,396444,396445,396447,396448,0,0,0,0
1787581058.0555935,-83,-75,-72,-75,28464,23905,15140,4536,396474,396475,396477,396478,0,0,0,0
1787581058.1683323,-84,-68,-86,-79,24178,19754,10853,147,396534,396535,396537,396538,0,0,0,0
1787581058.2506483,-75,-70,-80,-77,22045,17454,8781,30843,396564,396565,396567,396568,0,0,0,0
1787581058.2506483,-65,-59,-59,-52,20108,15254,6677,28993,396594,396595,396597,396598,0,0,0,0
1787581058.367761,-24,-32,-27,-30,18303,13087,4686,27251,396654,396655,396657,396658,0,0,0,0
1787581058.571074,-33,-31,-35,-21,17542,12291,3913,26650,396684,396685,396687,396688,0,0,0,0
1787581058.571074,-28,-26,-20,-19,16757,11487,3239,26046,396714,396715,396717,396718,0,0,0,0
1787581058.5764601,1,-8,-14,1,16298,10761,2373,25405,396774,396775,396777,396778,0,0,0,0
1787581058.666655,-2,-4,0,-2,16327,10662,2270,25432,396804,396805,396807,396808,0,0,0,0
1787581058.6752899,-2,-1,-2,-3,16370,10635,2244,25465,396834,396835,396837,396838,0,0,0,0
1787581058.8015592,-6,1,4,0,16351,10661,2269,25439,396924,396925,396927,396928,0,0,0,0
1787581058.8680465,2,4,4,-1,16331,10672,2272,25426,396954,396955,396957,396958,0,0,0,0
1787581058.8680465,1,2,0,2,16322,10689,2286,25412,396984,396985,396987,396988,0,0,0,0
1787581058.9497986,4,2,-3,-1,16330,10689,2282,25420,397014,397015,397017,397018,0,0,0,0
1787581059.0800421,-2,5,-5,-2,16317,10717,2303,25398,397074,397075,397077,397078,0,0,0,0
1787581059.0920274,0,-1,-2,2,16322,10712,2300,25399,397104,397105,397107,397108,0,0,0,0
1787581059.1887896,1,-1,-3,0,16335,10706,2291,25420,397164,397165,397167,397168,0,0,0,0
1787581059.274761,-2,4,-6,-2,16360,10670,2262,25443,397224,397225,397227,397228,0,0,0,0
1787581059.389445,8,1,-2,-4,16356,10662,2258,25440,397254,397255,397257,397258,0,0,0,0
1787581059.4801695,1,-4,-4,-1,16348,10681,2273,25431,397314,397315,397317,397318,0,0,0,0
1787581059.4801695,-3,2,-1,-1,16344,10681,2273,25428,397344,397345,397347,397348,0,0,0,0
1787581059.6345556,1,-2,0,1,16349,10676,2270,25434,397374,397375,397377,397378,0,0,0,0
1787581059.6345556,-5,-1,-2,-1,16355,10666,2262,25441,397404,397405,397407,397408,0,0,0,0
1787581059.6345556,-3,1,-2,-3,16359,10662,2259,25444,397434,397435,397437,397438,0,0,0,0
1787581059.6923652,1,-3,1,-3,16360,10664,2259,25444,397464,397465,397467,397468,0,0,0,0
1787581059.8030264,4,4,2,2,16358,10670,2264,25441,397524,397525,397527,397528,0,0,0,0
1787581059.8818383,1,0,-3,-2,16358,10672,2266,25441,397554,397555,397557,397558,0,0,0,0
1787581059.8967059,1,-3,0,3,16357,10668,2265,25441,397584,397585,397587,397588,0,0,0,0
1787581059.9356213,0,2,1,-1,16358,10669,2264,25441,397614,397615,397617,397618,0,0,0,0
1787581060.069465,1,-4,4,-4,16358,10667,2263,25442,397644,397645,397647,397648,0,0,0,0
1787581060.0761936,0,2,1,1,16359,10668,2263,25442,397674,397675,397677,397678,0,0,0,0
1787581060.2997313,-1,-2,-7,-10,16360,10667,2264,25444,397704,397705,397707,397708,0,0,0,0
1787581060.3017297,2,-2,-4,4,16363,10665,2261,25446,397794,397795,397797,397798,0,0,0,0
1787581060.3126044,-3,-5,-2,3,16365,10665,2261,25449,397824,397825,397827,397828,0,0,0,0
1787581060.4100354,0,4,6,-1,16369,10662,2258,25453,397884,397885,397887,397888,0,0,0,0
1787581060.5077195,5,-3,2,-3,16365,10664,2261,25448,397914,397915,397917,397918,0,0,0,0
1787581060.5077195,-1,-3,1,-2,16363,10664,2259,25446,397944,397945,397947,397948,0,0,0,0
1787581060.6248045,3,5,0,-8,16366,10663,2257,25450,398004,398005,398007,398008,0,0,0,0
1787581060.700321,4,-3,0,-1,16418,10603,2200,25509,398064,398065,398067,398068,0,0,0,0
1787581060.8438156,-4,-2,1,2,16464,10557,2157,25552,398124,398125,398127,398128,0,0,0,0
1787581060.875556,5,-1,3,2,16476,10543,2148,25560,398154,398155,398157,398158,0,0,0,0
1787581060.9080937,3,1,1,0,16472,10555,2155,25551,398184,398185,398187,398188,0,0,0,0
1787581060.9933138,2,2,3,3,16450,10572,2173,25532,398214,398215,398217,398218,0,0,0,0
1787581061.0805306,6,4,-1,-4,16434,10588,2189,25516,398244,398245,398247,398248,0,0,0,0
1787581061.11817,-5,3,1,-3,16387,10635,2239,25466,398274,398275,398277,398278,0,0,0,0
1787581061.1881042,1,-5,-1,1,16353,10678,2277,25434,398304,398305,398307,398308,0,0,0,0
1787581061.1941266,1,3,-3,-3,16345,10691,2286,25430,398334,398335,398337,398338,0,0,0,0
1787581061.3190095,0,-1,0,5,16384,10643,2239,25474,398394,398395,398397,398398,0,0,0,0
1787581061.3328762,0,3,1,5,16414,10611,2209,25502,398424,398425,398427,398428,0,0,0,0
1787581061.4446611,2,-1,1,-3,16434,10588,2190,25521,398454,398455,398457,398458,0,0,0,0
1787581061.4446611,-3,4,4,4,16446,10576,2179,25532,398484,398485,398487,398488,0,0,0,0
1787581061.528004,1,0,0,2,16445,10578,2179,25531,398514,398515,398517,398518,0,0,0,0
1787581061.535736,-2,-4,1,2,16442,10584,2185,25524,398544,398545,398547,398548,0,0,0,0
1787581061.652559,-4,2,6,-3,16424,10601,2201,25507,398604,398605,398607,398608,0,0,0,0
1787581061.73023,8,-3,-3,-5,16419,10605,2208,25502,398634,398635,398637,398638,0,0,0,0
1787581061.7352722,0,-6,3,0,16417,10607,2209,25501,398664,398665,398667,398668,0,0,0,0
1787581061.8457966,-3,0,4,1,16418,10605,2206,25503,398694,398695,398697,398698,0,0,0,0
1787581061.8457966,4,-2,1,0,16421,10603,2203,25505,398724,398725,398727,398728,0,0,0,0
1787581061.8679044,2,-2,-6,2,16422,10602,2203,25507,398754,398755,398757,398758,0,0,0,0
1787581061.979798,-2,-3,-3,1,16419,10605,2205,25503,398784,398785,398787,398788,0,0,0,0
1787581061.9956422,-3,-1,4,3,16417,10607,2207,25501,398814,398815,398817,398818,0,0,0,0
1787581062.0922978,-2,-4,3,0,16419,10607,2207,25501,398874,398875,398877,398878,0,0,0,0
1787581062.1563709,0,-2,1,1,16425,10602,2204,25506,398904,398905,398907,398908,0,0,0,0
1787581062.187971,2,-2,-7,-3,16425,10599,2202,25509,398934,398935,398937,398938,0,0,0,0
1787581062.3424926,-2,2,-4,-1,16424,10598,2200,25510,398964,398965,398967,398968,0,0,0,0
1787581062.350824,1,-3,-1,-8,16422,10602,2204,25507,399024,399025,399027,399028,0,0,0,0
1787581062.4551136,-2,1,1,-5,16339,10727,2314,25398,399114,399115,399117,399118,0,0,0,0
1787581062.5523255,0,4,4,0,16297,10821,2383,25345,399144,399145,399147,399148,0,0,0,0
1787581062.6649275,1,1,6,1,16290,10897,2463,25346,399174,399175,399177,399178,0,0,0,0
1787581062.6649275,11,10,14,11,16340,11346,3150,25683,399234,399235,399237,399238,0,0,0,0
1787581062.7616067,14,24,24,18,16641,11786,3714,26144,399264,399265,399267,399268,0,0,0,0
1787581062.7774096,19,21,24,15,17142,12403,4411,26585,399294,399295,399297,399298,0,0,0,0
1787581062.8821595,22,18,34,34,18767,14471,6321,28330,399384,399385,399387,399388,0,0,0,0
1787581062.9723544,26,31,20,30,19985,15943,7601,29718,399444,399445,399447,399448,0,0,0,0
1787581063.0899713,21,39,24,34,20720,16670,8109,30413,399474,399475,399477,399478,0,0,0,0
1787581063.0965233,17,18,28,40,21461,17671,8762,31196,399504,399505,399507,399508,0,0,0,0
1787581063.1673431,21,23,17,21,22288,18469,9302,31870,399534,399535,399537,399538,0,0,0,0
1787581063.2033076,15,23,16,32,22931,19289,9842,32556,399564,399565,399567,399568,0,0,0,0
1787581063.37267,27,35,17,18,24247,21029,10840,1152,399624,399625,399627,399628,0,0,0,0
1787581063.3746817,36,26,13,18,24983,21885,11322,1808,399654,399655,399657,399658,0,0,0,0
1787581063.4725857,22,31,17,15,25639,22640,11767,2475,399684,399685,399687,399688,0,0,0,0
1787581063.4784331,20,27,21,24,26289,23306,12264,3245,399714,399715,399717,399718,0,0,0,0
1787581063.492426,22,28,15,45,26961,24039,12825,3792,399744,399745,399747,399748,0,0,0,0
1787581073.197794,2,0,-2,4,2092,1048,22905,12061,405504,405505,405507,405508,0,0,0,0
1787581073.197794,2,4,-3,0,2092,1046,22904,12061,405534,405535,405537,405538,0,0,0,0
1787581073.2135303,-1,8,3,-11,2090,1048,22907,12059,405564,405565,405567,405568,0,0,0,0
1787581073.4062166,-6,-3,-1,0,2085,1052,22912,12056,405624,405625,405627,405628,0,0,0,0
1787581073.4062166,9,-2,-2,-3,2090,1049,22906,12059,405684,405685,405687,405688,0,0,0,0
1787581073.5296853,5,0,2,-9,2089,1049,22907,12059,405774,405775,405777,405778,0,0,0,0
1787581073.6072035,5,0,2,-9,2089,1049,22907,12059,405774,405775,405777,405778,0,0,0,0
1787581073.7295222,6,1,-1,-1,2089,1050,22909,12057,405894,405895,405897,405898,0,0,0,0
1787581073.9330032,3,0,-3,-3,2088,1051,22910,12056,405924,405925,405927,405928,0,0,0,0
1787581073.9330032,2,0,-5,-1,2093,1047,22905,12062,406014,406015,406017,406018,0,0,0,0
1787581074.0123692,-8,-1,-4,-1,2091,1048,22906,12061,406044,406045,406047,406048,0,0,0,0
1787581074.1307762,0,0,4,1,2091,1048,22907,12059,406074,406075,406077,406078,0,0,0,0
1787581074.1307762,2,4,3,-3,2089,1049,22908,12059,406134,406135,406137,406138,0,0,0,0
1787581074.227266,4,-2,0,-4,2090,1048,22907,12058,406194,406195,406197,406198,0,0,0,0
1787581074.3523128,-1,-4,-4,1,2092,1048,22906,12060,406254,406255,406257,406258,0,0,0,0
1787581074.435675,-2,-4,0,4,2092,1047,22904,12060,406284,406285,406287,406288,0,0,0,0
1787581074.5409544,1,-4,-4,6,2090,1047,22907,12059,406374,406375,406377,406378,0,0,0,0
1787581074.635889,1,0,-7,3,2090,1047,22906,12060,406434,406435,406437,406438,0,0,0,0
1787581074.7639723,1,3,-1,-1,2093,1044,22903,12063,406494,406495,406497,406498,0,0,0,0
1787581074.8458462,-1,-4,-6,-2,2088,1049,22908,12058,406554,406555,406557,406558,0,0,0,0
1787581074.9913862,-4,-4,-1,-1,2089,1048,22908,12058,406644,406645,406647,406648,0,0,0,0
1787581075.1111917,-3,15,-2,-3,2088,1050,22909,12058,406674,406675,406677,406678,0,0,0,0
1787581075.1306367,-2,-1,-4,4,2088,1050,22909,12057,406704,406705,406707,406708,0,0,0,0
1787581075.2258015,0,-3,-4,5,2087,1051,22912,12056,406734,406735,406737,406738,0,0,0,0
1787581075.2258015,-2,1,10,0,2086,1052,22911,12055,406764,406765,406767,406768,0,0,0,0
1787581075.346403,-1,-6,1,2,2089,1050,22909,12058,406824,406825,406827,406828,0,0,0,0
1787581075.45095,1,-1,2,-9,2087,1051,22910,12057,406854,406855,406857,406858,0,0,0,0
1787581075.45095,1,-3,2,1,2087,1051,22911,12056,406884,406885,406887,406888,0,0,0,0
1787581075.4669123,-6,2,2,0,2087,1051,22912,12055,406914,406915,406917,406918,0,0,0,0
1787581075.5627425,-2,-1,3,1,2086,1051,22910,12055,406974,406975,406977,406978,0,0,0,0
1787581075.6596909,-6,2,-8,0,2089,1049,22908,12058,407004,407005,407007,407008,0,0,0,0
1787581075.6751134,4,-4,8,-3,2092,1046,22905,12060,407034,407035,407037,407038,0,0,0,0
1787581075.7900395,-6,-1,3,0,2090,1048,22906,12058,407094,407095,407097,407098,0,0,0,0
1787581075.8157089,-1,0,1,-4,2086,1051,22911,12054,407124,407125,407127,407128,0,0,0,0
1787581075.8722668,3,-7,2,-4,2084,1052,22912,12053,407154,407155,407157,407158,0,0,0,0
1787581075.9704738,-5,0,-4,-1,2093,1045,22904,12062,407214,407215,407217,407218,0,0,0,0
1787581076.0166438,2,0,-4,6,2094,1043,22902,12064,407244,407245,407247,407248,0,0,0,0
1787581076.061149,0,0,-1,-1,2093,1045,22904,12061,407274,407275,407277,407278,0,0,0,0
1787581076.2403152,-2,-3,-3,-1,2092,1047,22906,12060,407364,407365,407367,407368,0,0,0,0
1787581076.2721221,-1,3,0,-1,2093,1044,22902,12063,407394,407395,407397,407398,0,0,0,0
1787581076.3936844,4,3,4,2,2091,1048,22908,12059,407484,407485,407487,407488,0,0,0,0
1787581076.4795008,-2,-6,6,3,2089,1050,22909,12057,407514,407515,407517,407518,0,0,0,0
1787581076.4832368,-3,-1,-5,-4,2088,1050,22908,12057,407544,407545,407547,407548,0,0,0,0
1787581076.609506,0,1,-5,-1,2089,1050,22909,12057,407604,407605,407607,407608,0,0,0,0
1787581076.675034,-1,-1,2,-1,2091,1049,22907,12059,407634,407635,407637,407638,0,0,0,0
1787581076.687141,2,0,-6,0,2091,1047,22905,12061,407664,407665,407667,407668,0,0,0,0
1787581076.7999794,-1,1,-1,-4,2092,1047,22905,12060,407724,407725,407727,407728,0,0,0,0
1787581076.88388,3,2,-3,-3,2090,1048,22906,12058,407754,407755,407757,407758,0,0,0,0
1787581076.895952,4,1,3,-1,2089,1048,22908,12058,407784,407785,407787,407788,0,0,0,0
1787581077.0092735,-1,4,-2,-3,2090,1049,22907,12058,407844,407845,407847,407848,0,0,0,0
1787581077.09226,-2,-3,-1,4,2091,1047,22906,12060,407874,407875,407877,407878,0,0,0,0
1787581077.0955427,4,-6,0,-3,2089,1047,22907,12059,407904,407905,407907,407908,0,0,0,0
1787581077.2062712,3,-1,2,-1,2089,1050,22909,12057,407964,407965,407967,407968,0,0,0,0
1787581077.2262905,2,3,0,-3,2091,1045,22906,12062,407994,407995,407997,407998,0,0,0,0
1787581077.350639,0,2,-4,-1,2093,1042,22903,12064,408024,408025,408027,408028,0,0,0,0
1787581077.372051,5,-2,1,-3,2092,1046,22904,12061,408054,408055,408057,408058,0,0,0,0
1787581077.38281,2,0,-2,1,2089,1051,22910,12056,408084,408085,408087,408088,0,0,0,0
1787581077.494476,5,3,-1,-1,2087,1051,22909,12056,408144,408145,408147,408148,0,0,0,0
1787581077.706823,-2,4,1,-7,2094,1045,22902,12062,408234,408235,408237,408238,0,0,0,0
1787581077.706823,-1,-5,-4,-5,2090,1048,22907,12058,408264,408265,408267,408268,0,0,0,0
1787581077.8312256,-1,1,-1,2,2084,1052,22912,12053,408324,408325,408327,408328,0,0,0,0
1787581077.9209344,-8,-6,-2,0,2083,1053,22913,12052,408354,408355,408357,408358,0,0,0,0
1787581077.9253788,-1,-1,-1,3,2083,1053,22913,12051,408384,408385,408387,408388,0,0,0,0
1787581078.018307,1,0,2,3,2084,1053,22913,12053,408414,408415,408417,408418,0,0,0,0
1787581078.0329773,-1,-7,3,4,2084,1053,22913,12053,408444,408445,408447,408448,0,0,0,0
1787581078.1175706,2,5,1,-3,2084,1052,22911,12052,408474,408475,408477,408478,0,0,0,0
1787581078.1175706,-3,1,0,-2,2086,1051,22911,12055,408504,408505,408507,408508,0,0,0,0
1787581078.2301395,0,1,1,-1,2090,1046,22904,12060,408564,408565,408567,408568,0,0,0,0
1787581078.2462456,1,1,-2,0,2092,1047,22905,12061,408594,408595,408597,408598,0,0,0,0
1787581078.3268938,1,3,-1,1,2088,1047,22906,12058,408624,408625,408627,408628,0,0,0,0
1787581078.4278066,0,-4,3,-1,2087,1050,22910,12056,408654,408655,408657,408658,0,0,0,0
1787581078.4278066,-2,-1,0,0,2087,1052,22911,12055,408684,408685,408687,408688,0,0,0,0
1787581078.5264826,3,-7,1,-4,2087,1050,22909,12057,408714,408715,408717,408718,0,0,0,0
1787581078.5280926,-4,-1,0,-5,2089,1048,22906,12057,408744,408745,408747,408748,0,0,0,0
1787581078.6441617,-4,5,18,-4,2087,1050,22910,12056,408804,408805,408807,408808,0,0,0,0
1787581078.7283869,-4,5,-2,-3,2086,1052,22912,12056,408834,408835,408837,408838,0,0,0,0
1787581078.733529,-2,-4,-1,-1,2087,1049,22908,12058,408864,408865,408867,408868,0,0,0,0
1787581078.8519516,6,-2,0,-3,2096,1042,22900,12065,408924,408925,408927,408928,0,0,0,0
1787581078.9351363,-2,-3,-5,0,2086,1051,22912,12055,408984,408985,408987,408988,0,0,0,0
1787581079.0326881,2,-2,-2,-3,2086,1052,22910,12056,409044,409045,409047,409048,0,0,0,0
1787581079.1426337,4,0,4,-3,2091,1046,22904,12061,409104,409105,409107,409108,0,0,0,0
1787581079.2547016,-1,2,2,-2,2089,1049,22907,12057,409164,409165,409167,409168,0,0,0,0
1787581079.341399,-5,1,7,-4,2085,1051,22912,12053,409194,409195,409197,409198,0,0,0,0
1787581079.341399,0,1,-1,0,2082,1054,22913,12050,409224,409225,409227,409228,0,0,0,0
1787581079.4698143,-5,-5,1,-4,2045,1088,22961,12006,409284,409285,409287,409288,0,0,0,0
1787581079.549029,5,-4,0,1,2006,1120,22990,11978,409344,409345,409347,409348,0,0,0,0
1787581079.6924887,5,-3,1,-1,2143,986,22831,12123,409404,409405,409407,409408,0,0,0,0
1787581079.6986115,-5,0,6,-3,2084,1038,22902,12045,409464,409465,409467,409468,0,0,0,0
1787581079.7330155,-5,0,6,-3,2084,1038,22902,12045,409464,409465,409467,409468,0,0,0,0
1787581079.8519387,6,3,-4,-2,2072,1048,22911,12041,409524,409525,409527,409528,0,0,0,0
1787581079.956375,2,-1,-2,1,2076,1042,22902,12047,409584,409585,409587,409588,0,0,0,0
1787581079.961993,1,0,0,4,2069,1052,22914,12037,409614,409615,409617,409618,0,0,0,0
1787581079.9700508,-4,0,-4,-3,2064,1055,22918,12032,409644,409645,409647,409648,0,0,0,0
1787581080.0535228,-2,-1,-1,3,2065,1054,22917,12035,409674,409675,409677,409678,0,0,0,0
1787581080.0744047,-4,3,-2,3,2071,1049,22910,12040,409704,409705,409707,409708,0,0,0,0
1787581080.1638882,-2,-1,-1,-1,2073,1045,22906,12041,409734,409735,409737,409738,0,0,0,0
1787581080.1707377,-3,1,3,-6,2073,1047,22908,12041,409764,409765,409767,409768,0,0,0,0
1787581080.2827826,2,-1,-1,1,2071,1051,22911,12038,409794,409795,409797,409798,0,0,0,0
1787581080.2827826,-6,-8,-3,-3,2068,1052,22914,12037,409824,409825,409827,409828,0,0,0,0
1787581080.3665802,-3,3,-3,-2,2068,1051,22912,12038,409854,409855,409857,409858,0,0,0,0
1787581080.3725677,2,0,-4,-2,2068,1051,22912,12038,409884,409885,409887,409888,0,0,0,0
1787581080.4240665,2,-2,1,-1,2068,1051,22914,12037,409914,409915,409917,409918,0,0,0,0
1787581080.5748074,0,-4,2,-1,2069,1051,22914,12038,410004,410005,410007,410008,0,0,0,0
1787581080.7734706,-1,-2,-3,-2,2068,1053,22915,12035,410064,410065,410067,410068,0,0,0,0
1787581080.7734706,-3,0,-6,-1,2068,1053,22914,12036,410094,410095,410097,410098,0,0,0,0
1787581080.7891035,1,4,-2,0,2071,1051,22912,12037,410124,410125,410127,410128,0,0,0,0
1787581080.9020576,2,-2,-2,-3,2070,1051,22912,12037,410154,410155,410157,410158,0,0,0,0
1787581080.903401,0,-3,-5,-3,2068,1054,22916,12034,410184,410185,410187,410188,0,0,0,0
1787581080.9856281,3,2,1,2,2064,1056,22919,12032,410214,410215,410217,410218,0,0,0,0
1787581081.017601,-5,-3,-1,-1,2065,1055,22917,12033,410244,410245,410247,410248,0,0,0,0
1787581081.1895206,0,-1,-2,-1,2064,1053,22915,12032,410304,410305,410307,410308,0,0,0,0
1787581081.1895206,-1,-1,-2,-3,2055,1055,22922,12022,410334,410335,410337,410338,0,0,0,0
1787581081.302991,9,4,3,1,2048,1059,22929,12015,410364,410365,410367,410368,0,0,0,0
1787581081.3097723,-4,2,1,1,2041,1067,22939,12009,410394,410395,410397,410398,0,0,0,0
1787581081.3097723,-5,-2,2,0,2037,1071,22944,12002,410424,410425,410427,410428,0,0,0,0
1787581081.393252,3,-5,3,-1,2037,1072,22948,12004,410454,410455,410457,410458,0,0,0,0
1787581081.5053203,7,-10,3,-5,2040,1071,22947,12009,410484,410485,410487,410488,0,0,0,0
1787581081.510464,-2,-2,-1,-3,2050,1074,22946,12014,410514,410515,410517,410518,0,0,0,0
1787581081.5110524,1,-5,-3,-2,2051,1070,22944,12016,410544,410545,410547,410548,0,0,0,0
1787581081.6079748,-5,-2,1,1,2046,1069,22944,12011,410574,410575,410577,410578,0,0,0,0
1787581081.7060914,1,-2,2,1,2044,1076,22952,12008,410604,410605,410607,410608,0,0,0,0
1787581081.7122767,5,0,2,0,2044,1075,22952,12011,410634,410635,410637,410638,0,0,0,0
1787581081.7346027,0,-5,-5,-7,2047,1070,22945,12014,410664,410665,410667,410668,0,0,0,0
1787581081.8093538,4,3,-5,0,2049,1070,22945,12013,410694,410695,410697,410698,0,0,0,0
1787581081.9011712,1,-3,3,-1,2045,1075,22951,12009,410724,410725,410727,410728,0,0,0,0
1787581081.9063184,13,1,-2,0,2041,1078,22954,12006,410754,410755,410757,410758,0,0,0,0
1787581082.0078135,0,1,4,-1,2048,1071,22947,12014,410844,410845,410847,410848,0,0,0,0
1787581082.046681,1,1,2,-6,2042,1075,22958,12003,410874,410875,410877,410878,0,0,0,0
1787581082.1249056,-1,-3,1,0,2040,1076,22965,12000,410934,410935,410937,410938,0,0,0,0
1787581082.2045228,1,3,-2,-2,2072,1050,22926,12033,410964,410965,410967,410968,0,0,0,0
1787581082.2678986,0,4,7,-2,2078,1050,22927,12038,410994,410995,410997,410998,0,0,0,0
1787581082.4129097,3,-4,-2,5,2096,1029,22897,12062,411024,411025,411027,411028,0,0,0,0
1787581082.4129097,3,-1,-7,1,2144,980,22833,12121,411054,411055,411057,411058,0,0,0,0
1787581082.4129097,-2,0,2,-5,2204,927,22771,12180,411114,411115,411117,411118,0,0,0,0
1787581082.5407286,-4,1,-1,-3,2115,1020,22893,12066,411174,411175,411177,411178,0,0,0,0
1787581082.635903,-2,0,-1,2,1945,1178,23068,11892,411234,411235,411237,411238,0,0,0,0
1787581082.733817,3,4,-6,1,1925,1193,23081,11883,411264,411265,411267,411268,0,0,0,0
1787581082.733817,1,3,1,1,1960,1157,23039,11927,411294,411295,411297,411298,0,0,0,0
1787581082.8235917,-2,-1,-2,4,2019,1106,22985,11982,411324,411325,411327,411328,0,0,0,0
1787581082.8345819,9,-7,-9,11,2130,984,22863,12111,411354,411355,411357,411358,0,0,0,0
1787581082.899418,25,-34,-38,25,2527,477,22336,12671,411384,411385,411387,411388,0,0,0,0
1787581082.9634242,109,-105,-131,83,4079,31195,20166,14115,411414,411415,411417,411418,0,0,0,0
1787581083.0268824,92,-129,-110,112,6741,27661,17006,16857,411444,411445,411447,411448,0,0,0,0
1787581083.0268824,79,-111,-115,84,9248,24562,13901,19617,411474,411475,411477,411478,0,0,0,0
1787581083.0948577,113,-125,-119,122,12089,21518,10674,22385,411504,411505,411507,411508,0,0,0,0
1787581083.214554,111,-111,-132,110,15224,18377,7484,25580,411534,411535,411537,411538,0,0,0,0
1787581083.228356,101,-103,-127,101,18428,15157,4084,28758,411564,411565,411567,411568,0,0,0,0
1787581083.2821066,116,-102,-102,102,21328,12001,1161,31666,411594,411595,411597,411598,0,0,0,0
1787581083.2952113,100,-80,-87,109,24065,9338,31239,1519,411624,411625,411627,411628,0,0,0,0
1787581083.3787782,95,-76,-79,98,26534,6908,28786,3911,411654,411655,411657,411658,0,0,0,0
1787581083.3941295,87,-69,-72,101,28852,4611,26467,6327,411684,411685,411687,411688,0,0,0,0
1787581083.4837656,84,-78,-69,107,31212,2459,24331,8781,411714,411715,411717,411718,0,0,0,0
1787581083.4896193,89,-84,-75,82,873,124,22149,11403,411744,411745,411747,411748,0,0,0,0
1787581083.5522215,97,-95,-86,100,3426,30566,19792,14122,411774,411775,411777,411778,0,0,0,0
1787581083.6154265,121,-83,-83,110,6401,28009,17201,17061,411804,411805,411807,411808,0,0,0,0
1787581083.656577,96,-86,-107,114,9358,25428,14568,20040,411834,411835,411837,411838,0,0,0,0
1787581083.7125263,114,-110,-103,105,12281,22667,11868,23107,411864,411865,411867,411868,0,0,0,0
1787581083.8160117,101,-97,-95,112,15229,20067,9309,26150,411894,411895,411897,411898,0,0,0,0
1787581083.8298538,116,-88,-92,90,18125,17540,6730,28991,411924,411925,411927,411928,0,0,0,0
1787581083.8717194,81,-81,-87,103,20833,15148,4400,31792,411954,411955,411957,411958,0,0,0,0
1787581083.9339945,84,-72,-81,114,23501,12707,2142,1705,411984,411985,411987,411988,0,0,0,0
1787581083.9548364,103,-78,-85,93,26169,10477,32596,4282,412014,412015,412017,412018,0,0,0,0
1787581084.0527844,98,-90,-82,85,28926,8191,30231,6949,412044,412045,412047,412048,0,0,0,0
1787581084.0589898,95,-95,-97,110,31636,5924,27746,9633,412074,412075,412077,412078,0,0,0,0
1787581084.115375,126,-83,-107,88,1676,3374,25333,12602,412104,412105,412107,412108,0,0,0,0
1787581084.212407,82,-89,-117,103,4508,844,22655,15332,412134,412135,412137,412138,0,0,0,0
1787581084.2282588,105,-96,-104,117,7199,31002,19930,18075,412164,412165,412167,412168,0,0,0,0
1787581084.2609363,97,-102,-93,89,9974,28344,17216,20817,412194,412195,412197,412198,0,0,0,0
1787581084.3481202,93,-92,-102,102,12731,25817,14591,23429,412224,412225,412227,412228,0,0,0,0
1787581084.4272451,102,-83,-101,97,15351,23185,12042,26055,412254,412255,412257,412258,0,0,0,0
1787581084.4339998,102,-105,-99,91,17986,20664,9537,28661,412284,412285,412287,412288,0,0,0,0
1787581084.4653776,95,-97,-93,83,20531,18136,6886,31329,412314,412315,412317,412318,0,0,0,0
1787581084.576038,82,-97,-104,86,23155,15552,4318,1083,412344,412345,412347,412348,0,0,0,0
1787581084.594705,73,-93,-100,98,25739,12816,1767,3725,412374,412375,412377,412378,0,0,0,0
1787581084.6537983,106,-92,-108,111,28369,10211,31852,6429,412404,412405,412407,412408,0,0,0,0
1787581084.6700575,103,-93,-83,86,31072,7560,29087,9072,412434,412435,412437,412438,0,0,0,0
1787581084.7353227,81,-102,-92,87,942,4930,26524,11717,412464,412465,412467,412468,0,0,0,0
1787581084.8500705,91,-87,-91,102,3515,2329,23960,14281,412494,412495,412497,412498,0,0,0,0
1787581084.8632946,98,-82,-92,99,6090,32579,21412,16923,412524,412525,412527,412528,0,0,0,0
1787581084.8632946,118,-99,-87,82,8700,30065,18890,19534,412554,412555,412557,412558,0,0,0,0
1787581084.9344432,100,-98,-85,72,11377,27508,16272,22063,412584,412585,412587,412588,0,0,0,0
1787581084.9901192,75,-115,-92,86,13962,24790,13678,24678,412614,412615,412617,412618,0,0,0,0
1787581085.0742488,103,-90,-102,111,16550,22088,10981,27448,412644,412645,412647,412648,0,0,0,0
1787581085.0742488,87,-78,-84,83,19188,19634,8463,29946,412674,412675,412677,412678,0,0,0,0
1787581085.2110777,19,1,21,-19,22597,16522,6894,31045,412734,412735,412737,412738,0,0,0,0
1787581085.2272732,28,-31,-30,23,23432,15572,6252,31446,412764,412765,412767,412768,0,0,0,0
1787581085.291113,9,-14,-8,13,24075,15030,5780,31837,412794,412795,412797,412798,0,0,0,0
1787581085.3925874,3,-4,-7,0,24498,14701,5548,32116,412854,412855,412857,412858,0,0,0,0
1787581085.3925874,-2,0,-4,-5,24493,14715,5566,32096,412884,412885,412887,412888,0,0,0,0
1787581085.4897904,-3,3,2,-7,24424,14792,5631,32007,412914,412915,412917,412918,0,0,0,0
1787581085.4897904,-6,5,5,-4,24315,14897,5726,31891,412944,412945,412947,412948,0,0,0,0
1787581085.5240948,-3,1,3,-5,24209,14981,5805,31784,412974,412975,412977,412978,0,0,0,0
1787581085.685636,-4,2,8,-1,24068,15105,5922,31656,413064,413065,413067,413068,0,0,0,0
1787581085.7948992,-1,3,0,0,24058,15114,5931,31647,413094,413095,413097,413098,0,0,0,0
1787581085.8990924,1,-1,-5,-3,24064,15108,5921,31656,413154,413155,413157,413158,0,0,0,0
1787581085.9133055,4,-1,-4,-1,24087,15088,5902,31678,413184,413185,413187,413188,0,0,0,0
1787581086.0115292,9,-1,-1,3,24111,15067,5880,31699,413214,413215,413217,413218,0,0,0,0
1787581086.0115292,-29,-33,-62,-87,23948,14790,5407,31170,413244,413245,413247,413248,0,0,0,0
1787581086.0967293,-90,-83,-70,-92,21760,12924,2921,28236,413274,413275,413277,413278,0,0,0,0
1787581086.0988648,-71,-86,-74,-66,19816,10876,874,26450,413304,413305,413307,413308,0,0,0,0
1787581086.3016112,-73,-92,-68,-61,17976,8855,31424,24449,413334,413335,413337,413338,0,0,0,0
1787581086.3016112,-75,-76,-89,-67,13843,4396,27337,20714,413394,413395,413397,413398,0,0,0,0
1787581086.3016112,-78,-71,-67,-70,11736,2191,25481,18873,413424,413425,413427,413428,0,0,0,0
1787581086.4134178,-84,-72,-81,-83,7445,30802,21438,14939,413484,413485,413487,413488,0,0,0,0
1787581086.5107808,-81,-63,-72,-75,5401,28728,19349,12635,413514,413515,413517,413518,0,0,0,0
1787581086.5107808,-78,-59,-81,-93,3293,26786,17073,10034,413544,413545,413547,413548,0,0,0,0
1787581086.621237,-62,-89,-71,-73,1101,24896,14803,7631,413574,413575,413577,413578,0,0,0,0
1787581086.628538,-75,-87,-73,-79,31632,22893,12607,5398,413604,413605,413607,413608,0,0,0,0
1787581086.6357942,-94,-83,-69,-59,29457,20508,10423,3284,413634,413635,413637,413638,0,0,0,0
1787581086.8304412,-27,-29,-24,-25,23733,14079,4692,31046,413754,413755,413757,413758,0,0,0,0
1787581086.934663,-16,-14,-16,-13,22605,12849,3653,30103,413814,413815,413817,413818,0,0,0,0
1787581087.045693,16,-1,-1,3,22457,12598,3331,29970,413874,413875,413877,413878,0,0,0,0
1787581087.1220915,-3,-1,4,-1,22484,12555,3300,29994,413904,413905,413907,413908,0,0,0,0
1787581087.1356685,0,-5,1,0,22496,12550,3298,30006,413934,413935,413937,413938,0,0,0,0
1787581087.2113016,-2,-6,-3,-5,22495,12561,3305,30000,413964,413965,413967,413968,0,0,0,0
1787581087.320464,-3,-5,-2,-1,22490,12576,3315,29994,413994,413995,413997,413998,0,0,0,0
1787581087.320464,-5,-10,-2,-2,22494,12578,3317,29994,414054,414055,414057,414058,0,0,0,0
1787581087.526589,1,-1,3,-3,22461,12595,3334,29962,414114,414115,414117,414118,0,0,0,0
1787581087.542585,2,3,-4,0,22456,12601,3338,29960,414144,414145,414147,414148,0,0,0,0
1787581087.645408,-5,2,1,-2,22490,12588,3324,29989,414204,414205,414207,414208,0,0,0,0
1787581087.645408,0,3,-3,1,22491,12584,3320,29988,414234,414235,414237,414238,0,0,0,0
1787581087.7408366,-4,-3,2,0,22481,12586,3324,29978,414264,414265,414267,414268,0,0,0,0
1787581087.7408366,-4,-4,2,3,22472,12588,3326,29971,414294,414295,414297,414298,0,0,0,0
1787581087.8559134,-2,2,0,-2,22474,12593,3330,29973,414324,414325,414327,414328,0,0,0,0
1787581087.900157,1,-3,0,-3,22480,12593,3329,29979,414354,414355,414357,414358,0,0,0,0
1787581087.912904,-3,-1,1,-1,22485,12590,3326,29982,414384,414385,414387,414388,0,0,0,0
1787581088.0127351,6,-4,-3,3,22522,12557,3292,30025,414414,414415,414417,414418,0,0,0,0
1787581088.0286024,24,-31,-25,27,22914,12174,2945,30393,414444,414445,414447,414448,0,0,0,0
1787581088.095115,56,-102,-85,96,24228,10619,1470,31777,414474,414475,414477,414478,0,0,0,0
1787581088.150882,121,-123,-114,103,26912,7353,31070,2078,414504,414505,414507,414508,0,0,0,0
1787581088.199891,97,-126,-140,91,32489,1425,24936,7897,414564,414565,414567,414568,0,0,0,0
1787581088.2641747,109,-121,-120,117,2617,31046,21519,10868,414594,414595,414597,414598,0,0,0,0
1787581088.2641747,108,-111,-132,91,5800,27834,18200,13743,414624,414625,414627,414628,0,0,0,0
1787581088.3847244,91,-83,-97,78,11479,22013,12423,18664,414684,414685,414687,414688,0,0,0,0
1787581088.45446,67,-106,-103,86,13933,19327,9733,21006,414714,414715,414717,414718,0,0,0,0
1787581088.496947,42,-95,-110,58,15263,16869,7208,23271,414744,414745,414747,414748,0,0,0,0
1787581088.558365,73,-96,-102,81,17456,14553,4589,25261,414774,414775,414777,414778,0,0,0,0
1787581088.6071594,86,-94,-91,94,19681,12009,2036,27528,414804,414805,414807,414808,0,0,0,0
1787581088.6230588,90,-104,-116,99,22181,9454,32117,30161,414834,414835,414837,414838,0,0,0,0
1787581088.6765013,124,-110,-100,110,24941,6615,29256,212,414864,414865,414867,414868,0,0,0,0
1787581088.7247665,102,-110,-97,93,27717,3674,26459,3004,414894,414895,414897,414898,0,0,0,0
1787581088.762124,83,-90,-101,83,30378,1029,23640,5505,414924,414925,414927,414928,0,0,0,0
1787581088.8545427,96,-105,-107,93,212,30978,20715,8056,414954,414955,414957,414958,0,0,0,0
1787581088.897415,91,-87,-118,93,2682,28122,17910,10566,414984,414985,414987,414988,0,0,0,0
1787581088.9630427,86,-107,-95,100,5278,25391,15102,13043,415014,415015,415017,415018,0,0,0,0
1787581088.9757166,87,-115,-102,109,7883,22562,12474,15674,415044,415045,415047,415048,0,0,0,0
1787581089.0234444,85,-84,-111,103,10540,19808,9743,18348,415074,415075,415077,415078,0,0,0,0
1787581089.0941207,101,-89,-103,83,13092,17146,7131,20928,415104,415105,415107,415108,0,0,0,0
1787581089.1354012,101,-122,-104,91,15656,14436,4578,23489,415134,415135,415137,415138,0,0,0,0
1787581089.190578,96,-88,-97,83,17975,11750,1892,25661,415164,415165,415167,415168,0,0,0,0
1787581089.2734392,85,-122,-89,104,22902,6209,29101,30746,415224,415225,415227,415228,0,0,0,0
1787581089.3295634,89,-96,-94,92,25342,3235,26347,497,415254,415255,415257,415258,0,0,0,0
1787581089.4413142,76,-119,-99,88,27828,378,23504,3081,415284,415285,415287,415288,0,0,0,0
1787581089.4413142,78,-111,-97,81,30249,30327,20823,5626,415314,415315,415317,415318,0,0,0,0
1787581089.473397,72,-123,-120,87,32736,27376,17856,8150,415344,415345,415347,415348,0,0,0,0
1787581089.5708182,78,-99,-93,94,2503,24566,15083,10575,415374,415375,415377,415378,0,0,0,0
1787581089.5960035,96,-83,-101,96,5043,21939,12372,12965,415404,415405,415407,415408,0,0,0,0
1787581089.639597,99,-100,-103,107,7663,19379,9791,15560,415434,415435,415437,415438,0,0,0,0
1787581089.747756,78,-98,-101,104,10180,16665,7183,18087,415464,415465,415467,415468,0,0,0,0
1787581089.7797678,96,-87,-72,69,12414,14327,5002,20163,415494,415495,415497,415498,0,0,0,0
1787581089.7958775,47,-37,-60,95,14884,12556,3578,22026,415524,415525,415527,415528,0,0,0,0
1787581089.9336975,138,-75,-77,214,16869,10800,1917,26213,415554,415555,415557,415558,0,0,0,0
1787581089.9336975,189,-111,-72,18,21156,8388,32422,28167,415584,415585,415587,415588,0,0,0,0
1787581089.9929078,87,-52,-7,47,25638,6186,31169,29060,415614,415615,415617,415618,0,0,0,0
1787581089.9929078,-22,-17,0,49,26441,5455,31124,31238,415644,415645,415647,415648,0,0,0,0
1787581090.1135793,-30,-10,-17,3,25564,4805,30888,31630,415674,415675,415677,415678,0,0,0,0
1787581090.1135793,4,-8,-65,-12,25114,4675,30014,31547,415704,415705,415707,415708,0,0,0,0
1787581090.224688,-9,-28,-43,-10,25247,4080,28484,31222,415734,415735,415737,415738,0,0,0,0
1787581090.224688,-33,-16,-21,-9,24540,3468,27771,31000,415764,415765,415767,415768,0,0,0,0
1787581090.392577,-51,-66,-79,-70,22284,1262,24720,29857,415824,415825,415827,415828,0,0,0,0
1787581090.4084618,-82,-67,-63,-109,19318,31075,21751,26110,415884,415885,415887,415888,0,0,0,0
1787581090.530646,-88,-70,-82,-86,17195,28972,19591,24123,415914,415915,415917,415918,0,0,0,0
1787581090.530646,-92,-93,-97,-113,14967,26506,17107,21148,415944,415945,415947,415948,0,0,0,0
1787581090.6056378,-117,-110,-101,-72,11974,23664,14097,19241,415974,415975,415977,415978,0,0,0,0
1787581090.6056378,-86,-84,-81,-84,9491,21041,11653,16546,416004,416005,416007,416008,0,0,0,0
1787581090.7119226,-76,-70,-75,-93,5044,16576,7243,12082,416064,416065,416067,416068,0,0,0,0
1787581090.8151016,-70,-68,-58,-60,1356,12761,3401,7849,416124,416125,416127,416128,0,0,0,0
1787581090.8760204,-77,-48,-20,-62,32256,11211,2182,6611,416154,416155,416157,416158,0,0,0,0
1787581090.9479933,-38,-47,-46,-32,30848,9695,1322,5086,416184,416185,416187,416188,0,0,0,0
1787581091.0022175,-14,-7,-9,-19,30270,9039,684,4536,416214,416215,416217,416218,0,0,0,0
1787581091.0090199,7,7,-5,-15,30219,9092,576,4051,416244,416245,416247,416248,0,0,0,0
1787581091.1168332,-13,-18,6,-17,30164,8977,688,3591,416274,416275,416277,416278,0,0,0,0
1787581091.2136273,-15,-22,9,-15,29627,8453,986,3133,416304,416305,416307,416308,0,0,0,0
1787581091.2301142,-11,-2,13,-20,29037,7854,1925,2098,416364,416365,416367,416368,0,0,0,0
1787581091.4243515,-6,-13,16,-14,27925,6646,2975,733,416454,416455,416457,416458,0,0,0,0
1787581091.436126,-12,0,2,-19,27583,6496,3378,245,416484,416485,416487,416488,0,0,0,0
1787581091.5513504,0,3,9,-18,27486,6555,3798,32455,416514,416515,416517,416518,0,0,0,0
1787581091.5517583,-4,-3,11,-14,27482,6700,4227,31989,416544,416545,416547,416548,0,0,0,0
1787581091.6284142,-16,-1,2,-9,27097,6699,4559,31638,416574,416575,416577,416578,0,0,0,0
1787581091.634322,9,2,6,-10,26806,6757,4818,31398,416604,416605,416607,416608,0,0,0,0
1787581091.7524283,-3,6,19,-7,26636,6862,5168,31163,416634,416635,416637,416638,0,0,0,0
1787581091.7528427,-2,4,19,-12,26398,7234,5950,30773,416694,416695,416697,416698,0,0,0,0
1787581091.8364818,-18,14,15,-13,26060,7571,6332,30427,416724,416725,416727,416728,0,0,0,0
1787581091.9477792,-8,5,9,-11,25730,7910,6720,30137,416754,416755,416757,416758,0,0,0,0
1787581091.9512756,-6,9,14,-9,25509,8166,6996,29914,416784,416785,416787,416788,0,0,0,0
1787581091.9537861,-6,7,4,-4,25355,8359,7201,29714,416814,416815,416817,416818,0,0,0,0
1787581092.051761,-5,5,3,-5,25088,8628,7459,29437,416874,416875,416877,416878,0,0,0,0
1787581092.1353226,-4,0,2,-5,24978,8741,7560,29324,416904,416905,416907,416908,0,0,0,0
1787581092.155526,0,3,8,-5,24877,8842,7652,29222,416934,416935,416937,416938,0,0,0,0
1787581092.2530909,0,1,3,-2,24687,9024,7823,29059,416994,416995,416997,416998,0,0,0,0
1787581092.3615487,-5,7,7,-5,24401,9317,8093,28784,417054,417055,417057,417058,0,0,0,0
1787581092.4436173,-8,1,-5,-4,24154,9533,8306,28542,417114,417115,417117,417118,0,0,0,0
1787581092.656206,-7,4,5,-2,24059,9637,8406,28439,417144,417145,417147,417148,0,0,0,0
1787581092.656206,-6,-2,-1,-3,23879,9812,8568,28276,417204,417205,417207,417208,0,0,0,0
1787581092.672072,-2,3,5,4,23852,9846,8595,28251,417234,417235,417237,417238,0,0,0,0
1787581092.7689602,6,-1,-1,-1,23851,9840,8590,28258,417294,417295,417297,417298,0,0,0,0
1787581092.8549113,0,-1,-2,3,23883,9808,8560,28286,417324,417325,417327,417328,0,0,0,0
1787581092.86901,1,1,1,-3,23902,9793,8544,28300,417354,417355,417357,417358,0,0,0,0
1787581092.9864757,-2,-1,-3,-1,23950,9746,8498,28344,417414,417415,417417,417418,0,0,0,0
1787581093.0573215,0,12,2,-3,23957,9736,8491,28351,417444,417445,417447,417448,0,0,0,0
1787581093.0731602,0,6,-35,-4,23955,9738,8493,28348,417474,417475,417477,417478,0,0,0,0
1787581093.1466653,1,-3,1,2,23959,9737,8492,28352,417504,417505,417507,417508,0,0,0,0
1787581093.258618,-1,-1,-3,-1,23968,9724,8481,28362,417564,417565,417567,417568,0,0,0,0
1787581093.2742615,0,1,-5,0,23967,9728,8485,28362,417594,417595,417597,417598,0,0,0,0
1787581093.390572,1,-6,-4,2,23970,9725,8482,28366,417624,417625,417627,417628,0,0,0,0
1787581093.4628642,4,0,-1,-2,23998,9718,8470,28401,417684,417685,417687,417688,0,0,0,0
1787581093.6757975,8,7,-5,5,24490,9880,8375,28687,417774,417775,417777,417778,0,0,0,0
1787581093.6757975,8,-3,-3,7,25107,10318,8383,29190,417834,417835,417837,417838,0,0,0,0
1787581116.4058213,3,-4,0,0,12895,21825,19092,18203,431454,431455,431457,431458,0,0,0,0
1787581116.6097968,0,-2,-1,0,12896,21824,19092,18203,431574,431575,431577,431578,0,0,0,0
1787581116.6240203,-3,-1,-3,0,12897,21824,19091,18204,431604,431605,431607,431608,0,0,0,0
1787581116.6316416,-1,3,-3,-2,12899,21822,19089,18207,431634,431635,431637,431638,0,0,0,0
1787581116.7373767,-2,3,1,-3,12898,21822,19090,18206,431694,431695,431697,431698,0,0,0,0
1787581116.8348148,1,-1,1,2,12897,21824,19092,18204,431724,431725,431727,431728,0,0,0,0
1787581116.8587153,-4,-6,0,-5,12895,21826,19094,18204,431754,431755,431757,431758,0,0,0,0
1787581117.0239263,-2,-4,-2,0,12895,21826,19094,18202,431784,431785,431787,431788,0,0,0,0
1787581117.0239263,-2,-2,-2,4,12895,21827,19094,18203,431844,431845,431847,431848,0,0,0,0
1787581117.1460671,-3,0,-2,0,12895,21825,19093,18203,431874,431875,431877,431878,0,0,0,0
1787581117.1460671,1,-4,-1,3,12896,21825,19092,18204,431934,431935,431937,431938,0,0,0,0
1787581117.228436,-5,3,1,-3,12897,21825,19093,18205,431964,431965,431967,431968,0,0,0,0
1787581117.3260121,1,0,1,0,12896,21825,19092,18204,431994,431995,431997,431998,0,0,0,0
1787581117.3469036,1,2,-1,4,12897,21824,19091,18205,432054,432055,432057,432058,0,0,0,0
1787581117.4401278,1,-6,7,0,12897,21824,19092,18204,432084,432085,432087,432088,0,0,0,0
1787581117.451936,-4,3,3,0,12896,21824,19093,18203,432114,432115,432117,432118,0,0,0,0
1787581117.6390967,-5,-3,-1,3,12897,21824,19092,18204,432204,432205,432207,432208,0,0,0,0
1787581117.6487675,3,0,-1,-1,12895,21826,19093,18203,432234,432235,432237,432238,0,0,0,0
1787581117.7456567,1,-5,0,3,12896,21825,19092,18204,432264,432265,432267,432268,0,0,0,0
1787581117.8396606,-1,1,-5,0,12900,21821,19087,18208,432324,432325,432327,432328,0,0,0,0
1787581117.8832166,-1,1,3,-3,12901,21822,19088,18209,432354,432355,432357,432358,0,0,0,0
1787581118.0473442,3,-5,1,2,12893,21827,19095,18200,432444,432445,432447,432448,0,0,0,0
1787581118.2240245,1,-3,3,2,12894,21828,19096,18201,432474,432475,432477,432478,0,0,0,0
1787581118.2240245,-2,-2,-3,0,12895,21827,19094,18203,432504,432505,432507,432508,0,0,0,0
1787581118.2240245,0,3,-1,-1,12897,21823,19091,18206,432534,432535,432537,432538,0,0,0,0
1787581118.2416391,-1,2,-2,4,12898,21823,19090,18206,432564,432565,432567,432568,0,0,0,0
1787581118.3424735,1,0,1,-3,12899,21823,19090,18206,432594,432595,432597,432598,0,0,0,0
1787581118.3424735,-1,-2,0,-3,12897,21825,19092,18204,432624,432625,432627,432628,0,0,0,0
1787581118.4496667,3,-4,-1,3,12895,21827,19095,18201,432654,432655,432657,432658,0,0,0,0
1787581118.4496667,3,-1,0,0,12893,21829,19096,18198,432684,432685,432687,432688,0,0,0,0
1787581118.4682026,-2,-1,3,-1,12892,21830,19098,18198,432714,432715,432717,432718,0,0,0,0
1787581118.5758197,5,-3,-3,-2,12899,21823,19090,18206,432804,432805,432807,432808,0,0,0,0
1787581118.6235988,1,-1,-3,-1,12900,21822,19089,18208,432834,432835,432837,432838,0,0,0,0
1787581118.7087395,7,-2,2,-3,12900,21822,19090,18207,432864,432865,432867,432868,0,0,0,0
1787581118.8655834,3,0,2,1,12898,21824,19092,18203,432894,432895,432897,432898,0,0,0,0
1787581118.8655834,1,2,-4,-2,12895,21826,19094,18201,432924,432925,432927,432928,0,0,0,0
1787581118.8655834,4,-3,-3,-3,12897,21826,19094,18203,432954,432955,432957,432958,0,0,0,0
1787581119.0740445,0,0,-4,0,12899,21824,19091,18206,432984,432985,432987,432988,0,0,0,0
1787581119.0740445,-3,2,4,0,12900,21823,19091,18205,433074,433075,433077,433078,0,0,0,0
1787581119.187207,8,1,2,0,12896,21825,19092,18203,433164,433165,433167,433168,0,0,0,0
1787581119.2771273,0,1,-6,1,12897,21826,19092,18204,433194,433195,433197,433198,0,0,0,0
1787581119.290955,4,-1,1,-4,12898,21825,19092,18205,433224,433225,433227,433228,0,0,0,0
1787581119.3535357,2,0,0,-1,12896,21824,19093,18204,433254,433255,433257,433258,0,0,0,0
1787581119.4849827,2,0,4,-1,12897,21825,19093,18204,433284,433285,433287,433288,0,0,0,0
1787581119.4854898,-4,2,2,3,12897,21825,19092,18205,433314,433315,433317,433318,0,0,0,0
1787581119.492297,-6,-1,0,2,12898,21823,19091,18206,433344,433345,433347,433348,0,0,0,0
1787581119.6934907,1,-5,-2,-1,12898,21825,19093,18205,433404,433405,433407,433408,0,0,0,0
1787581119.8048728,-19,-1,-1,-2,12894,21827,19095,18200,433524,433525,433527,433528,0,0,0,0
1787581119.8950672,-3,-1,-1,2,12892,21831,19098,18197,433584,433585,433587,433588,0,0,0,0
1787581120.0005724,6,-1,-1,-2,12893,21831,19098,18198,433644,433645,433647,433648,0,0,0,0
1787581120.0974584,1,-1,-1,-2,12894,21828,19095,18200,433704,433705,433707,433708,0,0,0,0
1787581120.22925,-2,-5,-5,-2,12897,21826,19092,18203,433764,433765,433767,433768,0,0,0,0
1787581120.248387,0,1,-1,-2,12897,21826,19093,18203,433794,433795,433797,433798,0,0,0,0
1787581120.309805,-3,-2,-1,-1,12896,21826,19093,18203,433824,433825,433827,433828,0,0,0,0
1787581120.4068427,-2,-2,0,-1,12896,21826,19093,18202,433884,433885,433887,433888,0,0,0,0
1787581120.5023785,-2,-2,2,-2,12898,21826,19093,18205,433914,433915,433917,433918,0,0,0,0
1787581120.5023785,-3,-2,0,0,12896,21825,19093,18204,433944,433945,433947,433948,0,0,0,0
1787581120.709596,3,-3,1,-4,12890,21831,19100,18199,434034,434035,434037,434038,0,0,0,0
1787581120.9195845,-3,0,-3,8,12892,21829,19095,18199,434064,434065,434067,434068,0,0,0,0
1787581121.0332496,-5,-2,-2,-3,12895,21829,19095,18201,434274,434275,434277,434278,0,0,0,0
1787581121.1182544,4,0,-2,0,12895,21829,19095,18201,434304,434305,434307,434308,0,0,0,0
1787581121.1306794,-6,-2,1,2,12894,21829,19096,18201,434334,434335,434337,434338,0,0,0,0
1787581121.2342854,3,-2,-4,-2,12895,21827,19095,18201,434364,434365,434367,434368,0,0,0,0
1787581121.2342854,2,-6,-3,1,12898,21827,19094,18204,434394,434395,434397,434398,0,0,0,0
1787581121.3287861,-3,-3,-1,-3,12898,21825,19091,18205,434424,434425,434427,434428,0,0,0,0
1787581121.332136,2,3,2,-2,12898,21824,19091,18204,434454,434455,434457,434458,0,0,0,0
1787581121.4439986,4,3,0,-1,12898,21826,19094,18203,434514,434515,434517,434518,0,0,0,0
1787581121.5259721,0,0,-5,-1,12894,21829,19096,18199,434574,434575,434577,434578,0,0,0,0
1787581121.5741413,-4,5,-4,0,12895,21828,19095,18200,434604,434605,434607,434608,0,0,0,0
1787581121.7377944,-1,-1,0,-2,12896,21828,19094,18202,434634,434635,434637,434638,0,0,0,0
1787581121.7377944,0,-2,-1,0,12897,21826,19092,18204,434664,434665,434667,434668,0,0,0,0
1787581121.8603222,3,3,-3,0,12897,21826,19092,18203,434694,434695,434697,434698,0,0,0,0
1787581121.8603222,1,0,0,1,12895,21829,19095,18200,434724,434725,434727,434728,0,0,0,0
1787581121.8603222,-4,0,3,-1,12896,21828,19095,18201,434754,434755,434757,434758,0,0,0,0
1787581121.9428453,0,0,1,-2,12899,21827,19093,18205,434784,434785,434787,434788,0,0,0,0
1787581121.956134,2,-7,-1,-3,12901,21823,19089,18208,434814,434815,434817,434818,0,0,0,0
1787581122.1476831,0,1,1,1,12895,21829,19096,18200,434934,434935,434937,434938,0,0,0,0
1787581122.2482045,-1,1,-1,-1,12897,21828,19094,18203,434994,434995,434997,434998,0,0,0,0
1787581122.352284,-2,1,1,-3,12899,21824,19091,18206,435024,435025,435027,435028,0,0,0,0
1787581122.352284,-4,-2,-1,-3,12901,21822,19088,18209,435054,435055,435057,435058,0,0,0,0
1787581122.4491832,2,-4,-3,-6,12901,21822,19089,18208,435114,435115,435117,435118,0,0,0,0
1787581122.5539067,4,0,1,1,12896,21826,19093,18203,435174,435175,435177,435178,0,0,0,0
1787581122.7616775,-3,2,-6,-2,12899,21825,19092,18206,435204,435205,435207,435208,0,0,0,0
1787581122.7616775,4,-3,-3,-2,12900,21823,19091,18208,435264,435265,435267,435268,0,0,0,0
1787581122.7669907,1,5,-1,-2,12897,21829,19095,18203,435294,435295,435297,435298,0,0,0,0
1787581122.8810148,2,-4,1,1,12892,21830,19097,18199,435324,435325,435327,435328,0,0,0,0
1787581122.883018,1,0,1,0,12889,21838,19105,18190,435354,435355,435357,435358,0,0,0,0
1787581122.888771,0,0,2,-1,12872,21859,19127,18160,435384,435385,435387,435388,0,0,0,0
1787581122.968667,-6,-1,6,-4,12806,21913,19193,18076,435414,435415,435417,435418,0,0,0,0
1787581123.0814145,-2,1,-1,-4,12755,21963,19251,18017,435444,435445,435447,435448,0,0,0,0
1787581123.0814145,3,1,3,3,12748,21964,19250,18020,435474,435475,435477,435478,0,0,0,0
1787581123.1721563,3,0,0,2,12777,21935,19215,18055,435504,435505,435507,435508,0,0,0,0
1787581123.1721563,2,-1,-2,-2,12797,21920,19198,18079,435534,435535,435537,435538,0,0,0,0
1787581123.2549875,2,0,-3,-4,12835,21886,19159,18125,435594,435595,435597,435598,0,0,0,0
1787581123.3108325,-1,4,-4,2,12836,21886,19160,18123,435624,435625,435627,435628,0,0,0,0
1787581123.4286034,-2,4,6,0,12833,21887,19162,18121,435654,435655,435657,435658,0,0,0,0
1787581123.4286034,1,-3,-2,4,12829,21892,19167,18115,435684,435685,435687,435688,0,0,0,0
1787581123.5818381,1,-2,9,-1,12807,21912,19190,18088,435744,435745,435747,435748,0,0,0,0
1787581123.5887074,-2,-3,0,4,12800,21921,19198,18078,435774,435775,435777,435778,0,0,0,0
1787581123.707196,-1,3,2,-2,12794,21923,19201,18072,435804,435805,435807,435808,0,0,0,0
1787581123.707196,-6,5,0,-3,12799,21920,19197,18079,435864,435865,435867,435868,0,0,0,0
1787581123.7899292,-1,-5,0,-1,12802,21917,19194,18083,435894,435895,435897,435898,0,0,0,0
1787581123.8965821,-3,0,-1,-3,12803,21915,19191,18083,435924,435925,435927,435928,0,0,0,0
1787581123.897068,-3,4,0,1,12803,21915,19192,18084,435954,435955,435957,435958,0,0,0,0
1787581123.9769251,-4,-4,-1,0,12803,21916,19194,18082,435984,435985,435987,435988,0,0,0,0
1787581124.1910012,-1,0,-2,-3,12799,21919,19197,18079,436074,436075,436077,436078,0,0,0,0
1787581124.1910012,-1,-2,0,2,12802,21915,19194,18083,436134,436135,436137,436138,0,0,0,0
1787581124.2137377,2,2,3,-3,12801,21918,19196,18081,436164,436165,436167,436168,0,0,0,0
1787581124.3047657,2,3,3,2,12798,21920,19198,18078,436194,436195,436197,436198,0,0,0,0
1787581124.386228,-1,-1,-2,-4,12800,21919,19196,18081,436254,436255,436257,436258,0,0,0,0
1787581124.407686,-3,-3,1,1,12802,21916,19194,18084,436284,436285,436287,436288,0,0,0,0
1787581124.5111911,-2,0,1,-2,12801,21917,19195,18081,436314,436315,436317,436318,0,0,0,0
1787581124.5111911,5,1,1,2,12792,21924,19206,18067,436344,436345,436347,436348,0,0,0,0
1787581124.526956,2,2,-3,-5,12778,21939,19224,18043,436374,436375,436377,436378,0,0,0,0
1787581124.606614,0,3,-3,-2,12761,21962,19251,18016,436404,436405,436407,436408,0,0,0,0
1787581124.65045,-3,2,3,-3,12736,21979,19280,17982,436434,436435,436437,436438,0,0,0,0
1787581124.811127,1,0,0,2,12707,22000,19307,17951,436494,436495,436497,436498,0,0,0,0
1787581124.811127,-2,0,3,5,12710,21996,19303,17956,436524,436525,436527,436528,0,0,0,0
1787581124.9219925,-1,0,-2,-2,12717,21990,19296,17965,436554,436555,436557,436558,0,0,0,0
1787581124.9292312,0,-4,2,1,12717,21990,19297,17963,436614,436615,436617,436618,0,0,0,0
1787581125.018917,1,-2,2,0,12715,21993,19300,17960,436644,436645,436647,436648,0,0,0,0
1787581125.046418,1,-2,0,3,12716,21992,19299,17960,436674,436675,436677,436678,0,0,0,0
1787581125.2207062,0,3,1,-3,12717,21991,19297,17962,436704,436705,436707,436708,0,0,0,0
1787581125.2207062,-1,-1,-4,6,12717,21991,19298,17963,436734,436735,436737,436738,0,0,0,0
1787581125.2350936,5,5,0,0,12717,21991,19296,17962,436794,436795,436797,436798,0,0,0,0
1787581125.3325138,0,-3,3,-3,12718,21990,19295,17964,436824,436825,436827,436828,0,0,0,0
1787581125.3525882,3,-1,-2,-2,12717,21991,19297,17962,436854,436855,436857,436858,0,0,0,0
1787581125.4222462,4,-1,-2,-5,12715,21996,19312,17945,436884,436885,436887,436888,0,0,0,0
1787581125.4903383,-5,-3,-1,-1,12701,22011,19329,17927,436914,436915,436917,436918,0,0,0,0
1787581125.6300135,4,-3,2,0,12703,22008,19323,17940,436974,436975,436977,436978,0,0,0,0
1787581125.6300135,3,-2,1,1,12758,21956,19259,18018,437004,437005,437007,437008,0,0,0,0
1787581125.83136,-2,-6,-6,-1,13120,21611,18898,18423,437124,437125,437127,437128,0,0,0,0
1787581125.9429457,2,-4,-5,-1,13145,21594,18886,18432,437184,437185,437187,437188,0,0,0,0
1787581125.949364,3,1,5,-3,13105,21634,18923,18392,437214,437215,437217,437218,0,0,0,0
1787581126.026239,3,1,-1,4,13076,21657,18944,18373,437244,437245,437247,437248,0,0,0,0
1787581126.0938263,0,1,2,4,13066,21668,18955,18362,437274,437275,437277,437278,0,0,0,0
1787581126.1335154,-4,-24,0,-7,13057,21675,18960,18347,437304,437305,437307,437308,0,0,0,0
1787581126.1519125,10,-8,-15,1,13061,21500,18779,18308,437334,437335,437337,437338,0,0,0,0
1787581126.2266781,31,-51,-54,28,13478,20746,18033,18664,437364,437365,437367,437368,0,0,0,0
1787581126.258814,92,-96,-98,105,15163,18452,15996,20317,437394,437395,437397,437398,0,0,0,0
1787581126.3224618,108,-103,-106,84,18066,15590,12973,23288,437424,437425,437427,437428,0,0,0,0
1787581126.354549,91,-102,-102,111,20798,12808,10109,26059,437454,437455,437457,437458,0,0,0,0
1787581126.4028494,114,-131,-127,103,23604,9735,6908,29030,437484,437485,437487,437488,0,0,0,0
1787581126.4509513,130,-140,-113,124,26800,6344,3469,32188,437514,437515,437517,437518,0,0,0,0
1787581126.5327406,120,-108,-125,104,29886,3042,176,2518,437544,437545,437547,437548,0,0,0,0
1787581126.5737116,86,-86,-128,104,32759,32722,29687,5181,437574,437575,437577,437578,0,0,0,0
1787581126.6300428,79,-115,-85,86,2556,29937,26867,7524,437604,437605,437607,437608,0,0,0,0
1787581126.6918833,79,-106,-76,81,4886,27232,24310,9678,437634,437635,437637,437638,0,0,0,0
1787581126.7434368,74,-102,-78,75,6979,24838,21889,11794,437664,437665,437667,437668,0,0,0,0
1787581126.796134,76,-104,-78,77,9212,22581,19579,14027,437694,437695,437697,437698,0,0,0,0
1787581126.8105495,85,-93,-80,85,11469,20145,17240,16442,437724,437725,437727,437728,0,0,0,0
1787581126.8736033,78,-94,-99,101,13966,17487,14700,19211,437754,437755,437757,437758,0,0,0,0
1787581126.9284089,101,-109,-128,82,16566,14774,11910,21969,437784,437785,437787,437788,0,0,0,0
1787581126.9841344,109,-100,-102,108,19403,11913,8978,24801,437814,437815,437817,437818,0,0,0,0
1787581127.0258274,99,-86,-103,98,22166,9193,6142,27706,437844,437845,437847,437848,0,0,0,0
1787581127.1021879,121,-99,-85,94,25019,6451,3421,30402,437874,437875,437877,437878,0,0,0,0
1787581127.115317,94,-98,-82,112,27796,3730,1050,450,437904,437905,437907,437908,0,0,0,0
1787581127.2063644,79,-100,-80,81,30398,1312,31491,3227,437934,437935,437937,437938,0,0,0,0
1787581127.2124321,93,-81,-76,104,232,31666,29143,6000,437964,437965,437967,437968,0,0,0,0
1787581127.27398,98,-90,-80,119,2814,29311,26867,8754,437994,437995,437997,437998,0,0,0,0
1787581127.3318162,89,-85,-79,81,5541,26886,24463,11500,438024,438025,438027,438028,0,0,0,0
1787581127.3808582,99,-90,-88,99,8255,24520,22052,14200,438054,438055,438057,438058,0,0,0,0
1787581127.4742699,90,-111,-98,117,16452,16843,14166,22526,438144,438145,438147,438148,0,0,0,0
1787581127.5551593,116,-88,-94,103,19194,14053,11491,25245,438174,438175,438177,438178,0,0,0,0
1787581127.5749784,101,-76,-99,86,21867,11556,8938,27943,438204,438205,438207,438208,0,0,0,0
1787581127.6279132,89,-91,-103,99,24474,9050,6197,30531,438234,438235,438237,438238,0,0,0,0
1787581127.7483275,102,-108,-93,103,27144,6508,3617,325,438264,438265,438267,438268,0,0,0,0
1787581127.7547944,100,-102,-91,97,29627,3872,1193,2896,438294,438295,438297,438298,0,0,0,0
1787581127.8578773,73,-62,-35,17,1271,32483,29889,6697,438354,438355,438357,438358,0,0,0,0
1787581127.8929985,19,-17,28,-19,2600,31230,30069,6523,438384,438385,438387,438388,0,0,0,0
1787581128.0031016,9,-23,-11,-11,3830,31607,29740,6237,438444,438445,438447,438448,0,0,0,0
1787581128.0806606,6,1,-2,4,3997,31399,29636,6320,438474,438475,438477,438478,0,0,0,0
1787581128.0806606,1,-1,6,0,4037,31368,29608,6347,438504,438505,438507,438508,0,0,0,0
1787581128.2769094,-3,-2,-1,-3,3915,31455,29726,6219,438564,438565,438567,438568,0,0,0,0
1787581128.2825158,0,-1,3,0,3859,31495,29778,6172,438594,438595,438597,438598,0,0,0,0
1787581128.4004667,-2,-1,-2,-4,3868,31484,29763,6189,438684,438685,438687,438688,0,0,0,0
1787581128.4694836,0,0,3,-2,3862,31483,29766,6180,438714,438715,438717,438718,0,0,0,0
1787581128.490431,2,2,1,-2,3848,31490,29775,6169,438744,438745,438747,438748,0,0,0,0
1787581128.5325656,1,-3,-3,2,3850,31494,29778,6172,438774,438775,438777,438778,0,0,0,0
1787581128.6806574,-5,-3,-5,1,3861,31486,29767,6185,438804,438805,438807,438808,0,0,0,0
1787581128.6934056,0,3,-2,1,3884,31466,29746,6202,438864,438865,438867,438868,0,0,0,0
1787581128.7933586,-95,-76,-106,-126,2445,30101,27748,3781,438924,438925,438927,438928,0,0,0,0
1787581128.904129,-76,-67,-74,-83,333,28112,25575,1855,438954,438955,438957,438958,0,0,0,0
1787581128.904129,-66,-80,-76,-57,31113,25992,23346,32571,438984,438985,438987,438988,0,0,0,0
1787581129.1113544,-57,-79,-73,-80,29163,23851,21149,30566,439014,439015,439017,439018,0,0,0,0
1787581129.1113544,-62,-65,-67,-79,23054,17487,15221,24893,439104,439105,439107,439108,0,0,0,0
1787581129.2202713,-66,-69,-83,-101,20863,15253,13142,22664,439134,439135,439137,439138,0,0,0,0
1787581129.2273326,-92,-74,-90,-99,18740,13225,11020,20527,439164,439165,439167,439168,0,0,0,0
1787581129.2759333,-83,-72,-69,-83,16537,11338,8982,18272,439194,439195,439197,439198,0,0,0,0
1787581129.289511,-80,-80,-69,-70,14353,9313,6808,16061,439224,439225,439227,439228,0,0,0,0
1787581129.396679,-79,-72,-88,-63,12210,7070,4688,13908,439254,439255,439257,439258,0,0,0,0
1787581129.400063,-74,-88,-86,-84,10054,4834,2565,11884,439284,439285,439287,439288,0,0,0,0
1787581129.5188944,-67,-76,-69,-48,5943,554,30912,7801,439344,439345,439347,439348,0,0,0,0
1787581129.6299374,-28,-45,-19,-33,4619,31797,29673,6661,439374,439375,439377,439378,0,0,0,0
1787581129.6299374,-30,-24,-14,-22,3753,31013,29177,5866,439404,439405,439407,439408,0,0,0,0
1787581129.7264764,-31,-18,-16,-18,3060,30311,28768,5448,439434,439435,439437,439438,0,0,0,0
1787581129.7341712,-5,-4,-9,-4,2662,29891,28465,5193,439464,439465,439467,439468,0,0,0,0
1787581129.8522332,1,-3,1,2,2742,29901,28402,5230,439494,439495,439497,439498,0,0,0,0
1787581129.8522332,1,-1,-1,-2,2775,29837,28355,5261,439524,439525,439527,439528,0,0,0,0
1787581129.9276686,-4,2,-2,-2,2810,29849,28359,5290,439554,439555,439557,439558,0,0,0,0
1787581129.9276686,1,3,-1,3,2815,29832,28346,5298,439584,439585,439587,439588,0,0,0,0
1787581130.0586092,-1,0,-2,7,2824,29806,28323,5309,439614,439615,439617,439618,0,0,0,0
1787581130.0592625,-1,-4,-1,2,2869,29761,28285,5360,439644,439645,439647,439648,0,0,0,0
1787581130.0661495,1,-3,-3,3,2932,29704,28236,5420,439674,439675,439677,439678,0,0,0,0
1787581130.237273,-1,-2,2,11,3014,29584,28141,5495,439734,439735,439737,439738,0,0,0,0
1787581130.237273,4,1,3,0,3056,29541,28105,5535,439764,439765,439767,439768,0,0,0,0
1787581130.2542555,3,0,0,2,3106,29490,28061,5580,439794,439795,439797,439798,0,0,0,0
1787581130.3321338,8,-8,-4,-2,3155,29427,28009,5626,439824,439825,439827,439828,0,0,0,0
1787581130.354372,2,3,-2,1,3216,29344,27935,5685,439854,439855,439857,439858,0,0,0,0
1787581130.4251602,0,-3,-6,6,3270,29285,27882,5732,439884,439885,439887,439888,0,0,0,0
1787581130.536022,1,-3,4,4,3320,29234,27831,5779,439944,439945,439947,439948,0,0,0,0
1787581130.5519772,0,0,0,-1,3345,29212,27805,5802,439974,439975,439977,439978,0,0,0,0
1787581130.6494796,1,4,-3,-1,3359,29199,27793,5813,440004,440005,440007,440008,0,0,0,0
1787581130.6711946,-1,-4,0,1,3368,29188,27781,5821,440034,440035,440037,440038,0,0,0,0
1787581130.799549,2,-6,-1,3,3367,29168,27778,5823,440094,440095,440097,440098,0,0,0,0
1787581130.799549,40,-24,-27,29,3726,28847,27381,6228,440124,440125,440127,440128,0,0,0,0
1787581130.8630395,85,-107,-79,80,5099,27201,26173,7845,440154,440155,440157,440158,0,0,0,0
1787581130.9897544,88,-116,-134,120,7981,24017,22971,10671,440184,440185,440187,440188,0,0,0,0
1787581131.0056956,97,-99,-105,108,10709,21160,19847,13597,440214,440215,440217,440218,0,0,0,0
1787581131.0056956,119,-108,-112,102,13663,18355,16894,16483,440244,440245,440247,440248,0,0,0,0
1787581131.0691926,130,-109,-108,98,16703,15175,13698,19678,440274,440275,440277,440278,0,0,0,0
1787581131.1328049,107,-102,-125,121,22996,8982,7535,25934,440334,440335,440337,440338,0,0,0,0
1787581131.1919749,83,-109,-96,94,25738,6181,4705,28621,440364,440365,440367,440368,0,0,0,0
1787581131.2951896,83,-109,-96,94,25738,6181,4705,28621,440364,440365,440367,440368,0,0,0,0
1787581131.3097622,67,-93,-80,80,30466,1265,32653,385,440424,440425,440427,440428,0,0,0,0
1787581131.344622,61,-86,-92,78,32624,31571,30226,2456,440454,440455,440457,440458,0,0,0,0
1787581131.414331,78,-89,-100,69,2053,29123,27701,4540,440484,440485,440487,440488,0,0,0,0
1787581131.4561706,82,-89,-124,81,4434,26568,24859,6938,440514,440515,440517,440518,0,0,0,0
1787581131.510809,84,-114,-94,99,6943,23723,21963,9611,440544,440545,440547,440548,0,0,0,0
1787581131.5739315,97,-106,-106,99,9619,20777,19033,12326,440574,440575,440577,440578,0,0,0,0
1787581131.5940363,94,-118,-102,90,12233,17690,16066,14962,440604,440605,440607,440608,0,0,0,0
1787581131.629507,90,-106,-102,85,14845,14801,12989,17495,440634,440635,440637,440638,0,0,0,0
1787581131.6917288,88,-99,-89,89,17372,11906,10221,20022,440664,440665,440667,440668,0,0,0,0
1787581131.774372,81,-73,-110,92,19780,9250,7528,22386,440694,440695,440697,440698,0,0,0,0
1787581131.8448355,82,-97,-99,85,22120,6533,4853,24731,440724,440725,440727,440728,0,0,0,0
1787581131.85183,78,-102,-81,90,24474,3815,2217,27169,440754,440755,440757,440758,0,0,0,0
1787581131.9144115,91,-95,-113,99,26841,1120,32222,29474,440784,440785,440787,440788,0,0,0,0
1787581132.0054529,78,-94,-103,94,29184,31177,29407,31925,440814,440815,440817,440818,0,0,0,0
1787581132.069137,93,-107,-94,106,31655,28337,26656,1658,440844,440845,440847,440848,0,0,0,0
1787581132.0924008,104,-95,-108,90,1413,25398,23774,4216,440874,440875,440877,440878,0,0,0,0
1787581132.132476,112,-110,-102,83,4003,22469,20801,6776,440904,440905,440907,440908,0,0,0,0
1787581132.1539147,102,-92,-116,72,6504,19711,17968,9222,440934,440935,440937,440938,0,0,0,0
1787581132.21283,95,-107,-96,89,9013,16964,15159,11735,440964,440965,440967,440968,0,0,0,0
1787581132.2724082,90,-98,-107,85,11361,14005,12437,14141,440994,440995,440997,440998,0,0,0,0
1787581132.3200092,79,-98,-112,87,13796,11402,9618,16534,441024,441025,441027,441028,0,0,0,0
1787581132.3936229,79,-127,-95,93,16127,8655,6884,18989,441054,441055,441057,441058,0,0,0,0
1787581132.580524,78,-101,-111,98,18522,5889,4156,21440,441084,441085,441087,441088,0,0,0,0
1787581132.5943696,3,8,5,-8,23094,1185,32402,25953,441174,441175,441177,441178,0,0,0,0
1787581132.7047722,-6,-2,4,-6,21425,2923,1521,24265,441264,441265,441267,441268,0,0,0,0
1787581132.7981026,-4,-3,-3,0,21276,3073,1612,24187,441324,441325,441327,441328,0,0,0,0
1787581132.939685,-15,7,12,-17,20984,3250,2031,24027,441384,441385,441387,441388,0,0,0,0
1787581132.9969056,-12,0,30,-31,20810,3434,2698,23295,441414,441415,441417,441418,0,0,0,0
1787581133.0110798,-18,-20,4,-42,20644,3122,3081,22232,441444,441445,441447,441448,0,0,0,0
1787581133.1977327,-47,3,-60,-18,19594,2929,2035,21480,441474,441475,441477,441478,0,0,0,0
1787581133.211633,-38,-30,-1,-29,17609,713,32472,20367,441534,441535,441537,441538,0,0,0,0
1787581133.211633,-30,-17,-30,-25,16748,217,32161,19665,441564,441565,441567,441568,0,0,0,0
1787581133.2975495,-22,-23,-25,-22,16148,32465,31291,19088,441594,441595,441597,441598,0,0,0,0
1787581133.311783,-20,-18,-23,-15,15538,31730,30750,18603,441624,441625,441627,441628,0,0,0,0
1787581133.40895,-6,-5,-3,-10,14817,31198,29658,17883,441684,441685,441687,441688,0,0,0,0
1787581133.5202,-4,-15,-5,-1,14624,30934,29561,17779,441714,441715,441717,441718,0,0,0,0
1787581133.524206,-7,2,5,0,14469,30780,29509,17786,441744,441745,441747,441748,0,0,0,0
1787581133.717462,-5,6,6,-9,13825,31431,30307,17145,441864,441865,441867,441868,0,0,0,0
1787581133.7335312,-6,1,5,-6,13682,31567,30460,17025,441894,441895,441897,441898,0,0,0,0
1787581133.8362775,-5,9,-5,1,13424,31739,30628,16795,441954,441955,441957,441958,0,0,0,0
1787581133.9358854,-9,2,4,-3,13270,31757,30662,16708,441984,441985,441987,441988,0,0,0,0
1787581133.9358854,0,-1,-2,-2,13244,31749,30645,16692,442014,442015,442017,442018,0,0,0,0
1787581133.9762764,3,-3,-6,-2,13297,31724,30609,16739,442044,442045,442047,442048,0,0,0,0
1787581134.0320845,-3,-3,1,-1,13329,31690,30578,16761,442074,442075,442077,442078,0,0,0,0
1787581134.094428,-1,-3,-4,2,13292,31727,30613,16729,442104,442105,442107,442108,0,0,0,0
1787581134.225686,1,-3,-5,-1,13342,31684,30566,16777,442164,442165,442167,442168,0,0,0,0
1787581134.2328408,3,1,-2,1,13391,31644,30524,16821,442194,442195,442197,442198,0,0,0,0
1787581134.3090262,5,-5,-4,-2,13456,31597,30478,16879,442224,442225,442227,442228,0,0,0,0
1787581134.420528,3,-4,-1,6,13612,31476,30353,17016,442284,442285,442287,442288,0,0,0,0
1787581134.4346733,5,-1,-18,1,13705,31409,30273,17099,442314,442315,442317,442318,0,0,0,0
1787581134.5458698,4,-1,-7,7,13801,31326,30180,17192,442344,442345,442347,442348,0,0,0,0
1787581134.5521336,4,0,0,1,13895,31237,30079,17282,442374,442375,442377,442378,0,0,0,0
1787581134.650077,3,-4,-2,1,14052,31066,29882,17438,442434,442435,442437,442438,0,0,0,0
1787581134.7552564,4,1,-4,-2,14148,30950,29753,17537,442494,442495,442497,442498,0,0,0,0
1787581134.8355548,8,1,3,1,14167,30931,29735,17553,442524,442525,442527,442528,0,0,0,0
1787581134.8533874,2,-3,0,2,14158,30943,29748,17540,442554,442555,442557,442558,0,0,0,0
1787581134.948297,2,0,3,-1,14113,30999,29811,17489,442614,442615,442617,442618,0,0,0,0
1787581135.0427358,0,-1,0,0,14095,31020,29837,17470,442644,442645,442647,442648,0,0,0,0
1787581135.0427358,1,-4,-1,0,14083,31033,29849,17459,442674,442675,442677,442678,0,0,0,0
1787581135.1068468,2,-3,-4,0,14082,31041,29855,17459,442704,442705,442707,442708,0,0,0,0
1787581135.2453208,3,-4,-7,-2,14085,31034,29847,17464,442734,442735,442737,442738,0,0,0,0
1787581135.3580818,1,-3,1,0,14108,31008,29818,17488,442824,442825,442827,442828,0,0,0,0
1787581135.3741984,-1,1,-3,0,14112,31004,29812,17491,442854,442855,442857,442858,0,0,0,0
1787581135.4732206,0,5,-3,1,14112,31006,29816,17489,442914,442915,442917,442918,0,0,0,0
1787581135.5632343,-1,-1,-7,2,14107,31009,29820,17486,442944,442945,442947,442948,0,0,0,0
1787581135.8558564,2,4,3,-3,14106,31013,29824,17484,443034,443035,443037,443038,0,0,0,0
1787581135.8558564,-1,-2,0,-1,14106,31009,29820,17484,443094,443095,443097,443098,0,0,0,0
1787581135.8715184,1,0,4,0,14109,31005,29815,17489,443154,443155,443157,443158,0,0,0,0
1787581135.96809,-1,0,4,3,14107,31008,29819,17485,443184,443185,443187,443188,0,0,0,0
1787581135.96809,2,-2,-5,-2,14103,31013,29825,17481,443214,443215,443217,443218,0,0,0,0
1787581160.852055,-1,1,3,-2,25912,29227,19606,7588,458094,458095,458097,458098,0,0,0,0
1787581160.863424,5,5,0,0,25920,29219,19597,7598,458154,458155,458157,458158,0,0,0,0
1787581160.9895284,1,-5,-6,4,25936,29205,19584,7613,458214,458215,458217,458218,0,0,0,0
1787581161.0035293,-3,2,-3,3,25940,29201,19579,7616,458244,458245,458247,458248,0,0,0,0
1787581161.1160605,-7,5,-6,-2,25940,29202,19580,7615,458274,458275,458277,458278,0,0,0,0
1787581161.1160605,-3,-1,0,3,25935,29205,19584,7611,458304,458305,458307,458308,0,0,0,0
1787581161.2613318,-1,-2,1,2,25935,29205,19583,7612,458424,458425,458427,458428,0,0,0,0
1787581161.3819828,0,1,4,1,25939,29202,19580,7615,458454,458455,458457,458458,0,0,0,0
1787581161.4721594,-1,-3,-4,-4,25937,29203,19581,7614,458514,458515,458517,458518,0,0,0,0
1787581161.506739,2,-1,0,-2,25934,29205,19585,7610,458544,458545,458547,458548,0,0,0,0
1787581161.6664398,1,-3,0,3,25932,29209,19587,7608,458574,458575,458577,458578,0,0,0,0
1787581161.7887595,-3,0,1,0,25941,29199,19578,7619,458664,458665,458667,458668,0,0,0,0
1787581161.7915833,0,-2,0,-2,25944,29197,19576,7621,458724,458725,458727,458728,0,0,0,0
1787581161.889452,0,6,7,-4,25939,29204,19583,7614,458784,458785,458787,458788,0,0,0,0
1787581162.0062554,-3,1,-4,-3,25937,29204,19582,7613,458814,458815,458817,458818,0,0,0,0
1787581162.0066922,1,-3,-1,1,25937,29203,19583,7613,458844,458845,458847,458848,0,0,0,0
1787581162.0907059,-1,1,-1,0,25935,29205,19584,7612,458904,458905,458907,458908,0,0,0,0
1787581162.287801,-6,-1,0,1,25934,29208,19585,7610,458994,458995,458997,458998,0,0,0,0
1787581162.2976642,-1,-7,-3,2,25937,29203,19581,7614,459024,459025,459027,459028,0,0,0,0
1787581162.3961804,-5,0,2,0,25945,29196,19575,7621,459084,459085,459087,459088,0,0,0,0
1787581162.4604876,0,-1,1,0,25943,29198,19578,7619,459114,459115,459117,459118,0,0,0,0
1787581162.5856292,5,-2,-5,-1,25935,29206,19585,7611,459174,459175,459177,459178,0,0,0,0
1787581162.6979277,-6,2,-5,-10,25937,29203,19583,7614,459264,459265,459267,459268,0,0,0,0
1787581162.8322384,0,-3,-3,-1,25939,29202,19581,7616,459324,459325,459327,459328,0,0,0,0
1787581162.8460433,-2,0,-1,-2,25940,29202,19581,7616,459354,459355,459357,459358,0,0,0,0
1787581162.9893737,2,-1,-1,0,25940,29200,19580,7618,459384,459385,459387,459388,0,0,0,0
1787581162.9923894,-1,2,3,-2,25944,29196,19575,7622,459414,459415,459417,459418,0,0,0,0
1787581162.993468,0,3,-2,-1,25971,29174,19549,7647,459444,459445,459447,459448,0,0,0,0
1787581163.1072617,1,1,4,2,25961,29177,19554,7637,459504,459505,459507,459508,0,0,0,0
1787581163.2234075,-2,-1,2,-1,25969,29178,19554,7643,459564,459565,459567,459568,0,0,0,0
1787581163.311834,-3,-4,4,1,25967,29175,19554,7643,459594,459595,459597,459598,0,0,0,0
1787581163.311834,1,-4,1,-3,25967,29175,19554,7641,459624,459625,459627,459628,0,0,0,0
1787581163.4787848,2,-6,1,0,25968,29176,19555,7643,459654,459655,459657,459658,0,0,0,0
1787581163.4787848,1,2,-1,-2,25970,29176,19554,7644,459684,459685,459687,459688,0,0,0,0
1787581163.4924686,-1,1,2,2,25969,29173,19553,7644,459714,459715,459717,459718,0,0,0,0
1787581163.59086,3,-4,-3,-1,25971,29171,19550,7646,459744,459745,459747,459748,0,0,0,0
1787581163.596762,-1,0,0,-4,25973,29170,19549,7647,459774,459775,459777,459778,0,0,0,0
1787581163.6105163,2,-2,-2,-2,25974,29172,19550,7647,459804,459805,459807,459808,0,0,0,0
1787581163.7157984,4,-3,0,2,25971,29173,19551,7646,459834,459835,459837,459838,0,0,0,0
1787581163.7219172,1,2,1,4,25971,29173,19551,7646,459864,459865,459867,459868,0,0,0,0
1787581163.9231036,-3,-3,3,-1,25971,29171,19550,7646,459894,459895,459897,459898,0,0,0,0
1787581163.9231036,-3,-1,0,-1,25974,29170,19549,7649,459954,459955,459957,459958,0,0,0,0
1787581163.9231036,-3,-4,1,-3,25974,29170,19549,7648,459984,459985,459987,459988,0,0,0,0
1787581164.0348914,1,-4,0,-8,25973,29171,19550,7646,460044,460045,460047,460048,0,0,0,0
1787581164.1314497,1,-5,-1,3,25974,29170,19548,7649,460104,460105,460107,460108,0,0,0,0
1787581164.3215625,2,-4,-3,2,25974,29170,19549,7648,460134,460135,460137,460138,0,0,0,0
1787581164.3215625,3,-3,0,1,25971,29174,19552,7646,460224,460225,460227,460228,0,0,0,0
1787581164.4497306,-1,-2,1,3,25970,29173,19552,7645,460254,460255,460257,460258,0,0,0,0
1787581164.4497306,-4,0,4,3,25970,29173,19552,7645,460284,460285,460287,460288,0,0,0,0
1787581164.4696043,0,0,15,1,25969,29174,19553,7644,460314,460315,460317,460318,0,0,0,0
1787581164.5301995,3,1,1,0,25969,29175,19554,7643,460344,460345,460347,460348,0,0,0,0
1787581164.6104312,-2,-3,3,-2,25968,29177,19555,7642,460374,460375,460377,460378,0,0,0,0
1787581164.6326725,2,5,-1,-1,25965,29178,19556,7641,460404,460405,460407,460408,0,0,0,0
1787581164.736203,1,0,-6,6,25970,29177,19554,7644,460464,460465,460467,460468,0,0,0,0
1787581164.87087,-1,-1,-1,-2,25973,29173,19549,7648,460494,460495,460497,460498,0,0,0,0
1787581164.87087,4,2,-4,3,25977,29167,19546,7652,460554,460555,460557,460558,0,0,0,0
1787581164.9569893,-2,2,-1,1,25976,29170,19548,7651,460584,460585,460587,460588,0,0,0,0
1787581165.0848303,1,2,0,3,25971,29174,19552,7645,460674,460675,460677,460678,0,0,0,0
1787581165.0848303,-2,6,-2,4,25973,29172,19552,7647,460704,460705,460707,460708,0,0,0,0
1787581165.3529594,0,-3,2,3,25970,29173,19553,7646,460824,460825,460827,460828,0,0,0,0
1787581165.4728916,0,-1,1,0,25977,29167,19546,7652,460884,460885,460887,460888,0,0,0,0
1787581165.476303,-5,1,-1,0,25970,29173,19553,7645,460944,460945,460947,460948,0,0,0,0
1787581165.572938,-3,1,1,-2,25967,29178,19555,7641,460974,460975,460977,460978,0,0,0,0
1787581165.60431,0,0,-4,-3,25968,29175,19554,7643,461004,461005,461007,461008,0,0,0,0
1787581165.7652757,-1,-1,1,4,25979,29164,19544,7653,461094,461095,461097,461098,0,0,0,0
1787581165.903386,-4,0,-2,0,25966,29179,19558,7641,461184,461185,461187,461188,0,0,0,0
1787581165.983098,3,1,0,-4,25964,29178,19558,7640,461214,461215,461217,461218,0,0,0,0
1787581166.0406344,1,-1,-1,1,25967,29175,19555,7642,461244,461245,461247,461248,0,0,0,0
1787581166.0543897,-2,-1,5,1,25971,29171,19552,7647,461274,461275,461277,461278,0,0,0,0
1787581166.1794696,1,-6,-4,0,25970,29173,19553,7644,461334,461335,461337,461338,0,0,0,0
1787581166.3113146,-2,-2,4,0,25967,29176,19556,7641,461364,461365,461367,461368,0,0,0,0
1787581166.3113146,-2,5,1,2,25966,29177,19556,7642,461424,461425,461427,461428,0,0,0,0
1787581166.3940787,3,5,0,-2,25968,29173,19553,7644,461454,461455,461457,461458,0,0,0,0
1787581166.4988098,-2,2,-2,-1,25972,29171,19549,7648,461484,461485,461487,461488,0,0,0,0
1787581166.5079494,4,-1,-2,1,25975,29169,19548,7650,461544,461545,461547,461548,0,0,0,0
1787581166.5692832,4,-3,1,0,25972,29171,19550,7648,461574,461575,461577,461578,0,0,0,0
1787581166.650206,-3,2,-5,3,25968,29175,19555,7643,461634,461635,461637,461638,0,0,0,0
1787581166.7930615,4,2,-1,1,25972,29171,19551,7647,461694,461695,461697,461698,0,0,0,0
1787581166.8145294,-4,-4,-5,1,25970,29173,19553,7645,461724,461725,461727,461728,0,0,0,0
1787581166.9005098,1,-5,3,1,25957,29183,19564,7632,461784,461785,461787,461788,0,0,0,0
1787581166.996457,-2,3,-1,0,25942,29193,19576,7621,461814,461815,461817,461818,0,0,0,0
1787581167.0122674,-2,5,1,-3,25897,29242,19625,7566,461844,461845,461847,461848,0,0,0,0
1787581167.1085734,0,1,7,2,25834,29307,19682,7510,461904,461905,461907,461908,0,0,0,0
1787581167.2081578,-1,-6,4,1,25951,29193,19572,7632,461964,461965,461967,461968,0,0,0,0
1787581167.3190036,2,1,-2,-2,25988,29165,19544,7663,461994,461995,461997,461998,0,0,0,0
1787581167.4093864,-3,-6,-1,0,26024,29148,19519,7693,462084,462085,462087,462088,0,0,0,0
1787581167.4448116,-3,-6,-1,0,26024,29148,19519,7693,462084,462085,462087,462088,0,0,0,0
1787581167.5133815,0,1,-4,5,26036,29137,19509,7700,462144,462145,462147,462148,0,0,0,0
1787581167.6101604,-4,0,1,1,26007,29166,19540,7672,462204,462205,462207,462208,0,0,0,0
1787581167.721122,-1,-1,-1,-13,25999,29170,19545,7668,462234,462235,462237,462238,0,0,0,0
1787581167.721122,-5,0,-3,2,26004,29166,19539,7674,462264,462265,462267,462268,0,0,0,0
1787581167.7282782,-5,-3,0,-1,26014,29159,19531,7683,462294,462295,462297,462298,0,0,0,0
1787581167.8187363,-1,0,0,-3,26019,29154,19526,7685,462324,462325,462327,462328,0,0,0,0
1787581167.8325186,1,-3,2,3,26018,29156,19529,7683,462354,462355,462357,462358,0,0,0,0
1787581167.9305778,-3,-2,2,0,26010,29161,19534,7679,462384,462385,462387,462388,0,0,0,0
1787581167.9305778,3,-6,3,-3,26007,29162,19535,7675,462414,462415,462417,462418,0,0,0,0
1787581168.0214396,-4,-2,2,-2,26008,29162,19535,7677,462474,462475,462477,462478,0,0,0,0
1787581168.1446524,-1,0,-6,-3,26011,29159,19532,7678,462504,462505,462507,462508,0,0,0,0
1787581168.1446524,2,-1,0,-2,26012,29159,19530,7680,462534,462535,462537,462538,0,0,0,0
1787581168.2245815,0,-5,-3,6,26007,29164,19536,7675,462594,462595,462597,462598,0,0,0,0
1787581168.3532495,1,0,0,3,26005,29164,19537,7673,462624,462625,462627,462628,0,0,0,0
1787581168.4273527,1,-6,1,-2,26012,29158,19532,7679,462714,462715,462717,462718,0,0,0,0
1787581168.5247035,-3,-2,-3,-3,25994,29174,19549,7659,462774,462775,462777,462778,0,0,0,0
1787581168.6220589,-1,3,4,-2,25984,29189,19564,7648,462804,462805,462807,462808,0,0,0,0
1787581168.8397336,-6,-5,0,-4,25949,29220,19594,7616,462864,462865,462867,462868,0,0,0,0
1787581168.8397336,-1,2,-4,5,25939,29226,19600,7608,462894,462895,462897,462898,0,0,0,0
1787581168.8397336,-1,-1,-10,4,25931,29219,19594,7604,462924,462925,462927,462928,0,0,0,0
1787581168.8466635,2,-1,1,-3,25944,29216,19591,7617,462954,462955,462957,462958,0,0,0,0
1787581168.9644797,-2,-8,1,1,25949,29204,19580,7622,463014,463015,463017,463018,0,0,0,0
1787581169.04768,2,3,-1,-3,25944,29215,19589,7615,463074,463075,463077,463078,0,0,0,0
1787581169.0895314,1,-2,5,-1,25940,29214,19590,7614,463104,463105,463107,463108,0,0,0,0
1787581169.248737,3,3,-5,-1,25943,29213,19587,7616,463134,463135,463137,463138,0,0,0,0
1787581169.248737,-7,3,1,-1,25946,29211,19585,7619,463164,463165,463167,463168,0,0,0,0
1787581169.248737,-2,1,-3,-3,25948,29211,19585,7621,463194,463195,463197,463198,0,0,0,0
1787581169.3671596,1,4,4,2,25946,29210,19586,7619,463224,463225,463227,463228,0,0,0,0
1787581169.3671596,-1,-1,3,6,25945,29212,19587,7617,463254,463255,463257,463258,0,0,0,0
1787581169.4574142,6,-4,-2,-2,25943,29215,19591,7615,463284,463285,463287,463288,0,0,0,0
1787581169.4574142,-1,-3,0,5,25940,29217,19593,7613,463314,463315,463317,463318,0,0,0,0
1787581169.52225,-3,-1,2,-2,25939,29218,19598,7608,463344,463345,463347,463348,0,0,0,0
1787581169.5703928,-2,-2,-2,-6,25925,29228,19621,7586,463374,463375,463377,463378,0,0,0,0
1787581169.6021228,-1,-6,-3,-2,25931,29214,19603,7603,463404,463405,463407,463408,0,0,0,0
1787581169.665832,-3,-4,-4,0,25971,29172,19557,7645,463434,463435,463437,463438,0,0,0,0
1787581169.7463813,1,-1,0,0,25993,29157,19542,7662,463464,463465,463467,463468,0,0,0,0
1787581169.7463813,1,-1,-5,0,26030,29131,19513,7700,463494,463495,463497,463498,0,0,0,0
1787581169.8521183,2,-9,-3,2,26101,29071,19444,7764,463524,463525,463527,463528,0,0,0,0
1787581169.8678105,-1,-3,3,-3,26171,29018,19386,7816,463554,463555,463557,463558,0,0,0,0
1787581169.9853957,2,3,10,-7,26237,28966,19328,7861,463614,463615,463617,463618,0,0,0,0
1787581170.068797,-3,-3,5,-3,26195,29000,19368,7823,463644,463645,463647,463648,0,0,0,0
1787581170.068797,-6,3,2,-3,26120,29063,19440,7760,463674,463675,463677,463678,0,0,0,0
1787581170.1162677,-5,-2,-1,-2,26031,29143,19524,7682,463704,463705,463707,463708,0,0,0,0
1787581170.1891787,1,-3,-5,3,25962,29204,19584,7622,463734,463735,463737,463738,0,0,0,0
1787581170.242364,-4,-4,-6,-1,25923,29205,19591,7581,463764,463765,463767,463768,0,0,0,0
1787581170.314183,8,-12,-14,6,25937,28987,19353,7581,463794,463795,463797,463798,0,0,0,0
1787581170.3672009,37,-70,-59,35,26493,28028,18321,8059,463824,463825,463827,463828,0,0,0,0
1787581170.4308124,61,-135,-123,102,27937,25080,15824,9864,463854,463855,463857,463858,0,0,0,0
1787581170.4469545,85,-85,-110,88,30606,21902,12523,12715,463884,463885,463887,463888,0,0,0,0
1787581170.505146,108,-123,-106,103,381,19084,9133,15292,463914,463915,463917,463918,0,0,0,0
1787581170.505146,105,-125,-107,126,3244,15770,5827,18205,463944,463945,463947,463948,0,0,0,0
1787581170.6176412,128,-122,-126,119,6451,12415,2384,21246,463974,463975,463977,463978,0,0,0,0
1787581170.6342685,94,-90,-130,99,9423,9201,31782,24135,464004,464005,464007,464008,0,0,0,0
1787581170.672905,99,-115,-94,85,12284,6197,28846,26871,464034,464035,464037,464038,0,0,0,0
1787581170.7861986,91,-79,-86,102,14911,3353,26196,29474,464064,464065,464067,464068,0,0,0,0
1787581170.7917962,81,-77,-84,91,17335,905,23794,31887,464094,464095,464097,464098,0,0,0,0
1787581170.852867,93,-70,-81,91,21832,29033,19214,3711,464154,464155,464157,464158,0,0,0,0
1787581170.8874445,89,-78,-92,104,24197,26690,16752,6156,464184,464185,464187,464188,0,0,0,0
1787581170.9715827,105,-106,-84,88,29422,21417,11507,11600,464244,464245,464247,464248,0,0,0,0
1787581171.068773,108,-92,-99,123,32392,18724,8954,14627,464274,464275,464277,464278,0,0,0,0
1787581171.1243162,96,-95,-102,119,2492,16025,6335,17647,464304,464305,464307,464308,0,0,0,0
1787581171.1305602,103,-106,-95,93,5414,13382,3684,20795,464334,464335,464337,464338,0,0,0,0
1787581171.2360735,103,-100,-91,106,8181,10755,1301,23601,464364,464365,464367,464368,0,0,0,0
1787581171.2555048,115,-103,-86,107,10910,8321,31668,26335,464394,464395,464397,464398,0,0,0,0
1787581171.293651,105,-95,-85,82,13656,6047,29356,28951,464424,464425,464427,464428,0,0,0,0
1787581171.3528156,81,-97,-84,89,16251,3730,26992,31615,464454,464455,464457,464458,0,0,0,0
1787581171.408765,97,-89,-96,116,18919,1345,24656,1550,464484,464485,464487,464488,0,0,0,0
1787581171.4553611,125,-95,-96,97,21692,31714,22224,4464,464514,464515,464517,464518,0,0,0,0
1787581171.4808147,98,-91,-86,106,24530,29282,19753,7321,464544,464545,464547,464548,0,0,0,0
1787581171.5431578,116,-85,-83,94,27567,26864,17306,10188,464574,464575,464577,464578,0,0,0,0
1787581171.5939293,89,-81,-100,103,30348,24350,14648,12949,464604,464605,464607,464608,0,0,0,0
1787581171.6413379,101,-93,-106,114,275,21660,12000,15654,464634,464635,464637,464638,0,0,0,0
1787581171.7053072,105,-106,-97,103,2948,19059,9415,18361,464664,464665,464667,464668,0,0,0,0
1787581171.7945287,89,-74,-101,103,8184,13911,4206,23641,464724,464725,464727,464728,0,0,0,0
1787581171.895211,91,-76,-89,109,10740,11521,1761,26219,464754,464755,464757,464758,0,0,0,0
1787581171.90773,108,-94,-106,85,13345,8944,31977,28769,464784,464785,464787,464788,0,0,0,0
1787581171.9693456,88,-108,-92,81,15983,6362,29373,31377,464814,464815,464817,464818,0,0,0,0
1787581172.0178182,83,-102,-90,98,18585,3693,26699,1138,464844,464845,464847,464848,0,0,0,0
1787581172.0819604,116,-83,-92,102,23889,31215,21349,6703,464904,464905,464907,464908,0,0,0,0
1787581172.1411786,101,-94,-92,81,26511,28565,18807,9267,464934,464935,464937,464938,0,0,0,0
1787581172.213927,76,-99,-83,98,29137,25990,16144,11902,464964,464965,464967,464968,0,0,0,0
1787581172.313959,75,-70,-63,70,1227,21212,11445,16618,465024,465025,465027,465028,0,0,0,0
1787581172.4268398,50,-49,6,1,2995,19511,10498,17459,465054,465055,465057,465058,0,0,0,0
1787581172.442645,-2,4,1,-4,3619,18496,10801,16871,465114,465115,465117,465118,0,0,0,0
1787581172.522608,-2,2,2,-6,3692,18335,10853,16826,465144,465145,465147,465148,0,0,0,0
1787581172.5545967,1,-6,0,4,3674,18362,10877,16805,465174,465175,465177,465178,0,0,0,0
1787581172.7289128,-3,1,4,0,3801,18253,10770,16912,465264,465265,465267,465268,0,0,0,0
1787581172.9362376,4,-1,-1,3,3769,18286,10803,16882,465324,465325,465327,465328,0,0,0,0
1787581172.9362376,-2,-2,2,-3,3809,18250,10765,16923,465384,465385,465387,465388,0,0,0,0
1787581173.0469532,0,-5,0,-3,3895,18175,10694,16993,465444,465445,465447,465448,0,0,0,0
1787581173.1382835,-5,4,2,-2,3935,18144,10668,17019,465504,465505,465507,465508,0,0,0,0
1787581173.1538155,-11,1,-5,5,3942,18140,10662,17025,465534,465535,465537,465538,0,0,0,0
1787581173.2501614,-1,3,1,0,3951,18129,10653,17033,465564,465565,465567,465568,0,0,0,0
1787581173.2661674,-68,-75,-73,-73,741,15191,6844,12957,465624,465625,465627,465628,0,0,0,0
1787581173.3440993,-67,-79,-81,-73,31513,12980,4805,11128,465654,465655,465657,465658,0,0,0,0
1787581173.4627156,-85,-86,-79,-73,29545,10880,2690,9014,465684,465685,465687,465688,0,0,0,0
1787581173.4627156,-66,-84,-64,-60,25515,6551,31305,5386,465744,465745,465747,465748,0,0,0,0
1787581173.553632,-67,-82,-66,-72,23352,4230,29374,3509,465774,465775,465777,465778,0,0,0,0
1787581173.569507,-86,-77,-81,-109,21213,2125,27523,1593,465804,465805,465807,465808,0,0,0,0
1787581173.6796188,-85,-67,-78,-90,17094,31011,23203,29712,465864,465865,465867,465868,0,0,0,0
1787581173.8672302,-68,-77,-79,-81,12780,26965,18931,25008,465924,465925,465927,465928,0,0,0,0
1787581173.8735218,-83,-98,-91,-98,10653,24893,16759,22944,465954,465955,465957,465958,0,0,0,0
1787581173.95663,-92,-89,-85,-67,8508,22706,14510,20885,465984,465985,465987,465988,0,0,0,0
1787581173.9637046,-83,-84,-73,-55,6440,20406,12404,18868,466014,466015,466017,466018,0,0,0,0
1787581174.0760908,-37,-39,-35,-36,4910,18806,11128,17622,466044,466045,466047,466048,0,0,0,0
1787581174.0760908,-32,-33,-16,-18,4207,17876,10359,17000,466074,466075,466077,466078,0,0,0,0
1787581174.087944,-26,-24,-22,-13,3494,17199,9767,16488,466104,466105,466107,466108,0,0,0,0
1787581174.1717067,-11,-19,-16,-10,2968,16541,9275,16130,466134,466135,466137,466138,0,0,0,0
1787581174.2774625,2,-3,-8,0,2796,16291,9017,15991,466164,466165,466167,466168,0,0,0,0
1787581174.2850118,-4,-5,-2,6,2963,16209,8895,16117,466224,466225,466227,466228,0,0,0,0
1787581174.3732662,-1,-6,-2,-4,3009,16175,8852,16155,466254,466255,466257,466258,0,0,0,0
1787581174.408538,2,-5,3,0,3043,16141,8811,16187,466284,466285,466287,466288,0,0,0,0
1787581174.5721111,4,-4,-4,6,3126,16055,8712,16266,466344,466345,466347,466348,0,0,0,0
1787581174.5882049,-1,0,-4,-3,3226,15973,8617,16354,466404,466405,466407,466408,0,0,0,0
1787581174.7077386,0,-2,-1,-2,3243,15946,8588,16369,466464,466465,466467,466468,0,0,0,0
1787581174.747723,-1,-4,9,3,3250,15934,8576,16378,466494,466495,466497,466498,0,0,0,0
1787581174.8533268,0,2,3,2,3258,15936,8579,16381,466554,466555,466557,466558,0,0,0,0
1787581174.9820378,-1,-2,-1,2,3222,15969,8615,16347,466614,466615,466617,466618,0,0,0,0
1787581174.9820378,0,-7,-1,-1,3222,15969,8615,16348,466644,466645,466647,466648,0,0,0,0
1787581175.0788972,-1,0,-1,6,3249,15938,8580,16376,466704,466705,466707,466708,0,0,0,0
1787581175.1508298,1,-2,1,-3,3257,15933,8576,16382,466734,466735,466737,466738,0,0,0,0
1787581175.2830403,10,-8,-8,6,3288,15897,8545,16419,466764,466765,466767,466768,0,0,0,0
1787581175.2963297,27,19,-28,30,3633,15508,8150,16875,466794,466795,466797,466798,0,0,0,0
1787581175.3121336,91,-77,-82,68,4996,13907,6805,18401,466824,466825,466827,466828,0,0,0,0
1787581175.3606362,92,-107,-118,129,8058,11019,3872,21355,466854,466855,466857,466858,0,0,0,0
1787581175.4889164,91,-102,-105,111,13957,5560,30959,27703,466914,466915,466917,466918,0,0,0,0
1787581175.5117545,138,-106,-118,121,17082,2380,27849,30894,466944,466945,466947,466948,0,0,0,0
1787581175.569081,119,-131,-109,119,20361,32057,24675,1245,466974,466975,466977,466978,0,0,0,0
1787581175.6121757,94,-92,-96,99,23399,29083,21773,4299,467004,467005,467007,467008,0,0,0,0
1787581175.665365,109,-85,-81,80,26188,26417,19009,6987,467034,467035,467037,467038,0,0,0,0
1787581175.7346718,93,-93,-93,78,28713,23917,16635,9344,467064,467065,467067,467068,0,0,0,0
1787581175.77648,86,-87,-83,77,31039,21624,14284,11634,467094,467095,467097,467098,0,0,0,0
1787581175.8312094,93,-87,-92,76,575,19343,11974,14039,467124,467125,467127,467128,0,0,0,0
1787581175.8937979,98,-92,-102,90,2978,16934,9592,16493,467154,467155,467157,467158,0,0,0,0
1787581175.943115,87,-109,-98,101,5542,14365,6924,19165,467184,467185,467187,467188,0,0,0,0
1787581175.9994106,88,-87,-106,87,8186,11648,4265,21877,467214,467215,467217,467218,0,0,0,0
1787581176.0134866,95,-110,-118,79,10748,8877,1479,24482,467244,467245,467247,467248,0,0,0,0
1787581176.1097422,86,-103,-103,111,16117,3092,28199,29604,467304,467305,467307,467308,0,0,0,0
1787581176.1653175,96,-105,-97,100,18737,373,25473,32328,467334,467335,467337,467338,0,0,0,0
1787581176.1718369,113,-92,-104,93,21312,30484,22909,2251,467364,467365,467367,467368,0,0,0,0
1787581176.234779,104,-78,-105,96,23896,27947,20389,4805,467394,467395,467397,467398,0,0,0,0
1787581176.289494,99,-90,-102,90,26365,25407,17862,7259,467424,467425,467427,467428,0,0,0,0
1787581176.3518918,94,-102,-94,84,28733,22827,15155,9533,467454,467455,467457,467458,0,0,0,0
1787581176.4441743,94,-100,-101,87,31073,20106,12435,11864,467484,467485,467487,467488,0,0,0,0
1787581176.5136201,92,-90,-106,95,766,17336,9603,14346,467514,467515,467517,467518,0,0,0,0
1787581176.524034,79,-95,-97,97,5774,11675,3659,19395,467574,467575,467577,467578,0,0,0,0
1787581176.5942328,101,-106,-97,77,8350,8889,921,21962,467604,467605,467607,467608,0,0,0,0
1787581176.6531382,100,-108,-111,76,10990,5854,30810,24526,467634,467635,467637,467638,0,0,0,0
1787581176.7146444,103,-105,-99,93,13577,3047,27996,27011,467664,467665,467667,467668,0,0,0,0
1787581176.7665403,82,-114,-121,91,16022,321,25093,29350,467694,467695,467697,467698,0,0,0,0
1787581176.796397,84,-96,-105,95,18434,30378,22299,31880,467724,467725,467727,467728,0,0,0,0
1787581177.0175154,78,-112,-86,93,23145,24847,17027,3887,467784,467785,467787,467788,0,0,0,0
1787581177.0335286,21,-22,-24,17,27419,20252,12629,8030,467874,467875,467877,467878,0,0,0,0
1787581177.2274537,-17,10,13,-9,27268,20199,12799,7930,467934,467935,467937,467938,0,0,0,0
1787581177.3534298,-6,9,1,-7,26159,21240,13847,7017,468054,468055,468057,468058,0,0,0,0
1787581177.449649,-2,10,8,-4,25757,21656,14235,6623,468114,468115,468117,468118,0,0,0,0
1787581177.5617695,-5,-3,5,-2,25538,21927,14520,6313,468174,468175,468177,468178,0,0,0,0
1787581177.595191,2,-1,-2,0,25525,21951,14536,6309,468204,468205,468207,468208,0,0,0,0
1787581177.6509836,-4,5,-3,-1,25529,21931,14521,6325,468234,468235,468237,468238,0,0,0,0
1787581177.7134218,-1,-2,-1,1,25539,21925,14516,6341,468264,468265,468267,468268,0,0,0,0
1787581177.8524814,2,2,2,-1,25553,21913,14495,6355,468294,468295,468297,468298,0,0,0,0
1787581178.0321748,-2,2,-3,-1,25569,21896,14477,6380,468384,468385,468387,468388,0,0,0,0
1787581178.0392637,-4,1,0,0,25566,21906,14487,6371,468444,468445,468447,468448,0,0,0,0
1787581178.0529869,-1,-4,6,0,25567,21908,14488,6370,468474,468475,468477,468478,0,0,0,0
1787581178.1465387,0,0,-2,0,25568,21907,14485,6372,468504,468505,468507,468508,0,0,0,0
1787581178.1539192,2,2,-3,0,25567,21897,14475,6372,468534,468535,468537,468538,0,0,0,0
1787581178.260829,1,0,-6,-1,25581,21878,14453,6401,468594,468595,468597,468598,0,0,0,0
1787581178.3725476,-2,-2,0,-1,25604,21859,14429,6434,468624,468625,468627,468628,0,0,0,0
1787581178.3805833,-1,-1,1,-1,25613,21844,14411,6443,468654,468655,468657,468658,0,0,0,0
1787581178.4634273,0,-6,-1,3,25616,21848,14415,6447,468684,468685,468687,468688,0,0,0,0
1787581178.4634273,-2,3,0,-1,25612,21845,14415,6444,468714,468715,468717,468718,0,0,0,0
1787581178.5809245,-1,-4,-1,1,25607,21857,14428,6430,468744,468745,468747,468748,0,0,0,0
1787581178.5809245,4,2,-4,-4,25588,21876,14451,6403,468774,468775,468777,468778,0,0,0,0
1787581178.671659,-8,-6,-5,-3,25578,21892,14468,6385,468804,468805,468807,468808,0,0,0,0
1787581178.671659,6,-4,0,1,25569,21893,14469,6377,468834,468835,468837,468838,0,0,0,0
1787581178.784972,-4,-1,3,-1,25554,21913,14497,6346,468864,468865,468867,468868,0,0,0,0
1787581178.8726182,-5,-2,1,-1,25511,21951,14536,6294,468954,468955,468957,468958,0,0,0,0
1787581178.9289405,4,2,-3,1,25531,21931,14514,6329,468984,468985,468987,468988,0,0,0,0
1787581178.9289405,0,-5,-4,-1,25556,21906,14479,6360,469014,469015,469017,469018,0,0,0,0
1787581179.0811822,8,-1,2,3,25585,21877,14444,6401,469074,469075,469077,469078,0,0,0,0
1787581179.0959635,1,3,-3,-2,25583,21877,14446,6398,469104,469105,469107,469108,0,0,0,0
1787581179.2073743,1,1,1,1,25582,21883,14452,6390,469134,469135,469137,469138,0,0,0,0
1787581179.2073743,-3,5,-8,-1,25575,21891,14461,6380,469164,469165,469167,469168,0,0,0,0
1787581179.2853458,-3,2,0,-2,25569,21894,14466,6373,469194,469195,469197,469198,0,0,0,0
1787581179.2964764,0,0,5,-1,25569,21897,14468,6373,469224,469225,469227,469228,0,0,0,0
1787581179.3947408,-2,-4,0,-1,25568,21896,14468,6373,469254,469255,469257,469258,0,0,0,0
1787581179.3947408,0,1,-2,-2,25568,21897,14468,6373,469284,469285,469287,469288,0,0,0,0
1787581179.4910748,0,0,-4,0,25569,21897,14468,6374,469314,469315,469317,469318,0,0,0,0
1787581179.4961214,-2,-4,-1,1,25569,21897,14467,6373,469344,469345,469347,469348,0,0,0,0
1787581179.5977962,0,-4,0,1,25570,21896,14467,6375,469374,469375,469377,469378,0,0,0,0
1787581179.5977962,4,-3,-1,6,25571,21895,14466,6375,469404,469405,469407,469408,0,0,0,0
1787581179.6940436,-1,-3,-1,-6,25570,21894,14466,6375,469434,469435,469437,469438,0,0,0,0
1787581179.826217,-2,-5,1,2,25567,21903,14473,6370,469554,469555,469557,469558,0,0,0,0
1787581179.914415,2,-2,-6,2,25566,21899,14471,6371,469584,469585,469587,469588,0,0,0,0
1787581180.0304496,0,0,1,1,25567,21898,14469,6372,469614,469615,469617,469618,0,0,0,0
1787581180.0304496,1,5,-3,-24,25567,21898,14467,6372,469674,469675,469677,469678,0,0,0,0
1787581180.1010003,-8,3,-2,1,25566,21902,14471,6369,469704,469705,469707,469708,0,0,0,0
1787581180.2294805,7,2,1,-4,25567,21901,14469,6370,469764,469765,469767,469768,0,0,0,0
1787581180.2451591,-1,4,-2,1,25570,21901,14469,6373,469794,469795,469797,469798,0,0,0,0
1787581180.3030164,3,-3,1,2,25568,21899,14468,6372,469824,469825,469827,469828,0,0,0,0
1787581180.4189463,1,-2,-4,-2,25566,21899,14471,6370,469884,469885,469887,469888,0,0,0,0
1787581180.5101554,-5,-1,-5,5,25567,21901,14471,6372,469914,469915,469917,469918,0,0,0,0
1787581180.6083815,-4,4,-1,1,25568,21897,14467,6373,469944,469945,469947,469948,0,0,0,0
1787581180.6083815,-4,4,2,2,25570,21898,14468,6373,469974,469975,469977,469978,0,0,0,0
1787581180.6083815,-3,-4,-1,-1,25562,21898,14470,6364,470004,470005,470007,470008,0,0,0,0
1787581180.651622,-6,3,-5,0,25558,21910,14482,6354,470034,470035,470037,470038,0,0,0,0
1787581180.731026,1,0,1,-2,25547,21916,14492,6339,470064,470065,470067,470068,0,0,0,0
1787581180.762656,4,-4,-3,1,25540,21921,14498,6331,470094,470095,470097,470098,0,0,0,0
1787581180.9006293,-7,0,-2,-2,25540,21922,14503,6331,470124,470125,470127,470128,0,0,0,0
1787581180.9006293,0,1,3,2,25510,21939,14529,6293,470184,470185,470187,470188,0,0,0,0
1787581181.1245282,-1,-3,0,-1,25506,21950,14540,6287,470214,470215,470217,470218,0,0,0,0
1787581181.1245282,-1,0,-1,2,25534,21934,14513,6321,470304,470305,470307,470308,0,0,0,0
1787581195.6634479,1,-2,-3,4,20122,14769,3698,9110,479034,479035,479037,479038,0,0,0,0
1787581195.8736506,-4,4,3,2,20121,14771,3699,9109,479094,479095,479097,479098,0,0,0,0
1787581195.8759444,-6,-7,1,0,20123,14769,3697,9111,479124,479125,479127,479128,0,0,0,0
1787581195.8759444,1,2,7,0,20126,14765,3694,9114,479154,479155,479157,479158,0,0,0,0
1787581195.8759444,3,2,-1,5,20127,14764,3692,9114,479184,479185,479187,479188,0,0,0,0
1787581196.0109115,-2,-2,-5,2,20124,14768,3696,9111,479244,479245,479247,479248,0,0,0,0
1787581196.068581,4,5,-5,1,20123,14768,3697,9111,479274,479275,479277,479278,0,0,0,0
1787581196.1858127,6,-1,2,-5,20124,14767,3696,9111,479304,479305,479307,479308,0,0,0,0
1787581196.2811542,3,0,4,0,20124,14768,3696,9111,479424,479425,479427,479428,0,0,0,0
1787581196.4115393,-2,1,0,8,20123,14768,3696,9111,479484,479485,479487,479488,0,0,0,0
1787581196.4747872,-1,-10,0,-2,20124,14768,3696,9113,479514,479515,479517,479518,0,0,0,0
1787581196.5869215,2,2,2,-3,20127,14765,3694,9113,479604,479605,479607,479608,0,0,0,0
1787581196.689405,-2,-3,-1,-3,20127,14766,3695,9113,479634,479635,479637,479638,0,0,0,0
1787581196.689405,-1,-1,-6,0,20126,14766,3695,9113,479664,479665,479667,479668,0,0,0,0
1787581196.8015175,2,-2,-1,1,20124,14767,3695,9112,479694,479695,479697,479698,0,0,0,0
1787581196.8083215,3,1,3,1,20125,14767,3696,9112,479724,479725,479727,479728,0,0,0,0
1787581196.9124694,-6,-1,-1,3,20124,14768,3697,9111,479754,479755,479757,479758,0,0,0,0
1787581196.9124694,-2,-1,0,4,20123,14769,3696,9111,479784,479785,479787,479788,0,0,0,0
1787581197.0163417,-5,1,2,0,20125,14766,3694,9112,479814,479815,479817,479818,0,0,0,0
1787581197.0163417,6,1,4,2,20127,14765,3694,9113,479844,479845,479847,479848,0,0,0,0
1787581197.1165757,4,0,2,0,20127,14763,3692,9114,479904,479905,479907,479908,0,0,0,0
1787581197.226272,-3,-1,-2,-5,20128,14763,3692,9114,479934,479935,479937,479938,0,0,0,0
1787581197.226272,3,0,0,14,20127,14763,3691,9113,479964,479965,479967,479968,0,0,0,0
1787581197.2994788,3,-5,4,-3,20127,14764,3693,9113,479994,479995,479997,479998,0,0,0,0
1787581197.3156638,-1,-3,-2,2,20127,14764,3692,9115,480024,480025,480027,480028,0,0,0,0
1787581197.4175134,-2,-1,0,2,20129,14761,3690,9117,480054,480055,480057,480058,0,0,0,0
1787581197.4175134,-1,0,-2,-3,20129,14760,3688,9117,480084,480085,480087,480088,0,0,0,0
1787581197.5015655,-1,-1,-1,-1,20129,14760,3689,9116,480114,480115,480117,480118,0,0,0,0
1787581197.513598,-4,-3,-1,-6,20127,14763,3692,9113,480144,480145,480147,480148,0,0,0,0
1787581197.5945067,-1,2,7,4,20125,14766,3695,9112,480174,480175,480177,480178,0,0,0,0
1787581197.6755297,-4,-2,-2,-2,20125,14766,3694,9111,480204,480205,480207,480208,0,0,0,0
1787581197.6945252,1,-3,1,1,20127,14764,3692,9114,480234,480235,480237,480238,0,0,0,0
1787581197.803152,-4,2,4,0,20129,14762,3690,9115,480264,480265,480267,480268,0,0,0,0
1787581197.8034916,1,1,5,1,20129,14763,3690,9115,480294,480295,480297,480298,0,0,0,0
1787581197.815955,-3,2,-13,4,20015,14878,3826,9020,480354,480355,480357,480358,0,0,0,0
1787581197.9160023,0,-3,4,-3,20135,14789,3708,9099,480414,480415,480417,480418,0,0,0,0
1787581198.0294063,1,0,-1,2,20158,14768,3691,9117,480444,480445,480447,480448,0,0,0,0
1787581198.0294063,0,0,1,3,20159,14771,3691,9115,480474,480475,480477,480478,0,0,0,0
1787581198.077709,0,3,3,-3,20140,14782,3708,9103,480504,480505,480507,480508,0,0,0,0
1787581198.1258311,-2,2,-3,-3,20124,14800,3726,9088,480534,480535,480537,480538,0,0,0,0
1787581198.2109225,-3,2,-7,-3,20109,14817,3744,9076,480564,480565,480567,480568,0,0,0,0
1787581198.3280823,-2,-3,-1,-4,20103,14822,3748,9071,480594,480595,480597,480598,0,0,0,0
1787581198.3280823,0,-1,0,0,20117,14808,3732,9086,480654,480655,480657,480658,0,0,0,0
1787581198.4406583,-4,-5,-7,2,20126,14799,3722,9094,480684,480685,480687,480688,0,0,0,0
1787581198.446258,0,-2,0,-2,20128,14797,3721,9094,480714,480715,480717,480718,0,0,0,0
1787581198.47438,-1,3,1,-2,20123,14802,3727,9089,480744,480745,480747,480748,0,0,0,0
1787581198.5359628,3,-3,1,2,20116,14810,3734,9083,480774,480775,480777,480778,0,0,0,0
1787581198.5921926,-2,-2,0,8,20112,14816,3740,9080,480804,480805,480807,480808,0,0,0,0
1787581198.723833,-5,2,-1,-1,20113,14814,3737,9082,480834,480835,480837,480838,0,0,0,0
1787581198.723833,-1,0,2,0,20118,14808,3731,9087,480864,480865,480867,480868,0,0,0,0
1787581198.7308915,-2,5,-1,-1,20123,14803,3727,9090,480894,480895,480897,480898,0,0,0,0
1787581198.946184,0,1,-1,-3,20124,14803,3727,9091,480924,480925,480927,480928,0,0,0,0
1787581198.946184,-1,-2,-1,-2,20118,14808,3732,9086,481014,481015,481017,481018,0,0,0,0
1787581199.0561242,0,2,2,-4,20124,14803,3726,9091,481074,481075,481077,481078,0,0,0,0
1787581199.083344,1,2,-1,-3,20121,14806,3729,9088,481104,481105,481107,481108,0,0,0,0
1787581199.1480193,1,-2,-1,-3,20118,14810,3734,9085,481134,481135,481137,481138,0,0,0,0
1787581199.2717962,-1,-1,4,5,20115,14811,3735,9083,481194,481195,481197,481198,0,0,0,0
1787581199.343751,2,-3,-2,-2,20119,14807,3730,9087,481224,481225,481227,481228,0,0,0,0
1787581199.4647846,-1,0,-3,0,20119,14809,3733,9086,481314,481315,481317,481318,0,0,0,0
1787581199.4806838,-4,-6,-3,-3,20115,14812,3736,9082,481344,481345,481347,481348,0,0,0,0
1787581199.560626,0,3,6,0,20115,14813,3738,9083,481374,481375,481377,481378,0,0,0,0
1787581199.6736827,-1,4,2,-1,20116,14810,3734,9084,481404,481405,481407,481408,0,0,0,0
1787581199.6736827,4,1,-2,2,20117,14807,3732,9085,481434,481435,481437,481438,0,0,0,0
1787581199.6736827,1,-2,-6,0,20120,14808,3732,9087,481464,481465,481467,481468,0,0,0,0
1787581199.7706637,-4,1,-2,-1,20119,14809,3733,9085,481494,481495,481497,481498,0,0,0,0
1787581199.802934,-6,3,1,-1,20117,14810,3734,9085,481524,481525,481527,481528,0,0,0,0
1787581199.9618654,1,4,-2,2,20116,14812,3735,9084,481554,481555,481557,481558,0,0,0,0
1787581199.9618654,1,-4,0,0,20117,14811,3735,9085,481584,481585,481587,481588,0,0,0,0
1787581199.9618654,1,-1,-1,2,20116,14810,3734,9085,481614,481615,481617,481618,0,0,0,0
1787581200.1013818,1,0,-3,-1,20118,14812,3734,9084,481644,481645,481647,481648,0,0,0,0
1787581200.1013818,-2,-3,-3,1,20117,14807,3734,9086,481674,481675,481677,481678,0,0,0,0
1787581200.1013818,4,1,3,-1,20118,14808,3732,9085,481704,481705,481707,481708,0,0,0,0
1787581200.2823813,2,-1,0,-5,20116,14811,3736,9083,481764,481765,481767,481768,0,0,0,0
1787581200.2823813,1,-3,-7,9,20118,14807,3731,9086,481824,481825,481827,481828,0,0,0,0
1787581200.3686507,0,0,-4,-3,20122,14803,3728,9090,481854,481855,481857,481858,0,0,0,0
1787581200.4817452,2,0,-2,5,20121,14805,3730,9088,481914,481915,481917,481918,0,0,0,0
1787581200.5813627,-3,0,-2,0,20119,14807,3732,9087,481944,481945,481947,481948,0,0,0,0
1787581200.5813627,2,-1,-4,-1,20119,14807,3732,9086,481974,481975,481977,481978,0,0,0,0
1787581200.6911514,2,2,-3,4,20120,14806,3732,9089,482004,482005,482007,482008,0,0,0,0
1787581200.706981,1,-4,0,-6,20121,14804,3729,9088,482064,482065,482067,482068,0,0,0,0
1787581200.787298,-2,1,-3,0,20120,14805,3730,9088,482094,482095,482097,482098,0,0,0,0
1787581200.9051182,0,1,3,0,20119,14806,3731,9088,482154,482155,482157,482158,0,0,0,0
1787581200.9113336,2,-1,0,2,20118,14810,3733,9084,482184,482185,482187,482188,0,0,0,0
1787581200.9945602,2,-5,-1,3,20116,14810,3735,9084,482244,482245,482247,482248,0,0,0,0
1787581201.1054623,9,-3,-6,-5,20118,14808,3732,9085,482274,482275,482277,482278,0,0,0,0
1787581201.1054623,1,-3,1,2,20118,14808,3732,9085,482304,482305,482307,482308,0,0,0,0
1787581201.195989,-1,-2,-1,0,20118,14810,3734,9086,482334,482335,482337,482338,0,0,0,0
1787581201.3074622,1,0,-3,-7,20113,14813,3738,9081,482424,482425,482427,482428,0,0,0,0
1787581201.4038975,4,-2,-1,-3,20114,14812,3737,9083,482454,482455,482457,482458,0,0,0,0
1787581201.411675,-1,2,5,3,20114,14812,3737,9081,482484,482485,482487,482488,0,0,0,0
1787581201.4959633,2,0,-2,-6,20114,14813,3736,9082,482514,482515,482517,482518,0,0,0,0
1787581201.50147,1,-5,3,0,20114,14814,3738,9081,482544,482545,482547,482548,0,0,0,0
1787581201.6068456,-4,-1,-1,1,20113,14813,3737,9082,482604,482605,482607,482608,0,0,0,0
1787581201.7217824,-2,-2,-5,-5,20113,14812,3738,9082,482634,482635,482637,482638,0,0,0,0
1787581201.7217824,1,3,-3,2,20112,14815,3740,9082,482664,482665,482667,482668,0,0,0,0
1787581201.7339194,-2,4,-2,1,20110,14817,3742,9078,482694,482695,482697,482698,0,0,0,0
1787581201.8151882,-3,-3,-2,4,20104,14827,3753,9069,482724,482725,482727,482728,0,0,0,0
1787581201.9154868,0,4,12,3,20088,14851,3773,9046,482754,482755,482757,482758,0,0,0,0
1787581201.9154868,2,0,-1,-2,20026,14903,3837,8985,482784,482785,482787,482788,0,0,0,0
1787581201.931204,5,-6,-5,0,19996,14935,3871,8965,482814,482815,482817,482818,0,0,0,0
1787581202.1189387,3,-5,-5,0,20025,14894,3825,9008,482844,482845,482847,482848,0,0,0,0
1787581202.1189387,-1,-5,0,1,20152,14766,3690,9121,482904,482905,482907,482908,0,0,0,0
1787581202.2101326,-1,-3,-1,-6,20187,14734,3660,9150,482934,482935,482937,482938,0,0,0,0
1787581202.2307782,4,1,-7,3,20201,14718,3648,9159,482964,482965,482967,482968,0,0,0,0
1787581202.3349223,2,0,-1,-5,20141,14786,3713,9102,483054,483055,483057,483058,0,0,0,0
1787581202.4318142,-2,4,8,1,20119,14813,3739,9082,483084,483085,483087,483088,0,0,0,0
1787581202.5114582,-2,-2,3,0,20103,14829,3754,9067,483144,483145,483147,483148,0,0,0,0
1787581202.5496898,1,-2,-1,-1,20107,14825,3748,9074,483174,483175,483177,483178,0,0,0,0
1787581202.6199808,0,-1,4,2,20114,14816,3738,9081,483204,483205,483207,483208,0,0,0,0
1787581202.6813354,-1,-2,4,1,20119,14810,3734,9084,483234,483235,483237,483238,0,0,0,0
1787581202.8344154,1,1,-1,3,20115,14816,3742,9081,483294,483295,483297,483298,0,0,0,0
1787581203.0354328,-1,-4,7,0,20114,14815,3741,9081,483414,483415,483417,483418,0,0,0,0
1787581203.0480766,-1,1,-3,6,20113,14817,3741,9079,483474,483475,483477,483478,0,0,0,0
1787581203.1549268,-1,1,-3,6,20113,14817,3741,9079,483474,483475,483477,483478,0,0,0,0
1787581203.1613648,-3,0,-2,-7,20113,14816,3741,9080,483534,483535,483537,483538,0,0,0,0
1787581203.1750772,0,-4,-4,-1,20116,14815,3739,9082,483564,483565,483567,483568,0,0,0,0
1787581203.2512555,-3,-1,0,-1,20117,14814,3738,9084,483594,483595,483597,483598,0,0,0,0
1787581203.2881377,2,2,2,9,20113,14818,3744,9076,483624,483625,483627,483628,0,0,0,0
1787581203.4440289,-2,5,2,1,20090,14845,3776,9053,483684,483685,483687,483688,0,0,0,0
1787581203.4440289,2,2,1,0,20072,14858,3791,9034,483714,483715,483717,483718,0,0,0,0
1787581203.5207827,2,-3,-2,4,20057,14869,3806,9024,483774,483775,483777,483778,0,0,0,0
1787581203.6332052,-9,-3,3,0,20067,14858,3796,9034,483804,483805,483807,483808,0,0,0,0
1787581203.6332052,1,-2,-1,3,20073,14851,3788,9039,483834,483835,483837,483838,0,0,0,0
1787581203.8616917,-3,-1,0,1,20075,14850,3787,9041,483864,483865,483867,483868,0,0,0,0
1787581203.8620632,3,-4,-1,0,20072,14855,3792,9036,483894,483895,483897,483898,0,0,0,0
1787581203.9742131,4,0,0,-2,20073,14853,3788,9039,483984,483985,483987,483988,0,0,0,0
1787581203.9806428,-1,0,1,2,20069,14856,3793,9035,484044,484045,484047,484048,0,0,0,0
1787581204.0711467,3,1,2,3,20067,14859,3795,9033,484074,484075,484077,484078,0,0,0,0
1787581204.106183,2,-3,2,2,20067,14856,3793,9035,484104,484105,484107,484108,0,0,0,0
1787581204.1751761,-2,1,-5,-1,20071,14853,3789,9038,484134,484135,484137,484138,0,0,0,0
1787581204.2657704,-1,0,-1,1,20072,14854,3790,9038,484164,484165,484167,484168,0,0,0,0
1787581204.271247,-1,3,0,0,20069,14855,3792,9035,484194,484195,484197,484198,0,0,0,0
1787581204.4711285,3,-3,-1,3,20071,14855,3790,9037,484254,484255,484257,484258,0,0,0,0
1787581204.5272334,-6,-1,-2,2,20046,14869,3819,9013,484344,484345,484347,484348,0,0,0,0
1787581204.6291742,0,1,-1,0,20086,14826,3767,9059,484404,484405,484407,484408,0,0,0,0
1787581204.6453185,3,2,-6,6,20153,14751,3691,9124,484434,484435,484437,484438,0,0,0,0
1787581204.8867373,0,-2,-2,1,20302,14585,3549,9244,484524,484525,484527,484528,0,0,0,0
1787581204.8867373,1,3,4,-5,20296,14597,3562,9232,484554,484555,484557,484558,0,0,0,0
1787581204.987502,-6,-3,-8,-4,20085,14836,3782,9039,484644,484645,484647,484648,0,0,0,0
1787581205.0976617,0,5,-6,0,20027,14893,3844,8987,484674,484675,484677,484678,0,0,0,0
1787581205.1523557,-1,1,-3,-2,20001,14915,3866,8969,484704,484705,484707,484708,0,0,0,0
1787581205.1553714,3,0,-2,-2,20006,14908,3859,8974,484734,484735,484737,484738,0,0,0,0
1787581205.2274072,1,-3,-6,2,20069,14844,3785,9052,484764,484765,484767,484768,0,0,0,0
1787581205.2913606,22,-32,-21,25,20433,14425,3414,9476,484794,484795,484797,484798,0,0,0,0
1787581205.3142292,115,-120,-113,80,24827,9996,32031,14145,484854,484855,484857,484858,0,0,0,0
1787581205.4006476,103,-105,-103,126,30447,4336,26305,20070,484914,484915,484917,484918,0,0,0,0
1787581205.532274,109,-115,-128,103,995,1182,22980,23353,484944,484945,484947,484948,0,0,0,0
1787581205.5910952,118,-109,-102,107,4341,30717,19686,26584,484974,484975,484977,484978,0,0,0,0
1787581205.6481903,115,-97,-111,124,7351,27758,16743,29570,485004,485005,485007,485008,0,0,0,0
1787581205.6540585,90,-109,-82,91,10144,24986,14053,32312,485034,485035,485037,485038,0,0,0,0
1787581205.7097335,82,-103,-73,84,12614,22505,11524,2045,485064,485065,485067,485068,0,0,0,0
1787581205.7591813,71,-87,-78,78,14917,20171,9285,4264,485094,485095,485097,485098,0,0,0,0
1787581205.7725384,94,-82,-88,92,17187,17997,7069,6541,485124,485125,485127,485128,0,0,0,0
1787581205.8354654,96,-90,-97,96,19502,15660,4746,8931,485154,485155,485157,485158,0,0,0,0
1787581205.869835,90,-101,-91,79,22003,13146,2252,11493,485184,485185,485187,485188,0,0,0,0
1787581205.9311635,107,-103,-113,104,24656,10452,32212,14167,485214,485215,485217,485218,0,0,0,0
1787581205.9936829,111,-90,-100,108,27572,7560,29351,17069,485244,485245,485247,485248,0,0,0,0
1787581206.0508645,93,-95,-82,129,30465,4851,26738,20250,485274,485275,485277,485278,0,0,0,0
1787581206.147432,114,-86,-79,101,650,2265,24201,23296,485304,485305,485307,485308,0,0,0,0
1787581206.153586,89,-88,-82,122,3405,32488,21660,26164,485334,485335,485337,485338,0,0,0,0
1787581206.2157238,119,-98,-88,90,6166,29960,19275,28863,485364,485365,485367,485368,0,0,0,0
1787581206.2522717,110,-86,-86,81,8913,27678,17005,31502,485394,485395,485397,485398,0,0,0,0
1787581206.3140502,93,-82,-89,100,11496,25457,14726,1273,485424,485425,485427,485428,0,0,0,0
1787581206.3617818,79,-92,-103,101,14082,23051,12218,3904,485454,485455,485457,485458,0,0,0,0
1787581206.376255,100,-101,-101,90,16613,20548,9657,6627,485484,485485,485487,485488,0,0,0,0
1787581206.461629,105,-103,-96,85,19302,17864,6994,9248,485514,485515,485517,485518,0,0,0,0
1787581206.461629,97,-114,-113,99,21998,15180,4268,11948,485544,485545,485547,485548,0,0,0,0
1787581206.5308595,96,-106,-114,107,24598,12377,1350,14524,485574,485575,485577,485578,0,0,0,0
1787581206.60555,98,-99,-90,90,27384,9561,31232,16989,485604,485605,485607,485608,0,0,0,0
1787581206.6312535,107,-93,-96,80,29998,7017,28609,19614,485634,485635,485637,485638,0,0,0,0
1787581206.6696265,78,-90,-90,88,32598,4350,26121,22175,485664,485665,485667,485668,0,0,0,0
1787581206.777052,79,-103,-87,96,2356,1855,23597,24865,485694,485695,485697,485698,0,0,0,0
1787581206.8361044,87,-113,-86,103,4875,32080,20927,27476,485724,485725,485727,485728,0,0,0,0
1787581206.8827274,103,-112,-90,92,7478,29474,18398,30060,485754,485755,485757,485758,0,0,0,0
1787581206.9945276,93,-92,-106,116,12711,24178,13138,2556,485814,485815,485817,485818,0,0,0,0
1787581207.0102758,99,-97,-86,109,15365,21545,10363,5209,485844,485845,485847,485848,0,0,0,0
1787581207.1340969,99,-92,-94,90,20512,16383,5278,10454,485904,485905,485907,485908,0,0,0,0
1787581207.2415097,80,-70,-72,60,22892,13982,2942,12715,485934,485935,485937,485938,0,0,0,0
1787581207.2415097,24,-24,-28,-11,25839,11308,1131,13628,485994,485995,485997,485998,0,0,0,0
1787581207.3358839,28,9,-1,18,26368,11055,699,13666,486024,486025,486027,486028,0,0,0,0
1787581207.3358839,5,-9,0,6,26839,10996,611,13865,486054,486055,486057,486058,0,0,0,0
1787581207.464149,6,-5,2,-5,26926,10795,497,13944,486114,486115,486117,486118,0,0,0,0
1787581207.5425134,0,1,-2,0,26914,10753,481,13932,486144,486145,486147,486148,0,0,0,0
1787581207.55649,-1,-1,2,-1,26893,10760,488,13911,486174,486175,486177,486178,0,0,0,0
1787581207.5906672,1,-1,-3,3,26906,10751,469,13920,486204,486205,486207,486208,0,0,0,0
1787581207.7508137,-1,-1,-1,-7,26919,10733,451,13932,486234,486235,486237,486238,0,0,0,0
1787581207.7508137,0,2,-1,0,26946,10709,427,13956,486264,486265,486267,486268,0,0,0,0
1787581207.757039,2,0,-3,0,26991,10668,387,13995,486294,486295,486297,486298,0,0,0,0
1787581207.9587576,1,-6,-1,-2,27009,10648,367,14004,486414,486415,486417,486418,0,0,0,0
1787581208.0360897,0,-1,-5,-2,27022,10629,347,14016,486444,486445,486447,486448,0,0,0,0
1787581208.0702193,-1,0,-3,19,27042,10608,327,14034,486474,486475,486477,486478,0,0,0,0
1787581208.1610022,-28,-71,-70,-55,26987,10432,190,13807,486504,486505,486507,486508,0,0,0,0
1787581208.169432,-80,-79,-89,-82,25386,8807,30609,11181,486534,486535,486537,486538,0,0,0,0
1787581208.2974997,-67,-70,-71,-72,21107,4572,26492,7194,486594,486595,486597,486598,0,0,0,0
1787581208.3675807,-81,-77,-74,-68,19194,2392,24225,5249,486624,486625,486627,486628,0,0,0,0
1787581208.3755918,-72,-79,-66,-56,17210,52,22234,3442,486654,486655,486657,486658,0,0,0,0
1787581208.4774618,-72,-83,-79,-90,15112,30640,20344,1817,486684,486685,486687,486688,0,0,0,0
1787581208.493207,-71,-85,-68,-68,12991,28460,18410,32517,486714,486715,486717,486718,0,0,0,0
1787581208.5575173,-88,-71,-76,-77,10869,26475,16314,30237,486744,486745,486747,486748,0,0,0,0
1787581208.6738932,-100,-71,-77,-73,8720,24451,14136,27866,486774,486775,486777,486778,0,0,0,0
1787581208.6738932,-75,-79,-88,-84,4474,20538,9906,23474,486834,486835,486837,486838,0,0,0,0
1787581208.7778437,-79,-73,-90,-88,2336,18536,7675,21243,486864,486865,486867,486868,0,0,0,0
1787581208.9799926,-85,-85,-85,-78,195,16334,5309,18924,486894,486895,486897,486898,0,0,0,0
1787581208.9863877,-35,-48,-36,-31,27750,10739,159,14225,486984,486985,486987,486988,0,0,0,0
1787581208.9933145,-32,-35,-23,-11,26864,9859,32250,13760,487014,487015,487017,487018,0,0,0,0
1787581209.1248715,1,-1,-2,1,25899,8527,31412,13342,487104,487105,487107,487108,0,0,0,0
1787581209.180434,-5,-5,-5,0,25912,8484,31383,13358,487134,487135,487137,487138,0,0,0,0
1787581209.279218,0,1,3,0,26027,8355,31286,13493,487194,487195,487197,487198,0,0,0,0
1787581209.3858135,0,-1,-2,-1,26089,8317,31253,13553,487284,487285,487287,487288,0,0,0,0
1787581209.4960878,3,-3,-5,-3,26134,8244,31195,13598,487344,487345,487347,487348,0,0,0,0
1787581209.5596194,0,-2,-2,-1,26166,8225,31175,13631,487374,487375,487377,487378,0,0,0,0
1787581209.5753455,-2,-3,5,-2,26180,8219,31171,13639,487404,487405,487407,487408,0,0,0,0
1787581209.6229324,1,-1,-3,2,26180,8214,31167,13637,487434,487435,487437,487438,0,0,0,0
1787581209.7984366,-2,-4,-2,-2,26175,8214,31168,13634,487464,487465,487467,487468,0,0,0,0
1787581209.7984366,-1,1,0,4,26186,8200,31154,13648,487494,487495,487497,487498,0,0,0,0
1787581209.8156748,1,1,1,-3,26193,8195,31151,13652,487524,487525,487527,487528,0,0,0,0
1787581209.9059286,-1,1,-5,-4,26195,8196,31152,13651,487554,487555,487557,487558,0,0,0,0
1787581209.9218736,-2,-1,1,1,26183,8212,31167,13639,487584,487585,487587,487588,0,0,0,0
1787581209.9378636,0,-5,-4,3,26178,8214,31168,13637,487614,487615,487617,487618,0,0,0,0
1787581210.0163324,-2,0,1,-2,26185,8201,31156,13644,487644,487645,487647,487648,0,0,0,0
1787581210.0497005,-1,-2,1,-2,26197,8188,31144,13656,487674,487675,487677,487678,0,0,0,0
1787581210.1128845,2,-6,0,-1,26221,8169,31128,13687,487704,487705,487707,487708,0,0,0,0
1787581210.155794,28,-17,-22,20,26495,7918,30877,13965,487734,487735,487737,487738,0,0,0,0
1787581210.1749985,63,-67,-71,86,27464,6857,29801,15341,487764,487765,487767,487768,0,0,0,0
1787581210.2357824,97,-135,-116,122,30316,3799,27053,17969,487794,487795,487797,487798,0,0,0,0
1787581210.2834866,108,-86,-90,97,479,946,24179,20965,487824,487825,487827,487828,0,0,0,0
1787581210.372416,133,-102,-118,131,6501,27848,18210,27307,487884,487885,487887,487888,0,0,0,0
1787581210.4363465,115,-119,-104,118,9749,24731,14965,30624,487914,487915,487917,487918,0,0,0,0
1787581210.4974558,99,-93,-116,96,12688,21843,12020,788,487944,487945,487947,487948,0,0,0,0
1787581210.556704,115,-99,-97,85,15480,18995,9301,3438,487974,487975,487977,487978,0,0,0,0
1787581210.576622,93,-88,-79,89,18105,16414,6782,5973,488004,488005,488007,488008,0,0,0,0
1787581210.7099285,87,-77,-80,77,22908,11847,2107,10638,488064,488065,488067,488068,0,0,0,0
1787581210.7649267,99,-80,-87,98,25259,9441,32562,13072,488094,488095,488097,488098,0,0,0,0
1787581210.7777858,85,-85,-99,110,27728,6984,30069,15592,488124,488125,488127,488128,0,0,0,0
1787581210.834304,85,-102,-110,108,30313,4347,27429,18321,488154,488155,488157,488158,0,0,0,0
1787581210.931906,104,-122,-102,103,290,1579,24485,21138,488184,488185,488187,488188,0,0,0,0
1787581210.931906,98,-94,-112,99,2985,31433,21555,23809,488214,488215,488217,488218,0,0,0,0
1787581210.9931133,87,-107,-95,98,5677,28478,18618,26357,488244,488245,488247,488248,0,0,0,0
1787581211.0354178,93,-87,-116,80,8238,25743,15760,28797,488274,488275,488277,488278,0,0,0,0
1787581211.11211,94,-95,-98,76,10690,23049,12890,31324,488304,488305,488307,488308,0,0,0,0
1787581211.153462,89,-103,-87,76,13155,20367,10268,908,488334,488335,488337,488338,0,0,0,0
1787581211.215841,95,-103,-104,72,15475,17732,7662,3277,488364,488365,488367,488368,0,0,0,0
1787581211.265493,92,-83,-98,74,17877,14976,4894,5599,488394,488395,488397,488398,0,0,0,0
1787581211.2773826,82,-79,-93,78,20195,12381,2200,7915,488424,488425,488427,488428,0,0,0,0
1787581211.335876,86,-107,-120,80,22499,9581,32166,10348,488454,488455,488457,488458,0,0,0,0
1787581211.3937309,110,-99,-100,89,24986,6755,29235,12845,488484,488485,488487,488488,0,0,0,0
1787581211.4573998,90,-103,-97,112,27571,3666,26442,15539,488514,488515,488517,488518,0,0,0,0
1787581211.5063505,95,-95,-98,107,30117,802,23542,18177,488544,488545,488547,488548,0,0,0,0
1787581211.5690155,74,-104,-109,86,32662,30745,20583,20752,488574,488575,488577,488578,0,0,0,0
1787581211.5966368,76,-84,-105,71,2385,27948,17720,23155,488604,488605,488607,488608,0,0,0,0
1787581211.6288548,85,-107,-94,82,4842,25269,14953,25468,488634,488635,488637,488638,0,0,0,0
1787581211.7093844,93,-108,-108,71,7278,22396,12237,27888,488664,488665,488667,488668,0,0,0,0
1787581211.7321966,88,-87,-105,74,9793,19757,9529,30343,488694,488695,488697,488698,0,0,0,0
1787581211.819979,90,-108,-102,80,12158,17083,6702,32689,488724,488725,488727,488728,0,0,0,0
1787581211.854711,93,-111,-114,98,14514,14219,3914,2408,488754,488755,488757,488758,0,0,0,0
1787581211.894895,98,-90,-98,87,16921,11479,1231,4804,488784,488785,488787,488788,0,0,0,0
1787581212.0539606,112,-71,-36,23,21405,6652,30560,7930,488844,488845,488847,488848,0,0,0,0
1787581212.1641002,8,-15,-5,14,23217,4858,29165,10062,488904,488905,488907,488908,0,0,0,0
1787581212.1641002,-17,14,26,-23,23095,4894,29471,9813,488934,488935,488937,488938,0,0,0,0
1787581212.2563865,-17,22,28,-16,22486,5497,30260,9248,488964,488965,488967,488968,0,0,0,0
1787581212.2637577,-17,24,13,-9,22119,5897,30652,8897,488994,488995,488997,488998,0,0,0,0
1787581212.3812108,-5,6,2,-6,21889,6121,30847,8697,489024,489025,489027,489028,0,0,0,0
1787581212.3812108,-7,6,8,-6,21527,6494,31158,8331,489084,489085,489087,489088,0,0,0,0
1787581212.474046,-8,2,5,-7,21313,6684,31330,8119,489114,489115,489117,489118,0,0,0,0
1787581212.5837681,-7,7,7,-11,21109,6862,31504,7937,489144,489145,489147,489148,0,0,0,0
1787581212.5895605,-7,5,1,-8,20933,7025,31684,7772,489174,489175,489177,489178,0,0,0,0
1787581212.5895605,-6,6,-3,-7,20822,7147,31815,7670,489204,489205,489207,489208,0,0,0,0
1787581212.6666675,-6,8,1,-4,20771,7198,31872,7621,489234,489235,489237,489238,0,0,0,0
1787581212.7840173,-7,2,-1,1,20722,7270,31947,7574,489294,489295,489297,489298,0,0,0,0
1787581212.8698692,6,1,0,1,20726,7291,31961,7559,489324,489325,489327,489328,0,0,0,0
1787581212.8698692,-4,2,3,-6,20686,7341,32008,7516,489354,489355,489357,489358,0,0,0,0
1787581212.9854887,-3,5,6,-5,20619,7417,32095,7438,489384,489385,489387,489388,0,0,0,0
1787581213.0029685,-9,8,6,-16,20311,7739,32452,7123,489444,489445,489447,489448,0,0,0,0
1787581213.138154,-6,11,9,-11,20093,7953,32695,6913,489474,489475,489477,489478,0,0,0,0
1787581213.2683396,-15,23,24,-16,18827,9309,1283,5524,489564,489565,489567,489568,0,0,0,0
1787581213.2841914,-20,17,24,-29,18273,9831,1960,4816,489594,489595,489597,489598,0,0,0,0
1787581213.3961651,-16,10,35,-24,17177,10886,3590,3478,489654,489655,489657,489658,0,0,0,0
1787581213.4060104,-16,-22,-24,-59,16584,10875,3551,2961,489684,489685,489687,489688,0,0,0,0
1787581213.4866066,-20,-28,-25,-18,16068,10058,2908,2392,489714,489715,489717,489718,0,0,0,0
1787581213.589469,-26,19,-6,-21,15391,9845,2171,1781,489744,489745,489747,489748,0,0,0,0
1787581213.589469,-17,-19,-22,-17,14876,9807,1963,1293,489774,489775,489777,489778,0,0,0,0
1787581213.6808314,-17,7,14,-13,14444,9337,1303,1005,489804,489805,489807,489808,0,0,0,0
1787581213.6965477,-13,-1,14,-8,14042,9579,1559,700,489834,489835,489837,489838,0,0,0,0
1787581213.7126307,1,5,-1,0,13686,9796,1788,377,489894,489895,489897,489898,0,0,0,0
1787581213.8312054,1,1,-2,-7,13612,9868,1853,305,489924,489925,489927,489928,0,0,0,0
1787581213.8891466,-8,2,0,-3,13478,9973,1963,190,489984,489985,489987,489988,0,0,0,0
1787581214.0022213,-8,2,0,-3,13478,9973,1963,190,489984,489985,489987,489988,0,0,0,0
1787581214.0022213,-2,2,10,-5,13311,10118,2100,42,490044,490045,490047,490048,0,0,0,0
1787581214.090499,-8,2,2,-4,13205,10202,2184,32722,490074,490075,490077,490078,0,0,0,0
1787581214.1103482,-3,-3,-1,-7,13106,10276,2262,32643,490104,490105,490107,490108,0,0,0,0
1787581214.2314692,-2,0,1,-7,13037,10335,2318,32587,490134,490135,490137,490138,0,0,0,0
1787581214.2314692,-3,2,3,0,12998,10365,2345,32559,490164,490165,490167,490168,0,0,0,0
1787581214.2495604,-6,-4,0,5,12984,10379,2357,32553,490194,490195,490197,490198,0,0,0,0
1787581214.3054261,-1,-7,2,-4,12992,10374,2349,32557,490224,490225,490227,490228,0,0,0,0
1787581214.4262676,-2,-1,-5,1,13011,10361,2333,32571,490254,490255,490257,490258,0,0,0,0
1787581214.4262676,2,-2,3,-3,13032,10340,2311,32591,490284,490285,490287,490288,0,0,0,0
1787581214.4262676,3,1,5,4,13055,10319,2293,32609,490314,490315,490317,490318,0,0,0,0
1787581214.5024638,0,-8,-3,-4,13075,10302,2276,32624,490344,490345,490347,490348,0,0,0,0
1787581214.59889,-2,-3,-2,-2,13089,10290,2263,32635,490374,490375,490377,490378,0,0,0,0
1787581214.59889,-1,-1,-1,-5,13095,10284,2262,32641,490404,490405,490407,490408,0,0,0,0
1787581214.7148325,1,5,1,0,13097,10284,2266,32647,490434,490435,490437,490438,0,0,0,0
1787581214.9212403,-11,27,39,24,11730,11703,5498,870,490584,490585,490587,490588,0,0,0,0
1787581214.937209,-19,24,32,22,11393,12327,6354,1451,490614,490615,490617,490618,0,0,0,0
1787581215.055065,-13,16,43,5,10472,13530,8627,2218,490674,490675,490677,490678,0,0,0,0
1787581215.1127424,-15,-2,32,-2,10106,13962,9428,2268,490704,490705,490707,490708,0,0,0,0
1787581215.1286857,-12,23,15,-8,9787,14510,10104,2135,490734,490735,490737,490738,0,0,0,0
1787581215.2247114,-8,9,7,-14,9156,15257,10824,1443,490794,490795,490797,490798,0,0,0,0
1787581215.3355806,-8,13,9,-17,8550,15798,11374,904,490854,490855,490857,490858,0,0,0,0
1787581215.4370058,-5,5,5,2,8193,16120,11686,619,490914,490915,490917,490918,0,0,0,0
1787581215.5332174,1,-2,-4,-5,8105,16198,11770,542,490974,490975,490977,490978,0,0,0,0
1787581215.6363995,-2,-5,-2,6,8126,16173,11742,573,491004,491005,491007,491008,0,0,0,0
1787581215.6467779,6,-1,-3,5,8183,16125,11680,633,491034,491035,491037,491038,0,0,0,0
1787581215.8690794,-2,1,2,-2,8212,16088,11663,642,491094,491095,491097,491098,0,0,0,0
1787581215.8690794,-21,20,13,-18,7543,16781,12467,32627,491154,491155,491157,491158,0,0,0,0
1787581215.943228,-24,17,20,-29,7000,17352,13044,32052,491184,491185,491187,491188,0,0,0,0
1787581215.943228,-24,23,27,-25,6344,17945,13759,31359,491214,491215,491217,491218,0,0,0,0
1787581234.5805926,0,3,-6,0,1124,30068,12062,12552,502344,502345,502347,502348,0,0,0,0
1787581234.5805926,0,0,-2,0,1125,30068,12061,12552,502374,502375,502377,502378,0,0,0,0
1787581234.5805926,1,-1,0,1,1122,30072,12065,12551,502404,502405,502407,502408,0,0,0,0
1787581234.7729065,-1,-1,-1,3,1122,30072,12066,12551,502434,502435,502437,502438,0,0,0,0
1787581234.7955694,-4,1,0,1,1125,30068,12061,12553,502494,502495,502497,502498,0,0,0,0
1787581234.920499,4,1,-2,1,1120,30074,12068,12549,502584,502585,502587,502588,0,0,0,0
1787581234.9839008,0,1,1,-4,1122,30072,12065,12551,502614,502615,502617,502618,0,0,0,0
1787581235.1154032,-5,-3,4,6,1125,30068,12063,12552,502704,502705,502707,502708,0,0,0,0
1787581235.1519997,1,2,4,3,1121,30073,12067,12549,502734,502735,502737,502738,0,0,0,0
1787581235.2678475,0,-5,1,-2,1120,30073,12067,12548,502764,502765,502767,502768,0,0,0,0
1787581235.3445847,1,-1,4,-1,1123,30072,12064,12550,502794,502795,502797,502798,0,0,0,0
1787581235.406726,-2,-4,1,4,1126,30069,12061,12554,502824,502825,502827,502828,0,0,0,0
1787581235.413099,2,4,4,-1,1125,30068,12063,12552,502884,502885,502887,502888,0,0,0,0
1787581235.5112069,-5,5,-5,1,1121,30073,12067,12548,502914,502915,502917,502918,0,0,0,0
1787581235.5112069,-6,-2,-2,1,1118,30077,12071,12545,502944,502945,502947,502948,0,0,0,0
1787581235.6027768,1,5,-1,-4,1117,30078,12073,12546,502974,502975,502977,502978,0,0,0,0
1787581235.617658,-5,2,3,-4,1119,30075,12069,12547,503004,503005,503007,503008,0,0,0,0
1787581235.6709137,0,3,-1,-3,1121,30072,12066,12549,503034,503035,503037,503038,0,0,0,0
1787581235.8051476,-3,-8,3,0,1119,30076,12070,12548,503094,503095,503097,503098,0,0,0,0
1787581235.8051476,-1,1,4,0,1118,30076,12070,12548,503124,503125,503127,503128,0,0,0,0
1787581235.9276726,-2,1,-3,5,1121,30071,12065,12549,503184,503185,503187,503188,0,0,0,0
1787581236.0263238,1,-5,1,0,1118,30074,12069,12547,503244,503245,503247,503248,0,0,0,0
1787581236.209599,3,0,-3,0,1120,30074,12068,12548,503274,503275,503277,503278,0,0,0,0
1787581236.209599,2,3,2,-4,1122,30072,12065,12550,503334,503335,503337,503338,0,0,0,0
1787581236.2254477,1,4,-2,0,1121,30072,12067,12550,503364,503365,503367,503368,0,0,0,0
1787581236.3208566,-7,-6,0,1,1117,30075,12069,12547,503424,503425,503427,503428,0,0,0,0
1787581236.4086132,2,0,-4,0,1125,30067,12061,12554,503484,503485,503487,503488,0,0,0,0
1787581236.5223963,1,1,2,-1,1125,30068,12063,12553,503544,503545,503547,503548,0,0,0,0
1787581236.6071522,2,-6,1,-5,1117,30077,12071,12545,503604,503605,503607,503608,0,0,0,0
1787581236.7216716,1,-2,-4,-3,1118,30076,12069,12547,503634,503635,503637,503638,0,0,0,0
1787581236.7333703,3,-2,6,3,1116,30079,12066,12546,503664,503665,503667,503668,0,0,0,0
1787581236.8192065,4,-5,0,1,1060,30146,12141,12483,503724,503725,503727,503728,0,0,0,0
1787581236.9503021,9,0,-3,1,1096,30110,12105,12516,503754,503755,503757,503758,0,0,0,0
1787581236.9503021,1,4,2,1,1101,30093,12093,12522,503784,503785,503787,503788,0,0,0,0
1787581236.9666514,20,-2,1,-3,1090,30107,12107,12508,503814,503815,503817,503818,0,0,0,0
1787581237.1508307,0,-1,3,1,1061,30140,12143,12486,503904,503905,503907,503908,0,0,0,0
1787581237.239459,9,0,2,0,1075,30126,12127,12498,503934,503935,503937,503938,0,0,0,0
1787581237.239459,-1,0,-3,2,1082,30119,12118,12504,503964,503965,503967,503968,0,0,0,0
1787581237.3646584,-5,2,0,2,1077,30120,12124,12500,503994,503995,503997,503998,0,0,0,0
1787581237.435292,-4,-2,-4,-2,1074,30128,12129,12496,504084,504085,504087,504088,0,0,0,0
1787581237.5383155,-3,3,-4,-3,1075,30126,12128,12498,504144,504145,504147,504148,0,0,0,0
1787581237.5743575,-4,0,2,-2,1074,30127,12129,12497,504174,504175,504177,504178,0,0,0,0
1787581237.6493766,-1,0,-6,-1,1074,30127,12129,12496,504204,504205,504207,504208,0,0,0,0
1787581237.6844642,-1,-3,2,-3,1075,30125,12128,12497,504234,504235,504237,504238,0,0,0,0
1787581237.8503594,-5,-2,0,3,1075,30124,12126,12499,504264,504265,504267,504268,0,0,0,0
1787581237.9715745,0,0,1,0,1075,30126,12129,12496,504324,504325,504327,504328,0,0,0,0
1787581237.9715745,-3,-2,3,0,1076,30123,12125,12499,504414,504415,504417,504418,0,0,0,0
1787581238.057987,-1,-1,-3,-22,1078,30121,12124,12499,504444,504445,504447,504448,0,0,0,0
1787581238.196053,2,0,-6,-2,1073,30128,12130,12495,504504,504505,504507,504508,0,0,0,0
1787581238.196053,1,-3,0,3,1072,30130,12132,12494,504534,504535,504537,504538,0,0,0,0
1787581238.2153807,2,2,-5,-1,1073,30126,12129,12496,504564,504565,504567,504568,0,0,0,0
1787581238.2278442,-3,-2,-4,2,1075,30126,12128,12498,504594,504595,504597,504598,0,0,0,0
1787581238.275661,-1,1,-1,0,1075,30125,12127,12498,504624,504625,504627,504628,0,0,0,0
1787581238.3821476,4,2,3,-3,1073,30127,12129,12495,504684,504685,504687,504688,0,0,0,0
1787581238.4456558,-3,1,-1,4,1073,30127,12128,12495,504714,504715,504717,504718,0,0,0,0
1787581238.5027173,-1,-2,0,17,1075,30126,12127,12496,504744,504745,504747,504748,0,0,0,0
1787581238.6723526,-2,-6,-1,1,1074,30124,12128,12496,504774,504775,504777,504778,0,0,0,0
1787581238.677466,-1,-3,2,-4,1075,30126,12128,12496,504804,504805,504807,504808,0,0,0,0
1787581238.677466,-3,3,0,2,1072,30125,12128,12496,504864,504865,504867,504868,0,0,0,0
1787581238.7895067,1,-1,-4,3,1074,30127,12129,12495,504924,504925,504927,504928,0,0,0,0
1787581238.8918586,0,1,4,2,1067,30133,12136,12490,504984,504985,504987,504988,0,0,0,0
1787581239.084949,1,-8,-3,-1,1069,30132,12135,12492,505074,505075,505077,505078,0,0,0,0
1787581239.084949,-1,-1,1,1,1069,30131,12134,12492,505104,505105,505107,505108,0,0,0,0
1787581239.2076008,4,8,-3,-2,1067,30136,12138,12489,505164,505165,505167,505168,0,0,0,0
1787581239.2459228,-1,-4,-1,1,1065,30137,12140,12488,505194,505195,505197,505198,0,0,0,0
1787581239.2953434,2,-3,0,1,1065,30136,12139,12488,505224,505225,505227,505228,0,0,0,0
1787581239.440641,-4,-2,-2,-1,1067,30133,12136,12490,505254,505255,505257,505258,0,0,0,0
1787581239.447642,1,0,-3,1,1067,30133,12136,12490,505284,505285,505287,505288,0,0,0,0
1787581239.447642,-2,-4,0,1,1066,30136,12139,12488,505314,505315,505317,505318,0,0,0,0
1787581239.5615442,-2,-1,-5,3,1064,30137,12142,12486,505344,505345,505347,505348,0,0,0,0
1787581239.5615442,-1,-3,1,-5,1067,30132,12135,12490,505374,505375,505377,505378,0,0,0,0
1787581239.690973,-4,-6,1,-2,1071,30129,12132,12493,505434,505435,505437,505438,0,0,0,0
1787581239.7070377,-3,-1,-5,-2,1072,30128,12132,12494,505464,505465,505467,505468,0,0,0,0
1787581239.8304272,-1,0,-3,-3,1071,30130,12134,12495,505524,505525,505527,505528,0,0,0,0
1787581239.9060571,-3,3,-2,-1,1070,30134,12136,12490,505554,505555,505557,505558,0,0,0,0
1787581239.9060571,-2,1,-3,0,1067,30133,12138,12491,505584,505585,505587,505588,0,0,0,0
1787581240.023378,2,2,-5,0,1083,30111,12112,12507,505644,505645,505647,505648,0,0,0,0
1787581240.107248,-2,0,2,-2,1093,30100,12102,12515,505704,505705,505707,505708,0,0,0,0
1787581240.225417,0,1,2,0,1081,30116,12120,12502,505764,505765,505767,505768,0,0,0,0
1787581240.3153832,-3,2,4,-3,1079,30117,12121,12502,505794,505795,505797,505798,0,0,0,0
1787581240.344289,2,-2,3,3,1089,30106,12108,12512,505854,505855,505857,505858,0,0,0,0
1787581240.4554043,-2,-3,0,-2,1088,30107,12109,12510,505884,505885,505887,505888,0,0,0,0
1787581240.5105755,1,-5,-1,1,1078,30119,12122,12500,505944,505945,505947,505948,0,0,0,0
1787581240.526503,-1,-5,12,-2,1076,30120,12124,12499,505974,505975,505977,505978,0,0,0,0
1787581240.723797,-3,2,4,-4,1041,30163,12180,12460,506064,506065,506067,506068,0,0,0,0
1787581240.723797,1,-3,-1,4,1001,30210,12231,12421,506094,506095,506097,506098,0,0,0,0
1787581240.848733,1,-4,-2,3,1011,30194,12208,12441,506124,506125,506127,506128,0,0,0,0
1787581240.848733,5,-5,-7,1,1073,30118,12115,12508,506154,506155,506157,506158,0,0,0,0
1787581240.9270487,0,0,-1,1,1130,30050,12047,12557,506184,506185,506187,506188,0,0,0,0
1787581240.9340138,-1,0,0,-3,1140,30041,12041,12558,506214,506215,506217,506218,0,0,0,0
1787581241.03754,0,0,2,0,1114,30073,12076,12532,506244,506245,506247,506248,0,0,0,0
1787581241.03754,-4,2,0,-1,1099,30089,12094,12518,506274,506275,506277,506278,0,0,0,0
1787581241.1345956,4,6,0,0,1066,30130,12136,12488,506334,506335,506337,506338,0,0,0,0
1787581241.253129,-1,0,1,-3,1076,30115,12122,12500,506394,506395,506397,506398,0,0,0,0
1787581241.342878,-3,2,6,0,1085,30103,12107,12508,506424,506425,506427,506428,0,0,0,0
1787581241.3438878,-4,-1,0,1,1091,30096,12099,12514,506454,506455,506457,506458,0,0,0,0
1787581241.4471834,-2,0,1,-5,1093,30094,12099,12515,506484,506485,506487,506488,0,0,0,0
1787581241.5445642,-2,7,-2,-6,1090,30099,12103,12512,506574,506575,506577,506578,0,0,0,0
1787581241.662709,2,-2,-4,-1,1091,30098,12102,12513,506604,506605,506607,506608,0,0,0,0
1787581241.662709,0,4,3,-6,1091,30098,12102,12513,506634,506635,506637,506638,0,0,0,0
1787581241.7435772,3,0,-13,3,1089,30098,12103,12512,506664,506665,506667,506668,0,0,0,0
1787581241.7546282,-6,2,-1,-1,1092,30096,12101,12514,506694,506695,506697,506698,0,0,0,0
1787581241.9436724,2,6,-1,-1,1094,30096,12100,12516,506724,506725,506727,506728,0,0,0,0
1787581241.9561021,-7,-2,-2,-1,1090,30098,12102,12514,506814,506815,506817,506818,0,0,0,0
1787581242.088146,-2,2,-1,-1,1093,30095,12099,12515,506844,506845,506847,506848,0,0,0,0
1787581242.0889447,-3,-3,-4,5,1093,30094,12099,12515,506874,506875,506877,506878,0,0,0,0
1787581242.0889447,4,3,-1,3,1092,30095,12101,12515,506904,506905,506907,506908,0,0,0,0
1787581242.2638679,3,0,-3,1,1089,30099,12104,12514,506964,506965,506967,506968,0,0,0,0
1787581242.2638679,-1,-4,0,-1,1080,30093,12104,12505,506994,506995,506997,506998,0,0,0,0
1787581242.361196,-3,-2,1,-3,1079,30101,12112,12498,507024,507025,507027,507028,0,0,0,0
1787581242.371862,4,-1,-1,-5,1076,30106,12122,12497,507054,507055,507057,507058,0,0,0,0
1787581242.4881244,-1,3,-1,4,1080,30097,12117,12504,507114,507115,507117,507118,0,0,0,0
1787581242.5650785,1,-1,5,9,1093,30083,12100,12517,507144,507145,507147,507148,0,0,0,0
1787581242.5720754,1,4,2,3,1099,30075,12094,12522,507174,507175,507177,507178,0,0,0,0
1787581242.6758537,1,-1,-6,-1,1099,30077,12095,12520,507204,507205,507207,507208,0,0,0,0
1787581242.7733388,-5,-3,2,0,1092,30085,12103,12515,507294,507295,507297,507298,0,0,0,0
1787581242.7733388,1,-3,1,2,1100,30078,12094,12522,507324,507325,507327,507328,0,0,0,0
1787581242.9754446,-1,0,0,-2,1100,30078,12094,12521,507354,507355,507357,507358,0,0,0,0
1787581242.9817019,4,6,1,-1,1090,30087,12105,12513,507414,507415,507417,507418,0,0,0,0
1787581242.9889646,-3,-3,-4,3,1091,30084,12101,12515,507444,507445,507447,507448,0,0,0,0
1787581243.0933363,5,-5,0,-6,1097,30080,12097,12520,507474,507475,507477,507478,0,0,0,0
1787581243.114089,1,-2,0,1,1097,30081,12098,12519,507504,507505,507507,507508,0,0,0,0
1787581243.167143,1,4,4,-1,1090,30092,12122,12500,507534,507535,507537,507538,0,0,0,0
1787581243.1930397,2,1,0,-5,1075,30121,12150,12488,507564,507565,507567,507568,0,0,0,0
1787581243.294685,-3,-1,-5,4,1067,30124,12151,12481,507594,507595,507597,507598,0,0,0,0
1787581243.294685,-1,-2,-4,2,1084,30109,12132,12501,507624,507625,507627,507628,0,0,0,0
1787581243.384257,-1,1,0,1,1139,30038,12054,12560,507654,507655,507657,507658,0,0,0,0
1787581243.3946826,4,0,-3,0,1211,29946,11957,12631,507684,507685,507687,507688,0,0,0,0
1787581243.4701881,3,-6,-1,3,1281,29861,11876,12695,507714,507715,507717,507718,0,0,0,0
1787581243.5026293,1,-3,-3,1,1357,29781,11805,12757,507744,507745,507747,507748,0,0,0,0
1787581243.592366,-1,1,-6,6,1452,29670,11713,12830,507804,507805,507807,507808,0,0,0,0
1787581243.7950883,-3,2,8,0,1442,29682,11726,12818,507834,507835,507837,507838,0,0,0,0
1787581243.7950883,0,4,3,1,1412,29714,11752,12793,507864,507865,507867,507868,0,0,0,0
1787581243.7950883,-2,-3,-2,-2,1392,29737,11771,12778,507924,507925,507927,507928,0,0,0,0
1787581243.8999481,7,-5,1,3,1387,29739,11774,12774,507954,507955,507957,507958,0,0,0,0
1787581243.8999481,-1,2,-4,-3,1400,29723,11765,12791,507984,507985,507987,507988,0,0,0,0
1787581243.9802258,16,-16,-19,28,1670,29377,11492,13072,508014,508015,508017,508018,0,0,0,0
1787581243.9960544,68,-76,-57,73,2635,28204,10481,14245,508044,508045,508047,508048,0,0,0,0
1787581244.0602834,109,-116,-98,120,5835,25320,7855,17170,508074,508075,508077,508078,0,0,0,0
1787581244.0964453,100,-102,-113,132,8892,22635,4917,20327,508104,508105,508107,508108,0,0,0,0
1787581244.1542907,103,-106,-102,100,11603,19864,2107,23370,508134,508135,508137,508138,0,0,0,0
1787581244.2022326,128,-126,-123,120,14678,16830,31718,26590,508164,508165,508167,508168,0,0,0,0
1787581244.2840703,126,-113,-118,135,17919,13566,28456,29834,508194,508195,508197,508198,0,0,0,0
1787581244.2861276,82,-111,-99,112,20957,10540,25479,122,508224,508225,508227,508228,0,0,0,0
1787581244.4049315,114,-95,-114,95,23820,7745,22641,2932,508254,508255,508257,508258,0,0,0,0
1787581244.4116292,101,-95,-94,77,26410,5219,20121,5449,508284,508285,508287,508288,0,0,0,0
1787581244.4683042,87,-79,-90,76,28793,2934,17862,7688,508314,508315,508317,508318,0,0,0,0
1787581244.511553,90,-87,-84,90,31023,629,15547,10035,508344,508345,508347,508348,0,0,0,0
1787581244.5655231,98,-82,-102,89,561,31117,13266,12362,508374,508375,508377,508378,0,0,0,0
1787581244.6014857,98,-88,-95,89,3003,28650,10766,14860,508404,508405,508407,508408,0,0,0,0
1787581244.6413171,88,-105,-87,90,5651,26056,8127,17495,508434,508435,508437,508438,0,0,0,0
1787581244.690172,120,-93,-103,116,8430,23174,5270,20419,508464,508465,508467,508468,0,0,0,0
1787581244.7391253,113,-113,-99,94,11285,20352,2415,23288,508494,508495,508497,508498,0,0,0,0
1787581244.837966,90,-107,-103,102,14099,17574,32401,26076,508524,508525,508527,508528,0,0,0,0
1787581244.8498414,121,-87,-101,82,16908,15033,29859,28994,508554,508555,508557,508558,0,0,0,0
1787581244.9463568,96,-80,-98,106,19756,12542,27378,31796,508584,508585,508587,508588,0,0,0,0
1787581244.9463568,95,-87,-96,119,22369,10094,25174,1751,508614,508615,508617,508618,0,0,0,0
1787581245.0094411,114,-82,-97,76,24983,7724,22870,4383,508644,508645,508647,508648,0,0,0,0
1787581245.0716221,98,-90,-97,88,27630,5412,20523,7046,508674,508675,508677,508678,0,0,0,0
1787581245.134533,90,-85,-91,116,30293,3052,18176,9806,508704,508705,508707,508708,0,0,0,0
1787581245.168638,110,-90,-104,95,281,552,15591,12631,508734,508735,508737,508738,0,0,0,0
1787581245.215522,103,-96,-100,112,3124,30857,13062,15569,508764,508765,508767,508768,0,0,0,0
1787581245.3135772,113,-79,-89,90,8657,25670,7776,20990,508824,508825,508827,508828,0,0,0,0
1787581245.3764324,106,-92,-100,102,11301,23004,5033,23593,508854,508855,508857,508858,0,0,0,0
1787581245.4393954,84,-108,-89,100,13942,20392,2450,26249,508884,508885,508887,508888,0,0,0,0
1787581245.4720106,88,-104,-92,83,16456,17914,32715,28809,508914,508915,508917,508918,0,0,0,0
1787581245.513119,97,-94,-87,83,19089,15352,30164,31407,508944,508945,508947,508948,0,0,0,0
1787581245.6346042,107,-86,-104,81,21687,12809,27522,1145,508974,508975,508977,508978,0,0,0,0
1787581245.650719,83,-88,-102,90,24362,10224,24955,3810,509004,509005,509007,509008,0,0,0,0
1787581245.7453904,81,-66,-59,47,26640,7988,22879,5826,509034,509035,509037,509038,0,0,0,0
1787581245.7453904,46,-48,-19,-7,28300,6486,22270,6254,509064,509065,509067,509068,0,0,0,0
1787581245.7453904,22,19,0,0,29148,6216,21737,6006,509094,509095,509097,509098,0,0,0,0
1787581245.842633,0,17,11,-8,29332,6679,22085,6116,509124,509125,509127,509128,0,0,0,0
1787581245.963744,3,26,21,-13,29201,7162,22510,5797,509154,509155,509157,509158,0,0,0,0
1787581245.963744,-4,11,13,-11,28248,8747,23756,4719,509244,509245,509247,509248,0,0,0,0
1787581246.0504048,-11,9,8,-7,28044,8964,23966,4520,509274,509275,509277,509278,0,0,0,0
1787581246.252764,-7,7,6,-4,27907,9126,24130,4374,509304,509305,509307,509308,0,0,0,0
1787581246.252764,-6,2,4,-7,27791,9246,24258,4246,509334,509335,509337,509338,0,0,0,0
1787581246.252764,-4,9,0,-3,27707,9341,24337,4158,509364,509365,509367,509368,0,0,0,0
1787581246.2594137,5,-2,1,-3,27669,9371,24363,4130,509424,509425,509427,509428,0,0,0,0
1787581246.3704743,4,0,1,0,27708,9335,24324,4175,509484,509485,509487,509488,0,0,0,0
1787581246.4739172,2,-4,-1,4,27773,9277,24263,4248,509544,509545,509547,509548,0,0,0,0
1787581246.5788128,4,-3,-8,1,27801,9254,24241,4277,509574,509575,509577,509578,0,0,0,0
1787581246.6624625,-89,-69,-78,-82,24986,6521,20760,443,509634,509635,509637,509638,0,0,0,0
1787581246.7075975,-58,-65,-72,-74,23025,4346,18643,31202,509664,509665,509667,509668,0,0,0,0
1787581246.8674867,-82,-75,-74,-79,17098,30590,12550,25786,509754,509755,509757,509758,0,0,0,0
1787581246.9818199,-72,-74,-63,-68,14951,28395,10615,24007,509784,509785,509787,509788,0,0,0,0
1787581246.9818199,-69,-69,-81,-69,12790,26293,8588,21803,509814,509815,509817,509818,0,0,0,0
1787581246.9818199,-75,-67,-78,-75,10622,24315,6506,19493,509844,509845,509847,509848,0,0,0,0
1787581247.0720801,-85,-80,-82,-79,8456,22438,4283,17137,509874,509875,509877,509878,0,0,0,0
1787581247.273828,-70,-80,-78,-93,32743,13921,28369,8571,509994,509995,509997,509998,0,0,0,0
1787581247.2943616,-66,-54,-73,-78,30575,11821,26270,6634,510024,510025,510027,510028,0,0,0,0
1787581247.3731492,-39,-41,-39,-38,29117,10263,24767,5291,510054,510055,510057,510058,0,0,0,0
1787581247.390864,-27,-17,-16,-14,28319,9331,24175,4633,510084,510085,510087,510088,0,0,0,0
1787581247.4752073,-21,-37,-15,-3,27786,8531,23737,4279,510114,510115,510117,510118,0,0,0,0
1787581247.5237875,-12,-7,-6,1,27322,7962,23497,4111,510144,510145,510147,510148,0,0,0,0
1787581247.6823273,0,-2,-5,2,27352,7858,23412,4179,510204,510205,510207,510208,0,0,0,0
1787581247.6895378,-2,0,-4,3,27515,7740,23285,4331,510264,510265,510267,510268,0,0,0,0
1787581247.8076415,1,-3,-1,2,27579,7677,23226,4379,510294,510295,510297,510298,0,0,0,0
1787581247.8929884,-4,-4,1,2,27558,7701,23249,4358,510384,510385,510387,510388,0,0,0,0
1787581248.0271485,-2,0,2,-6,27552,7700,23252,4350,510414,510415,510417,510418,0,0,0,0
1787581248.0271485,0,3,0,-3,27538,7719,23268,4339,510444,510445,510447,510448,0,0,0,0
1787581248.0922523,3,-1,-3,-7,27535,7732,23281,4336,510474,510475,510477,510478,0,0,0,0
1787581248.2115984,2,-1,1,0,27523,7741,23289,4325,510504,510505,510507,510508,0,0,0,0
1787581248.2115984,1,-1,2,2,27523,7732,23279,4330,510564,510565,510567,510568,0,0,0,0
1787581248.301923,-3,4,2,2,27548,7716,23263,4349,510594,510595,510597,510598,0,0,0,0
1787581248.301923,0,0,-1,1,27559,7708,23254,4357,510624,510625,510627,510628,0,0,0,0
1787581248.416752,6,-1,5,-1,27526,7737,23284,4328,510684,510685,510687,510688,0,0,0,0
1787581248.4532359,-2,0,-6,-3,27516,7742,23290,4320,510714,510715,510717,510718,0,0,0,0
1787581248.4894633,5,-1,-3,12,27600,7779,23313,4413,510744,510745,510747,510748,0,0,0,0
1787581248.56437,22,-17,-20,30,27968,7616,23144,4847,510774,510775,510777,510778,0,0,0,0
1787581248.6550217,83,-49,-49,102,29384,6823,22092,6620,510804,510805,510807,510808,0,0,0,0
1787581248.6873434,95,-113,-109,97,32613,4304,19899,9447,510834,510835,510837,510838,0,0,0,0
1787581248.751804,109,-108,-106,109,2714,1274,16985,12532,510864,510865,510867,510868,0,0,0,0
1787581248.7678487,94,-90,-104,132,5654,31382,14025,15706,510894,510895,510897,510898,0,0,0,0
1787581248.8318639,125,-107,-114,124,8942,28326,11083,19104,510924,510925,510927,510928,0,0,0,0
1787581248.8767185,124,-114,-93,144,12179,25391,8126,22471,510954,510955,510957,510958,0,0,0,0
1787581248.9327865,121,-115,-101,129,15399,22445,5378,25843,510984,510985,510987,510988,0,0,0,0
1787581248.9822848,97,-83,-94,94,18399,19805,2811,28821,511014,511015,511017,511018,0,0,0,0
1787581249.038065,78,-80,-85,97,21026,17360,463,31533,511044,511045,511047,511048,0,0,0,0
1787581249.0576663,88,-78,-71,85,23623,15249,31169,1176,511074,511075,511077,511078,0,0,0,0
1787581249.149033,88,-89,-67,93,26047,13191,29078,3614,511104,511105,511107,511108,0,0,0,0
1787581249.149033,112,-87,-77,109,28594,11173,26927,6161,511134,511135,511137,511138,0,0,0,0
1787581249.2100797,90,-80,-87,115,31313,8997,24451,8829,511164,511165,511167,511168,0,0,0,0
1787581249.3088233,116,-98,-86,105,1409,6474,21894,11756,511194,511195,511197,511198,0,0,0,0
1787581249.3142283,99,-98,-95,114,4496,3896,19278,14742,511224,511225,511227,511228,0,0,0,0
1787581249.3733363,109,-98,-107,113,7415,1193,16621,17669,511254,511255,511257,511258,0,0,0,0
1787581249.4886987,88,-85,-85,106,10249,31284,13860,20572,511284,511285,511287,511288,0,0,0,0
1787581249.4952698,102,-103,-103,90,12950,28499,11046,23257,511314,511315,511317,511318,0,0,0,0
1787581249.5297647,97,-86,-87,99,18185,23491,6045,28419,511374,511375,511377,511378,0,0,0,0
1787581249.6412892,94,-85,-87,93,20649,21125,3619,30918,511404,511405,511407,511408,0,0,0,0
1787581249.648138,76,-84,-94,83,23160,18660,1111,716,511434,511435,511437,511438,0,0,0,0
1787581249.683609,71,-103,-93,78,25625,15858,31166,3177,511464,511465,511467,511468,0,0,0,0
1787581249.7513201,76,-107,-105,75,28128,13119,28345,5600,511494,511495,511497,511498,0,0,0,0
1787581249.7998123,102,-101,-112,80,30702,10351,25508,7998,511524,511525,511527,511528,0,0,0,0
1787581249.8743575,102,-102,-119,90,564,7555,22411,10574,511554,511555,511557,511558,0,0,0,0
1787581249.9232152,90,-87,-101,104,3117,4678,19606,13063,511584,511585,511587,511588,0,0,0,0
1787581249.9330735,76,-100,-110,98,5646,2002,16883,15474,511614,511615,511617,511618,0,0,0,0
1787581249.9935486,87,-117,-93,107,8184,31974,14104,18019,511644,511645,511647,511648,0,0,0,0
1787581250.1354618,88,-83,-93,91,12998,26699,8798,22945,511704,511705,511707,511708,0,0,0,0
1787581250.1518393,66,-57,-37,66,15108,24410,6892,24933,511734,511735,511737,511738,0,0,0,0
1787581250.2651188,43,-47,3,0,16695,22925,6562,25521,511764,511765,511767,511768,0,0,0,0
1787581250.2651188,-25,23,-3,-22,16218,22524,5744,26124,511824,511825,511827,511828,0,0,0,0
1787581250.3476338,-4,17,8,-19,16167,23129,5911,25601,511854,511855,511857,511858,0,0,0,0
1787581250.473504,-6,3,11,-13,15635,24264,6423,24429,511914,511915,511917,511918,0,0,0,0
1787581250.4888873,-10,11,5,-5,15441,24474,6677,24215,511944,511945,511947,511948,0,0,0,0
1787581250.6310322,-4,0,-1,3,15195,24635,6851,24029,512034,512035,512037,512038,0,0,0,0
1787581250.7590027,3,-7,-4,2,15266,24566,6776,24105,512094,512095,512097,512098,0,0,0,0
1787581250.8726006,16,-6,-1,4,15387,24463,6662,24212,512154,512155,512157,512158,0,0,0,0
1787581250.9671633,3,0,-4,3,15505,24381,6556,24304,512214,512215,512217,512218,0,0,0,0
1787581251.0857606,13,1,-6,0,15555,24343,6510,24337,512244,512245,512247,512248,0,0,0,0
1787581251.0892482,4,2,2,5,15584,24321,6485,24357,512274,512275,512277,512278,0,0,0,0
1787581251.0917952,-5,-2,1,-2,15593,24315,6478,24360,512304,512305,512307,512308,0,0,0,0
1787581251.1541631,-2,2,4,0,15583,24324,6490,24350,512334,512335,512337,512338,0,0,0,0
1787581251.2701464,-2,0,-4,0,15562,24341,6510,24336,512394,512395,512397,512398,0,0,0,0
1787581251.3768792,8,1,-5,-1,15568,24337,6506,24340,512424,512425,512427,512428,0,0,0,0
1787581251.3974102,4,-4,0,-1,15575,24330,6499,24345,512454,512455,512457,512458,0,0,0,0
1787581251.4834497,5,-1,-2,-1,15585,24325,6487,24354,512514,512515,512517,512518,0,0,0,0
1787581251.4834497,3,-6,-1,-2,15600,24312,6471,24366,512544,512545,512547,512548,0,0,0,0
1787581251.5770037,1,7,1,4,15597,24319,6477,24361,512604,512605,512607,512608,0,0,0,0
1787581251.6894987,4,-6,-7,-1,15589,24324,6486,24355,512634,512635,512637,512638,0,0,0,0
1787581251.6894987,0,0,-3,-2,15588,24326,6486,24355,512664,512665,512667,512668,0,0,0,0
1787581251.726727,-3,0,3,0,15582,24331,6495,24348,512694,512695,512697,512698,0,0,0,0
1787581251.7901535,0,3,-1,0,15576,24337,6503,24344,512724,512725,512727,512728,0,0,0,0
1787581251.8485842,4,2,-2,-1,15570,24337,6501,24340,512754,512755,512757,512758,0,0,0,0
1787581251.9874434,-8,1,0,2,15522,24373,6557,24296,512814,512815,512817,512818,0,0,0,0
1787581251.9874434,-3,-1,-2,-2,15503,24393,6581,24286,512844,512845,512847,512848,0,0,0,0
1787581252.1888645,3,0,-3,-2,15516,24391,6569,24301,512874,512875,512877,512878,0,0,0,0
1787581252.1888645,-4,2,-7,-1,15618,24308,6463,24376,512964,512965,512967,512968,0,0,0,0
1787581252.3002143,-4,-1,2,-4,15615,24311,6469,24370,512994,512995,512997,512998,0,0,0,0
1787581252.3002143,0,2,3,-3,15594,24327,6491,24351,513024,513025,513027,513028,0,0,0,0
1787581252.397775,-2,-1,3,-3,15571,24347,6513,24336,513054,513055,513057,513058,0,0,0,0
1787581252.5023317,-4,-1,-1,1,15563,24352,6522,24332,513084,513085,513087,513088,0,0,0,0
1787581252.6018667,-2,-2,5,-2,15588,24333,6495,24351,513174,513175,513177,513178,0,0,0,0
1787581252.6137083,-5,-1,2,-3,15586,24334,6498,24349,513204,513205,513207,513208,0,0,0,0
1787581252.7165246,0,1,2,-1,15581,24338,6503,24344,513234,513235,513237,513238,0,0,0,0
1787581252.7280018,2,-5,6,-3,15578,24340,6506,24342,513264,513265,513267,513268,0,0,0,0
1787581252.7321994,0,1,-2,1,15579,24339,6505,24343,513294,513295,513297,513298,0,0,0,0
1787581252.8138418,4,-4,1,1,15583,24336,6500,24347,513324,513325,513327,513328,0,0,0,0
1787581252.92829,-1,3,-2,-3,15580,24340,6502,24346,513354,513355,513357,513358,0,0,0,0
1787581252.92829,4,1,-1,-5,15581,24337,6500,24346,513384,513385,513387,513388,0,0,0,0
1787581252.9345944,-2,0,-4,21,15580,24339,6501,24344,513414,513415,513417,513418,0,0,0,0
1787581253.0143073,1,4,0,3,15578,24342,6506,24341,513444,513445,513447,513448,0,0,0,0
1787581253.1284704,0,-8,0,-1,15576,24345,6508,24339,513474,513475,513477,513478,0,0,0,0
1787581253.1284704,-3,-1,1,0,15575,24344,6510,24339,513504,513505,513507,513508,0,0,0,0
1787581253.134251,-2,-1,2,-2,15575,24343,6508,24341,513534,513535,513537,513538,0,0,0,0
1787581253.2294385,0,-5,0,-2,15578,24341,6505,24343,513564,513565,513567,513568,0,0,0,0
1787581253.2644534,3,0,0,2,15581,24340,6505,24346,513594,513595,513597,513598,0,0,0,0
1787581253.414312,1,0,-3,-1,15577,24343,6507,24343,513654,513655,513657,513658,0,0,0,0
1787581253.414312,4,-7,2,-1,15572,24347,6512,24339,513684,513685,513687,513688,0,0,0,0
1787581253.5112352,0,-1,2,0,15576,24343,6508,24343,513714,513715,513717,513718,0,0,0,0
1787581253.528231,-5,0,-3,1,15583,24339,6501,24347,513744,513745,513747,513748,0,0,0,0
1787581253.5433292,0,0,-2,1,15585,24336,6499,24348,513774,513775,513777,513778,0,0,0,0
1787581253.628506,1,1,6,0,15582,24338,6503,24346,513804,513805,513807,513808,0,0,0,0
1787581253.738817,0,3,0,5,15579,24340,6505,24343,513834,513835,513837,513838,0,0,0,0
1787581253.738817,6,-2,-1,1,15580,24342,6505,24345,513894,513895,513897,513898,0,0,0,0
1787581253.8294363,0,-1,0,3,15581,24339,6502,24346,513924,513925,513927,513928,0,0,0,0
1787581253.946559,-4,-5,1,-8,15582,24338,6501,24346,513954,513955,513957,513958,0,0,0,0
1787581253.946559,-2,-5,0,0,15580,24340,6504,24344,514014,514015,514017,514018,0,0,0,0
1787581254.1543274,-1,-1,-3,-2,15581,24340,6504,24344,514044,514045,514047,514048,0,0,0,0
1787581254.1553261,-4,3,2,0,15583,24338,6502,24346,514134,514135,514137,514138,0,0,0,0
1787581284.9573894,3,3,-3,0,20262,1117,31185,10039,532584,532585,532587,532588,0,0,0,0
1787581284.9736087,-1,5,2,-4,20260,1117,31187,10037,532644,532645,532647,532648,0,0,0,0
1787581285.1630464,-3,0,0,0,20258,1120,31189,10035,532674,532675,532677,532678,0,0,0,0
1787581285.1630464,-2,-1,2,-1,20257,1120,31189,10035,532704,532705,532707,532708,0,0,0,0
1787581285.1630464,-3,-1,-1,-2,20260,1118,31186,10038,532764,532765,532767,532768,0,0,0,0
1787581285.2686121,-2,-1,-1,2,20260,1117,31186,10039,532794,532795,532797,532798,0,0,0,0
1787581285.2686121,1,-1,-2,-3,20261,1117,31186,10039,532824,532825,532827,532828,0,0,0,0
1787581285.364602,4,-1,-1,0,20261,1116,31185,10039,532854,532855,532857,532858,0,0,0,0
1787581285.364602,-1,-2,-5,5,20261,1116,31186,10038,532884,532885,532887,532888,0,0,0,0
1787581285.490413,-2,1,0,-4,20258,1118,31187,10036,532944,532945,532947,532948,0,0,0,0
1787581285.685263,3,-11,1,-1,20261,1115,31185,10040,533034,533035,533037,533038,0,0,0,0
1787581285.685263,2,1,1,12,20264,1114,31182,10043,533064,533065,533067,533068,0,0,0,0
1787581285.774868,-2,-2,1,-3,20262,1116,31185,10039,533124,533125,533127,533128,0,0,0,0
1787581285.8727295,-4,2,-3,0,20258,1119,31188,10036,533154,533155,533157,533158,0,0,0,0
1787581285.8727295,-6,-5,5,-2,20258,1120,31189,10036,533184,533185,533187,533188,0,0,0,0
1787581285.989744,-3,1,4,0,20262,1117,31185,10040,533244,533245,533247,533248,0,0,0,0
1787581286.185132,1,-1,2,-1,20261,1116,31186,10039,533274,533275,533277,533278,0,0,0,0
1787581286.185132,-2,5,1,1,20259,1118,31188,10037,533334,533335,533337,533338,0,0,0,0
1787581286.1911273,1,0,2,5,20259,1119,31187,10037,533364,533365,533367,533368,0,0,0,0
1787581286.3019617,0,-2,-2,-1,20261,1115,31184,10040,533424,533425,533427,533428,0,0,0,0
1787581286.3818738,-2,-2,-1,-3,20262,1116,31185,10040,533454,533455,533457,533458,0,0,0,0
1787581286.5062568,3,-5,-3,0,20261,1117,31186,10039,533514,533515,533517,533518,0,0,0,0
1787581286.586581,0,2,2,4,20259,1118,31188,10037,533574,533575,533577,533578,0,0,0,0
1787581286.6016695,3,-1,-1,2,20259,1117,31187,10037,533604,533605,533607,533608,0,0,0,0
1787581286.7302754,0,0,2,-3,20259,1118,31187,10037,533634,533635,533637,533638,0,0,0,0
1787581286.7624726,-4,-3,-4,2,20261,1118,31187,10038,533724,533725,533727,533728,0,0,0,0
1787581286.8849733,-1,-5,2,0,20260,1117,31185,10039,533784,533785,533787,533788,0,0,0,0
1787581286.9882414,3,-3,3,-3,20263,1114,31185,10040,533844,533845,533847,533848,0,0,0,0
1787581287.10331,-8,-8,1,0,20261,1113,31184,10043,533904,533905,533907,533908,0,0,0,0
1787581287.203688,17,-13,10,-12,20427,986,31154,10070,533934,533935,533937,533938,0,0,0,0
1787581287.203688,5,2,-8,-4,20399,1052,31151,10118,533964,533965,533967,533968,0,0,0,0
1787581287.315343,5,-1,-10,1,20436,1029,31143,10137,533994,533995,533997,533998,0,0,0,0
1787581287.315343,-7,3,-7,1,20457,991,31111,10161,534024,534025,534027,534028,0,0,0,0
1787581287.4153757,-2,1,-3,-1,20486,972,31085,10181,534054,534055,534057,534058,0,0,0,0
1787581287.4315217,-4,-4,-2,0,20500,963,31075,10192,534084,534085,534087,534088,0,0,0,0
1787581287.5347369,-2,-8,1,-2,20502,963,31073,10192,534114,534115,534117,534118,0,0,0,0
1787581287.5384161,-2,5,-3,0,20495,970,31080,10185,534144,534145,534147,534148,0,0,0,0
1787581287.5523138,-4,1,3,-5,20486,979,31090,10176,534174,534175,534177,534178,0,0,0,0
1787581287.6283393,9,-3,-2,-5,20480,986,31097,10170,534204,534205,534207,534208,0,0,0,0
1787581287.663198,4,2,-5,-6,20474,988,31099,10167,534234,534235,534237,534238,0,0,0,0
1787581287.7752457,8,2,0,4,20477,988,31096,10169,534264,534265,534267,534268,0,0,0,0
1787581287.7752457,-4,-10,-1,0,20482,983,31092,10174,534294,534295,534297,534298,0,0,0,0
1787581287.82378,3,-2,10,4,20486,979,31088,10177,534324,534325,534327,534328,0,0,0,0
1787581287.8863757,-4,-2,-2,-3,20487,977,31086,10177,534354,534355,534357,534358,0,0,0,0
1787581287.8932104,-3,-1,4,-3,20485,979,31090,10174,534384,534385,534387,534388,0,0,0,0
1787581288.0328689,-3,0,-4,4,20475,988,31099,10166,534444,534445,534447,534448,0,0,0,0
1787581288.1433356,0,-2,-5,-2,20473,988,31100,10165,534474,534475,534477,534478,0,0,0,0
1787581288.233969,-1,-6,-1,2,20485,979,31089,10176,534564,534565,534567,534568,0,0,0,0
1787581288.3399527,-2,-2,-2,0,20488,977,31086,10178,534594,534595,534597,534598,0,0,0,0
1787581288.3399527,-4,-3,-5,3,20490,974,31084,10180,534624,534625,534627,534628,0,0,0,0
1787581288.4376435,2,-6,-3,-1,20489,976,31085,10179,534684,534685,534687,534688,0,0,0,0
1787581288.5614743,2,0,1,3,20488,975,31085,10179,534744,534745,534747,534748,0,0,0,0
1787581288.5614743,-4,2,-2,0,20489,975,31085,10179,534804,534805,534807,534808,0,0,0,0
1787581288.6406827,0,-2,-3,3,20488,978,31087,10177,534834,534835,534837,534838,0,0,0,0
1787581288.7587183,3,2,-2,-2,20486,978,31087,10177,534864,534865,534867,534868,0,0,0,0
1787581288.7696223,-1,-5,-1,1,20488,977,31086,10178,534894,534895,534897,534898,0,0,0,0
1787581288.7696223,-4,1,0,4,20490,975,31084,10180,534924,534925,534927,534928,0,0,0,0
1787581288.8496714,-2,-1,-2,4,20492,973,31082,10182,534954,534955,534957,534958,0,0,0,0
1787581288.9622197,-2,-1,-4,-2,20492,972,31083,10182,535014,535015,535017,535018,0,0,0,0
1787581289.044927,4,1,0,1,20492,972,31082,10182,535044,535045,535047,535048,0,0,0,0
1787581289.0621302,-6,-6,-4,2,20492,973,31082,10182,535074,535075,535077,535078,0,0,0,0
1787581289.1886795,-2,-5,-1,2,20491,974,31084,10181,535104,535105,535107,535108,0,0,0,0
1787581289.1886795,3,0,-3,1,20489,974,31084,10181,535164,535165,535167,535168,0,0,0,0
1787581289.254661,2,0,4,1,20494,971,31080,10185,535194,535195,535197,535198,0,0,0,0
1787581289.3163197,1,-6,-5,3,20496,970,31079,10187,535224,535225,535227,535228,0,0,0,0
1787581289.4634523,0,1,-3,2,20498,968,31077,10188,535254,535255,535257,535258,0,0,0,0
1787581289.4634523,0,5,0,1,20499,968,31077,10188,535284,535285,535287,535288,0,0,0,0
1787581289.4634523,0,1,-1,3,20499,968,31077,10189,535314,535315,535317,535318,0,0,0,0
1787581289.58471,-1,-5,-1,1,20499,968,31077,10188,535374,535375,535377,535378,0,0,0,0
1787581289.5911198,3,-5,-2,1,20498,970,31078,10187,535404,535405,535407,535408,0,0,0,0
1787581289.671835,3,-1,-2,3,20496,968,31078,10187,535434,535435,535437,535438,0,0,0,0
1787581289.7756143,-3,0,0,-1,20498,968,31078,10188,535464,535465,535467,535468,0,0,0,0
1787581289.7756143,1,3,-1,-3,20501,967,31076,10190,535494,535495,535497,535498,0,0,0,0
1787581289.8648238,0,0,-2,-1,20503,965,31074,10192,535524,535525,535527,535528,0,0,0,0
1787581290.0782452,-4,1,0,-3,20504,964,31073,10193,535584,535585,535587,535588,0,0,0,0
1787581290.0782452,0,-1,-6,0,20503,965,31073,10192,535644,535645,535647,535648,0,0,0,0
1787581290.0941813,5,-2,7,-2,20502,965,31074,10192,535674,535675,535677,535678,0,0,0,0
1787581290.1983106,-8,-1,1,4,20503,964,31073,10193,535704,535705,535707,535708,0,0,0,0
1787581290.2043276,3,5,-2,2,20502,967,31075,10190,535764,535765,535767,535768,0,0,0,0
1787581290.2883947,-1,-2,2,-7,20500,968,31077,10190,535794,535795,535797,535798,0,0,0,0
1787581290.3988113,2,-2,-2,1,20502,966,31074,10190,535824,535825,535827,535828,0,0,0,0
1787581290.4058695,1,-5,2,-9,20502,964,31073,10192,535854,535855,535857,535858,0,0,0,0
1787581290.412721,-4,2,1,-2,20503,963,31072,10194,535884,535885,535887,535888,0,0,0,0
1787581290.4892557,-3,0,-2,0,20506,961,31071,10196,535944,535945,535947,535948,0,0,0,0
1787581290.5327845,-1,4,-4,-2,20506,960,31069,10196,535974,535975,535977,535978,0,0,0,0
1787581290.6916277,2,-3,1,4,20507,962,31070,10196,536064,536065,536067,536068,0,0,0,0
1787581290.7947452,-2,-3,-8,5,20510,957,31066,10200,536094,536095,536097,536098,0,0,0,0
1787581290.8329997,-2,-1,2,-2,20516,953,31061,10204,536154,536155,536157,536158,0,0,0,0
1787581290.8996656,-1,0,2,4,20515,952,31060,10204,536184,536185,536187,536188,0,0,0,0
1787581291.0948706,-1,-1,-33,1,20512,956,31064,10199,536244,536245,536247,536248,0,0,0,0
1787581291.0948706,5,3,3,-5,20504,965,31077,10190,536304,536305,536307,536308,0,0,0,0
1787581291.2073464,-4,-2,1,0,20430,1032,31150,10113,536364,536365,536367,536368,0,0,0,0
1787581291.223568,0,-2,-3,4,20396,1057,31177,10089,536394,536395,536397,536398,0,0,0,0
1787581291.3074176,0,-2,-3,4,20396,1057,31177,10089,536394,536395,536397,536398,0,0,0,0
1787581291.4196064,1,0,-4,4,20518,950,31057,10217,536454,536455,536457,536458,0,0,0,0
1787581291.4196064,0,5,-2,-2,20570,903,31008,10258,536484,536485,536487,536488,0,0,0,0
1787581291.4334042,-3,-1,-2,1,20581,904,31009,10259,536514,536515,536517,536518,0,0,0,0
1787581291.620813,-1,1,-3,-1,20596,897,30998,10271,536604,536605,536607,536608,0,0,0,0
1787581291.6279502,1,2,2,-3,20587,908,31011,10260,536634,536635,536637,536638,0,0,0,0
1787581291.7892256,3,-1,5,0,20568,926,31032,10243,536664,536665,536667,536668,0,0,0,0
1787581291.7892256,3,2,2,-3,20553,940,31046,10230,536694,536695,536697,536698,0,0,0,0
1787581291.7946925,5,-5,1,3,20548,943,31050,10228,536724,536725,536727,536728,0,0,0,0
1787581291.9204562,0,2,-1,-2,20575,917,31018,10254,536784,536785,536787,536788,0,0,0,0
1787581292.0444908,2,-2,0,-4,20587,907,31008,10263,536844,536845,536847,536848,0,0,0,0
1787581292.051454,2,-4,1,-2,20583,911,31013,10259,536874,536875,536877,536878,0,0,0,0
1787581292.1280804,-2,-19,-2,2,20580,914,31017,10255,536904,536905,536907,536908,0,0,0,0
1787581292.2415974,4,-1,0,0,20580,914,31016,10257,536994,536995,536997,536998,0,0,0,0
1787581292.3226469,-5,-3,-3,1,20582,912,31014,10258,537024,537025,537027,537028,0,0,0,0
1787581292.5385866,7,-4,-3,0,20582,913,31015,10257,537114,537115,537117,537118,0,0,0,0
1787581292.5472572,5,-6,-4,0,20584,911,31012,10260,537174,537175,537177,537178,0,0,0,0
1787581292.6576586,-2,3,3,8,20587,908,31010,10262,537204,537205,537207,537208,0,0,0,0
1787581292.6586611,-1,0,-4,5,20587,908,31009,10263,537234,537235,537237,537238,0,0,0,0
1787581292.7417367,2,-1,-3,0,20582,913,31015,10258,537294,537295,537297,537298,0,0,0,0
1787581292.806318,-2,0,-4,2,20579,916,31020,10256,537324,537325,537327,537328,0,0,0,0
1787581292.935706,0,1,-1,-5,20568,938,31042,10239,537384,537385,537387,537388,0,0,0,0
1787581292.9515588,-3,-2,-5,1,20550,955,31062,10220,537414,537415,537417,537418,0,0,0,0
1787581293.0658822,0,4,5,0,20525,969,31079,10203,537474,537475,537477,537478,0,0,0,0
1787581293.1487947,0,-1,3,1,20544,953,31061,10218,537534,537535,537537,537538,0,0,0,0
1787581293.3237102,8,2,3,2,20545,953,31061,10219,537564,537565,537567,537568,0,0,0,0
1787581293.3237102,2,3,6,1,20539,959,31068,10213,537594,537595,537597,537598,0,0,0,0
1787581293.328714,-1,1,-5,-4,20532,964,31073,10208,537624,537625,537627,537628,0,0,0,0
1787581293.5655308,-1,-2,3,-2,20539,957,31065,10215,537714,537715,537717,537718,0,0,0,0
1787581293.5655308,1,-3,0,1,20536,960,31068,10212,537774,537775,537777,537778,0,0,0,0
1787581293.677804,-1,-4,0,1,20534,961,31070,10211,537804,537805,537807,537808,0,0,0,0
1787581293.6813846,3,-3,4,1,20535,961,31070,10211,537834,537835,537837,537838,0,0,0,0
1787581293.766539,-4,1,2,-1,20537,957,31066,10212,537894,537895,537897,537898,0,0,0,0
1787581293.806253,-1,-1,-4,-1,20534,961,31071,10209,537924,537925,537927,537928,0,0,0,0
1787581293.9680185,-4,1,-2,-1,20511,970,31098,10183,537984,537985,537987,537988,0,0,0,0
1787581293.9680185,2,-5,-3,-1,20531,951,31070,10208,538014,538015,538017,538018,0,0,0,0
1787581294.083423,-2,-3,2,0,20540,935,31051,10219,538044,538045,538047,538048,0,0,0,0
1787581294.0911882,3,-1,-3,4,20637,852,30953,10317,538104,538105,538107,538108,0,0,0,0
1787581294.1718938,6,0,-4,4,20712,774,30863,10391,538134,538135,538137,538138,0,0,0,0
1787581294.1718938,1,-4,-5,7,20786,694,30778,10463,538164,538165,538167,538168,0,0,0,0
1787581294.2943094,3,-3,-6,2,20848,614,30699,10530,538194,538195,538197,538198,0,0,0,0
1787581294.2943094,1,1,2,3,20874,581,30665,10554,538224,538225,538227,538228,0,0,0,0
1787581294.377966,2,3,-2,-2,20861,608,30693,10533,538284,538285,538287,538288,0,0,0,0
1787581294.5031826,0,-2,-1,-2,20847,626,30711,10519,538314,538315,538317,538318,0,0,0,0
1787581294.510116,4,0,2,-3,20845,622,30707,10518,538344,538345,538347,538348,0,0,0,0
1787581294.573328,-5,0,0,-3,20849,612,30697,10525,538374,538375,538377,538378,0,0,0,0
1787581294.6280718,-1,4,2,4,20882,638,30724,10569,538404,538405,538407,538408,0,0,0,0
1787581294.6854954,20,-4,-8,27,21134,496,30652,10958,538434,538435,538437,538438,0,0,0,0
1787581294.6913285,59,-43,-52,77,22229,32518,29868,12202,538464,538465,538467,538468,0,0,0,0
1787581294.7709715,126,-121,-127,104,24981,30036,27647,14934,538494,538495,538497,538498,0,0,0,0
1787581294.8039067,75,-99,-94,134,27986,27024,24494,17862,538524,538525,538527,538528,0,0,0,0
1787581294.885896,119,-92,-92,111,30805,24343,21815,21002,538554,538555,538557,538558,0,0,0,0
1787581294.9452596,98,-120,-110,107,1214,21427,18888,24478,538584,538585,538587,538588,0,0,0,0
1787581294.9610484,100,-106,-124,103,4600,18403,15760,27904,538614,538615,538617,538618,0,0,0,0
1787581295.0666835,100,-99,-96,109,7855,15321,12904,31202,538644,538645,538647,538648,0,0,0,0
1787581295.072054,114,-91,-83,111,10800,12650,10340,1304,538674,538675,538677,538678,0,0,0,0
1787581295.1272953,97,-85,-69,98,13578,10224,7986,3920,538704,538705,538707,538708,0,0,0,0
1787581295.2320313,81,-81,-64,98,15972,7887,5635,6254,538734,538735,538737,538738,0,0,0,0
1787581295.2320313,84,-82,-75,99,18259,5680,3253,8535,538764,538765,538767,538768,0,0,0,0
1787581295.2524014,92,-79,-77,100,20547,3330,975,10905,538794,538795,538797,538798,0,0,0,0
1787581295.3356187,86,-79,-83,111,23061,933,31280,13437,538824,538825,538827,538828,0,0,0,0
1787581295.3919024,76,-83,-96,87,25671,31137,28652,16131,538854,538855,538857,538858,0,0,0,0
1787581295.441445,111,-107,-100,115,28419,28401,25816,18955,538884,538885,538887,538888,0,0,0,0
1787581295.4969938,93,-94,-130,97,31233,25558,22811,21665,538914,538915,538917,538918,0,0,0,0
1787581295.5106966,85,-121,-104,84,1126,22475,19734,24244,538944,538945,538947,538948,0,0,0,0
1787581295.6011422,113,-82,-102,79,3792,19715,16877,26768,538974,538975,538977,538978,0,0,0,0
1787581295.614372,100,-103,-91,77,6444,17026,14113,29124,539004,539005,539007,539008,0,0,0,0
1787581295.6705863,96,-115,-93,75,8875,14387,11365,31502,539034,539035,539037,539038,0,0,0,0
1787581295.7328703,95,-77,-108,73,13497,9146,6071,3292,539094,539095,539097,539098,0,0,0,0
1787581295.7737596,91,-115,-88,75,15842,6437,3330,5641,539124,539125,539127,539128,0,0,0,0
1787581295.8298674,85,-105,-114,87,18279,3550,494,8063,539154,539155,539157,539158,0,0,0,0
1787581295.8900514,74,-99,-97,106,20718,728,30376,10831,539184,539185,539187,539188,0,0,0,0
1787581295.9524057,69,-104,-111,105,23240,30707,27546,13363,539214,539215,539217,539218,0,0,0,0
1787581296.0006502,73,-91,-110,103,25701,27767,24695,15857,539244,539245,539247,539248,0,0,0,0
1787581296.064778,84,-119,-90,95,28182,24944,21922,18326,539274,539275,539277,539278,0,0,0,0
1787581296.1235788,89,-89,-102,82,30614,22140,19039,20702,539304,539305,539307,539308,0,0,0,0
1787581296.2240713,88,-90,-94,89,254,19498,16327,23074,539334,539335,539337,539338,0,0,0,0
1787581296.231942,86,-76,-90,77,5148,14062,11060,28008,539394,539395,539397,539398,0,0,0,0
1787581296.3407202,73,-65,-49,55,7283,11953,8992,30090,539424,539425,539427,539428,0,0,0,0
1787581296.3407202,42,-39,22,-11,8779,10436,8665,30708,539454,539455,539457,539458,0,0,0,0
1787581296.423157,42,-60,-19,4,9400,9616,9102,30375,539484,539485,539487,539488,0,0,0,0
1787581296.4551816,14,-21,-11,21,10007,9058,8494,30934,539514,539515,539517,539518,0,0,0,0
1787581296.6327896,2,2,3,1,10330,8636,8233,31206,539604,539605,539607,539608,0,0,0,0
1787581296.745179,-4,4,8,-2,10292,8696,8283,31152,539634,539635,539637,539638,0,0,0,0
1787581296.745179,-8,3,3,-6,10180,8859,8416,31007,539694,539695,539697,539698,0,0,0,0
1787581296.8285134,2,0,4,-2,10134,8919,8472,30948,539724,539725,539727,539728,0,0,0,0
1787581296.9260583,-1,4,3,1,10095,8972,8522,30900,539784,539785,539787,539788,0,0,0,0
1787581297.0411522,0,-3,2,0,10084,8982,8533,30886,539814,539815,539817,539818,0,0,0,0
1787581297.0439844,-7,3,0,6,10081,8984,8536,30881,539844,539845,539847,539848,0,0,0,0
1787581297.0511236,1,-3,1,1,10092,8973,8520,30899,539874,539875,539877,539878,0,0,0,0
1787581297.145579,2,-4,1,-2,10109,8954,8503,30916,539904,539905,539907,539908,0,0,0,0
1787581297.1488543,1,1,0,-2,10116,8949,8498,30921,539934,539935,539937,539938,0,0,0,0
1787581297.241541,1,1,-1,-3,10103,8965,8515,30905,539964,539965,539967,539968,0,0,0,0
1787581297.241541,-68,-54,-110,-101,9225,7963,6937,29193,539994,539995,539997,539998,0,0,0,0
1787581297.314254,-73,-87,-81,-67,7162,6137,4878,27038,540024,540025,540027,540028,0,0,0,0
1787581297.4461687,-72,-77,-73,-74,5266,4023,2836,25206,540054,540055,540057,540058,0,0,0,0
1787581297.4461687,-71,-86,-81,-73,3286,1893,757,23367,540084,540085,540087,540088,0,0,0,0
1787581297.4675462,-76,-79,-63,-71,1267,32503,31391,21520,540114,540115,540117,540118,0,0,0,0
1787581297.5854452,-76,-81,-65,-59,32053,30239,29317,19667,540144,540145,540147,540148,0,0,0,0
1787581297.5962212,-64,-64,-75,-86,27910,26050,25568,15730,540204,540205,540207,540208,0,0,0,0
1787581297.6012707,-70,-73,-71,-92,25759,24043,23445,13424,540234,540235,540237,540238,0,0,0,0
1787581297.7180572,-74,-77,-74,-91,23592,22088,21236,11175,540264,540265,540267,540268,0,0,0,0
1787581297.733956,-90,-69,-81,-94,21463,20100,19098,8850,540294,540295,540297,540298,0,0,0,0
1787581297.8221452,-82,-81,-83,-89,19417,18130,16963,6708,540324,540325,540327,540328,0,0,0,0
1787581297.8221452,-71,-84,-82,-59,17379,15917,14771,4507,540354,540355,540357,540358,0,0,0,0
1787581297.8728576,-65,-78,-65,-73,15164,13670,12619,2395,540384,540385,540387,540388,0,0,0,0
1787581297.9325764,-76,-67,-63,-58,13051,11523,10444,470,540414,540415,540417,540418,0,0,0,0
1787581298.0717366,-25,-28,-22,-22,10710,9059,8352,31381,540474,540475,540477,540478,0,0,0,0
1787581298.1764243,-29,-26,-10,-14,9974,8080,7895,30878,540504,540505,540507,540508,0,0,0,0
1787581298.189238,-2,3,6,0,9307,7462,7489,30476,540564,540565,540567,540568,0,0,0,0
1787581298.2598825,2,-2,6,1,9332,7475,7496,30497,540594,540595,540597,540598,0,0,0,0
1787581298.300859,1,3,3,1,9313,7515,7540,30473,540624,540625,540627,540628,0,0,0,0
1787581298.4675925,5,1,1,0,9288,7570,7593,30439,540654,540655,540657,540658,0,0,0,0
1787581298.4675925,-2,-5,2,-3,9210,7639,7665,30365,540714,540715,540717,540718,0,0,0,0
1787581298.5832129,-2,1,0,0,9215,7645,7666,30369,540744,540745,540747,540748,0,0,0,0
1787581298.5832129,-2,-1,-7,-3,9217,7650,7672,30368,540774,540775,540777,540778,0,0,0,0
1787581298.5832129,1,2,2,-1,9204,7662,7683,30353,540804,540805,540807,540808,0,0,0,0
1787581298.681363,6,4,-2,0,9176,7685,7707,30331,540864,540865,540867,540868,0,0,0,0
1787581298.8089695,0,-2,0,-1,9190,7677,7698,30343,540894,540895,540897,540898,0,0,0,0
1787581298.8109796,0,-1,0,0,9205,7662,7682,30358,540924,540925,540927,540928,0,0,0,0
1787581298.8863986,-5,-3,-4,-1,9205,7659,7682,30355,540954,540955,540957,540958,0,0,0,0
1787581298.8954144,-2,1,6,-1,9191,7676,7700,30338,540984,540985,540987,540988,0,0,0,0
1787581298.9755933,0,0,-3,8,9173,7694,7717,30324,541014,541015,541017,541018,0,0,0,0
1787581299.0729756,-3,0,-1,3,9168,7697,7720,30321,541044,541045,541047,541048,0,0,0,0
1787581299.0729756,-1,-2,-2,-1,9178,7688,7709,30330,541074,541075,541077,541078,0,0,0,0
1787581299.0937235,-5,0,-1,1,9191,7678,7699,30342,541104,541105,541107,541108,0,0,0,0
1787581299.1899507,-2,2,-3,1,9191,7682,7703,30339,541134,541135,541137,541138,0,0,0,0
1787581299.1961462,7,-4,-3,12,9237,7647,7663,30429,541164,541165,541167,541168,0,0,0,0
1787581299.2754264,34,-36,-26,41,9681,7140,7207,30988,541194,541195,541197,541198,0,0,0,0
1787581299.3287714,97,-114,-82,96,11274,5116,5507,98,541224,541225,541227,541228,0,0,0,0
1787581299.376978,143,-100,-121,109,14557,2100,2569,3195,541254,541255,541257,541258,0,0,0,0
1787581299.3928227,92,-102,-111,119,17484,32237,32314,6231,541284,541285,541287,541288,0,0,0,0
1787581299.4418232,113,-110,-108,99,20353,29274,29240,9294,541314,541315,541317,541318,0,0,0,0
1787581299.5063868,105,-119,-112,108,23458,26164,26226,12485,541344,541345,541347,541348,0,0,0,0
1787581299.5708618,122,-103,-114,125,26675,23098,23006,15742,541374,541375,541377,541378,0,0,0,0
1787581299.6132975,115,-116,-111,93,29689,20118,20046,18689,541404,541405,541407,541408,0,0,0,0
1787581299.6683526,87,-88,-82,96,32519,17437,17416,21292,541434,541435,541437,541438,0,0,0,0
1787581299.6890924,78,-81,-87,91,2243,14898,15003,23750,541464,541465,541467,541468,0,0,0,0
1787581299.772684,70,-76,-67,98,4580,12622,12686,26008,541494,541495,541497,541498,0,0,0,0
1787581299.7943454,74,-75,-67,93,6949,10493,10582,28456,541524,541525,541527,541528,0,0,0,0
1787581299.8916824,86,-92,-85,96,9546,8224,8425,31198,541554,541555,541557,541558,0,0,0,0
1787581299.911237,104,-97,-88,97,12167,5877,6030,1109,541584,541585,541587,541588,0,0,0,0
1787581300.0082216,91,-91,-86,117,14986,3253,3478,4135,541614,541615,541617,541618,0,0,0,0
1787581300.0082216,119,-99,-93,96,17952,673,788,7100,541644,541645,541647,541648,0,0,0,0
1787581300.0710416,92,-99,-102,108,20867,30836,30858,10122,541674,541675,541677,541678,0,0,0,0
1787581300.1763225,114,-97,-98,105,23790,28204,28243,12943,541704,541705,541707,541708,0,0,0,0
1787581300.188999,112,-92,-85,113,26522,25637,25620,15723,541734,541735,541737,541738,0,0,0,0
1787581300.2245111,88,-90,-97,95,29170,23017,22950,18350,541764,541765,541767,541768,0,0,0,0
1787581300.307461,94,-105,-103,73,31699,20516,20455,20865,541794,541795,541797,541798,0,0,0,0
1787581300.3985384,92,-90,-97,75,6162,12714,12460,27866,541884,541885,541887,541888,0,0,0,0
1787581300.4135208,92,-90,-97,75,6162,12714,12460,27866,541884,541885,541887,541888,0,0,0,0
1787581300.531896,99,-93,-109,90,11261,7102,6695,127,541944,541945,541947,541948,0,0,0,0
1787581300.533913,87,-111,-113,131,13844,4267,3773,2739,541974,541975,541977,541978,0,0,0,0
1787581300.5739365,72,-111,-100,97,16309,1388,967,5262,542004,542005,542007,542008,0,0,0,0
1787581300.6549473,89,-83,-108,80,18825,31356,30881,7701,542034,542035,542037,542038,0,0,0,0
1787581300.7161624,102,-100,-87,87,21327,28521,28063,10161,542064,542065,542067,542068,0,0,0,0
1787581300.7341795,94,-95,-108,82,23719,25812,25388,12553,542094,542095,542097,542098,0,0,0,0
1787581300.7635548,95,-101,-116,76,26064,23091,22619,15009,542124,542125,542127,542128,0,0,0,0
1787581300.8556986,102,-103,-97,82,28498,20416,19911,17400,542154,542155,542157,542158,0,0,0,0
1787581300.8937106,84,-92,-70,76,30907,18008,17473,19842,542184,542185,542187,542188,0,0,0,0
1787581301.0514216,12,-8,-5,-15,1223,14597,16258,20901,542274,542275,542277,542278,0,0,0,0
1787581301.133056,-8,5,-2,-7,1576,14110,16026,20840,542334,542335,542337,542338,0,0,0,0
1787581301.2529485,-3,4,0,-11,1536,14189,16090,20779,542394,542395,542397,542398,0,0,0,0
1787581301.3286185,4,2,5,-4,1480,14262,16144,20721,542424,542425,542427,542428,0,0,0,0
1787581301.3442786,-1,6,6,-8,1403,14339,16207,20647,542454,542455,542457,542458,0,0,0,0
1787581301.4535809,-4,2,-8,-3,1321,14444,16281,20562,542514,542515,542517,542518,0,0,0,0
1787581301.5403361,0,-2,-5,1,1285,14487,16315,20524,542544,542545,542547,542548,0,0,0,0
1787581301.5403361,-1,-3,3,1,1273,14502,16325,20514,542574,542575,542577,542578,0,0,0,0
1787581301.5920908,-1,-1,0,-1,1263,14516,16335,20502,542604,542605,542607,542608,0,0,0,0
1787581301.7449129,0,0,-1,-2,1261,14519,16335,20497,542634,542635,542637,542638,0,0,0,0
1787581301.7449129,-1,-1,-4,-1,1258,14522,16339,20493,542694,542695,542697,542698,0,0,0,0
1787581301.7927945,1,-1,0,3,1259,14524,16338,20494,542724,542725,542727,542728,0,0,0,0
1787581301.8486161,6,0,-4,-2,1258,14524,16339,20494,542754,542755,542757,542758,0,0,0,0
1787581301.8905132,-1,-2,5,-2,1258,14524,16339,20495,542784,542785,542787,542788,0,0,0,0
1787581301.9711463,1,-3,-2,-1,1264,14514,16330,20505,542814,542815,542817,542818,0,0,0,0
1787581302.0030992,5,-5,3,4,1298,14474,16299,20544,542844,542845,542847,542848,0,0,0,0
1787581302.1623933,-3,-3,3,-5,1323,14451,16281,20565,542874,542875,542877,542878,0,0,0,0
1787581302.1623933,21,5,-1,3,1303,14475,16301,20542,542934,542935,542937,542938,0,0,0,0
1787581302.2727003,5,1,-5,1,1287,14495,16316,20520,542994,542995,542997,542998,0,0,0,0
1787581302.3635018,-3,3,2,-2,1265,14519,16334,20497,543024,543025,543027,543028,0,0,0,0
1787581302.3694847,1,2,1,3,1253,14540,16348,20478,543054,543055,543057,543058,0,0,0,0
1787581302.481571,1,0,-2,0,1139,14694,16466,20326,543144,543145,543147,543148,0,0,0,0
1787581302.5714588,1,0,-2,0,1139,14694,16466,20326,543144,543145,543147,543148,0,0,0,0
1787581302.5714588,-1,-1,-1,2,1069,14768,16536,20241,543204,543205,543207,543208,0,0,0,0
1787581302.6890345,2,-2,-2,-3,1060,14778,16543,20233,543234,543235,543237,543238,0,0,0,0
1787581302.689544,-4,-2,2,0,1066,14771,16536,20240,543264,543265,543267,543268,0,0,0,0
1787581302.7721431,2,1,1,-1,1078,14759,16525,20255,543294,543295,543297,543298,0,0,0,0
1787581302.779267,1,-3,0,-2,1088,14747,16514,20268,543324,543325,543327,543328,0,0,0,0
1787581302.8624296,1,1,2,1,1091,14740,16508,20273,543354,543355,543357,543358,0,0,0,0
1787581302.8624296,-1,-3,-5,-2,1093,14742,16509,20272,543384,543385,543387,543388,0,0,0,0
1787581302.9880078,2,-3,-3,-5,1080,14756,16524,20254,543444,543445,543447,543448,0,0,0,0
1787581303.0929477,1,-1,5,0,1076,14761,16529,20251,543474,543475,543477,543478,0,0,0,0
1787581303.0929477,-4,4,1,2,1076,14762,16528,20251,543504,543505,543507,543508,0,0,0,0
1787581303.1733534,5,-2,-3,-1,1079,14757,16523,20256,543534,543535,543537,543538,0,0,0,0
1787581303.1929762,2,0,-1,0,1085,14751,16517,20264,543564,543565,543567,543568,0,0,0,0
1787581303.320804,-3,-1,-3,-2,1088,14748,16515,20265,543624,543625,543627,543628,0,0,0,0
1787581303.3339407,0,-1,6,3,1082,14755,16520,20259,543654,543655,543657,543658,0,0,0,0
1787581303.3828316,-6,3,6,-1,1082,14758,16522,20255,543684,543685,543687,543688,0,0,0,0
1787581303.4786077,-1,-1,-7,-1,1081,14758,16523,20255,543714,543715,543717,543718,0,0,0,0
1787581303.4786077,-2,-1,-2,-1,1080,14754,16520,20257,543744,543745,543747,543748,0,0,0,0
1787581303.5911274,-3,-3,3,-5,1081,14753,16520,20259,543774,543775,543777,543778,0,0,0,0
1787581303.8008246,0,-1,0,-5,1079,14757,16523,20255,543924,543925,543927,543928,0,0,0,0
1787581303.8605278,-1,1,-4,4,1080,14758,16525,20254,543954,543955,543957,543958,0,0,0,0
1787581303.916577,-4,-1,3,1,1077,14759,16525,20252,543984,543985,543987,543988,0,0,0,0
1787581304.0049748,7,1,-5,3,1078,14759,16526,20252,544014,544015,544017,544018,0,0,0,0
1787581304.0049748,-4,-2,-5,2,1079,14757,16524,20254,544044,544045,544047,544048,0,0,0,0
1787581304.1226118,5,-1,3,-3,1083,14753,16521,20259,544074,544075,544077,544078,0,0,0,0
1787581304.1226118,-2,-2,-2,11,1083,14754,16520,20260,544134,544135,544137,544138,0,0,0,0
1787581304.206651,1,2,-1,3,1085,14752,16519,20261,544164,544165,544167,544168,0,0,0,0
1787581304.4108822,7,3,0,-1,1084,14753,16519,20259,544194,544195,544197,544198,0,0,0,0
1787581304.4108822,-3,-5,-5,-6,1083,14753,16520,20259,544254,544255,544257,544258,0,0,0,0
1787581304.480404,-3,3,-2,1,1085,14752,16519,20260,544284,544285,544287,544288,0,0,0,0
1787581304.487678,-2,-1,-3,-2,1086,14751,16516,20263,544314,544315,544317,544318,0,0,0,0
1787581304.487678,-2,-5,-6,0,1087,14749,16516,20263,544344,544345,544347,544348,0,0,0,0
1787581304.6202888,-1,2,-2,-3,1086,14750,16517,20262,544374,544375,544377,544378,0,0,0,0
1787581304.633057,-2,-1,-5,-4,1082,14752,16519,20260,544404,544405,544407,544408,0,0,0,0
1787581304.7456305,4,-2,-4,-4,1082,14755,16521,20258,544434,544435,544437,544438,0,0,0,0
1787581304.7506018,-1,0,-3,-3,1082,14751,16518,20260,544494,544495,544497,544498,0,0,0,0
1787581304.8343658,3,-3,-2,2,1083,14753,16519,20260,544524,544525,544527,544528,0,0,0,0
1787581324.2788506,35,-4,4,0,28492,19497,21722,15874,556164,556165,556167,556168,0,0,0,0
1787581324.2788506,-1,2,1,-2,28493,19497,21722,15875,556194,556195,556197,556198,0,0,0,0
1787581324.2788506,3,0,-3,3,28495,19498,21722,15877,556224,556225,556227,556228,0,0,0,0
1787581324.4829805,-3,3,-3,2,28494,19496,21720,15876,556284,556285,556287,556288,0,0,0,0
1787581324.4829805,3,1,8,2,28493,19497,21722,15876,556344,556345,556347,556348,0,0,0,0
1787581324.5961342,-1,-1,2,2,28493,19497,21722,15876,556374,556375,556377,556378,0,0,0,0
1787581324.5961342,-2,2,0,-3,28496,19497,21720,15877,556404,556405,556407,556408,0,0,0,0
1787581324.6923494,-2,1,0,-2,28498,19494,21718,15880,556434,556435,556437,556438,0,0,0,0
1787581324.8114467,-6,-1,-3,-3,28494,19497,21720,15877,556524,556525,556527,556528,0,0,0,0
1787581324.8945916,2,3,-2,4,28499,19494,21717,15881,556554,556555,556557,556558,0,0,0,0
1787581325.0068707,-3,-3,0,-1,28503,19491,21713,15885,556584,556585,556587,556588,0,0,0,0
1787581325.0121322,0,-5,-4,0,28497,19496,21720,15877,556644,556645,556647,556648,0,0,0,0
1787581325.1094072,-3,3,-10,0,28493,19498,21722,15876,556704,556705,556707,556708,0,0,0,0
1787581325.2142491,0,0,-1,0,28497,19494,21718,15879,556764,556765,556767,556768,0,0,0,0
1787581325.3107164,1,2,6,-1,28498,19493,21717,15880,556794,556795,556797,556798,0,0,0,0
1787581325.3107164,-2,0,1,0,28497,19497,21720,15878,556854,556855,556857,556858,0,0,0,0
1787581325.429482,1,0,-3,-5,28499,19493,21717,15881,556914,556915,556917,556918,0,0,0,0
1787581325.512552,1,4,3,-2,28500,19493,21717,15882,556944,556945,556947,556948,0,0,0,0
1787581325.6201594,0,2,3,-1,28498,19494,21717,15880,556974,556975,556977,556978,0,0,0,0
1787581325.6260116,0,-5,3,-2,28498,19494,21718,15880,557034,557035,557037,557038,0,0,0,0
1787581325.7329762,1,-4,0,-1,28497,19495,21719,15879,557064,557065,557067,557068,0,0,0,0
1787581325.7607343,-1,4,2,1,28494,19497,21722,15876,557094,557095,557097,557098,0,0,0,0
1787581325.7720544,0,-5,0,0,28492,19499,21723,15875,557124,557125,557127,557128,0,0,0,0
1787581325.8806994,3,0,-2,-4,28497,19494,21718,15880,557184,557185,557187,557188,0,0,0,0
1787581326.0056577,2,0,-4,-2,28498,19492,21717,15881,557214,557215,557217,557218,0,0,0,0
1787581326.0084596,1,-3,2,1,28498,19494,21718,15880,557244,557245,557247,557248,0,0,0,0
1787581326.121711,0,3,-4,-2,28495,19497,21721,15877,557274,557275,557277,557278,0,0,0,0
1787581326.12391,-3,5,4,-3,28492,19498,21723,15874,557334,557335,557337,557338,0,0,0,0
1787581326.2466457,3,-5,1,-5,28497,19495,21719,15879,557394,557395,557397,557398,0,0,0,0
1787581326.3310864,1,3,5,1,28496,19495,21719,15878,557424,557425,557427,557428,0,0,0,0
1787581326.331474,-1,-1,4,3,28496,19495,21719,15878,557454,557455,557457,557458,0,0,0,0
1787581326.4162037,1,-2,-1,-3,28496,19496,21720,15878,557484,557485,557487,557488,0,0,0,0
1787581326.5248728,-5,4,0,0,28495,19496,21721,15878,557514,557515,557517,557518,0,0,0,0
1787581326.5248728,1,3,6,1,28495,19497,21720,15876,557574,557575,557577,557578,0,0,0,0
1787581326.7297316,3,8,3,0,28496,19495,21719,15879,557604,557605,557607,557608,0,0,0,0
1787581326.7297316,2,-2,2,0,28494,19496,21720,15877,557664,557665,557667,557668,0,0,0,0
1787581326.7491636,-1,7,0,0,28495,19496,21721,15877,557694,557695,557697,557698,0,0,0,0
1787581326.8404806,-3,-7,1,1,28494,19496,21721,15875,557754,557755,557757,557758,0,0,0,0
1787581326.94212,-6,2,0,0,28493,19498,21722,15876,557784,557785,557787,557788,0,0,0,0
1787581326.94212,-1,-4,-2,-3,28494,19498,21721,15876,557814,557815,557817,557818,0,0,0,0
1787581327.1445987,-3,4,0,-4,28495,19495,21719,15878,557844,557845,557847,557848,0,0,0,0
1787581327.3526523,0,-4,1,0,28492,19498,21722,15874,557934,557935,557937,557938,0,0,0,0
1787581327.3526523,3,4,-5,0,28497,19495,21719,15878,558024,558025,558027,558028,0,0,0,0
1787581327.4559343,-1,7,-1,6,28494,19497,21721,15876,558054,558055,558057,558058,0,0,0,0
1787581327.4559343,-1,1,2,-3,28493,19497,21722,15874,558084,558085,558087,558088,0,0,0,0
1787581327.477397,-1,-1,4,3,28497,19494,21718,15880,558144,558145,558147,558148,0,0,0,0
1787581327.6100514,-1,-4,-7,0,28496,19495,21719,15877,558204,558205,558207,558208,0,0,0,0
1787581327.6100514,-1,-6,0,-5,28493,19497,21722,15873,558234,558235,558237,558238,0,0,0,0
1787581327.7678888,1,-1,-8,-2,28493,19497,21721,15876,558294,558295,558297,558298,0,0,0,0
1787581327.7688966,1,-2,1,0,28496,19495,21718,15878,558324,558325,558327,558328,0,0,0,0
1787581327.880433,5,3,1,-4,28497,19494,21718,15878,558354,558355,558357,558358,0,0,0,0
1787581327.880433,5,1,-5,-3,28496,19495,21720,15878,558384,558385,558387,558388,0,0,0,0
1787581327.9595346,6,1,0,-3,28495,19497,21721,15877,558444,558445,558447,558448,0,0,0,0
1787581328.080796,-2,1,2,-1,28492,19498,21723,15875,558504,558505,558507,558508,0,0,0,0
1787581328.1666381,0,-2,-5,1,28493,19499,21722,15873,558534,558535,558537,558538,0,0,0,0
1787581328.1666381,-3,2,4,-2,28493,19495,21719,15875,558564,558565,558567,558568,0,0,0,0
1787581328.2928553,-2,3,3,-3,28497,19496,21719,15878,558624,558625,558627,558628,0,0,0,0
1787581328.3729758,0,1,-3,-1,28497,19496,21720,15878,558654,558655,558657,558658,0,0,0,0
1787581328.4909074,-1,-1,-2,1,28495,19494,21720,15877,558684,558685,558687,558688,0,0,0,0
1787581328.5183868,-1,-2,1,0,28496,19495,21720,15879,558774,558775,558777,558778,0,0,0,0
1787581328.583716,1,-6,4,1,28497,19494,21718,15879,558804,558805,558807,558808,0,0,0,0
1787581328.662176,-2,1,-4,2,28498,19494,21717,15879,558864,558865,558867,558868,0,0,0,0
1787581328.7847302,-1,-2,3,0,28497,19493,21717,15879,558894,558895,558897,558898,0,0,0,0
1787581328.7847302,-3,-3,3,-5,28498,19496,21719,15878,558924,558925,558927,558928,0,0,0,0
1787581328.8944337,-2,1,-1,-1,28497,19494,21718,15878,558984,558985,558987,558988,0,0,0,0
1787581328.972703,-2,-1,12,1,28496,19497,21721,15876,559014,559015,559017,559018,0,0,0,0
1787581328.9887543,-3,-2,-2,3,28494,19498,21722,15875,559044,559045,559047,559048,0,0,0,0
1787581329.0954378,-2,1,-4,-2,28493,19498,21722,15874,559074,559075,559077,559078,0,0,0,0
1787581329.1901827,2,1,1,-3,28497,19496,21720,15879,559134,559135,559137,559138,0,0,0,0
1787581329.2279518,-1,-5,6,-2,28497,19496,21719,15878,559164,559165,559167,559168,0,0,0,0
1787581329.3962228,2,-3,1,1,28497,19496,21720,15878,559254,559255,559257,559258,0,0,0,0
1787581329.4120073,-2,1,-1,-3,28497,19496,21720,15877,559284,559285,559287,559288,0,0,0,0
1787581329.5333173,-1,-1,-2,-8,28492,19499,21723,15875,559374,559375,559377,559378,0,0,0,0
1787581329.6165755,-2,-3,-1,-3,28495,19497,21720,15876,559404,559405,559407,559408,0,0,0,0
1787581329.7267616,0,-1,2,-1,28497,19496,21720,15878,559434,559435,559437,559438,0,0,0,0
1787581329.7340677,1,0,-1,-5,28492,19497,21722,15874,559494,559495,559497,559498,0,0,0,0
1787581329.8104458,-1,2,-6,8,28494,19497,21721,15877,559524,559525,559527,559528,0,0,0,0
1787581329.9152727,2,2,-4,0,28496,19495,21719,15878,559584,559585,559587,559588,0,0,0,0
1787581330.012031,-2,-2,-1,-4,28494,19495,21720,15876,559614,559615,559617,559618,0,0,0,0
1787581330.1097414,4,-2,0,-3,28493,19494,21719,15876,559704,559705,559707,559708,0,0,0,0
1787581330.153795,-4,5,0,-1,28497,19495,21719,15878,559734,559735,559737,559738,0,0,0,0
1787581330.2339993,0,0,-5,1,28497,19495,21719,15878,559764,559765,559767,559768,0,0,0,0
1787581330.2817733,2,3,4,1,28494,19497,21721,15877,559794,559795,559797,559798,0,0,0,0
1787581330.2910361,-4,-4,-1,1,28489,19501,21725,15871,559824,559825,559827,559828,0,0,0,0
1787581330.4106467,-4,0,0,-2,28485,19505,21730,15867,559854,559855,559857,559858,0,0,0,0
1787581330.4266083,-3,0,1,0,28478,19507,21733,15861,559884,559885,559887,559888,0,0,0,0
1787581330.539689,-3,-4,0,0,28471,19513,21738,15853,559914,559915,559917,559918,0,0,0,0
1787581330.539689,-1,1,-1,-2,28350,19610,21848,15720,559974,559975,559977,559978,0,0,0,0
1787581330.6194649,0,1,4,-1,28336,19621,21857,15712,560004,560005,560007,560008,0,0,0,0
1787581330.7432673,3,-3,4,0,28369,19589,21823,15755,560034,560035,560037,560038,0,0,0,0
1787581330.7439334,2,2,-1,-7,28381,19561,21803,15764,560094,560095,560097,560098,0,0,0,0
1787581330.9286556,-1,-4,0,4,28453,19515,21743,15838,560184,560185,560187,560188,0,0,0,0
1787581331.0399241,2,2,-4,2,28479,19479,21708,15875,560214,560215,560217,560218,0,0,0,0
1787581331.0399241,0,0,-5,3,28498,19471,21699,15880,560244,560245,560247,560248,0,0,0,0
1787581331.0540504,0,2,1,-2,28488,19482,21710,15869,560274,560275,560277,560278,0,0,0,0
1787581331.1656842,-4,3,0,3,28449,19514,21746,15831,560334,560335,560337,560338,0,0,0,0
1787581331.253939,-11,3,-5,-3,28446,19513,21745,15830,560394,560395,560397,560398,0,0,0,0
1787581331.448973,-4,-2,0,1,28452,19508,21741,15836,560484,560485,560487,560488,0,0,0,0
1787581331.4498003,1,3,1,-20,28449,19509,21742,15832,560514,560515,560517,560518,0,0,0,0
1787581331.6432652,-1,-1,-4,-3,28454,19507,21739,15838,560634,560635,560637,560638,0,0,0,0
1787581331.7051377,-2,-2,1,-4,28452,19508,21740,15835,560664,560665,560667,560668,0,0,0,0
1787581331.7682343,-1,6,1,-7,28449,19511,21744,15833,560694,560695,560697,560698,0,0,0,0
1787581331.858303,0,0,-4,1,28450,19510,21743,15834,560754,560755,560757,560758,0,0,0,0
1787581331.9701114,-1,5,0,1,28454,19509,21740,15837,560814,560815,560817,560818,0,0,0,0
1787581332.0024228,0,-4,2,-1,28448,19509,21742,15831,560844,560845,560847,560848,0,0,0,0
1787581332.0666168,-4,-6,6,1,28449,19517,21747,15828,560874,560875,560877,560878,0,0,0,0
1787581332.1511357,4,-2,-1,-3,28445,19515,21749,15823,560934,560935,560937,560938,0,0,0,0
1787581332.2684643,-2,-4,-1,-1,28429,19528,21764,15808,560994,560995,560997,560998,0,0,0,0
1787581332.3791902,-1,-2,-1,0,28416,19541,21777,15792,561024,561025,561027,561028,0,0,0,0
1787581332.3791902,3,1,-1,-2,28397,19554,21792,15776,561084,561085,561087,561088,0,0,0,0
1787581332.4696574,2,0,1,3,28397,19554,21792,15777,561114,561115,561117,561118,0,0,0,0
1787581332.4696574,-2,-2,0,1,28401,19553,21789,15781,561144,561145,561147,561148,0,0,0,0
1787581332.5117838,2,-1,0,0,28403,19549,21787,15784,561174,561175,561177,561178,0,0,0,0
1787581332.677961,3,-1,1,-3,28404,19549,21786,15783,561204,561205,561207,561208,0,0,0,0
1787581332.677961,3,3,-10,-5,28400,19551,21789,15778,561234,561235,561237,561238,0,0,0,0
1787581332.692228,3,0,-2,3,28397,19555,21793,15776,561264,561265,561267,561268,0,0,0,0
1787581332.7130933,2,1,-3,1,28396,19556,21793,15776,561294,561295,561297,561298,0,0,0,0
1787581332.8820624,4,-3,4,-9,28406,19550,21790,15780,561354,561355,561357,561358,0,0,0,0
1787581332.8820624,-1,-3,-2,0,28403,19557,21804,15771,561384,561385,561387,561388,0,0,0,0
1787581333.0062878,-3,-6,-2,-1,28431,19553,21793,15800,561414,561415,561417,561418,0,0,0,0
1787581333.0062878,4,-4,2,-1,28455,19538,21770,15824,561444,561445,561447,561448,0,0,0,0
1787581333.0062878,-3,3,-1,-1,28470,19527,21760,15839,561474,561475,561477,561478,0,0,0,0
1787581333.0891144,2,0,-8,-1,28514,19482,21708,15891,561504,561505,561507,561508,0,0,0,0
1787581333.204227,1,-3,5,3,28583,19420,21645,15957,561534,561535,561537,561538,0,0,0,0
1787581333.204227,-2,0,-5,0,28647,19367,21597,16011,561564,561565,561567,561568,0,0,0,0
1787581333.2156436,1,0,-2,0,28685,19334,21563,16044,561594,561595,561597,561598,0,0,0,0
1787581333.2960665,-3,3,-3,-3,28680,19347,21576,16027,561624,561625,561627,561628,0,0,0,0
1787581333.4044893,-6,0,4,-6,28532,19475,21707,15885,561684,561685,561687,561688,0,0,0,0
1787581333.4969559,-4,7,-1,-5,28446,19540,21779,15804,561714,561715,561717,561718,0,0,0,0
1787581333.4973516,-2,3,-3,0,28399,19575,21816,15760,561744,561745,561747,561748,0,0,0,0
1787581333.5736058,-4,0,-6,-6,28389,19589,21827,15755,561774,561775,561777,561778,0,0,0,0
1787581333.6057897,6,2,4,10,28433,19605,21838,15810,561804,561805,561807,561808,0,0,0,0
1787581333.6372082,25,-17,-12,17,28776,19455,21740,16212,561834,561835,561837,561838,0,0,0,0
1787581333.7058327,80,-39,-43,96,29946,18655,21040,17628,561864,561865,561867,561868,0,0,0,0
1787581333.7541604,104,-100,-93,151,124,16845,18987,20511,561894,561895,561897,561898,0,0,0,0
1787581333.8058617,102,-83,-98,124,3380,14039,16529,23897,561924,561925,561927,561928,0,0,0,0
1787581333.8665833,130,-91,-99,118,6421,11523,13883,26988,561954,561955,561957,561958,0,0,0,0
1787581333.8856332,123,-139,-114,113,9670,8474,10829,30437,561984,561985,561987,561988,0,0,0,0
1787581333.955247,123,-108,-93,114,12987,5479,7918,1090,562014,562015,562017,562018,0,0,0,0
1787581333.9898996,101,-92,-115,96,16301,2553,5072,4486,562044,562045,562047,562048,0,0,0,0
1787581334.0534093,115,-77,-84,105,19366,32621,2469,7476,562074,562075,562077,562078,0,0,0,0
1787581334.1508586,100,-68,-80,78,24693,27932,30683,12756,562134,562135,562137,562138,0,0,0,0
1787581334.2079291,98,-75,-70,80,27205,25878,28615,15151,562164,562165,562167,562168,0,0,0,0
1787581334.2758384,101,-80,-73,91,29625,23764,26498,17596,562194,562195,562197,562198,0,0,0,0
1787581334.3105865,107,-81,-78,118,32338,21599,24198,20301,562224,562225,562227,562228,0,0,0,0
1787581334.4345527,114,-100,-91,130,5261,16550,19053,26131,562284,562285,562287,562288,0,0,0,0
1787581334.4835355,121,-83,-93,112,8356,13925,16438,29245,562314,562315,562317,562318,0,0,0,0
1787581334.490099,109,-90,-85,110,11355,11396,13847,32313,562344,562345,562347,562348,0,0,0,0
1787581334.552508,89,-109,-73,106,14223,8742,11209,2460,562374,562375,562377,562378,0,0,0,0
1787581334.6510727,101,-104,-110,103,16838,6069,8571,4980,562404,562405,562407,562408,0,0,0,0
1787581334.7126586,104,-93,-84,78,21714,914,3151,9486,562464,562465,562467,562468,0,0,0,0
1787581334.7757666,89,-81,-101,90,24146,31178,544,11913,562494,562495,562497,562498,0,0,0,0
1787581334.8108308,100,-103,-97,94,26565,28419,30549,14340,562524,562525,562527,562528,0,0,0,0
1787581334.870047,84,-97,-102,86,29032,25744,27838,16772,562554,562555,562557,562558,0,0,0,0
1787581334.9410172,85,-110,-121,97,31522,22957,24970,19286,562584,562585,562587,562588,0,0,0,0
1787581334.954606,100,-109,-100,83,1316,20131,22017,21746,562614,562615,562617,562618,0,0,0,0
1787581335.045727,117,-94,-104,87,3923,17374,19077,24223,562644,562645,562647,562648,0,0,0,0
1787581335.0467818,103,-127,-88,88,6451,14436,16274,26791,562674,562675,562677,562678,0,0,0,0
1787581335.1146002,95,-91,-103,82,8901,11698,13544,29191,562704,562705,562707,562708,0,0,0,0
1787581335.2200482,82,-106,-75,96,13805,6409,8131,1259,562764,562765,562767,562768,0,0,0,0
1787581335.327959,74,-96,-65,77,16052,3992,5810,3573,562794,562795,562797,562798,0,0,0,0
1787581335.344122,60,-60,-6,16,17903,2085,4795,4884,562824,562825,562827,562828,0,0,0,0
1787581335.344122,21,-19,-35,-21,18924,986,4302,4605,562854,562855,562857,562858,0,0,0,0
1787581335.536797,16,-16,-8,8,19537,368,3892,4419,562884,562885,562887,562888,0,0,0,0
1787581335.536797,7,-5,-6,3,19868,27,3496,4665,562914,562915,562917,562918,0,0,0,0
1787581335.5528831,5,-5,-6,1,20043,32589,3350,4832,562944,562945,562947,562948,0,0,0,0
1787581335.656563,3,-7,3,-3,20132,32494,3279,4912,563004,563005,563007,563008,0,0,0,0
1787581335.6637652,0,-1,4,-2,20077,32553,3338,4845,563064,563065,563067,563068,0,0,0,0
1787581335.7539358,-4,1,6,0,20059,32568,3352,4828,563094,563095,563097,563098,0,0,0,0
1787581335.7814193,3,1,1,2,20041,32582,3368,4809,563124,563125,563127,563128,0,0,0,0
1787581335.9283268,-6,4,-4,-2,20026,32596,3380,4794,563154,563155,563157,563158,0,0,0,0
1787581335.9283268,-1,8,-1,-1,20001,32620,3407,4762,563184,563185,563187,563188,0,0,0,0
1787581335.9283268,-5,-2,0,-1,19970,32649,3434,4731,563214,563215,563217,563218,0,0,0,0
1787581336.1110356,1,-4,6,2,19945,32676,3459,4703,563244,563245,563247,563248,0,0,0,0
1787581336.157071,-6,-3,6,-6,19893,32724,3511,4650,563334,563335,563337,563338,0,0,0,0
1787581336.2307096,-33,-52,-61,-107,19623,32366,3088,4105,563364,563365,563367,563368,0,0,0,0
1787581336.2307096,-66,-83,-61,-68,17598,30681,906,1046,563394,563395,563397,563398,0,0,0,0
1787581336.3492265,-85,-73,-68,-77,15608,28590,31498,32046,563424,563425,563427,563428,0,0,0,0
1787581336.3648267,-69,-76,-76,-62,13789,26447,29339,30053,563454,563455,563457,563458,0,0,0,0
1787581336.4867468,-71,-83,-86,-60,11791,24053,27253,28106,563484,563485,563487,563488,0,0,0,0
1787581336.4867468,-71,-82,-73,-56,9776,21780,25403,26576,563514,563515,563517,563518,0,0,0,0
1787581336.4867468,-79,-65,-67,-68,7721,19634,23471,24752,563544,563545,563547,563548,0,0,0,0
1787581336.5650544,-67,-68,-80,-98,5621,17585,21380,22707,563574,563575,563577,563578,0,0,0,0
1787581336.628764,-83,-68,-75,-109,3476,15585,19273,20446,563604,563605,563607,563608,0,0,0,0
1787581336.63573,-85,-72,-71,-107,1344,13627,17150,17957,563634,563635,563637,563638,0,0,0,0
1787581336.767562,-94,-77,-73,-89,29692,9804,12894,13410,563694,563695,563697,563698,0,0,0,0
1787581336.955832,-76,-77,-72,-77,27653,7623,10736,11318,563724,563725,563727,563728,0,0,0,0
1787581336.9615595,-65,-48,-42,-33,21618,1035,4532,5724,563814,563815,563817,563818,0,0,0,0
1787581337.0796833,-26,-26,-25,-36,20672,32725,3574,4892,563844,563845,563847,563848,0,0,0,0
1787581337.0796833,-29,-30,-12,-29,19910,31968,3070,4343,563874,563875,563877,563878,0,0,0,0
1787581337.0796833,-20,-13,-11,-14,19195,31333,2654,3766,563904,563905,563907,563908,0,0,0,0
1787581337.1914916,-1,0,-5,2,18855,31123,2449,3526,563934,563935,563937,563938,0,0,0,0
1787581337.3873048,-1,0,6,-3,18774,31263,2558,3412,564054,564055,564057,564058,0,0,0,0
1787581337.393196,-1,-5,-1,-2,18774,31260,2552,3419,564084,564085,564087,564088,0,0,0,0
1787581337.4885612,1,-4,3,3,18834,31209,2493,3473,564144,564145,564147,564148,0,0,0,0
1787581337.5857453,-1,3,-2,0,18826,31208,2495,3461,564174,564175,564177,564178,0,0,0,0
1787581337.6201406,-3,-5,-2,2,18812,31223,2512,3448,564204,564205,564207,564208,0,0,0,0
1787581337.7846353,3,2,-3,-3,18813,31231,2518,3452,564234,564235,564237,564238,0,0,0,0
1787581337.7846353,2,-5,-3,-1,18820,31226,2511,3459,564264,564265,564267,564268,0,0,0,0
1787581337.800285,2,-3,0,6,18833,31206,2491,3472,564294,564295,564297,564298,0,0,0,0
1787581337.9210844,5,-2,-1,-4,18825,31216,2503,3457,564354,564355,564357,564358,0,0,0,0
1787581337.9210844,-2,1,1,-1,18801,31241,2529,3441,564414,564415,564417,564418,0,0,0,0
1787581337.9754322,-2,0,3,1,18813,31227,2514,3453,564444,564445,564447,564448,0,0,0,0
1787581338.0729659,-1,-3,-2,1,18831,31208,2493,3466,564504,564505,564507,564508,0,0,0,0
1787581338.1509013,3,3,1,-1,18821,31221,2508,3456,564534,564535,564537,564538,0,0,0,0
1787581338.2145362,6,-3,0,9,18890,31261,2559,3552,564564,564565,564567,564568,0,0,0,0
1787581338.270161,34,-14,-16,29,19354,31093,2436,4135,564594,564595,564597,564598,0,0,0,0
1787581338.2863789,74,-76,-67,78,20793,30073,1548,5615,564624,564625,564627,564628,0,0,0,0
1787581338.3546257,160,-109,-122,153,23921,27589,31841,8886,564654,564655,564657,564658,0,0,0,0
1787581338.4294555,128,-97,-82,113,29972,22263,26665,15135,564714,564715,564717,564718,0,0,0,0
1787581338.5275824,140,-115,-103,117,458,19431,23757,18617,564744,564745,564747,564748,0,0,0,0
1787581338.5953884,150,-95,-116,108,3869,16341,20657,22088,564774,564775,564777,564778,0,0,0,0
1787581338.6566992,84,-105,-94,102,10211,10864,15326,28444,564834,564835,564837,564838,0,0,0,0
1787581338.704886,97,-100,-81,97,12934,8363,13008,31175,564864,564865,564867,564868,0,0,0,0
1787581338.7751803,104,-89,-73,73,15477,6298,10801,822,564894,564895,564897,564898,0,0,0,0
1787581338.7956953,96,-77,-76,73,17954,4272,8736,3241,564924,564925,564927,564928,0,0,0,0
1787581338.8717031,93,-69,-89,76,20550,2214,6584,5711,564954,564955,564957,564958,0,0,0,0
1787581338.919901,82,-75,-93,119,23229,32673,4225,8418,564984,564985,564987,564988,0,0,0,0
1787581338.968571,110,-87,-100,101,26036,30320,1776,11390,565014,565015,565017,565018,0,0,0,0
1787581339.0237603,92,-100,-104,108,29068,27778,31717,14256,565044,565045,565047,565048,0,0,0,0
1787581339.0797908,124,-120,-92,94,31954,25009,28933,17155,565074,565075,565077,565078,0,0,0,0
1787581339.0941844,98,-88,-100,105,2055,22190,26223,19984,565104,565105,565107,565108,0,0,0,0
1787581339.15631,109,-86,-92,115,4770,19476,23536,22737,565134,565135,565137,565138,0,0,0,0
1787581339.226109,108,-107,-97,87,7302,16779,20774,25223,565164,565165,565167,565168,0,0,0,0
1787581339.2551718,89,-104,-102,77,9744,14177,18144,27697,565194,565195,565197,565198,0,0,0,0
1787581339.316559,84,-84,-111,93,12073,11679,15498,29938,565224,565225,565227,565228,0,0,0,0
1787581339.3584971,89,-92,-88,93,14431,9057,12852,32176,565254,565255,565257,565258,0,0,0,0
1787581339.468321,102,-103,-87,100,16864,6400,10182,1803,565284,565285,565287,565288,0,0,0,0
1787581339.468321,101,-107,-126,91,19384,3537,7231,4290,565314,565315,565317,565318,0,0,0,0
1787581339.5423982,81,-100,-112,93,24438,30664,1454,9441,565374,565375,565377,565378,0,0,0,0
1787581339.6068554,100,-104,-92,92,27049,27703,31318,12015,565404,565405,565407,565408,0,0,0,0
1787581339.6751726,103,-123,-105,92,29629,24869,28412,14455,565434,565435,565437,565438,0,0,0,0
1787581339.727695,105,-88,-96,85,32094,22093,25715,16853,565464,565465,565467,565468,0,0,0,0
1787581339.7768986,103,-93,-103,84,1677,19463,22987,19311,565494,565495,565497,565498,0,0,0,0
1787581339.8381383,103,-111,-112,84,4087,16641,20234,21694,565524,565525,565527,565528,0,0,0,0
1787581339.8546531,104,-94,-92,93,6457,13891,17531,24174,565554,565555,565557,565558,0,0,0,0
1787581339.9510598,97,-112,-102,93,8880,11218,14709,26595,565584,565585,565587,565588,0,0,0,0
1787581339.9672313,103,-126,-104,80,11253,8335,11889,29029,565614,565615,565617,565618,0,0,0,0
1787581340.0151954,78,-107,-111,96,16187,2567,6245,1256,565674,565675,565677,565678,0,0,0,0
1787581340.1633344,89,-83,-85,98,18714,32592,3337,3817,565704,565705,565707,565708,0,0,0,0
1787581340.1633344,24,-21,-28,25,22602,28684,32239,7670,565764,565765,565767,565768,0,0,0,0
1787581340.2603252,-11,21,25,-18,22789,28652,32227,7697,565794,565795,565797,565798,0,0,0,0
1787581340.3760066,-21,30,17,-29,21330,30242,1040,6044,565854,565855,565857,565858,0,0,0,0
1787581340.3760066,-16,-2,7,-11,20907,30626,1413,5685,565884,565885,565887,565888,0,0,0,0
1787581340.5723693,-1,2,2,-5,20751,30815,1559,5557,565914,565915,565917,565918,0,0,0,0
1787581340.5793786,-3,-1,-1,-2,20646,30953,1667,5469,566004,566005,566007,566008,0,0,0,0
1787581340.6697388,1,-6,1,-3,20668,30930,1644,5489,566034,566035,566037,566038,0,0,0,0
1787581340.6697388,-4,-3,1,0,20681,30918,1631,5501,566064,566065,566067,566068,0,0,0,0
1787581340.7880425,0,-1,0,2,20592,31033,1740,5408,566124,566125,566127,566128,0,0,0,0
1787581340.8711352,-1,0,-1,4,20534,31101,1801,5351,566184,566185,566187,566188,0,0,0,0
1787581340.9762,-2,1,0,-2,20526,31108,1809,5345,566214,566215,566217,566218,0,0,0,0
1787581341.0655217,-3,1,36,0,20532,31101,1801,5353,566274,566275,566277,566278,0,0,0,0
1787581341.0655217,-3,0,-1,-2,20539,31095,1794,5360,566304,566305,566307,566308,0,0,0,0
1787581341.1713927,0,0,-2,-2,20541,31095,1792,5362,566334,566335,566337,566338,0,0,0,0
1787581341.1871133,8,0,0,-1,20540,31096,1794,5360,566364,566365,566367,566368,0,0,0,0
1787581341.2767565,2,0,-1,-6,20536,31101,1798,5355,566394,566395,566397,566398,0,0,0,0
1787581341.334355,-1,1,-1,0,20535,31101,1797,5358,566424,566425,566427,566428,0,0,0,0
1787581341.47019,2,-4,-2,0,20562,31077,1772,5388,566454,566455,566457,566458,0,0,0,0
1787581341.4859924,0,-2,3,0,20580,31061,1754,5401,566514,566515,566517,566518,0,0,0,0
1787581341.4859924,1,0,-4,-7,20574,31060,1754,5397,566544,566545,566547,566548,0,0,0,0
1787581341.6070507,-2,-1,-1,-1,20571,31067,1759,5390,566574,566575,566577,566578,0,0,0,0
1787581341.6070507,-1,-5,3,-1,20553,31088,1782,5371,566604,566605,566607,566608,0,0,0,0
1787581341.683473,1,1,2,-1,20536,31114,1807,5348,566634,566635,566637,566638,0,0,0,0
1787581341.6903656,-4,-4,-3,0,20516,31126,1822,5333,566664,566665,566667,566668,0,0,0,0
1787581341.8029246,-2,0,1,-5,20417,31233,1940,5220,566724,566725,566727,566728,0,0,0,0
1787581341.891928,-1,4,4,-10,20357,31275,1990,5161,566754,566755,566757,566758,0,0,0,0
1787581341.891928,-5,-1,-4,-2,20316,31313,2035,5114,566784,566785,566787,566788,0,0,0,0
1787581342.0099397,-1,1,2,-5,20236,31381,2110,5026,566844,566845,566847,566848,0,0,0,0
1787581342.10068,-2,1,-3,-5,20198,31416,2148,4982,566874,566875,566877,566878,0,0,0,0
1787581342.1147275,1,4,3,-2,20157,31453,2188,4934,566904,566905,566907,566908,0,0,0,0
1787581342.1486459,1,7,3,-7,20108,31494,2235,4875,566934,566935,566937,566938,0,0,0,0
1787581342.301411,-2,7,-1,-3,20052,31544,2285,4814,566964,566965,566967,566968,0,0,0,0
1787581342.301411,-3,5,2,-5,19928,31664,2405,4682,567024,567025,567027,567028,0,0,0,0
1787581342.4121332,-4,2,0,-5,19869,31728,2467,4620,567054,567055,567057,567058,0,0,0,0
1787581342.4121332,-5,8,-2,-1,19811,31795,2528,4565,567084,567085,567087,567088,0,0,0,0
1787581342.4953074,-4,2,-2,0,19751,31872,2597,4506,567114,567115,567117,567118,0,0,0,0
1787581342.508401,-3,8,3,-7,19682,31958,2672,4445,567144,567145,567147,567148,0,0,0,0
1787581342.6200728,-5,2,2,-5,19539,32133,2825,4320,567204,567205,567207,567208,0,0,0,0
1787581342.7033389,1,4,-1,2,19480,32204,2894,4260,567234,567235,567237,567238,0,0,0,0
1787581342.7033389,-1,-1,1,-1,19447,32246,2934,4230,567264,567265,567267,567268,0,0,0,0
1787581342.8153725,1,-6,-1,4,19460,32233,2915,4249,567354,567355,567357,567358,0,0,0,0
1787581342.9122744,3,-1,-3,3,19504,32181,2870,4289,567414,567415,567417,567418,0,0,0,0
1787581342.988812,-3,-6,0,1,19517,32169,2860,4299,567444,567445,567447,567448,0,0,0,0
1787581343.024675,0,-3,0,0,19516,32169,2861,4299,567474,567475,567477,567478,0,0,0,0
1787581343.132801,0,1,0,-3,19499,32191,2882,4280,567534,567535,567537,567538,0,0,0,0
1787581343.2404754,-7,-3,-2,0,19483,32206,2894,4269,567594,567595,567597,567598,0,0,0,0
1787581343.2665462,0,-2,-4,2,19489,32201,2888,4274,567624,567625,567627,567628,0,0,0,0
1787581343.3228748,-3,-1,-2,-3,19496,32192,2880,4280,567654,567655,567657,567658,0,0,0,0
1787581343.3941655,-2,-1,-5,-1,19501,32186,2876,4284,567684,567685,567687,567688,0,0,0,0
1787581343.5273838,-1,1,2,5,19501,32186,2877,4284,567714,567715,567717,567718,0,0,0,0
1787581343.5273838,-1,3,-5,-2,19494,32194,2883,4278,567774,567775,567777,567778,0,0,0,0
1787581343.7263184,-1,-2,-1,0,19503,32183,2878,4287,567864,567865,567867,567868,0,0,0,0
1787581343.9186502,0,10,12,-7,19464,32432,3071,4148,567924,567925,567927,567928,0,0,0,0
1787581343.9186502,-18,9,15,-20,19189,32758,3397,3794,567954,567955,567957,567958,0,0,0,0
1787581343.9186502,-28,19,37,-37,18055,931,5086,2431,568014,568015,568017,568018,0,0,0,0
1787581362.9857893,1,1,0,4,32531,7817,4087,24076,579414,579415,579417,579418,0,0,0,0
1787581363.1792822,1,3,2,2,32533,7816,4087,24075,579474,579475,579477,579478,0,0,0,0
1787581363.1792822,1,-2,-5,-4,32532,7818,4089,24074,579504,579505,579507,579508,0,0,0,0
1787581363.1950543,2,-3,0,-3,32532,7818,4089,24074,579534,579535,579537,579538,0,0,0,0
1787581363.1950543,1,-6,-4,0,32533,7816,4086,24076,579564,579565,579567,579568,0,0,0,0
1787581363.3960729,6,3,-2,3,32534,7815,4084,24078,579594,579595,579597,579598,0,0,0,0
1787581363.39808,0,1,1,2,32533,7815,4085,24079,579684,579685,579687,579688,0,0,0,0
1787581363.5157988,-1,-3,-9,-5,32533,7817,4087,24076,579714,579715,579717,579718,0,0,0,0
1787581363.5174177,-1,-1,3,-7,32532,7818,4089,24075,579744,579745,579747,579748,0,0,0,0
1787581363.5985029,2,-3,0,7,32530,7818,4090,24073,579774,579775,579777,579778,0,0,0,0
1787581363.736173,1,-2,0,7,32532,7817,4088,24077,579864,579865,579867,579868,0,0,0,0
1787581363.7931685,-3,2,0,4,32531,7818,4089,24075,579894,579895,579897,579898,0,0,0,0
1787581363.8276865,0,1,-3,0,32530,7818,4091,24073,579924,579925,579927,579928,0,0,0,0
1787581363.9443614,-4,2,2,-1,32530,7821,4093,24071,579954,579955,579957,579958,0,0,0,0
1787581364.0138664,0,2,-1,-1,32535,7816,4085,24078,580044,580045,580047,580048,0,0,0,0
1787581364.1207623,-1,-1,1,-2,32537,7812,4080,24081,580074,580075,580077,580078,0,0,0,0
1787581364.121535,-4,3,1,1,32537,7812,4081,24081,580104,580105,580107,580108,0,0,0,0
1787581364.215821,-16,1,-4,-2,32535,7815,4085,24079,580134,580135,580137,580138,0,0,0,0
1787581364.334103,-3,4,6,0,32531,7818,4088,24073,580194,580195,580197,580198,0,0,0,0
1787581364.33497,-1,2,3,-2,32530,7819,4089,24073,580224,580225,580227,580228,0,0,0,0
1787581364.422469,-1,-5,-2,0,32531,7820,4091,24072,580254,580255,580257,580258,0,0,0,0
1787581364.5442111,-1,-2,-2,-5,32530,7819,4090,24074,580314,580315,580317,580318,0,0,0,0
1787581364.5442111,-2,-2,1,-4,32531,7818,4088,24076,580344,580345,580347,580348,0,0,0,0
1787581364.625102,0,-3,4,-5,32533,7817,4086,24076,580374,580375,580377,580378,0,0,0,0
1787581364.6350915,3,0,-2,2,32532,7816,4087,24077,580404,580405,580407,580408,0,0,0,0
1787581364.7389553,-2,-6,1,2,32533,7816,4087,24077,580434,580435,580437,580438,0,0,0,0
1787581364.7389553,3,4,3,2,32533,7816,4086,24077,580464,580465,580467,580468,0,0,0,0
1787581364.8175793,-1,0,-3,1,32533,7816,4086,24077,580494,580495,580497,580498,0,0,0,0
1787581364.8335576,-1,-4,-1,4,32532,7816,4086,24077,580554,580555,580557,580558,0,0,0,0
1787581364.9466326,-5,3,0,-3,32536,7815,4083,24080,580614,580615,580617,580618,0,0,0,0
1787581364.994474,-3,0,-2,-1,32535,7814,4082,24080,580644,580645,580647,580648,0,0,0,0
1787581365.0144827,-4,-2,1,3,32535,7815,4083,24079,580674,580675,580677,580678,0,0,0,0
1787581365.1278346,-2,2,-5,0,32534,7818,4082,24081,580704,580705,580707,580708,0,0,0,0
1787581365.13483,5,5,-3,2,32466,7874,4193,23998,580734,580735,580737,580738,0,0,0,0
1787581365.2314863,-2,-6,3,-3,32517,7858,4134,24047,580794,580795,580797,580798,0,0,0,0
1787581365.344792,-3,-1,-3,4,32521,7856,4132,24051,580824,580825,580827,580828,0,0,0,0
1787581365.3606637,2,-2,-4,-3,32523,7852,4129,24058,580854,580855,580857,580858,0,0,0,0
1787581365.3763487,3,-5,1,-1,32524,7851,4126,24057,580884,580885,580887,580888,0,0,0,0
1787581365.441894,-2,1,0,1,32523,7851,4127,24056,580914,580915,580917,580918,0,0,0,0
1787581365.488252,-2,-3,0,-2,32522,7853,4129,24056,580944,580945,580947,580948,0,0,0,0
1787581365.507204,-1,-2,1,1,32522,7853,4128,24055,580974,580975,580977,580978,0,0,0,0
1787581365.645557,0,-3,-3,8,32522,7853,4127,24056,581004,581005,581007,581008,0,0,0,0
1787581365.645557,-4,2,0,-2,32523,7853,4126,24056,581034,581035,581037,581038,0,0,0,0
1787581365.7581568,-3,2,-1,-6,32522,7852,4127,24055,581064,581065,581067,581068,0,0,0,0
1787581365.7601662,5,-1,-2,0,32521,7852,4129,24056,581094,581095,581097,581098,0,0,0,0
1787581365.770575,-2,-4,1,0,32521,7853,4128,24055,581124,581125,581127,581128,0,0,0,0
1787581365.8431692,-3,3,0,1,32522,7853,4129,24056,581154,581155,581157,581158,0,0,0,0
1787581365.950973,0,0,4,0,32522,7854,4130,24055,581184,581185,581187,581188,0,0,0,0
1787581365.950973,4,-3,2,-3,32521,7854,4129,24055,581214,581215,581217,581218,0,0,0,0
1787581366.0554554,2,0,3,4,32522,7853,4127,24056,581274,581275,581277,581278,0,0,0,0
1787581366.0755076,-2,-6,0,-1,32522,7853,4128,24056,581304,581305,581307,581308,0,0,0,0
1787581366.187195,2,-1,-9,-5,32520,7854,4129,24053,581364,581365,581367,581368,0,0,0,0
1787581366.271063,3,0,-2,1,32521,7854,4129,24055,581424,581425,581427,581428,0,0,0,0
1787581366.3911798,-4,0,6,-2,32521,7855,4128,24055,581484,581485,581487,581488,0,0,0,0
1787581366.4615712,5,1,2,3,32519,7855,4131,24053,581544,581545,581547,581548,0,0,0,0
1787581366.5747404,9,-4,5,-4,32522,7854,4130,24055,581604,581605,581607,581608,0,0,0,0
1787581366.66464,1,1,1,-2,32521,7855,4129,24053,581634,581635,581637,581638,0,0,0,0
1787581366.789457,-3,-2,0,2,32519,7855,4130,24055,581724,581725,581727,581728,0,0,0,0
1787581366.8537164,0,-1,-3,5,32523,7853,4128,24057,581754,581755,581757,581758,0,0,0,0
1787581366.9675434,-4,3,-2,-5,32528,7845,4118,24065,581814,581815,581817,581818,0,0,0,0
1787581367.0821724,-1,5,-4,1,32536,7839,4110,24073,581904,581905,581907,581908,0,0,0,0
1787581367.2908676,0,-1,-1,8,32536,7842,4111,24070,581964,581965,581967,581968,0,0,0,0
1787581367.2908676,-5,0,-2,-4,32536,7840,4110,24071,582024,582025,582027,582028,0,0,0,0
1787581367.3968072,-2,0,-1,1,32538,7838,4108,24073,582084,582085,582087,582088,0,0,0,0
1787581367.4838748,-1,3,-2,1,32538,7837,4107,24074,582144,582145,582147,582148,0,0,0,0
1787581367.5490835,-6,4,6,7,32538,7837,4107,24074,582174,582175,582177,582178,0,0,0,0
1787581367.6145818,-2,-3,-5,4,32539,7836,4106,24076,582204,582205,582207,582208,0,0,0,0
1787581367.7080348,-2,0,0,-7,32541,7835,4104,24078,582264,582265,582267,582268,0,0,0,0
1787581367.8499615,-7,1,2,0,32539,7836,4106,24076,582354,582355,582357,582358,0,0,0,0
1787581367.963129,0,5,-1,5,32539,7837,4106,24075,582384,582385,582387,582388,0,0,0,0
1787581367.963129,-2,5,0,-1,32539,7835,4104,24078,582414,582415,582417,582418,0,0,0,0
1787581368.1075742,1,5,1,1,32553,7823,4088,24093,582474,582475,582477,582478,0,0,0,0
1787581368.1106677,-6,-2,-2,2,32560,7817,4081,24098,582504,582505,582507,582508,0,0,0,0
1787581368.2328973,-3,2,0,0,32559,7818,4085,24097,582564,582565,582567,582568,0,0,0,0
1787581368.312563,-4,-1,-6,-1,32553,7821,4090,24091,582594,582595,582597,582598,0,0,0,0
1787581368.312563,0,-5,-2,-2,32549,7829,4095,24083,582624,582625,582627,582628,0,0,0,0
1787581368.51339,1,-2,6,3,32540,7835,4106,24074,582654,582655,582657,582658,0,0,0,0
1787581368.5203824,1,-2,3,0,32532,7842,4114,24069,582714,582715,582717,582718,0,0,0,0
1787581368.5203824,3,-1,-7,1,32541,7833,4103,24080,582744,582745,582747,582748,0,0,0,0
1787581368.6317008,-2,-1,1,0,32554,7820,4086,24093,582774,582775,582777,582778,0,0,0,0
1787581368.6317008,-1,-4,0,2,32564,7814,4078,24102,582804,582805,582807,582808,0,0,0,0
1787581368.70207,5,-6,9,-6,32564,7812,4077,24101,582834,582835,582837,582838,0,0,0,0
1787581368.716321,-3,-4,-6,1,32560,7818,4083,24097,582864,582865,582867,582868,0,0,0,0
1787581368.8246,1,-4,-3,0,32550,7825,4094,24087,582924,582925,582927,582928,0,0,0,0
1787581368.912059,5,-1,3,-4,32550,7824,4093,24087,582954,582955,582957,582958,0,0,0,0
1787581368.9281466,-7,-2,0,1,32550,7824,4092,24090,582984,582985,582987,582988,0,0,0,0
1787581368.952923,3,-1,2,2,32552,7821,4090,24091,583014,583015,583017,583018,0,0,0,0
1787581369.1312113,-3,1,2,1,32551,7827,4098,24086,583044,583045,583047,583048,0,0,0,0
1787581369.1323717,4,4,5,-8,32479,7896,4186,23995,583104,583105,583107,583108,0,0,0,0
1787581369.2507513,-3,0,1,-4,32450,7924,4217,23982,583164,583165,583167,583168,0,0,0,0
1787581369.3320782,1,-2,-1,1,32492,7889,4171,24026,583194,583195,583197,583198,0,0,0,0
1787581369.3462996,-5,1,-2,0,32506,7880,4163,24034,583254,583255,583257,583258,0,0,0,0
1787581369.457761,0,-1,-2,3,32512,7873,4151,24049,583284,583285,583287,583288,0,0,0,0
1787581369.457761,-1,-3,-2,1,32571,7818,4083,24112,583344,583345,583347,583348,0,0,0,0
1787581369.555451,1,-4,3,-1,32584,7805,4067,24123,583374,583375,583377,583378,0,0,0,0
1787581369.6556416,-4,-7,-1,0,32579,7812,4076,24115,583404,583405,583407,583408,0,0,0,0
1787581369.659266,-1,5,4,5,32552,7838,4107,24084,583464,583465,583467,583468,0,0,0,0
1787581369.7562895,3,-2,-1,1,32543,7846,4119,24077,583494,583495,583497,583498,0,0,0,0
1787581369.7853956,-1,-1,-2,3,32541,7847,4119,24076,583524,583525,583527,583528,0,0,0,0
1787581369.8756638,2,2,9,-4,32545,7844,4114,24080,583554,583555,583557,583558,0,0,0,0
1787581369.8756638,1,2,-1,0,32550,7840,4109,24086,583584,583585,583587,583588,0,0,0,0
1787581369.9505606,4,-2,3,0,32554,7835,4104,24090,583614,583615,583617,583618,0,0,0,0
1787581369.9922647,-3,-2,2,4,32558,7834,4103,24093,583644,583645,583647,583648,0,0,0,0
1787581370.1551447,1,-4,-6,-2,32558,7835,4103,24092,583674,583675,583677,583678,0,0,0,0
1787581370.1551447,1,-3,1,-4,32555,7836,4105,24091,583704,583705,583707,583708,0,0,0,0
1787581370.1578362,-3,-2,3,-2,32554,7836,4105,24089,583734,583735,583737,583738,0,0,0,0
1787581370.2681642,-3,0,3,0,32557,7834,4103,24092,583794,583795,583797,583798,0,0,0,0
1787581370.2841659,-1,1,-2,4,32558,7833,4101,24093,583824,583825,583827,583828,0,0,0,0
1787581370.3752291,-1,-4,1,-1,32557,7834,4102,24092,583854,583855,583857,583858,0,0,0,0
1787581370.4557648,1,4,0,2,32558,7834,4101,24094,583914,583915,583917,583918,0,0,0,0
1787581370.559101,1,-1,-6,3,32558,7833,4102,24093,583944,583945,583947,583948,0,0,0,0
1787581370.6689506,-1,-1,4,1,32555,7842,4111,24089,584004,584005,584007,584008,0,0,0,0
1787581370.685013,-2,1,4,6,32554,7844,4109,24084,584034,584035,584037,584038,0,0,0,0
1787581370.685013,-4,3,0,-1,32555,7846,4114,24086,584064,584065,584067,584068,0,0,0,0
1787581370.765564,-10,-2,-1,6,32555,7843,4114,24088,584094,584095,584097,584098,0,0,0,0
1787581370.7976315,2,1,-4,4,32558,7839,4108,24090,584124,584125,584127,584128,0,0,0,0
1787581370.8859792,-3,4,1,0,32564,7833,4103,24096,584184,584185,584187,584188,0,0,0,0
1787581370.9650798,-1,0,-4,0,32561,7833,4101,24092,584214,584215,584217,584218,0,0,0,0
1787581370.987522,0,-1,-3,-1,32559,7838,4107,24089,584244,584245,584247,584248,0,0,0,0
1787581371.1795144,-3,-4,-2,0,32555,7842,4113,24088,584274,584275,584277,584278,0,0,0,0
1787581371.1795144,-5,-3,1,0,32556,7839,4108,24089,584304,584305,584307,584308,0,0,0,0
1787581371.1795144,-5,-4,3,2,32561,7835,4103,24094,584334,584335,584337,584338,0,0,0,0
1787581371.1795144,1,0,-3,-1,32565,7831,4099,24099,584364,584365,584367,584368,0,0,0,0
1787581371.3047462,-1,-5,2,-2,32565,7830,4098,24098,584394,584395,584397,584398,0,0,0,0
1787581371.38843,1,2,2,-5,32560,7837,4105,24093,584484,584485,584487,584488,0,0,0,0
1787581371.4883342,-3,3,0,0,32561,7835,4109,24091,584514,584515,584517,584518,0,0,0,0
1787581371.5808802,2,-3,-1,0,32583,7797,4066,24113,584604,584605,584607,584608,0,0,0,0
1787581371.7083712,-5,-3,0,-3,32623,7767,4028,24164,584664,584665,584667,584668,0,0,0,0
1787581371.786315,-1,-2,-4,4,32685,7699,3944,24233,584694,584695,584697,584698,0,0,0,0
1787581371.8903527,2,-4,-1,2,32,7570,3801,24347,584754,584755,584757,584758,0,0,0,0
1787581371.894727,4,-2,-2,1,64,7528,3759,24373,584784,584785,584787,584788,0,0,0,0
1787581372.006038,-4,0,-1,-1,62,7534,3768,24365,584814,584815,584817,584818,0,0,0,0
1787581372.006038,0,4,-2,-4,36,7569,3806,24339,584844,584845,584847,584848,0,0,0,0
1787581372.1978533,-2,3,1,3,6,7607,3849,24311,584874,584875,584877,584878,0,0,0,0
1787581372.1978533,0,-5,-2,1,32755,7621,3862,24296,584934,584935,584937,584938,0,0,0,0
1787581372.1978533,1,5,0,3,32750,7625,3867,24290,584964,584965,584967,584968,0,0,0,0
1787581372.3145797,-3,-2,-1,-1,32753,7625,3866,24296,584994,584995,584997,584998,0,0,0,0
1787581372.3304968,6,0,5,9,18,7650,3903,24347,585024,585025,585027,585028,0,0,0,0
1787581372.3795946,20,-10,-7,24,297,7529,3869,24706,585054,585055,585057,585058,0,0,0,0
1787581372.4441211,93,-39,-30,68,1541,6772,3184,25799,585084,585085,585087,585088,0,0,0,0
1787581372.4441211,92,-83,-100,139,4538,4648,1395,28713,585114,585115,585117,585118,0,0,0,0
1787581372.5813134,107,-92,-77,113,7927,2145,31326,32380,585144,585145,585147,585148,0,0,0,0
1787581372.5871465,123,-115,-99,133,10827,32123,28764,2803,585174,585175,585177,585178,0,0,0,0
1787581372.6375985,100,-108,-110,154,14092,29178,25838,6264,585204,585205,585207,585208,0,0,0,0
1787581372.6534803,112,-108,-125,134,17464,26266,22864,9722,585234,585235,585237,585238,0,0,0,0
1787581372.7417736,105,-95,-107,125,20715,23365,19999,13009,585264,585265,585267,585268,0,0,0,0
1787581372.7978761,120,-103,-83,97,23752,20586,17446,16052,585294,585295,585297,585298,0,0,0,0
1787581372.811341,103,-93,-76,95,26569,18162,15098,18827,585324,585325,585327,585328,0,0,0,0
1787581372.888309,91,-57,-79,102,31686,13913,10776,23762,585384,585385,585387,585388,0,0,0,0
1787581372.9157875,91,-57,-79,102,31686,13913,10776,23762,585384,585385,585387,585388,0,0,0,0
1787581372.9776118,125,-85,-96,93,4088,9637,6351,28859,585444,585445,585447,585448,0,0,0,0
1787581373.0349998,125,-85,-96,93,4088,9637,6351,28859,585444,585445,585447,585448,0,0,0,0
1787581373.1328125,111,-86,-93,119,9888,4714,1161,1939,585504,585505,585507,585508,0,0,0,0
1787581373.1328125,93,-99,-100,116,12730,2072,31107,4891,585534,585535,585537,585538,0,0,0,0
1787581373.1935198,118,-107,-106,96,15612,31957,28322,7716,585564,585565,585567,585568,0,0,0,0
1787581373.2277343,95,-95,-88,92,18391,29228,25671,10457,585594,585595,585597,585598,0,0,0,0
1787581373.3118823,85,-74,-99,109,20975,26687,22985,13118,585624,585625,585627,585628,0,0,0,0
1787581373.3543267,88,-88,-111,92,23464,24107,20363,15517,585654,585655,585657,585658,0,0,0,0
1787581373.415957,88,-92,-106,99,25933,21448,17724,17778,585684,585685,585687,585688,0,0,0,0
1787581373.4654598,80,-98,-94,96,28294,18889,15061,20140,585714,585715,585717,585718,0,0,0,0
1787581373.5208886,95,-95,-99,103,30725,16242,12367,22470,585744,585745,585747,585748,0,0,0,0
1787581373.534166,99,-95,-109,96,451,13552,9459,24966,585774,585775,585777,585778,0,0,0,0
1787581373.5954862,94,-111,-102,97,2963,10754,6644,27567,585804,585805,585807,585808,0,0,0,0
1787581373.6445434,85,-91,-113,91,5552,7775,3688,30094,585834,585835,585837,585838,0,0,0,0
1787581373.7080016,76,-103,-101,86,8054,4943,937,32578,585864,585865,585867,585868,0,0,0,0
1787581373.7663672,76,-98,-107,91,10499,2213,30768,2374,585894,585895,585897,585898,0,0,0,0
1787581373.8138807,93,-115,-96,105,12953,32197,28008,4776,585924,585925,585927,585928,0,0,0,0
1787581373.8347213,91,-103,-109,93,15308,29275,25320,7191,585954,585955,585957,585958,0,0,0,0
1787581373.9996343,83,-83,-92,81,20263,24167,19999,12104,586014,586015,586017,586018,0,0,0,0
1787581374.039857,41,-36,22,-26,23613,20750,17774,14044,586074,586075,586077,586078,0,0,0,0
1787581374.1441715,5,-15,-1,-15,24795,19779,18257,13603,586134,586135,586137,586138,0,0,0,0
1787581374.2495916,3,-2,-1,-3,24537,19668,18311,13424,586194,586195,586197,586198,0,0,0,0
1787581374.4533236,-2,2,7,-5,24455,19744,18402,13321,586224,586225,586227,586228,0,0,0,0
1787581374.4566884,-1,3,0,-3,24307,19889,18559,13135,586284,586285,586287,586288,0,0,0,0
1787581374.5689118,6,6,0,-1,24215,19970,18636,13040,586374,586375,586377,586378,0,0,0,0
1787581374.658739,2,-3,-5,-3,24210,19970,18638,13033,586434,586435,586437,586438,0,0,0,0
1787581374.7856162,-1,4,-4,-2,24198,19979,18648,13022,586464,586465,586467,586468,0,0,0,0
1787581374.7856162,2,-6,-1,3,24196,19985,18652,13021,586494,586495,586497,586498,0,0,0,0
1787581374.8298693,1,-2,-2,3,24207,19973,18640,13037,586524,586525,586527,586528,0,0,0,0
1787581374.8597255,0,1,-1,3,24227,19952,18622,13056,586554,586555,586557,586558,0,0,0,0
1787581374.9324229,2,2,1,-3,24233,19949,18619,13059,586584,586585,586587,586588,0,0,0,0
1787581374.9639666,-75,-69,-98,-104,23018,18779,16697,10937,586614,586615,586617,586618,0,0,0,0
1787581375.060645,-73,-71,-85,-69,19053,14747,12473,6926,586674,586675,586677,586678,0,0,0,0
1787581375.1099725,-88,-76,-68,-75,17069,12511,10260,4820,586704,586705,586707,586708,0,0,0,0
1787581375.269599,-83,-99,-69,-64,10648,5839,4577,32416,586794,586795,586797,586798,0,0,0,0
1787581375.3938193,-88,-75,-89,-77,6413,1784,365,27851,586854,586855,586857,586858,0,0,0,0
1787581375.4850848,-73,-74,-61,-78,85,28650,26591,21089,586944,586945,586947,586948,0,0,0,0
1787581375.6025834,-86,-73,-73,-81,30735,26511,24233,18893,586974,586975,586977,586978,0,0,0,0
1787581375.6025834,-85,-69,-73,-73,28533,24294,22084,16822,587004,587005,587007,587008,0,0,0,0
1787581375.6797776,-54,-59,-55,-35,26544,22150,20164,15069,587034,587035,587037,587038,0,0,0,0
1787581375.6932733,-28,-38,-25,-29,25404,20816,19086,14056,587064,587065,587067,587068,0,0,0,0
1787581375.7982671,-28,-30,-15,-25,24486,19916,18474,13524,587094,587095,587097,587098,0,0,0,0
1787581375.8879297,-1,2,0,-5,23486,19019,17906,12855,587154,587155,587157,587158,0,0,0,0
1787581375.894811,-2,-5,-2,-3,23496,19050,17824,12782,587184,587185,587187,587188,0,0,0,0
1787581375.9360223,4,3,1,2,23497,19009,17797,12796,587214,587215,587217,587218,0,0,0,0
1787581376.0131946,-3,-1,-4,-1,23510,19045,17817,12795,587244,587245,587247,587248,0,0,0,0
1787581376.0894947,28,4,-4,-1,23492,19044,17821,12781,587274,587275,587277,587278,0,0,0,0
1787581376.208044,-1,-5,1,1,23506,19017,17796,12801,587364,587365,587367,587368,0,0,0,0
1787581376.298384,-1,-2,3,2,23536,19008,17779,12823,587394,587395,587397,587398,0,0,0,0
1787581376.3064568,-4,0,-6,1,23532,19003,17778,12817,587424,587425,587427,587428,0,0,0,0
1787581376.41973,5,2,5,1,23512,19012,17791,12804,587514,587515,587517,587518,0,0,0,0
1787581376.5140355,-4,2,-3,2,23526,19000,17777,12816,587544,587545,587547,587548,0,0,0,0
1787581376.6274967,5,0,3,-2,23524,18999,17778,12813,587604,587605,587607,587608,0,0,0,0
1787581376.6350653,1,-1,1,0,23511,19012,17792,12800,587634,587635,587637,587638,0,0,0,0
1787581376.7061143,0,3,0,5,23507,19012,17792,12799,587664,587665,587667,587668,0,0,0,0
1787581376.8247552,0,-3,0,-4,23529,18992,17771,12821,587724,587725,587727,587728,0,0,0,0
1787581376.874791,-5,4,2,3,23536,18993,17769,12824,587754,587755,587757,587758,0,0,0,0
1787581376.9093328,-3,-2,3,0,23527,18996,17776,12815,587784,587785,587787,587788,0,0,0,0
1787581376.974007,5,-8,-10,7,23566,18919,17704,12876,587814,587815,587817,587818,0,0,0,0
1787581376.9900095,33,-31,-29,40,24065,18437,17225,13490,587844,587845,587847,587848,0,0,0,0
1787581377.05375,82,-115,-88,112,25688,16779,15550,15314,587874,587875,587877,587878,0,0,0,0
1787581377.1133156,131,-107,-81,84,28823,13451,12568,18456,587904,587905,587907,587908,0,0,0,0
1787581377.1725364,96,-107,-115,112,31628,10672,9812,21319,587934,587935,587937,587938,0,0,0,0
1787581377.1863565,123,-103,-114,100,1878,7735,6687,24426,587964,587965,587967,587968,0,0,0,0
1787581377.2870793,124,-107,-86,116,5156,4600,3440,27688,587994,587995,587997,587998,0,0,0,0
1787581377.2916806,127,-124,-105,121,8354,1382,229,30954,588024,588025,588027,588028,0,0,0,0
1787581377.3538263,112,-100,-100,84,11367,31226,30113,1037,588054,588055,588057,588058,0,0,0,0
1787581377.3944705,83,-105,-99,98,14089,28539,27469,3658,588084,588085,588087,588088,0,0,0,0
1787581377.4501042,82,-88,-107,92,16483,26163,25116,6083,588114,588115,588117,588118,0,0,0,0
1787581377.4996507,82,-83,-80,104,18865,23979,22973,8402,588144,588145,588147,588148,0,0,0,0
1787581377.6097667,85,-80,-65,102,21195,21764,20839,11006,588174,588175,588177,588178,0,0,0,0
1787581377.6156957,98,-74,-82,90,23677,19520,18704,13755,588204,588205,588207,588208,0,0,0,0
1787581377.6723988,105,-99,-93,85,26323,17062,16254,16389,588234,588235,588237,588238,0,0,0,0
1787581377.7351542,85,-120,-108,104,29076,14341,13503,19180,588264,588265,588267,588268,0,0,0,0
1787581377.7758856,117,-91,-101,80,31910,11560,10620,21957,588294,588295,588297,588298,0,0,0,0
1787581377.8329308,96,-115,-92,98,2110,8826,7752,24750,588324,588325,588327,588328,0,0,0,0
1787581377.8885329,97,-111,-98,106,4867,6045,5019,27546,588354,588355,588357,588358,0,0,0,0
1787581377.936136,112,-85,-93,81,7590,3387,2388,30204,588384,588385,588387,588388,0,0,0,0
1787581377.9564204,87,-87,-86,86,10161,892,32645,41,588414,588415,588417,588418,0,0,0,0
1787581378.0126584,84,-95,-96,108,12593,31053,29972,2495,588444,588445,588447,588448,0,0,0,0
1787581378.109668,81,-98,-112,82,14989,28450,27265,4698,588474,588475,588477,588478,0,0,0,0
1787581378.1658444,86,-95,-95,84,19844,23151,21779,9432,588534,588535,588537,588538,0,0,0,0
1787581378.2294147,89,-108,-103,94,22356,20246,18973,11952,588564,588565,588567,588568,0,0,0,0
1787581378.2942443,112,-98,-101,98,24901,17462,16044,14597,588594,588595,588597,588598,0,0,0,0
1787581378.3419294,85,-94,-89,73,30097,11796,10335,19586,588654,588655,588657,588658,0,0,0,0
1787581378.4074457,75,-87,-112,76,32577,9092,7536,21975,588684,588685,588687,588688,0,0,0,0
1787581378.4074457,74,-114,-105,69,2212,6214,4674,24412,588714,588715,588717,588718,0,0,0,0
1787581378.4710953,73,-87,-92,83,4601,3448,1991,26807,588744,588745,588747,588748,0,0,0,0
1787581378.5354397,75,-96,-114,79,6960,781,32013,29134,588774,588775,588777,588778,0,0,0,0
1787581378.6287029,81,-96,-96,102,11748,28002,26461,1355,588834,588835,588837,588838,0,0,0,0
1787581378.6733358,81,-115,-94,102,14190,25083,23648,3874,588864,588865,588867,588868,0,0,0,0
1787581378.7480896,99,-100,-92,109,16610,22198,20866,6423,588894,588895,588897,588898,0,0,0,0
1787581378.951988,7,-43,-6,26,22147,16745,16627,10599,588984,588985,588987,588988,0,0,0,0
1787581378.951988,-19,-1,4,-11,21406,16315,16525,10691,589014,589015,589017,589018,0,0,0,0
1787581378.9647317,-19,23,17,-19,20940,16498,16993,10290,589044,589045,589047,589048,0,0,0,0
1787581379.070199,-7,1,8,-8,20268,17164,17637,9608,589104,589105,589107,589108,0,0,0,0
1787581379.1630375,0,-2,2,4,20123,17373,17811,9454,589164,589165,589167,589168,0,0,0,0
1787581379.2923622,-1,-1,5,-2,20095,17395,17835,9431,589194,589195,589197,589198,0,0,0,0
1787581379.3735542,3,-2,3,-4,20092,17401,17839,9427,589254,589255,589257,589258,0,0,0,0
1787581379.5747068,0,1,1,2,20066,17435,17876,9399,589284,589285,589287,589288,0,0,0,0
1787581379.5747068,-3,2,-3,-6,20044,17456,17902,9379,589314,589315,589317,589318,0,0,0,0
1787581379.5747068,-4,-1,-1,0,20033,17469,17916,9369,589344,589345,589347,589348,0,0,0,0
1787581379.7066293,-4,-1,-1,2,20029,17477,17920,9366,589464,589465,589467,589468,0,0,0,0
1787581379.8270988,2,-3,1,0,20043,17463,17904,9375,589524,589525,589527,589528,0,0,0,0
1787581379.895244,-2,1,2,5,20041,17454,17898,9380,589554,589555,589557,589558,0,0,0,0
1787581379.9141686,4,-1,-1,-5,20042,17455,17898,9377,589584,589585,589587,589588,0,0,0,0
1787581379.9402223,-1,-3,-7,2,20041,17446,17887,9384,589614,589615,589617,589618,0,0,0,0
1787581380.0724683,-1,-2,-1,-1,20095,17397,17831,9433,589674,589675,589677,589678,0,0,0,0
1787581380.1776254,1,-1,5,0,20095,17401,17836,9431,589704,589705,589707,589708,0,0,0,0
1787581380.195649,-3,-3,-1,1,20094,17400,17835,9431,589734,589735,589737,589738,0,0,0,0
1787581380.209178,-2,2,-1,-2,20081,17415,17852,9414,589764,589765,589767,589768,0,0,0,0
1787581380.3933666,-1,0,-2,-2,20050,17437,17884,9384,589794,589795,589797,589798,0,0,0,0
1787581380.3973386,3,1,2,-1,20028,17470,17917,9365,589824,589825,589827,589828,0,0,0,0
1787581380.4003842,-2,1,0,-4,19944,17535,17997,9287,589884,589885,589887,589888,0,0,0,0
1787581380.5325208,-3,-2,6,-2,19892,17596,18060,9243,589944,589945,589947,589948,0,0,0,0
1787581380.7136242,4,-14,3,2,19950,17532,17984,9295,590094,590095,590097,590098,0,0,0,0
1787581380.8107674,1,-1,2,2,19943,17536,17990,9290,590154,590155,590157,590158,0,0,0,0
1787581380.9153101,-2,2,1,2,19936,17545,17998,9282,590184,590185,590187,590188,0,0,0,0
1787581380.9346497,-1,4,-1,0,19932,17549,18004,9278,590214,590215,590217,590218,0,0,0,0
1787581381.0071306,-2,2,-6,1,19932,17549,18003,9280,590244,590245,590247,590248,0,0,0,0
1787581381.0121624,-1,-1,1,2,19936,17544,17997,9283,590274,590275,590277,590278,0,0,0,0
1787581381.067302,0,1,8,-6,19940,17540,17993,9287,590304,590305,590307,590308,0,0,0,0
1787581381.2135193,2,3,-1,-3,19937,17544,17999,9283,590394,590395,590397,590398,0,0,0,0
1787581381.3241916,0,1,-4,6,19936,17545,18000,9283,590424,590425,590427,590428,0,0,0,0
1787581381.3241916,4,0,0,4,19946,17541,17984,9291,590454,590455,590457,590458,0,0,0,0
1787581381.4159002,10,-8,-3,8,20072,17422,17830,9419,590484,590485,590487,590488,0,0,0,0
1787581381.4159002,7,-9,-5,8,20333,17184,17568,9704,590514,590515,590517,590518,0,0,0,0
1787581381.528197,-2,-3,9,7,20482,17032,17479,9860,590544,590545,590547,590548,0,0,0,0
1787581381.5439427,-6,9,16,4,20439,17200,17785,9933,590574,590575,590577,590578,0,0,0,0
1787581381.6230292,-9,11,18,-5,20256,17501,18271,9849,590604,590605,590607,590608,0,0,0,0
1787581381.6347632,-14,15,21,-11,19965,17920,18748,9598,590634,590635,590637,590638,0,0,0,0
1787581381.7330418,-22,14,27,-17,18931,18940,19997,8827,590694,590695,590697,590698,0,0,0,0
1787581381.817559,-21,21,20,-11,18387,19473,20583,8399,590724,590725,590727,590728,0,0,0,0
1787581381.8295379,-15,14,22,-9,17881,19970,21094,8040,590754,590755,590757,590758,0,0,0,0
1787581381.9415836,-7,13,36,-24,17082,20715,22281,7198,590814,590815,590817,590818,0,0,0,0
1787581382.021745,3,-10,43,-39,17026,20996,23263,6480,590844,590845,590847,590848,0,0,0,0
1787581382.021745,6,15,34,-30,17215,21311,24080,5717,590874,590875,590877,590878,0,0,0,0
1787581382.1453402,4,9,24,-28,17378,21681,24778,4808,590904,590905,590907,590908,0,0,0,0
1787581382.1453402,5,13,25,-28,17604,21984,25403,3946,590934,590935,590937,590938,0,0,0,0
1787581382.3535943,0,-3,15,-28,17569,22048,28025,1736,591054,591055,591057,591058,0,0,0,0
1787581382.4530656,-30,28,17,-16,17372,22273,29184,651,591114,591115,591117,591118,0,0,0,0
1787581382.5451086,4,0,3,-27,16697,23163,29829,32259,591174,591175,591177,591178,0,0,0,0
1787581409.6791291,5,2,4,1,21217,17826,26899,26022,607374,607375,607377,607378,0,0,0,0
1787581409.6791291,0,-1,-1,-7,21222,17820,26893,26028,607464,607465,607467,607468,0,0,0,0
1787581409.880489,-3,-3,6,0,21218,17825,26898,26023,607524,607525,607527,607528,0,0,0,0
1787581409.8935776,-6,-4,-1,-5,21220,17823,26895,26025,607584,607585,607587,607588,0,0,0,0
1787581410.0014346,15,1,-5,1,21220,17822,26895,26024,607644,607645,607647,607648,0,0,0,0
1787581410.0841508,-3,-1,-1,-1,21217,17826,26897,26022,607674,607675,607677,607678,0,0,0,0
1787581410.0841508,2,-1,1,-2,21214,17828,26900,26019,607704,607705,607707,607708,0,0,0,0
1787581410.1479385,2,2,-3,0,21214,17828,26900,26018,607734,607735,607737,607738,0,0,0,0
1787581410.2861233,-5,-3,3,5,21216,17828,26899,26022,607764,607765,607767,607768,0,0,0,0
1787581410.2923415,-7,1,4,1,21219,17823,26896,26023,607824,607825,607827,607828,0,0,0,0
1787581410.3969781,2,-3,0,1,21209,17835,26905,26012,607884,607885,607887,607888,0,0,0,0
1787581410.500601,-1,-2,0,-1,21205,17840,26909,26006,607914,607915,607917,607918,0,0,0,0
1787581410.500601,0,3,1,2,21205,17840,26910,26007,607944,607945,607947,607948,0,0,0,0
1787581410.6131408,-4,-3,0,1,21210,17834,26905,26013,608004,608005,608007,608008,0,0,0,0
1787581410.7018373,1,-1,0,-2,21210,17835,26906,26013,608034,608035,608037,608038,0,0,0,0
1787581410.7018373,-2,-5,-4,5,21206,17838,26907,26008,608064,608065,608067,608068,0,0,0,0
1787581410.833905,2,6,3,0,21205,17842,26910,26007,608124,608125,608127,608128,0,0,0,0
1787581410.9048047,-3,3,0,-8,21205,17839,26909,26008,608154,608155,608157,608158,0,0,0,0
1787581411.1071222,-4,-3,2,1,21207,17839,26909,26009,608214,608215,608217,608218,0,0,0,0
1787581411.1071222,1,1,6,3,21206,17838,26908,26009,608274,608275,608277,608278,0,0,0,0
1787581411.2226415,-3,-2,0,-3,21206,17839,26909,26009,608304,608305,608307,608308,0,0,0,0
1787581411.2313418,0,1,0,0,21206,17840,26910,26009,608334,608335,608337,608338,0,0,0,0
1787581411.2313418,3,-3,-6,-3,21206,17840,26909,26009,608364,608365,608367,608368,0,0,0,0
1787581411.2830746,2,-4,0,-3,21206,17839,26909,26008,608394,608395,608397,608398,0,0,0,0
1787581411.3950965,-4,1,-4,1,21204,17841,26912,26005,608454,608455,608457,608458,0,0,0,0
1787581411.3950965,4,1,2,0,21205,17838,26910,26009,608514,608515,608517,608518,0,0,0,0
1787581411.508644,-2,4,-1,5,21207,17837,26908,26011,608544,608545,608547,608548,0,0,0,0
1787581411.6321251,-3,8,3,1,21205,17839,26910,26007,608604,608605,608607,608608,0,0,0,0
1787581411.680602,-2,-6,-4,4,21204,17841,26912,26005,608664,608665,608667,608668,0,0,0,0
1787581411.7247112,-2,-6,-4,4,21204,17841,26912,26005,608664,608665,608667,608668,0,0,0,0
1787581411.8087292,-1,-1,-3,0,21205,17839,26910,26007,608724,608725,608727,608728,0,0,0,0
1787581411.8971229,-2,-5,-4,-12,21205,17838,26908,26008,608784,608785,608787,608788,0,0,0,0
1787581412.0091023,-2,1,0,-15,21206,17837,26908,26008,608844,608845,608847,608848,0,0,0,0
1787581412.1241705,2,2,2,-4,21207,17840,26909,26009,608904,608905,608907,608908,0,0,0,0
1787581412.1241705,-5,-4,-3,-2,21205,17836,26907,26008,608934,608935,608937,608938,0,0,0,0
1787581412.1878347,-1,2,-5,1,21205,17840,26909,26007,608964,608965,608967,608968,0,0,0,0
1787581412.2944984,-1,-4,2,-8,21204,17839,26909,26007,608994,608995,608997,608998,0,0,0,0
1787581412.2944984,-1,2,2,-2,21204,17836,26908,26008,609024,609025,609027,609028,0,0,0,0
1787581412.4106517,0,-2,0,0,21206,17838,26908,26008,609054,609055,609057,609058,0,0,0,0
1787581412.4164717,3,-5,-2,3,21206,17838,26908,26007,609084,609085,609087,609088,0,0,0,0
1787581412.5425718,2,4,-3,4,21207,17837,26907,26010,609174,609175,609177,609178,0,0,0,0
1787581412.6681087,-6,4,1,-4,21202,17842,26912,26004,609234,609235,609237,609238,0,0,0,0
1787581412.7439415,2,-1,2,-2,21202,17841,26912,26004,609264,609265,609267,609268,0,0,0,0
1787581412.7439415,-3,1,4,0,21205,17839,26909,26008,609294,609295,609297,609298,0,0,0,0
1787581412.8619816,2,1,-4,-1,21204,17838,26909,26006,609354,609355,609357,609358,0,0,0,0
1787581412.9511588,-12,2,5,1,21203,17841,26911,26005,609384,609385,609387,609388,0,0,0,0
1787581413.0708754,-4,2,-1,-2,21202,17841,26911,26005,609444,609445,609447,609448,0,0,0,0
1787581413.0708754,1,-3,-1,-3,21204,17841,26910,26006,609474,609475,609477,609478,0,0,0,0
1787581413.0945787,2,-2,4,0,21204,17842,26911,26006,609504,609505,609507,609508,0,0,0,0
1787581413.1695886,4,0,-1,-4,21203,17841,26910,26006,609534,609535,609537,609538,0,0,0,0
1787581413.275639,-3,-2,1,9,21203,17842,26911,26006,609564,609565,609567,609568,0,0,0,0
1787581413.2913158,2,2,-3,2,21202,17842,26911,26004,609594,609595,609597,609598,0,0,0,0
1787581413.2913158,-1,-2,1,-4,21202,17843,26912,26004,609624,609625,609627,609628,0,0,0,0
1787581413.3726847,0,-1,3,0,21203,17841,26911,26005,609654,609655,609657,609658,0,0,0,0
1787581413.4798434,0,4,-2,-2,21204,17841,26910,26007,609714,609715,609717,609718,0,0,0,0
1787581413.5711663,-4,-2,-5,-3,21206,17839,26908,26009,609744,609745,609747,609748,0,0,0,0
1787581413.5711663,-1,3,2,3,21208,17838,26907,26011,609774,609775,609777,609778,0,0,0,0
1787581413.679723,1,2,-1,-1,21204,17841,26911,26006,609864,609865,609867,609868,0,0,0,0
1787581413.7763155,2,-4,-2,-1,21203,17840,26910,26006,609894,609895,609897,609898,0,0,0,0
1787581413.888884,-3,-4,0,-3,21207,17841,26910,26009,609924,609925,609927,609928,0,0,0,0
1787581413.92101,1,-2,-2,1,21207,17839,26908,26008,610014,610015,610017,610018,0,0,0,0
1787581413.9846797,1,1,-3,-2,21203,17842,26912,26005,610044,610045,610047,610048,0,0,0,0
1787581414.0627372,-3,1,-1,-3,21202,17844,26914,26003,610104,610105,610107,610108,0,0,0,0
1787581414.1872666,3,0,0,5,21202,17843,26913,26004,610164,610165,610167,610168,0,0,0,0
1787581414.312626,-5,-2,-4,-2,21203,17843,26912,26004,610194,610195,610197,610198,0,0,0,0
1787581414.312626,-2,-3,-4,-1,21202,17843,26912,26004,610224,610225,610227,610228,0,0,0,0
1787581414.3285537,-2,0,5,2,21202,17842,26912,26004,610254,610255,610257,610258,0,0,0,0
1787581414.3738585,-5,0,0,-5,21204,17842,26911,26005,610284,610285,610287,610288,0,0,0,0
1787581414.4439783,-4,-1,0,-3,21204,17842,26911,26006,610314,610315,610317,610318,0,0,0,0
1787581414.5670555,-1,1,4,0,21202,17843,26912,26003,610344,610345,610347,610348,0,0,0,0
1787581414.571024,-3,0,1,0,21203,17842,26911,26004,610404,610405,610407,610408,0,0,0,0
1787581414.7990654,3,0,0,5,21204,17841,26910,26005,610434,610435,610437,610438,0,0,0,0
1787581414.7990654,0,3,-1,1,21201,17845,26915,26001,610494,610495,610497,610498,0,0,0,0
1787581414.9173481,-5,2,-6,-2,21202,17841,26911,26004,610584,610585,610587,610588,0,0,0,0
1787581414.933627,-1,1,0,-3,21201,17842,26913,26002,610614,610615,610617,610618,0,0,0,0
1787581415.0144773,3,2,1,0,21201,17846,26915,26001,610644,610645,610647,610648,0,0,0,0
1787581415.1178362,-1,-7,0,-2,21201,17845,26914,26002,610674,610675,610677,610678,0,0,0,0
1787581415.1178362,0,0,-2,1,21202,17844,26912,26003,610734,610735,610737,610738,0,0,0,0
1787581415.2150712,-4,-3,-8,-1,21202,17843,26913,26004,610764,610765,610767,610768,0,0,0,0
1787581415.2443109,-1,0,8,1,21202,17842,26912,26004,610794,610795,610797,610798,0,0,0,0
1787581415.3345804,1,-1,1,-4,21203,17841,26909,26005,610854,610855,610857,610858,0,0,0,0
1787581415.4382594,-4,-1,28,-2,21206,17842,26911,26007,610884,610885,610887,610888,0,0,0,0
1787581415.4521549,-3,0,4,-1,21205,17838,26909,26007,610914,610915,610917,610918,0,0,0,0
1787581415.6184266,-4,2,-2,-4,21204,17838,26908,26007,610974,610975,610977,610978,0,0,0,0
1787581415.6184266,1,-2,-3,-2,21206,17843,26911,26007,611004,611005,611007,611008,0,0,0,0
1787581415.6339715,-3,6,-1,1,21201,17843,26912,26003,611034,611035,611037,611038,0,0,0,0
1787581415.7220645,2,1,-1,-1,21203,17842,26912,26005,611064,611065,611067,611068,0,0,0,0
1787581415.819219,0,5,-3,4,21206,17839,26909,26010,611094,611095,611097,611098,0,0,0,0
1787581415.819219,-2,-1,7,2,21207,17840,26908,26008,611124,611125,611127,611128,0,0,0,0
1787581415.9319866,-3,3,-6,0,21201,17843,26913,26001,611184,611185,611187,611188,0,0,0,0
1787581415.9319866,-2,2,1,-1,21192,17849,26920,25994,611214,611215,611217,611218,0,0,0,0
1787581416.027784,0,1,-3,-1,21154,17905,26966,25941,611244,611245,611247,611248,0,0,0,0
1787581416.1466296,-3,0,3,0,21094,17954,27012,25882,611274,611275,611277,611278,0,0,0,0
1787581416.1466296,4,-1,-1,-13,21129,17896,26959,25937,611334,611335,611337,611338,0,0,0,0
1787581416.2215538,4,-3,-3,3,21182,17867,26929,25982,611364,611365,611367,611368,0,0,0,0
1787581416.3215945,1,3,0,-5,21161,17883,26949,25953,611394,611395,611397,611398,0,0,0,0
1787581416.3215945,-9,3,4,-6,21117,17934,26992,25903,611424,611425,611427,611428,0,0,0,0
1787581416.4374342,3,-5,-2,0,21097,17953,27007,25888,611454,611455,611457,611458,0,0,0,0
1787581416.4374342,-1,3,1,-2,21106,17943,26998,25897,611484,611485,611487,611488,0,0,0,0
1787581416.451008,-3,-5,6,-1,21111,17938,26994,25903,611514,611515,611517,611518,0,0,0,0
1787581416.6391943,1,0,0,0,21110,17936,26993,25902,611544,611545,611547,611548,0,0,0,0
1787581416.6471632,-2,0,1,3,21082,17973,27026,25867,611634,611635,611637,611638,0,0,0,0
1787581416.758242,-2,-4,1,4,21081,17975,27026,25866,611694,611695,611697,611698,0,0,0,0
1787581416.8466327,-4,2,0,2,21080,17974,27026,25866,611724,611725,611727,611728,0,0,0,0
1787581416.8535428,-1,0,0,-3,21080,17974,27026,25865,611754,611755,611757,611758,0,0,0,0
1787581416.9631793,2,2,1,0,21078,17976,27027,25863,611814,611815,611817,611818,0,0,0,0
1787581417.0527751,-1,0,3,-4,21076,17980,27031,25861,611874,611875,611877,611878,0,0,0,0
1787581417.1563845,-14,-2,-2,-2,21072,17984,27034,25855,611904,611905,611907,611908,0,0,0,0
1787581417.1563845,1,4,0,4,21070,17987,27038,25853,611934,611935,611937,611938,0,0,0,0
1787581417.2571294,-1,2,5,-6,21070,17987,27038,25853,611964,611965,611967,611968,0,0,0,0
1787581417.2571294,0,3,-3,0,21070,17987,27038,25852,611994,611995,611997,611998,0,0,0,0
1787581417.3494215,2,1,2,0,21063,17995,27046,25845,612054,612055,612057,612058,0,0,0,0
1787581417.46308,0,1,-2,-2,21061,18000,27050,25842,612084,612085,612087,612088,0,0,0,0
1787581417.4791677,-1,1,-3,2,21058,18001,27052,25839,612114,612115,612117,612118,0,0,0,0
1787581417.614673,1,1,-2,-2,21049,18006,27058,25831,612174,612175,612177,612178,0,0,0,0
1787581417.614673,-1,4,-2,-7,21046,18018,27067,25824,612234,612235,612237,612238,0,0,0,0
1787581417.6732268,1,-1,-4,-3,21047,18017,27065,25826,612264,612265,612267,612268,0,0,0,0
1787581417.7852228,4,2,2,7,21042,18004,27060,25825,612294,612295,612297,612298,0,0,0,0
1787581417.7852228,5,0,-3,-3,21044,18013,27064,25822,612324,612325,612327,612328,0,0,0,0
1787581417.8693092,1,0,-1,-1,21037,18021,27072,25814,612384,612385,612387,612388,0,0,0,0
1787581417.9891276,3,1,4,1,21037,18021,27073,25815,612414,612415,612417,612418,0,0,0,0
1787581417.9891276,-1,7,-2,3,21035,18021,27072,25815,612444,612445,612447,612448,0,0,0,0
1787581418.0830846,-3,2,2,3,21035,18024,27074,25813,612474,612475,612477,612478,0,0,0,0
1787581418.0830846,6,0,-4,-2,21033,18023,27075,25811,612504,612505,612507,612508,0,0,0,0
1787581418.186955,2,-2,1,1,21032,18024,27076,25810,612564,612565,612567,612568,0,0,0,0
1787581418.2592227,3,-1,2,-4,21032,18027,27078,25810,612594,612595,612597,612598,0,0,0,0
1787581418.3337421,-7,3,1,2,21032,18027,27077,25810,612624,612625,612627,612628,0,0,0,0
1787581418.353992,1,0,-2,0,21033,18027,27077,25810,612654,612655,612657,612658,0,0,0,0
1787581418.3879452,2,-2,4,-4,21033,18026,27077,25811,612684,612685,612687,612688,0,0,0,0
1787581418.4863977,0,-1,-1,-1,21033,18025,27076,25811,612714,612715,612717,612718,0,0,0,0
1787581418.4863977,-1,2,-3,-1,21030,18044,27093,25796,612744,612745,612747,612748,0,0,0,0
1787581418.6170967,-2,-3,-4,0,21017,18056,27110,25778,612774,612775,612777,612778,0,0,0,0
1787581418.6170967,-4,1,0,0,21051,18032,27079,25821,612804,612805,612807,612808,0,0,0,0
1787581418.6306634,3,-2,5,-2,21076,17990,27044,25853,612834,612835,612837,612838,0,0,0,0
1787581418.679058,-9,0,1,-2,21097,17974,27025,25878,612864,612865,612867,612868,0,0,0,0
1787581418.802788,2,-3,-4,6,21161,17891,26953,25962,612894,612895,612897,612898,0,0,0,0
1787581418.8958006,1,-2,-4,3,21329,17721,26816,26141,612954,612955,612957,612958,0,0,0,0
1787581418.8958006,-1,-1,-7,-3,21384,17670,26775,26192,612984,612985,612987,612988,0,0,0,0
1787581419.026998,-3,0,0,0,21321,17742,26840,26108,613044,613045,613047,613048,0,0,0,0
1787581419.0977883,-10,1,5,-2,21231,17839,26916,26007,613074,613075,613077,613078,0,0,0,0
1787581419.1044865,-1,-1,0,0,21140,17922,26988,25912,613104,613105,613107,613108,0,0,0,0
1787581419.2161899,-6,0,0,-7,21093,17971,27030,25866,613134,613135,613137,613138,0,0,0,0
1787581419.2161899,4,5,4,2,21090,18006,27065,25875,613164,613165,613167,613168,0,0,0,0
1787581419.255311,12,-8,-5,29,21268,17938,27046,26176,613194,613195,613197,613198,0,0,0,0
1787581419.280539,60,-33,-28,58,22217,17350,26610,27261,613224,613225,613227,613228,0,0,0,0
1787581419.3615706,96,-98,-112,153,24640,15514,24576,29708,613254,613255,613257,613258,0,0,0,0
1787581419.4093976,93,-94,-87,104,27761,12579,21709,99,613284,613285,613287,613288,0,0,0,0
1787581419.4889684,97,-108,-96,96,30571,9889,18875,3174,613314,613315,613317,613318,0,0,0,0
1787581419.4889684,104,-97,-110,142,924,6902,16007,6435,613344,613345,613347,613348,0,0,0,0
1787581419.5531769,122,-118,-106,142,4291,3885,12970,9799,613374,613375,613377,613378,0,0,0,0
1787581419.667311,124,-98,-118,128,7424,853,9920,13066,613404,613405,613407,613408,0,0,0,0
1787581419.6729548,97,-100,-102,102,10477,30754,6903,15959,613434,613435,613437,613438,0,0,0,0
1787581419.7151012,104,-81,-90,77,13240,28134,4315,18557,613464,613465,613467,613468,0,0,0,0
1787581419.7509067,107,-73,-76,83,15725,25798,1995,20946,613494,613495,613497,613498,0,0,0,0
1787581419.867193,95,-86,-78,103,20566,21426,30604,25879,613554,613555,613557,613558,0,0,0,0
1787581419.9158792,86,-95,-85,100,23109,19186,28347,28655,613584,613585,613587,613588,0,0,0,0
1787581419.9506352,79,-99,-93,85,25744,16738,26010,31460,613614,613615,613617,613618,0,0,0,0
1787581420.0129485,122,-98,-85,129,28643,14165,23423,1555,613644,613645,613647,613648,0,0,0,0
1787581420.1102078,107,-82,-95,97,31613,11560,20742,4513,613674,613675,613677,613678,0,0,0,0
1787581420.1102078,116,-91,-110,113,1885,8990,17971,7490,613704,613705,613707,613708,0,0,0,0
1787581420.172797,97,-105,-98,100,4893,6425,15411,10430,613734,613735,613737,613738,0,0,0,0
1787581420.2282953,77,-114,-101,104,7747,3866,12896,13310,613764,613765,613767,613768,0,0,0,0
1787581420.291131,85,-101,-95,96,10206,1258,10251,15654,613794,613795,613797,613798,0,0,0,0
1787581420.3259022,84,-79,-102,101,12615,31362,7596,17947,613824,613825,613827,613828,0,0,0,0
1787581420.3539298,82,-75,-106,97,14999,28836,4757,20249,613854,613855,613857,613858,0,0,0,0
1787581420.409738,81,-92,-93,105,17438,26244,2100,22609,613884,613885,613887,613888,0,0,0,0
1787581420.4521284,81,-104,-111,99,19911,23531,32107,25073,613914,613915,613917,613918,0,0,0,0
1787581420.516927,93,-100,-93,85,22432,20809,29261,27749,613944,613945,613947,613948,0,0,0,0
1787581420.568434,106,-110,-96,71,24978,17917,26391,30211,613974,613975,613977,613978,0,0,0,0
1787581420.6375854,87,-107,-117,87,30178,12278,20673,2301,614034,614035,614037,614038,0,0,0,0
1787581420.6720476,75,-104,-109,106,32658,9473,17849,4684,614064,614065,614067,614068,0,0,0,0
1787581420.733498,85,-93,-102,81,2299,6765,15130,7136,614094,614095,614097,614098,0,0,0,0
1787581420.7811308,71,-119,-115,95,4690,3856,12327,9667,614124,614125,614127,614128,0,0,0,0
1787581420.8132398,79,-89,-106,88,7061,1171,9631,12065,614154,614155,614157,614158,0,0,0,0
1787581420.861279,81,-81,-93,102,9409,31269,6931,14397,614184,614185,614187,614188,0,0,0,0
1787581420.9361136,82,-105,-118,96,11755,28479,4164,16844,614214,614215,614217,614218,0,0,0,0
1787581420.9934638,77,-99,-105,89,14160,25677,1321,19403,614244,614245,614247,614248,0,0,0,0
1787581421.1351821,100,-91,-78,74,16639,22942,31460,21958,614274,614275,614277,614278,0,0,0,0
1787581421.1512396,43,-46,20,-19,20541,19094,28971,24525,614334,614335,614337,614338,0,0,0,0
1787581421.262746,1,-5,11,-16,21283,18538,29372,23843,614364,614365,614367,614368,0,0,0,0
1787581421.262746,4,-6,-6,3,22107,18510,28966,24220,614424,614425,614427,614428,0,0,0,0
1787581421.342411,2,3,0,0,22176,18421,28908,24268,614454,614455,614457,614458,0,0,0,0
1787581421.3743992,1,-1,-2,-3,22206,18384,28881,24293,614484,614485,614487,614488,0,0,0,0
1787581421.4930542,-2,-3,-2,-7,22180,18421,28918,24260,614544,614545,614547,614548,0,0,0,0
1787581421.5754485,-3,0,-1,1,22171,18432,28925,24253,614574,614575,614577,614578,0,0,0,0
1787581421.6881256,0,-1,-7,0,22187,18416,28908,24270,614604,614605,614607,614608,0,0,0,0
1787581421.6881256,-3,-2,-4,1,22233,18373,28868,24306,614664,614665,614667,614668,0,0,0,0
1787581421.7693768,2,-2,0,0,22222,18383,28880,24294,614694,614695,614697,614698,0,0,0,0
1787581421.873512,-2,2,3,-3,22204,18404,28898,24277,614724,614725,614727,614728,0,0,0,0
1787581421.873512,-2,-3,1,-1,22198,18411,28903,24274,614754,614755,614757,614758,0,0,0,0
1787581421.8874352,-4,0,1,-1,22207,18402,28894,24283,614784,614785,614787,614788,0,0,0,0
1787581421.9571893,0,-4,0,-1,22221,18390,28880,24295,614814,614815,614817,614818,0,0,0,0
1787581422.0128405,-1,-4,-11,2,22226,18381,28874,24297,614844,614845,614847,614848,0,0,0,0
1787581422.1594355,-71,-81,-71,-62,17525,13353,23099,18507,614934,614935,614937,614938,0,0,0,0
1787581422.2858,-98,-69,-72,-75,13306,9142,18948,14614,614994,614995,614997,614998,0,0,0,0
1787581422.3016818,-81,-68,-76,-63,11264,6842,17023,12805,615024,615025,615027,615028,0,0,0,0
1787581422.3809521,-71,-68,-63,-68,9193,4615,15075,10926,615054,615055,615057,615058,0,0,0,0
1787581422.4918532,-71,-71,-78,-69,7076,2503,13005,9013,615084,615085,615087,615088,0,0,0,0
1787581422.5127044,-76,-65,-81,-70,2985,31317,8636,4507,615144,615145,615147,615148,0,0,0,0
1787581422.594633,-66,-73,-87,-77,896,29352,6441,2214,615174,615175,615177,615178,0,0,0,0
1787581422.68635,-72,-87,-85,-67,31507,27504,4322,32616,615204,615205,615207,615208,0,0,0,0
1787581422.7020288,-95,-77,-85,-77,27150,23169,43,28331,615264,615265,615267,615268,0,0,0,0
1787581422.7831657,-88,-67,-63,-53,24976,20882,30741,26605,615294,615295,615297,615298,0,0,0,0
1787581422.8272867,-31,-46,-36,-19,23573,19372,29549,25480,615324,615325,615327,615328,0,0,0,0
1787581422.9920108,-25,-30,-25,-19,22156,17611,27963,24216,615384,615385,615387,615388,0,0,0,0
1787581422.9920108,-20,-28,-25,-25,21525,16918,27205,23588,615414,615415,615417,615418,0,0,0,0
1787581423.1859398,-5,-4,-14,-14,21206,16420,26681,23141,615444,615445,615447,615448,0,0,0,0
1787581423.1859398,-1,1,-2,0,21193,16325,26415,22960,615504,615505,615507,615508,0,0,0,0
1787581423.2019382,-7,4,-4,0,21136,16398,26494,22893,615594,615595,615597,615598,0,0,0,0
1787581423.3197072,-1,1,5,0,21123,16416,26511,22880,615624,615625,615627,615628,0,0,0,0
1787581423.3197072,0,-1,3,-2,21125,16417,26510,22883,615654,615655,615657,615658,0,0,0,0
1787581423.3880787,0,-3,0,1,21117,16428,26520,22868,615684,615685,615687,615688,0,0,0,0
1787581423.4833734,-1,3,4,-2,21090,16453,26544,22833,615714,615715,615717,615718,0,0,0,0
1787581423.4833734,4,0,0,-5,21051,16486,26575,22782,615744,615745,615747,615748,0,0,0,0
1787581423.6038666,2,4,-3,2,21009,16540,26619,22729,615804,615805,615807,615808,0,0,0,0
1787581423.6038666,-3,0,-6,1,21009,16541,26619,22729,615834,615835,615837,615838,0,0,0,0
1787581423.720475,1,-2,-4,-2,20995,16555,26632,22707,615894,615895,615897,615898,0,0,0,0
1787581423.81105,6,-2,-2,0,20986,16568,26641,22696,615954,615955,615957,615958,0,0,0,0
1787581423.9020932,-6,-2,-2,1,20993,16562,26635,22706,615984,615985,615987,615988,0,0,0,0
1787581423.909004,-3,-3,-4,0,21000,16554,26628,22718,616014,616015,616017,616018,0,0,0,0
1787581423.9735627,12,-15,-13,21,21141,16364,26493,22957,616044,616045,616047,616048,0,0,0,0
1787581424.0227468,49,-67,-54,61,22007,15508,25701,23991,616074,616075,616077,616078,0,0,0,0
1787581424.0752163,97,-118,-94,118,24480,12928,23342,26578,616104,616105,616107,616108,0,0,0,0
1787581424.139523,103,-96,-125,146,27646,10039,20317,29591,616134,616135,616137,616138,0,0,0,0
1787581424.1858323,93,-107,-106,96,30383,7296,17410,32581,616164,616165,616167,616168,0,0,0,0
1787581424.2490902,122,-124,-124,108,740,4146,14321,3134,616194,616195,616197,616198,0,0,0,0
1787581424.328618,152,-98,-119,135,3971,988,11028,6361,616224,616225,616227,616228,0,0,0,0
1787581424.328618,107,-111,-96,90,7053,30777,8059,9319,616254,616255,616257,616258,0,0,0,0
1787581424.4228895,102,-79,-101,101,9915,28014,5329,12081,616284,616285,616287,616288,0,0,0,0
1787581424.4228895,91,-85,-88,94,12547,25537,2835,14594,616314,616315,616317,616318,0,0,0,0
1787581424.4937382,83,-83,-92,88,14947,23109,425,16906,616344,616345,616347,616348,0,0,0,0
1787581424.5406005,81,-84,-87,88,17318,20770,30869,19315,616374,616375,616377,616378,0,0,0,0
1787581424.6030576,90,-91,-86,77,19706,18396,28479,21832,616404,616405,616407,616408,0,0,0,0
1787581424.6725504,98,-86,-89,88,22320,15933,26053,24512,616434,616435,616437,616438,0,0,0,0
1787581424.714258,112,-92,-90,123,25173,13391,23556,27488,616464,616465,616467,616468,0,0,0,0
1787581424.7745354,80,-102,-93,97,27969,10718,20925,30393,616494,616495,616497,616498,0,0,0,0
1787581424.8337574,114,-92,-89,112,30764,8125,18424,487,616524,616525,616527,616528,0,0,0,0
1787581425.024677,97,-80,-92,97,6213,824,10862,8735,616614,616615,616617,616618,0,0,0,0
1787581425.0405164,66,-51,-36,37,8386,31536,9058,10465,616644,616645,616647,616648,0,0,0,0
1787581425.0405164,27,-19,23,-11,9764,30700,8955,10757,616674,616675,616677,616678,0,0,0,0
1787581425.1522925,26,-21,-21,24,10200,29818,8681,11265,616704,616705,616707,616708,0,0,0,0
1787581425.2484856,-9,9,9,-7,10460,29559,8698,11439,616794,616795,616797,616798,0,0,0,0
1787581425.353378,-12,12,6,-7,10237,29870,9057,11282,616824,616825,616827,616828,0,0,0,0
1787581425.3571415,-4,6,-2,-6,10032,30058,9268,11061,616854,616855,616857,616858,0,0,0,0
1787581425.4501922,-7,1,6,-8,9903,30230,9402,10918,616884,616885,616887,616888,0,0,0,0
1787581425.4501922,-5,-6,-3,-3,9817,30307,9479,10832,616914,616915,616917,616918,0,0,0,0
1787581425.5608802,-4,-1,1,-1,9774,30344,9519,10792,616944,616945,616947,616948,0,0,0,0
1787581425.5608802,-1,-2,-1,-2,9766,30354,9527,10787,616974,616975,616977,616978,0,0,0,0
1787581425.658866,1,0,-1,-1,9839,30284,9448,10872,617064,617065,617067,617068,0,0,0,0
1787581425.8595939,2,7,2,1,9892,30237,9397,10929,617124,617125,617127,617128,0,0,0,0
1787581425.8742707,-5,-1,0,2,9914,30215,9376,10954,617154,617155,617157,617158,0,0,0,0
1787581425.8742707,1,0,3,3,9937,30194,9353,10979,617184,617185,617187,617188,0,0,0,0
1787581425.985356,-2,1,-2,0,9953,30177,9338,10997,617214,617215,617217,617218,0,0,0,0
1787581425.985356,1,0,-2,3,9959,30173,9334,11002,617244,617245,617247,617248,0,0,0,0
1787581426.0539622,-5,3,-4,0,9960,30174,9335,11000,617274,617275,617277,617278,0,0,0,0
1787581426.1447735,2,3,-4,3,9955,30178,9340,10996,617304,617305,617307,617308,0,0,0,0
1787581426.1521971,-2,-4,-3,-1,9952,30179,9340,10992,617334,617335,617337,617338,0,0,0,0
1787581426.2560236,1,1,-2,0,9973,30153,9317,11022,617394,617395,617397,617398,0,0,0,0
1787581426.3829374,3,-2,-3,2,10002,30117,9283,11060,617424,617425,617427,617428,0,0,0,0
1787581426.3829374,-3,-4,3,1,10021,30097,9266,11078,617484,617485,617487,617488,0,0,0,0
1787581426.4629018,-2,-2,-1,0,10017,30097,9268,11072,617514,617515,617517,617518,0,0,0,0
1787581426.494429,-1,-1,1,-3,10012,30109,9276,11064,617544,617545,617547,617548,0,0,0,0
1787581426.6162572,-4,-4,4,-3,10000,30125,9292,11049,617574,617575,617577,617578,0,0,0,0
1787581426.630433,-2,2,-5,-2,9982,30136,9304,11032,617634,617635,617637,617638,0,0,0,0
1787581426.7899113,-3,4,-2,0,9993,30133,9299,11044,617664,617665,617667,617668,0,0,0,0
1787581426.7899113,-5,0,-3,-3,9943,30178,9344,10985,617694,617695,617697,617698,0,0,0,0
1787581426.7899113,-1,-5,0,-2,9934,30204,9362,10971,617724,617725,617727,617728,0,0,0,0
1787581426.8804626,-1,5,-5,-2,9941,30197,9352,10987,617754,617755,617757,617758,0,0,0,0
1787581426.8936546,6,-2,-2,1,9968,30163,9317,11021,617784,617785,617787,617788,0,0,0,0
1787581427.0058765,-1,-7,-3,1,10005,30122,9281,11062,617814,617815,617817,617818,0,0,0,0
1787581427.0058765,2,-1,0,3,10030,30095,9254,11093,617844,617845,617847,617848,0,0,0,0
1787581427.0885184,1,-2,7,-3,10026,30102,9262,11081,617904,617905,617907,617908,0,0,0,0
1787581427.1994188,5,0,0,-2,10002,30128,9287,11054,617964,617965,617967,617968,0,0,0,0
1787581427.2905264,2,-4,-4,2,10004,30128,9284,11057,617994,617995,617997,617998,0,0,0,0
1787581427.3461065,32,-1,-3,3,10011,30119,9276,11065,618024,618025,618027,618028,0,0,0,0
1787581427.3539553,-4,2,-2,-1,10015,30114,9272,11071,618054,618055,618057,618058,0,0,0,0
1787581427.4081485,-4,3,-3,-2,10013,30116,9275,11067,618114,618115,618117,618118,0,0,0,0
1787581427.5027463,-1,1,0,4,10012,30117,9275,11068,618174,618175,618177,618178,0,0,0,0
1787581427.7012558,-2,-2,-3,-2,10015,30113,9272,11070,618204,618205,618207,618208,0,0,0,0
1787581427.7012558,-3,5,-6,1,10017,30112,9270,11073,618234,618235,618237,618238,0,0,0,0
1787581427.7012558,3,0,0,2,10012,30118,9278,11064,618264,618265,618267,618268,0,0,0,0
1787581427.807484,-3,2,2,3,10013,30116,9275,11068,618354,618355,618357,618358,0,0,0,0
1787581427.9030793,-2,7,-3,3,10012,30119,9278,11067,618414,618415,618417,618418,0,0,0,0
1787581427.9669375,1,-6,-4,-1,10032,30088,9250,11098,618444,618445,618447,618448,0,0,0,0
1787581428.0324388,4,2,-1,0,10067,30046,9211,11138,618474,618475,618477,618478,0,0,0,0
1787581428.1034706,0,4,-7,-2,10093,30013,9184,11174,618504,618505,618507,618508,0,0,0,0
1787581428.1034706,-1,-7,-3,-1,10120,29979,9154,11205,618534,618535,618537,618538,0,0,0,0
1787581428.2146442,1,1,1,-1,10140,29955,9134,11228,618564,618565,618567,618568,0,0,0,0
1787581428.2146442,-3,0,1,-1,10158,29930,9115,11252,618594,618595,618597,618598,0,0,0,0
1787581428.324344,0,-3,2,4,10124,29965,9150,11210,618654,618655,618657,618658,0,0,0,0
1787581428.4087708,3,-7,0,4,10146,29937,9120,11240,618684,618685,618687,618688,0,0,0,0
1787581428.4187572,1,3,2,3,10171,29914,9096,11270,618714,618715,618717,618718,0,0,0,0
1787581428.5167887,-9,16,7,3,9986,30198,9429,11245,618774,618775,618777,618778,0,0,0,0
1787581428.6435444,-10,17,-2,1,9767,30615,9403,11264,618804,618805,618807,618808,0,0,0,0
1787581428.7302344,-4,4,-7,-4,9296,31290,9024,11151,618864,618865,618867,618868,0,0,0,0
1787581428.8375385,4,1,-1,-4,9318,31432,8994,10985,618894,618895,618897,618898,0,0,0,0
1787581428.8387413,5,2,1,-8,9499,31388,9091,10435,618954,618955,618957,618958,0,0,0,0
1787581428.9189148,0,0,2,-2,9496,31409,9064,10284,618984,618985,618987,618988,0,0,0,0
1787581428.9665906,1,-3,5,4,9476,31423,9076,10353,619014,619015,619017,619018,0,0,0,0
1787581429.1362689,0,-3,0,-9,9492,31393,9096,10460,619074,619075,619077,619078,0,0,0,0
1787581429.1404796,-1,4,1,-1,9475,31424,9107,10394,619104,619105,619107,619108,0,0,0,0
1787581429.1495082,-4,2,4,0,9442,31429,9136,10389,619134,619135,619137,619138,0,0,0,0
1787581429.2452748,2,-3,-4,-2,9435,31430,9168,10410,619164,619165,619167,619168,0,0,0,0
1787581429.2452748,2,-1,2,-4,9448,31439,9210,10402,619194,619195,619197,619198,0,0,0,0
1787581441.6212509,-2,2,4,-1,9570,31910,10493,11553,626574,626575,626577,626578,0,0,0,0
1787581441.6333404,-3,6,2,4,9562,31919,10499,11546,626634,626635,626637,626638,0,0,0,0
1787581441.8230348,0,-1,4,2,9560,31922,10502,11544,626664,626665,626667,626668,0,0,0,0
1787581441.8230348,-4,2,0,-3,9560,31923,10502,11545,626694,626695,626697,626698,0,0,0,0
1787581441.8230348,3,0,1,-4,9561,31921,10500,11546,626724,626725,626727,626728,0,0,0,0
1787581441.9392617,3,-3,-7,-3,9563,31918,10497,11548,626754,626755,626757,626758,0,0,0,0
1787581441.9392617,5,-2,0,1,9565,31917,10497,11548,626784,626785,626787,626788,0,0,0,0
1787581441.9392617,1,3,1,-2,9564,31919,10499,11547,626814,626815,626817,626818,0,0,0,0
1787581442.1483636,1,-3,-10,3,9562,31921,10498,11547,626934,626935,626937,626938,0,0,0,0
1787581442.2459538,0,0,-2,1,9562,31920,10499,11546,626964,626965,626967,626968,0,0,0,0
1787581442.253471,-2,2,-2,-3,9563,31919,10499,11547,626994,626995,626997,626998,0,0,0,0
1787581442.430559,1,0,3,2,9566,31917,10497,11548,627054,627055,627057,627058,0,0,0,0
1787581442.430559,-3,1,-4,-4,9563,31920,10499,11547,627084,627085,627087,627088,0,0,0,0
1787581442.648497,1,0,7,-1,9560,31922,10501,11545,627114,627115,627117,627118,0,0,0,0
1787581442.7728484,0,2,-3,-2,9562,31921,10499,11545,627294,627295,627297,627298,0,0,0,0
1787581442.864215,3,-7,0,-3,9562,31921,10500,11545,627354,627355,627357,627358,0,0,0,0
1787581442.9828074,3,-2,1,-6,9561,31922,10501,11545,627414,627415,627417,627418,0,0,0,0
1787581443.0522823,4,-2,-7,0,9562,31920,10499,11545,627444,627445,627447,627448,0,0,0,0
1787581443.0720565,1,2,-2,-3,9564,31919,10498,11547,627474,627475,627477,627478,0,0,0,0
1787581443.1002586,2,-2,-1,0,9566,31917,10495,11549,627504,627505,627507,627508,0,0,0,0
1787581443.2609446,-2,-2,-3,1,9568,31915,10495,11551,627534,627535,627537,627538,0,0,0,0
1787581443.2609446,-4,1,3,-2,9566,31917,10497,11549,627564,627565,627567,627568,0,0,0,0
1787581443.2609446,-4,2,1,-1,9564,31921,10500,11546,627594,627595,627597,627598,0,0,0,0
1787581443.3727,0,3,-3,2,9561,31921,10501,11544,627654,627655,627657,627658,0,0,0,0
1787581443.4265249,-3,-4,0,0,9564,31920,10499,11546,627684,627685,627687,627688,0,0,0,0
1787581443.474004,-3,-8,0,0,9565,31918,10498,11548,627714,627715,627717,627718,0,0,0,0
1787581443.5135882,-3,-3,2,-4,9564,31917,10498,11547,627744,627745,627747,627748,0,0,0,0
1787581443.6485472,-7,-9,-3,-5,9561,31921,10501,11543,627834,627835,627837,627838,0,0,0,0
1787581443.766367,-3,-5,6,-7,9563,31920,10499,11545,627864,627865,627867,627868,0,0,0,0
1787581443.773332,-3,0,1,-4,9563,31919,10499,11546,627894,627895,627897,627898,0,0,0,0
1787581443.8736775,1,6,2,6,9568,31922,10494,11552,627954,627955,627957,627958,0,0,0,0
1787581443.9955118,-2,1,-2,-5,9544,31942,10512,11529,627984,627985,627987,627988,0,0,0,0
1787581444.001825,1,6,0,2,9537,31958,10520,11524,628014,628015,628017,628018,0,0,0,0
1787581444.0110624,-1,0,-7,1,9541,31956,10516,11526,628044,628045,628047,628048,0,0,0,0
1787581444.0751927,1,-3,3,-5,9549,31941,10506,11535,628074,628075,628077,628078,0,0,0,0
1787581444.2877164,-2,-1,1,0,9562,31931,10500,11542,628134,628135,628137,628138,0,0,0,0
1787581444.2877164,3,0,-1,-4,9557,31935,10504,11538,628164,628165,628167,628168,0,0,0,0
1787581444.2950757,-2,3,0,0,9548,31944,10511,11532,628224,628225,628227,628228,0,0,0,0
1787581444.4334671,3,1,0,4,9553,31939,10507,11536,628284,628285,628287,628288,0,0,0,0
1787581444.4549887,-1,-2,1,0,9554,31937,10505,11538,628314,628315,628317,628318,0,0,0,0
1787581444.4959319,2,-3,-1,0,9554,31937,10505,11537,628344,628345,628347,628348,0,0,0,0
1787581444.6971807,2,2,-8,4,9555,31939,10506,11537,628464,628465,628467,628468,0,0,0,0
1787581444.8152535,5,0,0,2,9556,31937,10504,11538,628494,628495,628497,628498,0,0,0,0
1787581444.8222144,-5,0,-2,-6,9553,31937,10506,11536,628524,628525,628527,628528,0,0,0,0
1787581444.8222144,1,-4,0,-2,9552,31939,10507,11535,628554,628555,628557,628558,0,0,0,0
1787581444.91243,2,-2,-2,-6,9550,31941,10508,11534,628584,628585,628587,628588,0,0,0,0
1787581445.0378428,1,-2,3,-3,9552,31940,10507,11536,628614,628615,628617,628618,0,0,0,0
1787581445.0378428,2,-4,2,0,9558,31934,10502,11539,628674,628675,628677,628678,0,0,0,0
1787581445.1053317,0,1,-5,0,9556,31938,10505,11538,628704,628705,628707,628708,0,0,0,0
1787581445.2259035,-5,2,-4,-1,9551,31942,10508,11534,628734,628735,628737,628738,0,0,0,0
1787581445.2259035,1,0,-3,1,9550,31943,10508,11534,628794,628795,628797,628798,0,0,0,0
1787581445.4273205,-3,2,-1,-1,9553,31939,10506,11536,628854,628855,628857,628858,0,0,0,0
1787581445.4273205,1,-2,0,5,9551,31940,10507,11535,628914,628915,628917,628918,0,0,0,0
1787581445.5165997,1,-2,0,0,9554,31940,10507,11537,628944,628945,628947,628948,0,0,0,0
1787581445.6238065,0,-3,-2,4,9553,31941,10507,11536,628974,628975,628977,628978,0,0,0,0
1787581445.6397667,0,1,5,5,9549,31940,10509,11535,629004,629005,629007,629008,0,0,0,0
1787581445.6397667,-3,-3,-2,2,9551,31944,10508,11534,629034,629035,629037,629038,0,0,0,0
1787581445.7234473,0,-1,0,3,9551,31941,10507,11536,629064,629065,629067,629068,0,0,0,0
1787581445.7675018,2,1,-3,-1,9552,31941,10507,11535,629094,629095,629097,629098,0,0,0,0
1787581445.921357,0,3,-3,-4,9552,31941,10508,11535,629124,629125,629127,629128,0,0,0,0
1787581445.9286113,5,-1,-3,2,9550,31943,10509,11533,629154,629155,629157,629158,0,0,0,0
1787581445.9303222,1,2,-3,7,9549,31943,10510,11533,629184,629185,629187,629188,0,0,0,0
1787581446.0412526,0,-3,4,3,9549,31942,10508,11534,629244,629245,629247,629248,0,0,0,0
1787581446.0412526,-1,-1,3,3,9553,31939,10507,11536,629274,629275,629277,629278,0,0,0,0
1787581446.1351836,2,4,-2,2,9555,31938,10505,11538,629304,629305,629307,629308,0,0,0,0
1787581446.1513574,3,-1,-2,-3,9553,31939,10507,11536,629334,629335,629337,629338,0,0,0,0
1787581446.2664733,0,0,-3,5,9550,31942,10509,11534,629364,629365,629367,629368,0,0,0,0
1787581446.2664733,-3,4,2,-2,9552,31941,10509,11535,629394,629395,629397,629398,0,0,0,0
1787581446.3324249,-7,-4,-1,1,9555,31937,10505,11538,629454,629455,629457,629458,0,0,0,0
1787581446.440475,-3,1,-1,-1,9554,31940,10507,11536,629514,629515,629517,629518,0,0,0,0
1787581446.535772,0,0,-4,1,9552,31941,10507,11536,629544,629545,629547,629548,0,0,0,0
1787581446.535772,-1,3,-1,-1,9552,31940,10506,11535,629574,629575,629577,629578,0,0,0,0
1787581446.5678525,-4,-5,-3,-2,9553,31938,10506,11536,629604,629605,629607,629608,0,0,0,0
1787581446.7464082,-2,3,-4,3,9555,31940,10506,11537,629634,629635,629637,629638,0,0,0,0
1787581446.7464082,1,1,1,-1,9554,31938,10507,11537,629694,629695,629697,629698,0,0,0,0
1787581446.9479618,2,-2,0,-1,9554,31940,10506,11536,629724,629725,629727,629728,0,0,0,0
1787581447.0647633,3,-4,1,-5,9556,31937,10505,11538,629814,629815,629817,629818,0,0,0,0
1787581447.0647633,2,-1,0,2,9548,31942,10508,11533,629904,629905,629907,629908,0,0,0,0
1787581447.1559882,-3,-1,-1,-2,9551,31942,10507,11535,629934,629935,629937,629938,0,0,0,0
1787581447.1693735,0,0,0,2,9552,31943,10509,11535,629964,629965,629967,629968,0,0,0,0
1787581447.2735276,-3,-1,-1,1,9549,31943,10509,11532,630024,630025,630027,630028,0,0,0,0
1787581447.3576772,-2,0,-1,-3,9550,31942,10508,11534,630054,630055,630057,630058,0,0,0,0
1787581447.3704123,-1,-2,-3,-3,9553,31942,10508,11536,630084,630085,630087,630088,0,0,0,0
1787581447.4473372,3,2,2,4,9552,31940,10507,11535,630114,630115,630117,630118,0,0,0,0
1787581447.4910543,1,-2,0,-2,9551,31941,10508,11535,630144,630145,630147,630148,0,0,0,0
1787581447.5646074,1,0,4,7,9549,31942,10509,11534,630174,630175,630177,630178,0,0,0,0
1787581447.5646074,-7,2,5,6,9547,31948,10512,11530,630204,630205,630207,630208,0,0,0,0
1787581447.677685,-3,1,3,1,9544,31950,10513,11528,630264,630265,630267,630268,0,0,0,0
1787581447.772825,-2,-2,-1,0,9522,31986,10541,11502,630324,630325,630327,630328,0,0,0,0
1787581447.9756718,-3,1,-3,0,9484,32015,10558,11483,630414,630415,630417,630418,0,0,0,0
1787581447.9924924,2,-5,-1,-3,9549,31934,10501,11538,630444,630445,630447,630448,0,0,0,0
1787581448.0925953,-2,-1,0,1,9546,31939,10509,11521,630504,630505,630507,630508,0,0,0,0
1787581448.1827848,5,-1,5,-5,9516,31973,10531,11504,630564,630565,630567,630568,0,0,0,0
1787581448.2955496,-3,-3,-4,-4,9511,31970,10532,11501,630624,630625,630627,630628,0,0,0,0
1787581448.3846433,2,0,0,-5,9510,31973,10533,11500,630654,630655,630657,630658,0,0,0,0
1787581448.3846433,3,6,1,-2,9508,31975,10535,11499,630684,630685,630687,630688,0,0,0,0
1787581448.4686382,1,-3,2,-4,9509,31974,10534,11498,630714,630715,630717,630718,0,0,0,0
1787581448.5097005,-2,0,-5,-6,9511,31973,10533,11501,630744,630745,630747,630748,0,0,0,0
1787581448.592591,-2,-1,2,-2,9509,31974,10534,11499,630804,630805,630807,630808,0,0,0,0
1787581448.7035513,5,-1,5,0,9508,31976,10536,11498,630834,630835,630837,630838,0,0,0,0
1787581448.7035513,-1,1,-5,0,9508,31975,10535,11498,630864,630865,630867,630868,0,0,0,0
1787581448.7930999,0,-1,-1,-4,9509,31973,10534,11499,630894,630895,630897,630898,0,0,0,0
1787581448.9095972,3,-4,-4,1,9510,31973,10533,11500,630924,630925,630927,630928,0,0,0,0
1787581448.9095972,-1,4,2,1,9506,31976,10536,11496,630984,630985,630987,630988,0,0,0,0
1787581449.0010777,5,-7,2,-3,9508,31977,10536,11497,631014,631015,631017,631018,0,0,0,0
1787581449.0095015,-1,-1,-3,-3,9509,31974,10534,11499,631044,631045,631047,631048,0,0,0,0
1787581449.128135,-2,-4,1,-3,9510,31972,10533,11500,631074,631075,631077,631078,0,0,0,0
1787581449.128135,-5,0,3,1,9511,31974,10534,11499,631104,631105,631107,631108,0,0,0,0
1787581449.2044084,-1,0,-2,-12,9509,31975,10535,11499,631164,631165,631167,631168,0,0,0,0
1787581449.314737,-1,3,-1,-7,9494,31976,10539,11488,631254,631255,631257,631258,0,0,0,0
1787581449.4108982,-2,-2,-1,-2,9489,31975,10541,11483,631284,631285,631287,631288,0,0,0,0
1787581449.4108982,-4,-1,-4,0,9490,31977,10542,11483,631314,631315,631317,631318,0,0,0,0
1787581449.4599545,1,-3,1,5,9492,31977,10544,11483,631344,631345,631347,631348,0,0,0,0
1787581449.5514972,1,-3,0,0,9502,31973,10541,11494,631374,631375,631377,631378,0,0,0,0
1787581449.6138408,-4,2,-1,-1,9505,31959,10532,11499,631404,631405,631407,631408,0,0,0,0
1787581449.7242415,-5,1,0,5,9507,31960,10534,11496,631434,631435,631437,631438,0,0,0,0
1787581449.7242415,2,2,-3,-3,9496,31975,10543,11486,631494,631495,631497,631498,0,0,0,0
1787581449.814464,1,1,-3,-4,9495,31975,10542,11487,631524,631525,631527,631528,0,0,0,0
1787581449.821625,-3,3,-2,0,9501,31971,10539,11492,631554,631555,631557,631558,0,0,0,0
1787581449.9324753,-2,4,3,2,9502,31969,10539,11492,631614,631615,631617,631618,0,0,0,0
1787581450.030097,-2,3,-1,2,9498,31972,10540,11489,631644,631645,631647,631648,0,0,0,0
1787581450.1477456,0,1,-1,-1,9501,31970,10539,11492,631734,631735,631737,631738,0,0,0,0
1787581450.2241447,-3,2,0,-1,9499,31974,10542,11489,631794,631795,631797,631798,0,0,0,0
1787581450.423358,-1,-3,2,-1,9503,31987,10556,11484,631884,631885,631887,631888,0,0,0,0
1787581450.4709263,1,-2,1,-1,9513,31974,10541,11494,631914,631915,631917,631918,0,0,0,0
1787581450.493458,3,0,-1,0,9520,31963,10536,11500,631944,631945,631947,631948,0,0,0,0
1787581450.5645053,4,-2,-2,-2,9561,31918,10498,11540,631974,631975,631977,631978,0,0,0,0
1787581450.6379387,4,-5,-3,0,9605,31863,10460,11579,632004,632005,632007,632008,0,0,0,0
1787581450.755591,-6,5,2,-5,9629,31848,10451,11586,632094,632095,632097,632098,0,0,0,0
1787581450.8421922,-3,5,3,0,9558,31929,10512,11522,632124,632125,632127,632128,0,0,0,0
1787581450.8492353,0,7,4,-7,9473,32028,10585,11448,632154,632155,632157,632158,0,0,0,0
1787581450.9617896,-6,0,-1,-7,9412,32104,10641,11389,632184,632185,632187,632188,0,0,0,0
1787581450.9617896,-1,-2,3,5,9397,32120,10652,11385,632214,632215,632217,632218,0,0,0,0
1787581451.039339,0,-5,-2,-3,9421,32095,10628,11410,632244,632245,632247,632248,0,0,0,0
1787581451.0484188,-4,-2,-4,2,9452,32051,10596,11440,632274,632275,632277,632278,0,0,0,0
1787581451.1135497,5,-16,-11,10,9581,31868,10449,11627,632304,632305,632307,632308,0,0,0,0
1787581451.1671386,38,-31,-39,61,10252,31208,9898,12349,632334,632335,632337,632338,0,0,0,0
1787581451.2375395,101,-110,-100,87,11893,28909,7673,14182,632364,632365,632367,632368,0,0,0,0
1787581451.2914515,103,-104,-114,108,15072,25485,4438,17254,632394,632395,632397,632398,0,0,0,0
1787581451.3073254,90,-120,-113,119,17813,22776,1396,20098,632424,632425,632427,632428,0,0,0,0
1787581451.3557408,108,-99,-102,107,20711,19645,31129,23201,632454,632455,632457,632458,0,0,0,0
1787581451.4342296,138,-109,-108,125,23849,16509,27968,26455,632484,632485,632487,632488,0,0,0,0
1787581451.4817417,129,-111,-124,139,27180,13564,25006,29741,632514,632515,632517,632518,0,0,0,0
1787581451.5372803,91,-105,-87,105,30236,10758,22207,35,632544,632545,632547,632548,0,0,0,0
1787581451.551872,103,-91,-87,92,344,8183,19837,2999,632574,632575,632577,632578,0,0,0,0
1787581451.6487093,79,-86,-85,76,2688,5626,17401,5294,632604,632605,632607,632608,0,0,0,0
1787581451.654706,77,-77,-91,72,4929,3265,14881,7257,632634,632635,632637,632638,0,0,0,0
1787581451.7109616,82,-79,-94,63,7117,953,12365,9278,632664,632665,632667,632668,0,0,0,0
1787581451.7739155,81,-80,-106,74,9460,31252,9672,11580,632694,632695,632697,632698,0,0,0,0
1787581451.8297818,85,-104,-108,77,11863,28426,6935,14043,632724,632725,632727,632728,0,0,0,0
1787581451.8638535,92,-98,-116,98,14410,25583,4045,16664,632754,632755,632757,632758,0,0,0,0
1787581451.9329221,111,-127,-103,88,17091,22603,1093,19479,632784,632785,632787,632788,0,0,0,0
1787581451.981324,94,-97,-109,74,19758,19705,30714,22034,632814,632815,632817,632818,0,0,0,0
1787581452.0365717,93,-119,-103,75,22370,16712,27789,24554,632844,632845,632847,632848,0,0,0,0
1787581452.0505087,106,-93,-124,95,24886,13916,24940,27011,632874,632875,632877,632878,0,0,0,0
1787581452.1421535,92,-76,-93,109,27550,11439,22371,29486,632904,632905,632907,632908,0,0,0,0
1787581452.1544929,91,-95,-87,101,29966,8945,19841,32033,632934,632935,632937,632938,0,0,0,0
1787581452.2597282,84,-103,-84,103,32424,6326,17446,1841,632964,632965,632967,632968,0,0,0,0
1787581452.273031,88,-92,-94,92,2101,3706,14908,4345,632994,632995,632997,632998,0,0,0,0
1787581452.3022552,98,-84,-105,109,7256,31215,9520,9624,633054,633055,633057,633058,0,0,0,0
1787581452.366006,98,-97,-99,94,9981,28379,6811,12409,633084,633085,633087,633088,0,0,0,0
1787581452.4320443,98,-97,-99,94,9981,28379,6811,12409,633084,633085,633087,633088,0,0,0,0
1787581452.4923966,93,-85,-112,84,12599,25756,4131,15063,633114,633115,633117,633118,0,0,0,0
1787581452.5435262,95,-94,-110,115,15239,23134,1545,17833,633144,633145,633147,633148,0,0,0,0
1787581452.5691535,93,-104,-92,90,20326,17836,28955,22986,633204,633205,633207,633208,0,0,0,0
1787581452.600025,93,-104,-92,90,20326,17836,28955,22986,633204,633205,633207,633208,0,0,0,0
1787581452.661849,87,-103,-88,83,25340,12345,23496,27734,633264,633265,633267,633268,0,0,0,0
1787581452.7258775,81,-103,-98,80,27799,9669,20756,30154,633294,633295,633297,633298,0,0,0,0
1787581452.810229,81,-102,-96,111,32765,4202,15282,2495,633354,633355,633357,633358,0,0,0,0
1787581452.8721669,81,-108,-93,108,2584,1492,12674,5185,633384,633385,633387,633388,0,0,0,0
1787581452.9896648,84,-75,-93,72,7731,29082,7481,10278,633444,633445,633447,633448,0,0,0,0
1787581453.0863764,37,-8,-23,-20,10824,26130,5660,11843,633504,633505,633507,633508,0,0,0,0
1787581453.2026653,-5,4,10,9,11198,26127,5477,11715,633534,633535,633537,633538,0,0,0,0
1787581453.2139971,1,-16,-7,7,11495,25841,5406,11917,633564,633565,633567,633568,0,0,0,0
1787581453.2948816,0,-3,-3,3,11655,25708,5292,12056,633594,633595,633597,633598,0,0,0,0
1787581453.3124676,2,-3,-7,-1,11742,25637,5224,12141,633624,633625,633627,633628,0,0,0,0
1787581453.4122329,-2,1,2,-4,11761,25626,5216,12154,633654,633655,633657,633658,0,0,0,0
1787581453.4257197,2,0,-3,0,11730,25669,5279,12118,633714,633715,633717,633718,0,0,0,0
1787581453.491728,2,-4,-2,-5,11718,25686,5299,12114,633744,633745,633747,633748,0,0,0,0
1787581453.5504932,0,1,-1,2,11712,25696,5313,12109,633774,633775,633777,633778,0,0,0,0
1787581453.7104247,1,-2,4,-1,11720,25692,5312,12123,633804,633805,633807,633808,0,0,0,0
1787581453.7104247,-1,-8,1,-1,11707,25716,5348,12112,633864,633865,633867,633868,0,0,0,0
1787581453.8678353,4,-4,1,-1,11695,25726,5368,12108,633894,633895,633897,633898,0,0,0,0
1787581453.8688545,0,-3,-1,-2,11714,25714,5356,12133,633954,633955,633957,633958,0,0,0,0
1787581453.913017,-3,1,-1,-4,11719,25712,5358,12142,633984,633985,633987,633988,0,0,0,0
1787581453.97331,-21,-89,-62,-64,11688,25563,5259,12018,634014,634015,634017,634018,0,0,0,0
1787581453.9915557,-59,-59,-66,-109,9948,24078,3023,9665,634044,634045,634047,634048,0,0,0,0
1787581454.117082,-62,-67,-68,-61,8024,21978,1004,7722,634074,634075,634077,634078,0,0,0,0
1787581454.117082,-79,-68,-65,-56,6255,19921,31482,5757,634104,634105,634107,634108,0,0,0,0
1787581454.2275894,-67,-75,-65,-91,4366,17811,29339,3813,634134,634135,634137,634138,0,0,0,0
1787581454.2275894,-75,-80,-70,-65,158,13503,25610,249,634194,634195,634197,634198,0,0,0,0
1787581454.3239424,-75,-76,-69,-72,30794,11401,23604,31163,634224,634225,634227,634228,0,0,0,0
1787581454.3600435,-82,-62,-82,-94,28653,9352,21502,28833,634254,634255,634257,634258,0,0,0,0
1787581454.491902,-77,-70,-74,-66,26495,7290,19375,26622,634284,634285,634287,634288,0,0,0,0
1787581454.495128,-76,-79,-71,-63,24404,5306,17248,24378,634314,634315,634317,634318,0,0,0,0
1787581454.5296204,-72,-81,-67,-60,22321,3283,15071,22105,634344,634345,634347,634348,0,0,0,0
1787581454.6125972,-72,-89,-86,-79,18102,31725,10785,17969,634404,634405,634407,634408,0,0,0,0
1787581454.7306404,-81,-94,-83,-79,16031,29559,8655,15906,634434,634435,634437,634438,0,0,0,0
1787581454.9401603,-1,-7,-1,1,11168,24413,4475,12011,634584,634585,634587,634588,0,0,0,0
1787581455.049609,2,1,-3,3,11327,24314,4367,12182,634644,634645,634647,634648,0,0,0,0
1787581455.0569093,-2,-5,2,1,11432,24257,4294,12285,634704,634705,634707,634708,0,0,0,0
1787581455.1477172,-2,-5,2,1,11432,24257,4294,12285,634704,634705,634707,634708,0,0,0,0
1787581455.1840603,8,-7,-6,3,11509,24192,4211,12369,634764,634765,634767,634768,0,0,0,0
1787581455.3460782,4,-3,2,-1,11549,24166,4177,12403,634794,634795,634797,634798,0,0,0,0
1787581455.3460782,-3,0,2,-4,11542,24174,4186,12388,634824,634825,634827,634828,0,0,0,0
1787581455.3460782,0,-4,2,0,11496,24206,4229,12341,634854,634855,634857,634858,0,0,0,0
1787581455.4931846,0,-4,2,-2,11504,24214,4233,12358,634944,634945,634947,634948,0,0,0,0
1787581455.5471478,0,-7,-3,-2,11518,24192,4207,12370,634974,634975,634977,634978,0,0,0,0
1787581455.6470947,-1,-1,0,-3,11503,24207,4227,12352,635034,635035,635037,635038,0,0,0,0
1787581455.6746175,-2,0,3,-4,11495,24217,4238,12346,635064,635065,635067,635068,0,0,0,0
1787581455.771515,-4,1,-2,0,11521,24193,4206,12374,635124,635125,635127,635128,0,0,0,0
1787581455.975296,0,-2,-1,3,11503,24207,4227,12351,635184,635185,635187,635188,0,0,0,0
1787581455.9842274,-1,-1,-3,-2,11502,24212,4230,12354,635244,635245,635247,635248,0,0,0,0
1787581456.0718446,-5,3,5,-2,11518,24197,4214,12371,635274,635275,635277,635278,0,0,0,0
1787581456.0985417,6,-9,-11,11,11588,24115,4128,12473,635304,635305,635307,635308,0,0,0,0
1787581456.162889,39,-35,-33,28,12053,23599,3611,12930,635334,635335,635337,635338,0,0,0,0
1787581456.1930199,75,-69,-87,99,13916,21912,2078,14848,635364,635365,635367,635368,0,0,0,0
1787581456.276796,141,-111,-120,124,17154,18922,31900,18280,635394,635395,635397,635398,0,0,0,0
1787581456.2926688,105,-103,-90,123,20054,16305,29215,21423,635424,635425,635427,635428,0,0,0,0
1787581456.4197812,129,-100,-113,122,26611,10461,23447,28202,635484,635485,635487,635488,0,0,0,0
1787581456.4520779,130,-103,-117,112,29979,7522,20535,31590,635514,635515,635517,635518,0,0,0,0
1787581456.508682,119,-81,-101,99,351,4659,17673,2094,635544,635545,635547,635548,0,0,0,0
1787581456.6062381,96,-77,-81,102,3224,2197,15228,4779,635574,635575,635577,635578,0,0,0,0
1787581456.6128945,93,-67,-70,91,5872,32633,13013,7396,635604,635605,635607,635608,0,0,0,0
1787581456.667886,99,-73,-81,96,8333,30516,10922,9807,635634,635635,635637,635638,0,0,0,0
1787581456.7191012,91,-80,-80,92,10733,28338,8795,12264,635664,635665,635667,635668,0,0,0,0
1787581456.79239,115,-82,-82,94,13303,26275,6633,14810,635694,635695,635697,635698,0,0,0,0
1787581456.8274362,96,-90,-97,90,16042,23996,4269,17472,635724,635725,635727,635728,0,0,0,0
1787581456.882939,105,-101,-100,117,18863,21500,1744,20614,635754,635755,635757,635758,0,0,0,0
1787581456.9394836,119,-105,-98,115,21868,18797,31691,23594,635784,635785,635787,635788,0,0,0,0
1787581456.9539163,135,-89,-83,95,25030,16134,29052,26704,635814,635815,635817,635818,0,0,0,0
1787581457.0087376,87,-94,-85,131,27990,13545,26581,29723,635844,635845,635847,635848,0,0,0,0
1787581457.0853481,104,-102,-78,88,30804,11099,24149,32563,635874,635875,635877,635878,0,0,0,0
1787581457.1131773,95,-102,-90,110,794,8733,21665,2564,635904,635905,635907,635908,0,0,0,0
1787581457.1756172,85,-89,-83,102,3420,6344,19380,5317,635934,635935,635937,635938,0,0,0,0
1787581457.230169,101,-96,-86,80,6079,4050,17123,7900,635964,635965,635967,635968,0,0,0,0
1787581457.2760549,109,-93,-87,103,8892,1770,14763,10581,635994,635995,635997,635998,0,0,0,0
1787581457.4052854,92,-108,-108,109,11487,32024,12185,13174,636024,636025,636027,636028,0,0,0,0
1787581457.4052854,116,-77,-97,90,16846,26736,6745,18601,636084,636085,636087,636088,0,0,0,0
1787581457.4052854,94,-92,-110,113,19712,24127,4010,21435,636114,636115,636117,636118,0,0,0,0
1787581457.4690254,98,-98,-103,96,22285,21458,1405,24163,636144,636145,636147,636148,0,0,0,0
1787581457.5138867,120,-95,-88,84,25090,18827,31442,26792,636174,636175,636177,636178,0,0,0,0
1787581457.5712235,87,-87,-85,109,27751,16149,28892,29360,636204,636205,636207,636208,0,0,0,0
1787581457.6128201,77,-85,-80,96,30281,13653,26441,31921,636234,636235,636237,636238,0,0,0,0
1787581457.745376,67,-69,-52,73,32583,11491,24300,1289,636264,636265,636267,636268,0,0,0,0
1787581457.745376,55,-55,-4,-19,1486,9810,23425,2006,636294,636295,636297,636298,0,0,0,0
1787581457.7951684,3,-10,24,-10,2341,9077,23851,1566,636324,636325,636327,636328,0,0,0,0
1787581457.811046,13,-15,-13,11,2663,8600,23616,1565,636354,636355,636357,636358,0,0,0,0
1787581457.9391317,4,4,1,0,2922,8253,23414,1820,636414,636415,636417,636418,0,0,0,0
1787581458.0110104,3,-2,-4,0,2947,8217,23391,1839,636444,636445,636447,636448,0,0,0,0
1787581458.120013,-4,1,2,-1,2947,8211,23390,1838,636474,636475,636477,636478,0,0,0,0
1787581458.120013,-3,1,0,0,2922,8247,23420,1802,636534,636535,636537,636538,0,0,0,0
1787581458.2165885,2,-1,-2,-2,2915,8261,23432,1794,636564,636565,636567,636568,0,0,0,0
1787581458.2657807,-1,-1,2,-1,2912,8263,23432,1792,636594,636595,636597,636598,0,0,0,0
1787581458.2726145,1,1,0,0,2913,8260,23432,1795,636624,636625,636627,636628,0,0,0,0
1787581458.4174747,3,-1,0,3,2917,8257,23428,1798,636654,636655,636657,636658,0,0,0,0
1787581458.4174747,1,-1,3,0,2916,8260,23432,1794,636684,636685,636687,636688,0,0,0,0
1787581458.431373,6,-1,-5,-1,2915,8261,23431,1795,636714,636715,636717,636718,0,0,0,0
1787581458.5219865,-2,-7,4,-2,2914,8261,23432,1794,636774,636775,636777,636778,0,0,0,0
1787581458.5703335,-2,1,2,1,2914,8262,23432,1795,636804,636805,636807,636808,0,0,0,0
1787581458.6261973,0,1,-1,0,2912,8264,23434,1793,636834,636835,636837,636838,0,0,0,0
1787581458.6889846,-1,2,3,-3,2911,8265,23435,1790,636864,636865,636867,636868,0,0,0,0
1787581458.820082,0,-6,-4,1,2909,8265,23436,1789,636894,636895,636897,636898,0,0,0,0
1787581458.945786,-1,-4,2,2,2955,8214,23393,1845,637014,637015,637017,637018,0,0,0,0
1787581459.0235088,0,-2,-2,0,2948,8223,23400,1834,637044,637045,637047,637048,0,0,0,0
1787581459.0416052,-6,-1,-4,-1,2945,8228,23404,1829,637074,637075,637077,637078,0,0,0,0
1787581459.1614478,4,1,3,-5,2910,8264,23433,1787,637134,637135,637137,637138,0,0,0,0
1787581459.1700106,1,4,0,2,2897,8293,23456,1766,637164,637165,637167,637168,0,0,0,0
1787581459.251497,1,0,0,-2,2868,8314,23476,1740,637194,637195,637197,637198,0,0,0,0
1787581459.3489356,5,2,11,-1,2761,8438,23590,1598,637254,637255,637257,637258,0,0,0,0
1787581459.445466,-4,-1,6,-5,2582,8640,23761,1387,637314,637315,637317,637318,0,0,0,0
1787581459.5354922,-6,6,7,-6,2401,8865,23956,1175,637374,637375,637377,637378,0,0,0,0
1787581459.6482713,-4,6,3,-4,2285,8997,24079,1051,637404,637405,637407,637408,0,0,0,0
1787581459.6482713,-6,2,4,-6,2147,9135,24216,911,637434,637435,637437,637438,0,0,0,0
1787581459.7580533,-8,8,2,-5,1989,9279,24350,776,637464,637465,637467,637468,0,0,0,0
1787581459.7580533,-7,2,4,-5,1848,9371,24452,667,637494,637495,637497,637498,0,0,0,0
1787581459.7928147,-7,0,32,-7,1763,9434,24513,602,637524,637525,637527,637528,0,0,0,0
1787581459.872352,2,4,1,0,1730,9458,24535,580,637554,637555,637557,637558,0,0,0,0
1787581459.9121075,-3,2,-8,0,1744,9445,24520,598,637584,637585,637587,637588,0,0,0,0
1787581460.0167644,12,0,0,2,1869,9346,24417,714,637644,637645,637647,637648,0,0,0,0
1787581460.1464052,-5,0,-1,2,2025,9225,24287,847,637704,637705,637707,637708,0,0,0,0
1787581460.257572,-1,2,0,1,2068,9192,24259,874,637764,637765,637767,637768,0,0,0,0
1787581460.257572,-4,3,-2,-2,2034,9221,24288,843,637794,637795,637797,637798,0,0,0,0
1787581460.3908777,-10,5,6,1,1988,9258,24330,800,637824,637825,637827,637828,0,0,0,0
1787581460.3908777,-4,-1,-3,-6,1959,9277,24352,780,637854,637855,637857,637858,0,0,0,0
1787581460.4027846,2,0,-2,4,1956,9280,24352,780,637884,637885,637887,637888,0,0,0,0
1787581460.4732425,-1,1,-4,2,1975,9268,24335,798,637914,637915,637917,637918,0,0,0,0
1787581460.532055,4,-2,2,2,1998,9248,24314,818,637944,637945,637947,637948,0,0,0,0
1787581460.5772684,2,-1,-3,1,2014,9237,24301,828,637974,637975,637977,637978,0,0,0,0
1787581460.5911186,3,4,2,1,2013,9238,24305,825,638004,638005,638007,638008,0,0,0,0
1787581460.690889,0,8,3,0,1999,9248,24318,813,638034,638035,638037,638038,0,0,0,0
1787581460.7247446,-1,1,-3,4,1988,9257,24328,804,638064,638065,638067,638068,0,0,0,0
1787581460.7504952,-4,-2,2,-3,1986,9259,24327,804,638094,638095,638097,638098,0,0,0,0
1787581460.8618379,-1,1,-3,-1,2001,9248,24314,818,638154,638155,638157,638158,0,0,0,0
1787581461.0844672,13,-1,1,0,1997,9250,24319,812,638274,638275,638277,638278,0,0,0,0
1787581461.0916033,-2,-2,-1,-1,1997,9249,24319,813,638304,638305,638307,638308,0,0,0,0
1787581461.2016912,4,1,4,0,1999,9250,24317,816,638334,638335,638337,638338,0,0,0,0
1787581461.2875943,-1,0,-2,4,2030,9202,24276,848,638394,638395,638397,638398,0,0,0,0
1787581461.3417122,-1,-3,-5,-4,2059,9181,24246,871,638424,638425,638427,638428,0,0,0,0
1787581461.347884,1,1,1,-1,2069,9177,24240,877,638454,638455,638457,638458,0,0,0,0
1787581461.4879718,-9,1,4,-9,1952,9277,24349,760,638514,638515,638517,638518,0,0,0,0
1787581461.528942,-10,7,3,-9,1739,9406,24511,570,638544,638545,638547,638548,0,0,0,0
1787581461.612036,-17,20,19,-21,1411,9724,24845,261,638574,638575,638577,638578,0,0,0,0
1787581461.6127713,-16,13,22,-22,981,10190,25373,32556,638604,638605,638607,638608,0,0,0,0
1787581470.7029452,-5,-3,-2,-6,30345,9280,23433,12575,644034,644035,644037,644038,0,0,0,0
1787581470.7029452,-4,2,4,-3,30345,9280,23433,12576,644064,644065,644067,644068,0,0,0,0
1787581470.908957,0,1,-4,-1,30342,9281,23434,12574,644094,644095,644097,644098,0,0,0,0
1787581470.908957,-7,-5,1,3,30342,9282,23436,12573,644154,644155,644157,644158,0,0,0,0
1787581470.908957,-4,-1,-4,6,30343,9280,23434,12575,644214,644215,644217,644218,0,0,0,0
1787581471.0369468,-3,3,0,-2,30342,9280,23434,12575,644244,644245,644247,644248,0,0,0,0
1787581471.0376515,-3,-2,1,-3,30342,9281,23435,12573,644274,644275,644277,644278,0,0,0,0
1787581471.1056623,-1,2,1,-1,30341,9283,23436,12572,644304,644305,644307,644308,0,0,0,0
1787581471.1237504,-1,0,1,-1,30342,9282,23435,12573,644334,644335,644337,644338,0,0,0,0
1787581471.2342389,0,0,3,3,30344,9279,23432,12576,644394,644395,644397,644398,0,0,0,0
1787581471.332614,0,0,-1,1,30342,9281,23436,12574,644454,644455,644457,644458,0,0,0,0
1787581471.4292037,-3,-5,-2,0,30343,9280,23432,12575,644514,644515,644517,644518,0,0,0,0
1787581471.5222275,-2,-1,-4,-1,30345,9279,23432,12576,644544,644545,644547,644548,0,0,0,0
1787581471.5222275,1,0,4,1,30343,9281,23434,12574,644574,644575,644577,644578,0,0,0,0
1787581471.6433015,2,2,0,0,30341,9280,23435,12573,644604,644605,644607,644608,0,0,0,0
1787581471.8444293,-3,0,5,-3,30341,9284,23438,12571,644694,644695,644697,644698,0,0,0,0
1787581471.8444293,2,-5,-4,-1,30337,9288,23440,12568,644724,644725,644727,644728,0,0,0,0
1787581471.8444293,1,2,-2,3,30334,9289,23442,12566,644754,644755,644757,644758,0,0,0,0
1787581471.9227438,3,1,-2,-4,30336,9289,23441,12568,644784,644785,644787,644788,0,0,0,0
1787581471.9437425,2,-4,-5,-2,30338,9287,23440,12568,644814,644815,644817,644818,0,0,0,0
1787581472.0491045,-2,-4,-5,3,30334,9288,23441,12566,644874,644875,644877,644878,0,0,0,0
1787581472.1386056,-4,6,1,0,30334,9292,23444,12565,644904,644905,644907,644908,0,0,0,0
1787581472.1458938,-1,-5,3,1,30331,9292,23445,12564,644934,644935,644937,644938,0,0,0,0
1787581472.1782136,3,2,0,4,30332,9291,23444,12565,644964,644965,644967,644968,0,0,0,0
1787581472.3375282,-3,2,-3,-4,30333,9291,23443,12565,644994,644995,644997,644998,0,0,0,0
1787581472.3375282,-1,0,3,4,30334,9290,23442,12566,645024,645025,645027,645028,0,0,0,0
1787581472.3375282,2,1,-2,0,30333,9290,23442,12565,645054,645055,645057,645058,0,0,0,0
1787581472.5584953,1,0,0,2,30332,9293,23445,12563,645084,645085,645087,645088,0,0,0,0
1787581472.5584953,1,-3,-3,0,30330,9293,23446,12562,645174,645175,645177,645178,0,0,0,0
1787581472.671233,3,0,-2,2,30331,9292,23444,12563,645204,645205,645207,645208,0,0,0,0
1787581472.671233,-5,1,3,-1,30331,9291,23444,12564,645234,645235,645237,645238,0,0,0,0
1787581472.6892939,1,-6,-1,-2,30331,9292,23443,12564,645264,645265,645267,645268,0,0,0,0
1787581472.8130226,3,-3,-2,-1,30331,9292,23445,12564,645294,645295,645297,645298,0,0,0,0
1787581472.8290222,0,1,-9,3,30331,9292,23445,12564,645324,645325,645327,645328,0,0,0,0
1787581472.9508216,2,-1,-2,1,30332,9296,23445,12561,645384,645385,645387,645388,0,0,0,0
1787581472.9508216,4,-7,1,-3,30312,9311,23461,12545,645414,645415,645417,645418,0,0,0,0
1787581472.9508216,0,2,-4,-1,30312,9313,23463,12546,645444,645445,645447,645448,0,0,0,0
1787581473.1672578,1,-1,-9,1,30320,9305,23456,12555,645474,645475,645477,645478,0,0,0,0
1787581473.1672578,-1,-1,2,-2,30327,9300,23450,12558,645564,645565,645567,645568,0,0,0,0
1787581473.3714752,-1,-2,-4,0,30319,9306,23460,12551,645594,645595,645597,645598,0,0,0,0
1787581473.372475,-4,1,5,1,30316,9309,23461,12549,645624,645625,645627,645628,0,0,0,0
1787581473.3734746,-2,3,-3,-1,30321,9302,23454,12556,645684,645685,645687,645688,0,0,0,0
1787581473.493179,-1,-2,-2,0,30323,9300,23452,12557,645714,645715,645717,645718,0,0,0,0
1787581473.493179,3,-3,-5,0,30322,9302,23453,12556,645744,645745,645747,645748,0,0,0,0
1787581473.5678604,0,0,-2,-1,30322,9304,23456,12554,645774,645775,645777,645778,0,0,0,0
1787581473.5678604,-6,3,2,-1,30320,9304,23456,12554,645804,645805,645807,645808,0,0,0,0
1787581473.6875005,-1,-2,-5,2,30322,9302,23453,12556,645864,645865,645867,645868,0,0,0,0
1787581473.779588,0,0,-3,-2,30323,9301,23452,12557,645894,645895,645897,645898,0,0,0,0
1787581473.7873428,0,-9,0,2,30322,9301,23453,12556,645924,645925,645927,645928,0,0,0,0
1787581473.8836668,2,3,3,-5,30323,9303,23454,12555,645954,645955,645957,645958,0,0,0,0
1787581473.8836668,-1,2,2,-4,30322,9303,23454,12554,645984,645985,645987,645988,0,0,0,0
1787581473.9869318,2,2,2,-1,30320,9304,23457,12553,646014,646015,646017,646018,0,0,0,0
1787581473.9883192,0,-2,-3,8,30321,9304,23457,12554,646044,646045,646047,646048,0,0,0,0
1787581474.1101134,1,-1,-1,3,30321,9303,23456,12554,646104,646105,646107,646108,0,0,0,0
1787581474.1798275,3,3,1,-9,30319,9305,23456,12553,646164,646165,646167,646168,0,0,0,0
1787581474.389716,-2,-2,3,-1,30324,9301,23452,12558,646284,646285,646287,646288,0,0,0,0
1787581474.51436,-2,-3,-6,0,30323,9302,23453,12556,646314,646315,646317,646318,0,0,0,0
1787581474.5153577,1,-1,-1,2,30321,9304,23455,12554,646344,646345,646347,646348,0,0,0,0
1787581474.5592525,-6,0,3,0,30319,9306,23457,12552,646374,646375,646377,646378,0,0,0,0
1787581474.7209694,-4,1,3,-2,30322,9302,23452,12555,646464,646465,646467,646468,0,0,0,0
1787581474.8007767,3,-3,-1,2,30320,9302,23454,12554,646494,646495,646497,646498,0,0,0,0
1787581474.8007767,-1,4,2,-2,30319,9306,23458,12552,646524,646525,646527,646528,0,0,0,0
1787581474.9204478,2,1,-7,-2,30316,9305,23458,12552,646584,646585,646587,646588,0,0,0,0
1787581475.011763,3,2,2,-1,30320,9305,23456,12554,646644,646645,646647,646648,0,0,0,0
1787581475.126289,-2,8,-6,-3,30319,9305,23457,12552,646704,646705,646707,646708,0,0,0,0
1787581475.126289,-4,0,-1,0,30318,9306,23459,12550,646734,646735,646737,646738,0,0,0,0
1787581475.2212338,-2,2,-2,-2,30317,9306,23459,12550,646794,646795,646797,646798,0,0,0,0
1787581475.330828,-5,5,-5,3,30320,9305,23457,12553,646824,646825,646827,646828,0,0,0,0
1787581475.330828,3,-3,-1,-1,30321,9302,23454,12555,646854,646855,646857,646858,0,0,0,0
1787581475.425859,-1,-1,3,-1,30322,9301,23453,12555,646884,646885,646887,646888,0,0,0,0
1787581475.425859,2,-2,-5,1,30321,9303,23455,12554,646914,646915,646917,646918,0,0,0,0
1787581475.5429664,2,-2,2,4,30316,9309,23460,12549,646974,646975,646977,646978,0,0,0,0
1787581475.5849524,-5,-1,1,-2,30318,9307,23458,12550,647004,647005,647007,647008,0,0,0,0
1787581475.708716,0,-1,1,-2,30321,9303,23454,12555,647034,647035,647037,647038,0,0,0,0
1787581475.824759,-3,0,2,0,30322,9303,23454,12554,647124,647125,647127,647128,0,0,0,0
1787581475.824759,1,0,2,0,30320,9304,23456,12553,647154,647155,647157,647158,0,0,0,0
1787581475.9344945,-2,1,1,0,30322,9303,23454,12554,647214,647215,647217,647218,0,0,0,0
1787581476.0439208,2,3,-7,-2,30322,9302,23454,12556,647274,647275,647277,647278,0,0,0,0
1787581476.1416585,-2,0,1,-5,30322,9301,23452,12554,647304,647305,647307,647308,0,0,0,0
1787581476.1416585,1,-3,6,-4,30323,9303,23455,12554,647334,647335,647337,647338,0,0,0,0
1787581476.236486,4,-2,-1,5,30322,9303,23454,12555,647394,647395,647397,647398,0,0,0,0
1787581476.349217,5,-1,1,-3,30322,9301,23454,12555,647424,647425,647427,647428,0,0,0,0
1787581476.349217,-2,5,-3,1,30321,9303,23455,12553,647454,647455,647457,647458,0,0,0,0
1787581476.434413,0,1,2,-1,30320,9305,23457,12552,647484,647485,647487,647488,0,0,0,0
1787581476.444681,-2,1,4,-1,30319,9305,23456,12553,647514,647515,647517,647518,0,0,0,0
1787581476.5516121,-2,2,-3,1,30322,9304,23454,12555,647544,647545,647547,647548,0,0,0,0
1787581476.5516121,-3,18,-6,2,30320,9303,23454,12554,647574,647575,647577,647578,0,0,0,0
1787581476.5852275,-2,3,2,1,30321,9303,23455,12554,647604,647605,647607,647608,0,0,0,0
1787581476.6520221,-2,1,-5,1,30320,9304,23455,12553,647634,647635,647637,647638,0,0,0,0
1787581476.7115252,-5,-3,-5,3,30319,9305,23457,12552,647664,647665,647667,647668,0,0,0,0
1787581476.84043,9,1,-4,-1,30319,9303,23454,12552,647694,647695,647697,647698,0,0,0,0
1787581476.8562963,-7,-4,-3,4,30320,9305,23457,12552,647754,647755,647757,647758,0,0,0,0
1787581476.969838,-3,-3,0,-3,30300,9335,23488,12522,647814,647815,647817,647818,0,0,0,0
1787581476.985781,-4,3,7,-1,30239,9382,23542,12464,647844,647845,647847,647848,0,0,0,0
1787581477.0580366,-3,-1,-9,2,30216,9408,23569,12448,647874,647875,647877,647878,0,0,0,0
1787581477.1820123,-1,1,0,6,30252,9369,23523,12496,647904,647905,647907,647908,0,0,0,0
1787581477.1830153,6,-5,-5,2,30313,9301,23451,12556,647934,647935,647937,647938,0,0,0,0
1787581477.1870747,0,-1,14,1,30340,9275,23425,12572,647964,647965,647967,647968,0,0,0,0
1787581477.269446,-6,0,-3,-1,30313,9299,23455,12542,647994,647995,647997,647998,0,0,0,0
1787581477.3794568,1,2,3,0,30287,9312,23467,12528,648054,648055,648057,648058,0,0,0,0
1787581477.3794568,-2,0,3,2,30299,9302,23459,12536,648084,648085,648087,648088,0,0,0,0
1787581477.4602222,-3,1,4,2,30288,9314,23471,12524,648144,648145,648147,648148,0,0,0,0
1787581477.591726,2,-2,1,3,30281,9319,23477,12521,648204,648205,648207,648208,0,0,0,0
1787581477.6631732,5,-3,-8,2,30291,9309,23464,12532,648234,648235,648237,648238,0,0,0,0
1787581477.6631732,0,0,-7,4,30298,9303,23458,12537,648264,648265,648267,648268,0,0,0,0
1787581477.7069397,-2,-1,0,2,30295,9307,23464,12532,648294,648295,648297,648298,0,0,0,0
1787581477.8506274,-2,-1,-1,-7,30286,9315,23472,12524,648324,648325,648327,648328,0,0,0,0
1787581477.8506274,1,-1,3,0,30284,9318,23476,12523,648354,648355,648357,648358,0,0,0,0
1787581478.0724366,-1,-4,2,-2,30293,9308,23465,12532,648444,648445,648447,648448,0,0,0,0
1787581478.0724366,2,0,1,1,30291,9310,23466,12530,648474,648475,648477,648478,0,0,0,0
1787581478.0851777,0,2,3,-5,30291,9311,23467,12530,648504,648505,648507,648508,0,0,0,0
1787581478.1963625,1,-3,-7,0,30291,9309,23466,12531,648534,648535,648537,648538,0,0,0,0
1787581478.207343,1,-3,11,0,30292,9309,23467,12531,648564,648565,648567,648568,0,0,0,0
1787581478.2816792,-2,6,4,-2,30292,9309,23466,12531,648594,648595,648597,648598,0,0,0,0
1787581478.2816792,2,1,1,3,30291,9309,23466,12530,648624,648625,648627,648628,0,0,0,0
1787581478.3959663,-3,0,-4,2,30291,9311,23468,12530,648654,648655,648657,648658,0,0,0,0
1787581478.4332933,-3,1,1,0,30290,9311,23468,12528,648714,648715,648717,648718,0,0,0,0
1787581478.4878454,1,-5,-4,-2,30287,9310,23466,12526,648744,648745,648747,648748,0,0,0,0
1787581478.5673616,-4,-3,0,3,30279,9311,23471,12520,648804,648805,648807,648808,0,0,0,0
1787581478.6961956,0,2,-3,0,30281,9311,23472,12521,648834,648835,648837,648838,0,0,0,0
1787581478.9000893,-1,1,0,1,30292,9304,23466,12529,648954,648955,648957,648958,0,0,0,0
1787581478.9000893,2,0,-3,-2,30287,9312,23473,12523,648984,648985,648987,648988,0,0,0,0
1787581479.0169911,-2,2,-4,-1,30287,9312,23474,12526,649014,649015,649017,649018,0,0,0,0
1787581479.02089,-2,2,-1,-1,30292,9306,23467,12532,649074,649075,649077,649078,0,0,0,0
1787581479.1019318,1,0,2,-2,30291,9307,23469,12530,649104,649105,649107,649108,0,0,0,0
1787581479.15024,-1,-4,2,-1,30290,9309,23471,12529,649134,649135,649137,649138,0,0,0,0
1787581479.2894256,-2,-5,0,0,30291,9308,23469,12530,649164,649165,649167,649168,0,0,0,0
1787581479.2894256,-2,-5,0,-2,30292,9306,23468,12530,649224,649225,649227,649228,0,0,0,0
1787581479.4008358,-1,-4,-6,-1,30290,9307,23469,12529,649254,649255,649257,649258,0,0,0,0
1787581479.4008358,4,0,1,-4,30291,9306,23468,12531,649284,649285,649287,649288,0,0,0,0
1787581479.5182807,2,-1,0,3,30294,9303,23466,12533,649314,649315,649317,649318,0,0,0,0
1787581479.5182807,1,-3,1,3,30294,9303,23467,12533,649344,649345,649347,649348,0,0,0,0
1787581479.6048412,-3,1,4,1,30292,9307,23473,12527,649374,649375,649377,649378,0,0,0,0
1787581479.6048412,0,-3,3,-2,30285,9322,23494,12513,649404,649405,649407,649408,0,0,0,0
1787581479.640581,3,-1,-5,1,30296,9316,23483,12528,649434,649435,649437,649438,0,0,0,0
1787581479.7196605,1,-5,0,0,30300,9308,23471,12534,649464,649465,649467,649468,0,0,0,0
1787581479.8239918,2,1,-5,-2,30304,9310,23473,12538,649494,649495,649497,649498,0,0,0,0
1787581479.8239918,3,-2,0,1,30336,9276,23432,12575,649524,649525,649527,649528,0,0,0,0
1787581479.9188328,-1,-1,-4,-2,30376,9231,23383,12614,649554,649555,649557,649558,0,0,0,0
1787581479.9188328,0,-4,2,3,30402,9204,23358,12637,649584,649585,649587,649588,0,0,0,0
1787581480.0430386,-3,-8,10,1,30411,9200,23353,12643,649614,649615,649617,649618,0,0,0,0
1787581480.0430386,-2,-3,-1,-4,30387,9227,23385,12609,649644,649645,649647,649648,0,0,0,0
1787581480.052373,-11,3,3,-2,30319,9294,23460,12541,649674,649675,649677,649678,0,0,0,0
1787581480.116559,-5,3,4,-1,30242,9370,23541,12463,649704,649705,649707,649708,0,0,0,0
1787581480.2452369,-1,-1,0,1,30158,9453,23624,12388,649764,649765,649767,649768,0,0,0,0
1787581480.2700078,-3,3,-4,1,30168,9443,23613,12402,649794,649795,649797,649798,0,0,0,0
1787581480.3225336,4,0,-2,4,30193,9418,23589,12427,649824,649825,649827,649828,0,0,0,0
1787581480.366976,2,0,0,10,30248,9379,23546,12500,649854,649855,649857,649858,0,0,0,0
1787581480.4302363,15,-11,-14,17,30456,9282,23482,12761,649884,649885,649887,649888,0,0,0,0
1787581480.4461946,58,-37,-42,60,31482,8715,22895,13892,649914,649915,649917,649918,0,0,0,0
1787581480.5114827,111,-84,-96,109,1221,7057,21282,16548,649944,649945,649947,649948,0,0,0,0
1787581480.5661292,88,-93,-93,98,4596,4294,18677,19816,649974,649975,649977,649978,0,0,0,0
1787581480.5983186,127,-110,-104,132,7549,1728,16006,22983,650004,650005,650007,650008,0,0,0,0
1787581480.6853654,112,-96,-111,134,10669,31498,13086,26475,650034,650035,650037,650038,0,0,0,0
1787581480.7418263,95,-127,-109,136,14072,28541,10161,29984,650064,650065,650067,650068,0,0,0,0
1787581480.7455397,115,-103,-112,117,17413,25668,7254,551,650094,650095,650097,650098,0,0,0,0
1787581480.8102496,85,-100,-77,114,23330,20424,2113,6285,650154,650155,650157,650158,0,0,0,0
1787581480.8926766,80,-50,-77,99,25895,18042,32671,8866,650184,650185,650187,650188,0,0,0,0
1787581480.9347494,91,-74,-73,90,28395,15913,30589,11375,650214,650215,650217,650218,0,0,0,0
1787581480.983111,106,-70,-72,77,30893,13801,28522,13917,650244,650245,650247,650248,0,0,0,0
1787581481.0112977,104,-66,-84,87,701,11652,26202,16491,650274,650275,650277,650278,0,0,0,0
1787581481.0655441,96,-68,-98,107,3435,9243,23748,19333,650304,650305,650307,650308,0,0,0,0
1787581481.1306694,120,-82,-100,90,6552,6797,21136,22156,650334,650335,650337,650338,0,0,0,0
1787581481.1789062,99,-95,-94,114,9528,4206,18530,25140,650364,650365,650367,650368,0,0,0,0
1787581481.2470162,106,-103,-90,109,12462,1619,15931,28144,650394,650395,650397,650398,0,0,0,0
1787581481.3117118,109,-97,-98,110,15354,31799,13282,31166,650424,650425,650427,650428,0,0,0,0
1787581481.3220086,101,-80,-87,109,18225,29167,10861,1288,650454,650455,650457,650458,0,0,0,0
1787581481.3708527,76,-80,-91,107,20864,26758,8516,4041,650484,650485,650487,650488,0,0,0,0
1787581481.447172,77,-82,-84,94,23398,24343,5983,6561,650514,650515,650517,650518,0,0,0,0
1787581481.5053189,90,-83,-78,87,25941,21924,3373,9047,650544,650545,650547,650548,0,0,0,0
1787581481.5121405,111,-83,-88,80,28545,19485,904,11605,650574,650575,650577,650578,0,0,0,0
1787581481.599714,97,-110,-98,91,31164,16733,31031,14154,650604,650605,650607,650608,0,0,0,0
1787581481.6317146,85,-98,-102,87,1050,14004,28214,16716,650634,650635,650637,650638,0,0,0,0
1787581481.6799762,111,-97,-109,90,3586,11354,25418,19235,650664,650665,650667,650668,0,0,0,0
1787581481.7603369,112,-128,-119,87,6188,8591,22351,21668,650694,650695,650697,650698,0,0,0,0
1787581481.7603369,108,-99,-97,95,8766,5841,19599,24115,650724,650725,650727,650728,0,0,0,0
1787581481.8241794,105,-103,-106,90,11196,3018,16880,26528,650754,650755,650757,650758,0,0,0,0
1787581481.8930597,94,-117,-97,73,13702,333,14092,28888,650784,650785,650787,650788,0,0,0,0
1787581481.9539347,78,-103,-100,85,16127,30423,11219,31307,650814,650815,650817,650818,0,0,0,0
1787581482.0070975,88,-113,-100,76,18553,27645,8510,1029,650844,650845,650847,650848,0,0,0,0
1787581482.049057,83,-124,-84,72,20925,24891,5730,3415,650874,650875,650877,650878,0,0,0,0
1787581482.0722835,71,-90,-102,79,23352,21967,2954,5797,650904,650905,650907,650908,0,0,0,0
1787581482.1642683,85,-90,-74,90,28307,16697,30456,10813,650964,650965,650967,650968,0,0,0,0
1787581482.3689003,33,-3,-14,4,32433,13393,29212,13316,651054,651055,651057,651058,0,0,0,0
1787581482.3860302,10,-7,-4,-6,59,13172,29007,13037,651084,651085,651087,651088,0,0,0,0
1787581482.5081847,6,3,-1,1,95,13008,28858,13076,651144,651145,651147,651148,0,0,0,0
1787581482.5819352,-5,1,6,0,72,13013,28873,13045,651174,651175,651177,651178,0,0,0,0
1787581482.5819352,1,0,0,2,32,13047,28909,13000,651204,651205,651207,651208,0,0,0,0
1787581482.6295254,-1,-1,0,-3,18,13070,28926,12987,651234,651235,651237,651238,0,0,0,0
1787581482.7096481,2,-4,-4,-2,20,13067,28923,12990,651264,651265,651267,651268,0,0,0,0
1787581482.7901533,-2,-4,-1,0,36,13045,28903,13015,651294,651295,651297,651298,0,0,0,0
1787581482.909606,-2,-2,-7,-4,67,13015,28878,13050,651324,651325,651327,651328,0,0,0,0
1787581482.909606,-4,-1,-1,-2,54,13021,28887,13026,651384,651385,651387,651388,0,0,0,0
1787581482.9192762,3,-8,2,2,43,13039,28900,13016,651414,651415,651417,651418,0,0,0,0
1787581483.0563898,-1,-1,2,-1,50,13039,28897,13026,651444,651445,651447,651448,0,0,0,0
1787581483.072367,1,-2,-1,1,64,13024,28886,13042,651474,651475,651477,651478,0,0,0,0
1787581483.19354,-2,0,-1,2,77,13002,28867,13057,651504,651505,651507,651508,0,0,0,0
1787581483.2074504,-73,-69,-72,-104,31124,11315,26296,10047,651564,651565,651567,651568,0,0,0,0
1787581483.3113015,-66,-58,-64,-55,29035,9217,24205,7955,651594,651595,651597,651598,0,0,0,0
1787581483.3113015,-79,-72,-74,-76,27142,7053,22050,5961,651624,651625,651627,651628,0,0,0,0
1787581483.323317,-91,-87,-81,-95,25143,4839,19912,4040,651654,651655,651657,651658,0,0,0,0
1787581483.3996773,-68,-80,-74,-53,23051,2656,17935,2236,651684,651685,651687,651688,0,0,0,0
1787581483.457826,-65,-91,-71,-63,20944,433,16014,477,651714,651715,651717,651718,0,0,0,0
1787581483.4804862,-82,-76,-68,-66,18855,31053,14114,31383,651744,651745,651747,651748,0,0,0,0
1787581483.6116772,-81,-70,-86,-67,14565,26921,9977,26768,651804,651805,651807,651808,0,0,0,0
1787581483.6217692,-80,-83,-79,-67,12397,25104,7807,24445,651834,651835,651837,651838,0,0,0,0
1787581483.8149893,-73,-60,-66,-63,10240,23168,5646,22123,651864,651865,651867,651868,0,0,0,0
1787581483.8149893,-80,-84,-81,-91,5915,18807,1163,17933,651924,651925,651927,651928,0,0,0,0
1787581483.9279566,-91,-95,-76,-70,3842,16563,31646,15962,651954,651955,651957,651958,0,0,0,0
1787581483.9279566,-48,-56,-44,-39,2111,14778,30085,14420,651984,651985,651987,651988,0,0,0,0
1787581483.9468534,-27,-29,-20,-22,1139,13664,29227,13732,652014,652015,652017,652018,0,0,0,0
1787581484.032255,-32,-31,-11,-21,330,12820,28670,13109,652044,652045,652047,652048,0,0,0,0
1787581484.0926077,-16,-15,-15,-10,32516,12231,28216,12689,652074,652075,652077,652078,0,0,0,0
1787581484.221448,-8,0,-10,-10,32204,11989,27950,12401,652104,652105,652107,652108,0,0,0,0
1787581484.221448,0,1,7,-1,32165,11971,27827,12283,652164,652165,652167,652168,0,0,0,0
1787581484.350025,2,-2,-1,-4,32226,11943,27814,12355,652254,652255,652257,652258,0,0,0,0
1787581484.4305258,-5,-2,-3,-1,32250,11922,27789,12376,652284,652285,652287,652288,0,0,0,0
1787581484.4788306,0,4,-1,-2,32254,11930,27802,12377,652314,652315,652317,652318,0,0,0,0
1787581484.6431472,-2,-5,-2,-3,32256,11925,27794,12379,652404,652405,652407,652408,0,0,0,0
1787581484.6431472,-3,2,-4,-2,32250,11935,27803,12373,652434,652435,652437,652438,0,0,0,0
1787581484.7668607,-4,-1,-1,-2,32247,11935,27803,12372,652494,652495,652497,652498,0,0,0,0
1787581484.8402963,2,1,-2,-3,32250,11932,27801,12375,652524,652525,652527,652528,0,0,0,0
1787581484.9499285,5,-4,-5,1,32247,11935,27804,12370,652644,652645,652647,652648,0,0,0,0
1787581485.0308661,5,-4,-5,1,32247,11935,27804,12370,652644,652645,652647,652648,0,0,0,0
1787581485.0926242,17,-7,-6,16,32508,11917,27819,12681,652704,652705,652707,652708,0,0,0,0
1787581485.1454208,72,-25,-38,61,648,11403,27223,13684,652734,652735,652737,652738,0,0,0,0
1787581485.193832,119,-105,-102,116,3081,9632,25769,16466,652764,652765,652767,652768,0,0,0,0
1787581485.2109034,132,-93,-106,87,6276,6814,23063,19769,652794,652795,652797,652798,0,0,0,0
1787581485.270507,102,-108,-116,136,9518,4210,20174,22908,652824,652825,652827,652828,0,0,0,0
1787581485.3212655,114,-110,-100,143,12699,1313,17316,26264,652854,652855,652857,652858,0,0,0,0
1787581485.4499655,105,-103,-118,148,16072,31161,14330,29686,652884,652885,652887,652888,0,0,0,0
1787581485.507053,127,-97,-89,131,19378,28157,11464,447,652914,652915,652917,652918,0,0,0,0
1787581485.5090535,116,-104,-99,100,22471,25374,8749,3463,652944,652945,652947,652948,0,0,0,0
1787581485.5105836,99,-99,-95,113,25367,22896,6341,6205,652974,652975,652977,652978,0,0,0,0
1787581485.6302705,73,-76,-93,103,27923,20639,4189,8803,653004,653005,653007,653008,0,0,0,0
1787581485.6506398,74,-71,-70,91,30325,18530,2205,11278,653034,653035,653037,653038,0,0,0,0
1787581485.6891649,73,-73,-76,79,32746,16310,35,13736,653064,653065,653067,653068,0,0,0,0
1787581485.7607334,91,-85,-88,86,2531,14111,30543,16388,653094,653095,653097,653098,0,0,0,0
1787581485.771275,99,-82,-89,110,5493,11825,28121,19200,653124,653125,653127,653128,0,0,0,0
1787581485.8181264,135,-80,-96,88,8440,9391,25551,22048,653154,653155,653157,653158,0,0,0,0
1787581485.8711534,111,-84,-116,113,11527,6876,22810,25038,653184,653185,653187,653188,0,0,0,0
1787581485.9718492,92,-109,-103,89,14268,3933,19760,27760,653214,653215,653217,653218,0,0,0,0
1787581486.0075805,105,-101,-117,75,16951,1119,16878,30268,653244,653245,653247,653248,0,0,0,0
1787581486.0522647,87,-86,-91,83,19543,31214,14037,35,653274,653275,653277,653278,0,0,0,0
1787581486.0684981,85,-101,-95,87,21999,28557,11358,2458,653304,653305,653307,653308,0,0,0,0
1787581486.1328342,81,-95,-99,97,24351,25950,8767,4758,653334,653335,653337,653338,0,0,0,0
1787581486.1931136,101,-80,-99,80,26710,23225,6032,7140,653364,653365,653367,653368,0,0,0,0
1787581486.2737777,76,-103,-88,80,29088,20599,3348,9485,653394,653395,653397,653398,0,0,0,0
1787581486.2898648,78,-110,-109,87,31497,17902,635,11880,653424,653425,653427,653428,0,0,0,0
1787581486.370197,99,-92,-107,94,1336,15107,30486,14450,653454,653455,653457,653458,0,0,0,0
1787581486.4180646,112,-107,-119,95,3915,12271,27510,16946,653484,653485,653487,653488,0,0,0,0
1787581486.4825182,94,-89,-106,80,6439,9317,24617,19521,653514,653515,653517,653518,0,0,0,0
1787581486.4825182,96,-111,-91,72,8989,6554,21829,21997,653544,653545,653547,653548,0,0,0,0
1787581486.6078215,92,-109,-93,67,11378,3697,19098,24497,653574,653575,653577,653578,0,0,0,0
1787581486.6262796,74,-88,-102,83,13823,973,16399,26923,653604,653605,653607,653608,0,0,0,0
1787581486.6419082,71,-92,-110,90,16155,31062,13576,29339,653634,653635,653637,653638,0,0,0,0
1787581486.8827076,81,-98,-102,90,18558,28163,10777,31777,653664,653665,653667,653668,0,0,0,0
1787581486.8827076,58,-72,-36,30,25598,20790,3766,5764,653754,653755,653757,653758,0,0,0,0
1787581486.8827076,51,-48,-17,-19,27144,19244,3517,5816,653784,653785,653787,653788,0,0,0,0
1787581487.0041146,3,-4,0,-19,28491,18935,2751,5434,653844,653845,653847,653848,0,0,0,0
1787581487.2336838,-11,15,9,-11,27686,20363,3622,3640,653964,653965,653967,653968,0,0,0,0
1787581487.2865968,-3,9,6,-6,27492,20586,3836,3441,653994,653995,653997,653998,0,0,0,0
1787581487.30256,1,2,-1,5,27329,20666,3933,3352,654024,654025,654027,654028,0,0,0,0
1787581487.4150174,-2,1,-5,-1,27290,20681,3950,3333,654054,654055,654057,654058,0,0,0,0
1787581487.4150174,-1,-8,-4,4,27282,20639,3895,3332,654084,654085,654087,654088,0,0,0,0
1787581487.4990196,4,-3,2,1,27316,20594,3854,3359,654114,654115,654117,654118,0,0,0,0
1787581487.5126402,-3,0,-2,2,27354,20556,3811,3390,654144,654145,654147,654148,0,0,0,0
1787581487.6188455,-2,-4,-4,2,27393,20518,3775,3421,654174,654175,654177,654178,0,0,0,0
1787581487.6188455,4,-1,1,5,27419,20491,3749,3442,654204,654205,654207,654208,0,0,0,0
1787581487.646697,5,-5,-1,4,27444,20466,3726,3461,654234,654235,654237,654238,0,0,0,0
1787581487.7114398,1,-2,1,1,27464,20444,3705,3478,654264,654265,654267,654268,0,0,0,0
1787581487.7727268,-2,-3,0,1,27481,20426,3689,3491,654294,654295,654297,654298,0,0,0,0
1787581487.8943348,-2,-1,-1,3,27512,20398,3663,3517,654354,654355,654357,654358,0,0,0,0
1787581487.910327,2,0,3,0,27526,20381,3647,3530,654384,654385,654387,654388,0,0,0,0
1787581488.1142733,-2,-3,-2,0,27575,20334,3605,3576,654474,654475,654477,654478,0,0,0,0
1787581488.1270971,-1,-4,-2,-2,27593,20313,3588,3593,654534,654535,654537,654538,0,0,0,0
1787581488.2459142,-1,-1,-3,0,27606,20303,3578,3607,654594,654595,654597,654598,0,0,0,0
1787581488.270138,7,2,3,2,27619,20290,3566,3621,654624,654625,654627,654628,0,0,0,0
1787581488.3268366,7,2,3,2,27619,20290,3566,3621,654624,654625,654627,654628,0,0,0,0
1787581488.4234643,4,1,2,3,27735,20157,3454,3754,654714,654715,654717,654718,0,0,0,0
1787581488.5252128,10,-6,-4,-1,27775,20118,3418,3806,654744,654745,654747,654748,0,0,0,0
1787581488.5252128,4,-1,1,1,27815,20067,3374,3861,654774,654775,654777,654778,0,0,0,0
1787581488.6420488,-1,2,1,0,27847,20024,3341,3901,654804,654805,654807,654808,0,0,0,0
1787581488.6420488,3,-5,0,-2,27869,20002,3323,3927,654834,654835,654837,654838,0,0,0,0
1787581488.669919,-2,-3,0,0,27882,19989,3311,3942,654864,654865,654867,654868,0,0,0,0
1787581488.8461761,1,-3,-1,2,27880,19986,3310,3940,654894,654895,654897,654898,0,0,0,0
1787581488.8461761,-5,1,-5,-3,27875,20000,3327,3913,654924,654925,654927,654928,0,0,0,0
1787581488.8461761,-2,-1,4,1,27826,20061,3375,3851,654954,654955,654957,654958,0,0,0,0
1787581488.8621554,1,0,0,2,27795,20090,3401,3816,654984,654985,654987,654988,0,0,0,0
1787581488.94229,1,3,-2,-2,27790,20088,3402,3820,655014,655015,655017,655018,0,0,0,0
1787581489.0470643,1,0,-1,1,27832,20034,3356,3882,655074,655075,655077,655078,0,0,0,0
1787581489.0629425,0,-2,1,0,27858,20002,3330,3918,655104,655105,655107,655108,0,0,0,0
1787581489.143552,-5,-2,-5,-1,27881,19973,3306,3951,655134,655135,655137,655138,0,0,0,0
1787581489.2085454,-1,-4,-5,0,27899,19954,3287,3976,655164,655165,655167,655168,0,0,0,0
1787581489.224294,2,-3,-2,0,27913,19938,3271,3992,655194,655195,655197,655198,0,0,0,0
1787581489.3445632,-5,2,-1,2,27923,19926,3263,4003,655254,655255,655257,655258,0,0,0,0
1787581489.45934,-4,-2,-2,-4,27922,19928,3265,4001,655284,655285,655287,655288,0,0,0,0
1787581489.45934,3,-4,0,4,27917,19933,3269,3996,655344,655345,655347,655348,0,0,0,0
1787581489.5503793,0,-8,0,0,27917,19932,3268,3996,655374,655375,655377,655378,0,0,0,0
1787581489.6635401,0,0,2,0,27919,19931,3266,3998,655434,655435,655437,655438,0,0,0,0
1787581489.744224,5,5,3,-2,27920,19931,3266,3999,655464,655465,655467,655468,0,0,0,0
1787581489.7604032,-4,0,0,-4,27919,19932,3268,3996,655524,655525,655527,655528,0,0,0,0
1787581489.965525,2,1,-1,1,27920,19930,3266,4001,655614,655615,655617,655618,0,0,0,0
1787581490.080992,-3,6,9,2,27916,19935,3269,3994,655704,655705,655707,655708,0,0,0,0
1787581490.168726,1,8,-5,1,27916,19934,3269,3995,655734,655735,655737,655738,0,0,0,0
1787581490.2669578,3,-1,0,-1,27919,19930,3267,3999,655764,655765,655767,655768,0,0,0,0
1787581490.2812765,0,1,4,-2,27921,19928,3264,4001,655794,655795,655797,655798,0,0,0,0
1787581490.2812765,-5,-4,1,3,27919,19931,3267,3998,655824,655825,655827,655828,0,0,0,0
1787581490.3652208,-1,-6,1,0,27919,19931,3268,4000,655854,655855,655857,655858,0,0,0,0
1787581490.4110858,-3,2,1,-2,27919,19930,3266,4000,655884,655885,655887,655888,0,0,0,0
1787581490.572409,-1,-5,-5,-1,27920,19929,3264,4000,655914,655915,655917,655918,0,0,0,0
1787581490.572409,0,0,1,-2,27921,19929,3265,4000,655944,655945,655947,655948,0,0,0,0
1787581490.5932248,3,-7,2,0,27921,19927,3264,4001,655974,655975,655977,655978,0,0,0,0
1787581490.6740882,-1,1,-1,0,27920,19928,3265,4001,656004,656005,656007,656008,0,0,0,0
1787581490.6865377,-2,1,1,3,27920,19929,3266,4000,656034,656035,656037,656038,0,0,0,0
1787581490.7709801,-6,0,-1,3,27920,19930,3266,3999,656064,656065,656067,656068,0,0,0,0
1787581490.902846,1,0,-2,-4,27920,19929,3266,4000,656094,656095,656097,656098,0,0,0,0
1787581490.902846,-2,2,-5,-2,27922,19929,3264,4002,656154,656155,656157,656158,0,0,0,0
1787581490.9104104,-1,-1,-2,0,27920,19930,3266,4000,656184,656185,656187,656188,0,0,0,0
1787581490.9786372,3,2,4,-1,27919,19930,3268,3998,656214,656215,656217,656218,0,0,0,0
1787581491.1037745,-2,-1,-1,2,27919,19932,3268,3996,656244,656245,656247,656248,0,0,0,0
1787581491.1037745,-6,4,1,3,27919,19930,3266,3999,656304,656305,656307,656308,0,0,0,0
1787581491.1913834,2,-2,-4,1,27921,19930,3265,4001,656334,656335,656337,656338,0,0,0,0
1787581515.7527666,-3,1,-2,-1,27681,3758,13683,26860,671064,671065,671067,671068,0,0,0,0
1787581515.7656257,0,5,0,-4,27680,3767,13688,26861,671124,671125,671127,671128,0,0,0,0
1787581515.9655266,4,-1,2,5,27705,3732,13662,26885,671184,671185,671187,671188,0,0,0,0
1787581515.9655266,1,1,0,-2,27707,3727,13657,26888,671214,671215,671217,671218,0,0,0,0
1787581516.076458,-7,5,0,-1,27703,3733,13664,26883,671244,671245,671247,671248,0,0,0,0
1787581516.076458,-4,2,-3,-4,27690,3750,13677,26871,671304,671305,671307,671308,0,0,0,0
1787581516.1857555,-1,1,4,-3,27699,3737,13666,26882,671364,671365,671367,671368,0,0,0,0
1787581516.2920413,-4,-2,1,0,27704,3734,13664,26884,671424,671425,671427,671428,0,0,0,0
1787581516.3823416,4,-2,0,2,27692,3748,13675,26872,671484,671485,671487,671488,0,0,0,0
1787581516.4931395,2,3,-4,-1,27692,3748,13674,26875,671514,671515,671517,671518,0,0,0,0
1787581516.4931395,0,1,-6,4,27698,3742,13669,26878,671544,671545,671547,671548,0,0,0,0
1787581516.5695238,2,-3,0,1,27701,3738,13667,26882,671574,671575,671577,671578,0,0,0,0
1787581516.674261,6,-1,-1,-1,27702,3737,13667,26881,671604,671605,671607,671608,0,0,0,0
1787581516.6804967,-1,4,-5,0,27698,3740,13669,26878,671634,671635,671637,671638,0,0,0,0
1787581516.6875517,1,-6,-5,0,27695,3744,13673,26876,671664,671665,671667,671668,0,0,0,0
1787581516.7917252,2,-1,-12,0,27694,3746,13673,26875,671694,671695,671697,671698,0,0,0,0
1787581516.8054483,-2,0,0,-1,27696,3742,13671,26878,671724,671725,671727,671728,0,0,0,0
1787581516.993334,-1,0,-8,-2,27699,3741,13669,26880,671784,671785,671787,671788,0,0,0,0
1787581517.1072392,-3,0,-1,-1,27696,3743,13670,26877,671844,671845,671847,671848,0,0,0,0
1787581517.1102371,-2,0,2,0,27702,3738,13666,26881,671904,671905,671907,671908,0,0,0,0
1787581517.207285,-5,-1,0,-1,27696,3744,13672,26878,671994,671995,671997,671998,0,0,0,0
1787581517.306894,6,-5,-6,-1,27696,3743,13671,26877,672054,672055,672057,672058,0,0,0,0
1787581517.410175,-3,3,1,-1,27696,3742,13670,26878,672084,672085,672087,672088,0,0,0,0
1787581517.511669,1,-1,-3,0,27698,3740,13669,26878,672114,672115,672117,672118,0,0,0,0
1787581517.511669,1,-2,2,-1,27698,3741,13670,26878,672174,672175,672177,672178,0,0,0,0
1787581517.5607862,3,5,3,-4,27698,3742,13670,26878,672204,672205,672207,672208,0,0,0,0
1787581517.6733842,2,-1,-4,-1,27698,3741,13670,26878,672234,672235,672237,672238,0,0,0,0
1787581517.6733842,-1,0,1,-1,27698,3739,13668,26879,672264,672265,672267,672268,0,0,0,0
1787581517.770353,-9,-2,3,-2,27698,3740,13669,26878,672294,672295,672297,672298,0,0,0,0
1787581517.8748484,-2,-3,-3,0,27696,3742,13671,26877,672354,672355,672357,672358,0,0,0,0
1787581517.8909154,-2,-2,3,-2,27697,3741,13668,26878,672384,672385,672387,672388,0,0,0,0
1787581518.0092845,0,0,-1,-2,27699,3738,13667,26880,672414,672415,672417,672418,0,0,0,0
1787581518.0092845,0,-2,2,1,27700,3739,13667,26880,672444,672445,672447,672448,0,0,0,0
1787581518.0250669,6,-1,2,0,27696,3743,13672,26877,672474,672475,672477,672478,0,0,0,0
1787581518.1240797,-3,-1,3,3,27693,3746,13675,26874,672504,672505,672507,672508,0,0,0,0
1787581518.1240797,-4,-5,6,1,27692,3747,13674,26873,672534,672535,672537,672538,0,0,0,0
1787581518.220976,-4,-4,3,-4,27694,3744,13672,26876,672564,672565,672567,672568,0,0,0,0
1787581518.3416138,0,-1,2,0,27699,3741,13669,26879,672654,672655,672657,672658,0,0,0,0
1787581518.4307182,-4,-4,1,2,27691,3750,13676,26872,672714,672715,672717,672718,0,0,0,0
1787581518.5408971,1,-3,2,-2,27696,3742,13670,26878,672774,672775,672777,672778,0,0,0,0
1787581518.5915391,-1,2,-2,2,27699,3739,13667,26880,672804,672805,672807,672808,0,0,0,0
1787581518.6312947,3,1,-4,0,27698,3740,13669,26878,672834,672835,672837,672838,0,0,0,0
1787581518.7017488,-5,0,6,-1,27694,3743,13671,26877,672864,672865,672867,672868,0,0,0,0
1787581518.8327267,-5,-2,-3,1,27693,3745,13673,26875,672894,672895,672897,672898,0,0,0,0
1787581518.9666135,3,1,3,-4,27697,3741,13668,26878,672984,672985,672987,672988,0,0,0,0
1787581518.9680388,-1,-4,0,-2,27696,3743,13670,26877,673014,673015,673017,673018,0,0,0,0
1787581519.0416372,-1,3,0,-3,27693,3746,13673,26874,673044,673045,673047,673048,0,0,0,0
1787581519.0481868,-2,0,1,13,27692,3748,13675,26874,673074,673075,673077,673078,0,0,0,0
1787581519.1443882,-1,-2,2,-2,27695,3742,13670,26877,673134,673135,673137,673138,0,0,0,0
1787581519.2409286,3,3,4,1,27693,3746,13674,26874,673194,673195,673197,673198,0,0,0,0
1787581519.4484093,0,-3,-2,-2,27690,3748,13676,26872,673224,673225,673227,673228,0,0,0,0
1787581519.4484093,4,4,-2,1,27694,3743,13669,26876,673314,673315,673317,673318,0,0,0,0
1787581519.5697963,2,-3,0,2,27691,3748,13674,26872,673374,673375,673377,673378,0,0,0,0
1787581519.6548936,-2,1,-2,3,27690,3750,13676,26871,673404,673405,673407,673408,0,0,0,0
1787581519.6548936,2,0,-1,-1,27689,3749,13676,26871,673434,673435,673437,673438,0,0,0,0
1787581519.7760763,3,-4,1,1,27692,3748,13674,26874,673464,673465,673467,673468,0,0,0,0
1787581519.7760763,-1,0,-2,2,27692,3748,13674,26875,673494,673495,673497,673498,0,0,0,0
1787581519.84817,-7,-3,-2,1,27692,3747,13673,26873,673554,673555,673557,673558,0,0,0,0
1787581519.8670974,-1,0,2,-2,27691,3745,13673,26875,673584,673585,673587,673588,0,0,0,0
1787581519.9727771,1,-3,8,0,27692,3746,13672,26874,673614,673615,673617,673618,0,0,0,0
1787581519.9737906,-4,-3,0,1,27692,3746,13673,26874,673644,673645,673647,673648,0,0,0,0
1787581520.0635424,-8,-5,-2,1,27691,3746,13672,26874,673674,673675,673677,673678,0,0,0,0
1787581520.065549,2,3,-2,2,27692,3744,13672,26875,673704,673705,673707,673708,0,0,0,0
1787581520.185892,2,3,-4,0,27695,3743,13671,26877,673764,673765,673767,673768,0,0,0,0
1787581520.2019284,3,-2,1,-3,27691,3747,13675,26873,673794,673795,673797,673798,0,0,0,0
1787581520.2653146,1,2,-3,1,27688,3750,13677,26870,673824,673825,673827,673828,0,0,0,0
1787581520.3674119,0,2,1,-3,27691,3747,13673,26873,673884,673885,673887,673888,0,0,0,0
1787581520.4707112,-2,-1,-3,-1,27692,3747,13673,26873,673944,673945,673947,673948,0,0,0,0
1787581520.578225,-1,0,-1,-2,27685,3753,13679,26868,674004,674005,674007,674008,0,0,0,0
1787581520.6800818,-1,0,4,3,27690,3748,13675,26873,674064,674065,674067,674068,0,0,0,0
1787581520.8077853,-3,3,0,7,27691,3748,13675,26872,674124,674125,674127,674128,0,0,0,0
1787581520.8239312,-1,0,-3,1,27688,3750,13676,26871,674154,674155,674157,674158,0,0,0,0
1787581520.8880477,2,-1,1,-1,27687,3752,13678,26870,674184,674185,674187,674188,0,0,0,0
1787581520.9925797,2,-1,6,-2,27688,3750,13676,26871,674244,674245,674247,674248,0,0,0,0
1787581521.0890067,2,2,-3,0,27689,3750,13676,26871,674274,674275,674277,674278,0,0,0,0
1787581521.0890067,0,-1,-2,0,27690,3751,13676,26871,674304,674305,674307,674308,0,0,0,0
1787581521.1451268,2,-6,-1,1,27692,3748,13674,26874,674334,674335,674337,674338,0,0,0,0
1787581521.2909868,-6,5,3,3,27692,3747,13672,26874,674364,674365,674367,674368,0,0,0,0
1787581521.2909868,2,-8,-2,4,27693,3748,13674,26873,674394,674395,674397,674398,0,0,0,0
1787581521.4019375,0,-4,-2,0,27689,3749,13675,26870,674484,674485,674487,674488,0,0,0,0
1787581521.498815,-2,-4,0,-6,27691,3748,13675,26872,674514,674515,674517,674518,0,0,0,0
1787581521.597985,-1,-2,-3,1,27691,3748,13674,26873,674574,674575,674577,674578,0,0,0,0
1787581521.597985,-3,0,4,2,27690,3749,13675,26872,674604,674605,674607,674608,0,0,0,0
1787581521.6322439,1,-2,0,-3,27688,3749,13675,26869,674634,674635,674637,674638,0,0,0,0
1787581521.68654,2,2,0,-3,27690,3750,13676,26871,674664,674665,674667,674668,0,0,0,0
1787581521.7491982,2,3,-5,0,27691,3748,13674,26873,674694,674695,674697,674698,0,0,0,0
1787581521.8945525,-2,-5,1,-1,27693,3748,13675,26873,674754,674755,674757,674758,0,0,0,0
1787581521.9104168,-3,-1,-1,-1,27690,3751,13679,26871,674784,674785,674787,674788,0,0,0,0
1787581522.0294113,1,0,-5,1,27685,3756,13682,26866,674844,674845,674847,674848,0,0,0,0
1787581522.0452044,2,-1,1,-3,27684,3761,13686,26862,674874,674875,674877,674878,0,0,0,0
1787581522.2213395,-2,-1,-6,1,27603,3862,13769,26787,674934,674935,674937,674938,0,0,0,0
1787581522.2213395,-3,4,0,2,27568,3895,13795,26764,674964,674965,674967,674968,0,0,0,0
1787581522.3126616,1,1,1,-3,27665,3780,13698,26856,675024,675025,675027,675028,0,0,0,0
1787581522.4437504,-2,0,-7,-4,27700,3737,13666,26877,675084,675085,675087,675088,0,0,0,0
1787581522.450801,-7,2,0,1,27683,3755,13682,26861,675114,675115,675117,675118,0,0,0,0
1787581522.527542,3,-1,2,-1,27665,3776,13700,26846,675144,675145,675147,675148,0,0,0,0
1787581522.6042833,4,-3,0,-4,27645,3799,13719,26830,675174,675175,675177,675178,0,0,0,0
1787581522.7222831,-4,0,-6,0,27640,3811,13727,26826,675234,675235,675237,675238,0,0,0,0
1787581522.7284179,-2,2,1,0,27642,3804,13722,26829,675264,675265,675267,675268,0,0,0,0
1787581522.8390815,-2,-3,4,-1,27647,3799,13718,26832,675294,675295,675297,675298,0,0,0,0
1787581522.9302087,2,-4,-1,-3,27641,3806,13723,26827,675384,675385,675387,675388,0,0,0,0
1787581523.042241,0,1,2,-3,27639,3807,13725,26826,675414,675415,675417,675418,0,0,0,0
1787581523.042241,-4,-1,-1,-1,27643,3802,13720,26829,675474,675475,675477,675478,0,0,0,0
1787581523.1353972,1,6,-1,-1,27644,3801,13720,26831,675504,675505,675507,675508,0,0,0,0
1787581523.1512225,0,1,-1,0,27642,3803,13721,26829,675534,675535,675537,675538,0,0,0,0
1787581523.2489362,7,0,-4,-2,27641,3805,13723,26827,675564,675565,675567,675568,0,0,0,0
1787581523.2489362,1,1,5,-1,27644,3802,13721,26831,675624,675625,675627,675628,0,0,0,0
1787581523.3453794,1,1,-2,-4,27644,3802,13721,26829,675654,675655,675657,675658,0,0,0,0
1787581523.4515474,-1,-2,-2,0,27641,3805,13722,26828,675684,675685,675687,675688,0,0,0,0
1787581523.4583783,-1,-1,-1,3,27643,3801,13720,26830,675744,675745,675747,675748,0,0,0,0
1787581523.5411,1,-1,7,-1,27647,3798,13717,26832,675774,675775,675777,675778,0,0,0,0
1787581523.5735283,3,-4,-4,-3,27648,3804,13718,26830,675804,675805,675807,675808,0,0,0,0
1787581523.716615,2,-2,2,-1,27639,3800,13716,26826,675834,675835,675837,675838,0,0,0,0
1787581523.716615,-1,-33,-8,0,27637,3802,13719,26822,675864,675865,675867,675868,0,0,0,0
1787581523.716615,11,6,1,-3,27633,3800,13721,26820,675894,675895,675897,675898,0,0,0,0
1787581523.9501722,-2,-5,1,4,27639,3794,13718,26828,676014,676015,676017,676018,0,0,0,0
1787581523.9715352,-1,1,2,-2,27644,3791,13716,26832,676044,676045,676047,676048,0,0,0,0
1787581524.0693138,-1,-1,-6,-2,27645,3789,13715,26834,676074,676075,676077,676078,0,0,0,0
1787581524.0693138,0,3,4,-2,27644,3791,13716,26832,676104,676105,676107,676108,0,0,0,0
1787581524.1662686,-1,0,0,-1,27642,3792,13715,26830,676164,676165,676167,676168,0,0,0,0
1787581524.270898,1,2,4,3,27643,3789,13715,26832,676194,676195,676197,676198,0,0,0,0
1787581524.3541594,0,3,2,0,27643,3790,13714,26832,676224,676225,676227,676228,0,0,0,0
1787581524.3602037,-1,7,8,-2,27643,3790,13715,26832,676254,676255,676257,676258,0,0,0,0
1787581524.4024444,4,-1,-3,0,27642,3791,13716,26830,676284,676285,676287,676288,0,0,0,0
1787581524.5599895,1,-2,0,1,27642,3792,13716,26830,676314,676315,676317,676318,0,0,0,0
1787581524.5599895,-2,-1,0,-1,27642,3796,13728,26823,676374,676375,676377,676378,0,0,0,0
1787581524.6244395,1,0,0,1,27635,3808,13741,26818,676404,676405,676407,676408,0,0,0,0
1787581524.6244395,1,-3,-3,2,27643,3799,13730,26826,676434,676435,676437,676438,0,0,0,0
1787581524.6871605,2,0,-3,-3,27641,3804,13732,26825,676464,676465,676467,676468,0,0,0,0
1787581524.7661898,3,-1,-4,3,27663,3770,13703,26850,676494,676495,676497,676498,0,0,0,0
1787581524.888273,5,-4,-3,2,27724,3693,13635,26909,676524,676525,676527,676528,0,0,0,0
1787581524.888273,1,-1,-5,-5,27778,3626,13574,26964,676554,676555,676557,676558,0,0,0,0
1787581524.977888,2,-11,-2,-1,27813,3585,13536,27000,676584,676585,676587,676588,0,0,0,0
1787581524.977888,-2,6,-1,0,27827,3572,13521,27012,676614,676615,676617,676618,0,0,0,0
1787581525.096611,-4,8,10,1,27796,3619,13570,26967,676644,676645,676647,676648,0,0,0,0
1787581525.096611,-5,9,9,-1,27727,3703,13648,26891,676674,676675,676677,676678,0,0,0,0
1787581525.1104248,-4,5,5,-2,27642,3806,13732,26814,676704,676705,676707,676708,0,0,0,0
1787581525.1891756,-5,-4,-1,-1,27575,3882,13794,26764,676734,676735,676737,676738,0,0,0,0
1787581525.251335,-2,3,-3,1,27544,3918,13820,26744,676764,676765,676767,676768,0,0,0,0
1787581525.2973602,-5,0,2,5,27539,3923,13821,26742,676794,676795,676797,676798,0,0,0,0
1787581525.3026543,12,-22,-20,21,27837,3547,13514,27042,676854,676855,676857,676858,0,0,0,0
1787581525.3876238,69,-64,-56,88,28930,2651,12484,28396,676884,676885,676887,676888,0,0,0,0
1787581525.445706,110,-120,-113,108,31544,32398,9908,31359,676914,676915,676917,676918,0,0,0,0
1787581525.4980235,104,-105,-97,124,1948,29452,6789,1457,676944,676945,676947,676948,0,0,0,0
1787581525.558197,92,-92,-128,92,4729,26705,3928,4429,676974,676975,676977,676978,0,0,0,0
1787581525.558197,108,-120,-106,115,7842,23619,753,7557,677004,677005,677007,677008,0,0,0,0
1787581525.682181,136,-130,-112,131,10971,20479,30281,10824,677034,677035,677037,677038,0,0,0,0
1787581525.7427812,95,-108,-113,89,14104,17314,27238,13949,677064,677065,677067,677068,0,0,0,0
1787581525.7485688,105,-114,-88,108,16969,14514,24475,16664,677094,677095,677097,677098,0,0,0,0
1787581525.804502,86,-85,-83,88,19654,11989,21984,19183,677124,677125,677127,677128,0,0,0,0
1787581525.8467436,81,-78,-84,93,21989,9718,19590,21485,677154,677155,677157,677158,0,0,0,0
1787581525.9020178,81,-84,-75,101,24234,7462,17371,23703,677184,677185,677187,677188,0,0,0,0
1787581525.9305525,101,-89,-78,102,26597,5143,15099,26079,677214,677215,677217,677218,0,0,0,0
1787581526.0002086,87,-91,-84,95,29175,2821,12825,28935,677244,677245,677247,677248,0,0,0,0
1787581526.082934,105,-96,-96,104,2114,30477,7686,2119,677304,677305,677307,677308,0,0,0,0
1787581526.1305878,106,-99,-108,125,5039,27705,4968,5105,677334,677335,677337,677338,0,0,0,0
1787581526.186134,86,-115,-94,93,8001,25073,2342,8026,677364,677365,677367,677368,0,0,0,0
1787581526.2511535,112,-107,-83,117,10849,22523,32627,10970,677394,677395,677397,677398,0,0,0,0
1787581526.3531613,96,-93,-84,90,13727,20090,30135,13756,677424,677425,677427,677428,0,0,0,0
1787581526.3675814,88,-98,-84,96,16423,17740,27859,16470,677454,677455,677457,677458,0,0,0,0
1787581526.4023876,100,-86,-77,104,19080,15336,25617,19223,677484,677485,677487,677488,0,0,0,0
1787581526.4506564,108,-88,-80,81,21758,13072,23316,21870,677514,677515,677517,677518,0,0,0,0
1787581526.5304775,90,-96,-86,91,24456,10811,20812,24555,677544,677545,677547,677548,0,0,0,0
1787581526.5699048,104,-116,-96,113,27308,8375,18353,27368,677574,677575,677577,677578,0,0,0,0
1787581526.6289294,110,-101,-119,102,29887,5694,15561,29898,677604,677605,677607,677608,0,0,0,0
1787581526.6717594,89,-111,-98,83,32566,2838,12687,32467,677634,677635,677637,677638,0,0,0,0
1787581526.687378,87,-92,-117,90,2365,63,9690,2189,677664,677665,677667,677668,0,0,0,0
1787581526.7425044,101,-95,-95,109,5066,30227,7008,4820,677694,677695,677697,677698,0,0,0,0
1787581526.8216612,93,-96,-92,98,7734,27652,4498,7499,677724,677725,677727,677728,0,0,0,0
1787581526.8396435,73,-109,-50,100,10241,25038,2051,10118,677754,677755,677757,677758,0,0,0,0
1787581526.9216409,85,-100,-107,81,12796,22335,32178,12580,677784,677785,677787,677788,0,0,0,0
1787581526.9710848,91,-79,-95,75,15218,19744,29255,14967,677814,677815,677817,677818,0,0,0,0
1787581527.0268846,96,-95,-99,75,17713,17072,26517,17297,677844,677845,677847,677848,0,0,0,0
1787581527.2245739,93,-70,-83,90,22767,11673,21167,22335,677904,677905,677907,677908,0,0,0,0
1787581527.2245739,39,-30,17,22,26286,8092,19370,24932,677964,677965,677967,677968,0,0,0,0
1787581527.3391275,7,-3,-5,0,27327,7075,19088,25328,678054,678055,678057,678058,0,0,0,0
1787581527.4355109,1,-2,-7,-4,27405,7017,19019,25375,678084,678085,678087,678088,0,0,0,0
1787581527.4470284,-3,3,0,-2,27409,7013,19024,25365,678114,678115,678117,678118,0,0,0,0
1787581527.548408,1,2,1,0,27385,7033,19047,25346,678144,678145,678147,678148,0,0,0,0
1787581527.5539618,-4,0,6,-2,27372,7045,19061,25333,678174,678175,678177,678178,0,0,0,0
1787581527.5692544,1,2,-1,1,27372,7040,19052,25334,678204,678205,678207,678208,0,0,0,0
1787581527.63847,-2,-1,-11,-1,27375,7036,19049,25337,678234,678235,678237,678238,0,0,0,0
1787581527.7413747,-1,3,-1,4,27401,7020,19037,25365,678264,678265,678267,678268,0,0,0,0
1787581527.747949,-5,1,0,1,27406,7017,19036,25364,678294,678295,678297,678298,0,0,0,0
1787581527.8461475,0,-4,3,-2,27381,7034,19052,25340,678324,678325,678327,678328,0,0,0,0
1787581527.9576447,-3,1,-1,-2,27361,7052,19067,25327,678384,678385,678387,678388,0,0,0,0
1787581527.9576447,-1,0,-8,0,27378,7038,19051,25341,678414,678415,678417,678418,0,0,0,0
1787581527.9576447,-3,5,-5,0,27396,7022,19035,25356,678444,678445,678447,678448,0,0,0,0
1787581528.0627666,-27,-70,-79,-49,27376,6878,18900,25214,678474,678475,678477,678478,0,0,0,0
1787581528.0627666,-62,-66,-97,-106,25608,5278,16553,22367,678504,678505,678507,678508,0,0,0,0
1787581528.1596055,-84,-69,-82,-66,21424,1207,12475,18485,678564,678565,678567,678568,0,0,0,0
1787581528.2556083,-77,-86,-61,-68,19483,31677,10271,16395,678594,678595,678597,678598,0,0,0,0
1787581528.3815746,-69,-89,-66,-66,17449,29409,8236,14617,678624,678625,678627,678628,0,0,0,0
1787581528.3815746,-73,-101,-78,-67,15329,27195,6288,12926,678654,678655,678657,678658,0,0,0,0
1787581528.3815746,-95,-89,-72,-85,13247,25166,4385,11005,678684,678685,678687,678688,0,0,0,0
1787581528.4710321,-88,-68,-83,-96,11136,23092,2367,8869,678714,678715,678717,678718,0,0,0,0
1787581528.575417,-75,-69,-80,-100,9034,21059,119,6564,678744,678745,678747,678748,0,0,0,0
1787581528.575417,-65,-75,-83,-103,6841,19228,30698,4102,678774,678775,678777,678778,0,0,0,0
1787581528.588726,-64,-69,-81,-88,4753,17326,28562,1925,678804,678805,678807,678808,0,0,0,0
1787581528.6441462,-81,-70,-83,-67,2681,15187,26340,32440,678834,678835,678837,678838,0,0,0,0
1787581528.755936,-89,-82,-68,-67,562,12867,23999,30288,678864,678865,678867,678868,0,0,0,0
1787581528.760422,-80,-91,-71,-75,31075,10680,21912,28236,678894,678895,678897,678898,0,0,0,0
1787581528.8661673,-41,-49,-44,-34,29279,9010,20427,26881,678924,678925,678927,678928,0,0,0,0
1787581528.9839437,-28,-31,-31,-32,28310,7750,19476,26160,678954,678955,678957,678958,0,0,0,0
1787581528.9846473,-19,-26,-14,-10,26987,6226,18315,25123,679014,679015,679017,679018,0,0,0,0
1787581529.075038,2,1,-7,-3,26712,5759,17995,24925,679044,679045,679047,679048,0,0,0,0
1787581529.0889437,3,-9,-3,-2,26753,5709,17832,24894,679074,679075,679077,679078,0,0,0,0
1787581529.185632,1,-2,-8,-2,26806,5653,17769,24962,679104,679105,679107,679108,0,0,0,0
1787581529.1929824,2,-4,-2,7,26900,5551,17656,25063,679134,679135,679137,679138,0,0,0,0
1787581529.2110474,-2,-4,-1,-1,27005,5464,17568,25171,679164,679165,679167,679168,0,0,0,0
1787581529.290454,1,0,-1,-2,27056,5412,17522,25213,679194,679195,679197,679198,0,0,0,0
1787581529.3286586,-2,2,4,1,27052,5424,17534,25200,679224,679225,679227,679228,0,0,0,0
1787581529.4845302,4,2,2,-4,27020,5452,17561,25169,679284,679285,679287,679288,0,0,0,0
1787581529.6212444,-7,-4,1,-1,26956,5517,17623,25102,679404,679405,679407,679408,0,0,0,0
1787581529.6212444,1,-3,-1,-3,26955,5513,17620,25104,679434,679435,679437,679438,0,0,0,0
1787581529.6849735,-3,0,1,0,26972,5496,17601,25124,679464,679465,679467,679468,0,0,0,0
1787581529.7692966,-2,1,0,1,27005,5471,17578,25153,679524,679525,679527,679528,0,0,0,0
1787581529.8772714,-2,1,-2,-3,26987,5487,17595,25131,679554,679555,679557,679558,0,0,0,0
1787581529.8772714,-3,-1,0,-3,26966,5507,17613,25110,679584,679585,679587,679588,0,0,0,0
1787581529.9094732,-1,-1,1,-2,26959,5513,17619,25106,679614,679615,679617,679618,0,0,0,0
1787581530.042244,2,-3,-2,2,26987,5484,17590,25144,679644,679645,679647,679648,0,0,0,0
1787581530.0546398,23,-20,-16,21,27257,5217,17339,25475,679674,679675,679677,679678,0,0,0,0
1787581530.0902767,64,-93,-68,62,28230,4001,16243,26693,679704,679705,679707,679708,0,0,0,0
1787581530.1105416,121,-105,-135,97,30856,894,13348,29215,679734,679735,679737,679738,0,0,0,0
1787581530.189938,101,-106,-88,111,769,30696,10274,32228,679764,679765,679767,679768,0,0,0,0
1787581530.2189827,107,-99,-132,111,3516,27892,7382,2343,679794,679795,679797,679798,0,0,0,0
1787581530.2986205,114,-121,-127,110,6709,24609,3947,5509,679824,679825,679827,679828,0,0,0,0
1787581530.3618429,122,-123,-111,141,9898,21452,782,8651,679854,679855,679857,679858,0,0,0,0
1787581530.4199026,113,-108,-98,94,12974,18405,30476,11643,679884,679885,679887,679888,0,0,0,0
1787581530.428152,105,-101,-93,98,15887,15579,27760,14360,679914,679915,679917,679918,0,0,0,0
1787581530.498599,80,-93,-99,94,18461,13020,25305,16865,679944,679945,679947,679948,0,0,0,0
1787581530.525357,71,-82,-100,87,20828,10653,22905,19257,679974,679975,679977,679978,0,0,0,0
1787581530.6367676,70,-100,-70,81,23231,8575,20805,21719,680004,680005,680007,680008,0,0,0,0
1787581530.6509645,69,-96,-82,85,25645,6450,18721,24278,680034,680035,680037,680038,0,0,0,0
1787581530.7161713,83,-116,-89,95,28138,4075,16458,26928,680064,680065,680067,680068,0,0,0,0
1787581530.7555206,113,-109,-85,132,30904,1579,13874,29804,680094,680095,680097,680098,0,0,0,0
1787581530.8169117,93,-103,-99,98,1037,31564,11191,32717,680124,680125,680127,680128,0,0,0,0
1787581530.8239214,126,-92,-106,108,3930,28824,8343,2971,680154,680155,680157,680158,0,0,0,0
1787581530.87947,95,-98,-91,86,6819,26110,5557,5745,680184,680185,680187,680188,0,0,0,0
1787581530.948927,97,-78,-97,115,9547,23459,2767,8374,680214,680215,680217,680218,0,0,0,0
1787581531.0465522,91,-95,-93,95,14489,18197,30212,13159,680274,680275,680277,680278,0,0,0,0
1787581531.1108592,100,-101,-111,89,16884,15588,27564,15408,680304,680305,680307,680308,0,0,0,0
1787581531.158234,92,-93,-115,95,19278,12977,24859,17670,680334,680335,680337,680338,0,0,0,0
1787581531.2167683,79,-91,-92,103,21778,10325,21999,20198,680364,680365,680367,680368,0,0,0,0
1787581531.2310586,79,-102,-100,109,24272,7483,19223,22698,680394,680395,680397,680398,0,0,0,0
1787581531.2899528,97,-89,-100,101,26803,4628,16394,25224,680424,680425,680427,680428,0,0,0,0
1787581531.3219986,87,-115,-106,82,29321,1840,13557,27810,680454,680455,680457,680458,0,0,0,0
1787581531.43394,104,-108,-90,79,31879,31715,10548,30272,680484,680485,680487,680488,0,0,0,0
1787581531.449658,101,-86,-101,69,1615,28936,7791,32685,680514,680515,680517,680518,0,0,0,0
1787581531.6340728,102,-85,-87,92,6533,23446,2318,4877,680574,680575,680577,680578,0,0,0,0
1787581531.6340728,53,-56,-11,16,10527,19245,31729,8417,680634,680635,680637,680638,0,0,0,0
1787581531.7340903,36,-20,-29,-3,11499,18286,31045,8127,680664,680665,680667,680668,0,0,0,0
1787581531.7455525,12,0,-10,-25,12378,18321,30777,8054,680694,680695,680697,680698,0,0,0,0
1787581531.942703,-3,7,4,-8,12527,18268,30840,7576,680724,680725,680727,680728,0,0,0,0
1787581531.942703,-22,26,17,-30,11487,19220,31672,6415,680784,680785,680787,680788,0,0,0,0
1787581531.942703,-24,12,17,-14,10830,19743,32203,5788,680814,680815,680817,680818,0,0,0,0
1787581532.053176,-10,4,9,-9,10192,20286,27,5228,680874,680875,680877,680878,0,0,0,0
1787581532.1505258,-6,2,-1,-14,10035,20449,164,5064,680904,680905,680907,680908,0,0,0,0
1787581532.1505258,-4,-39,3,-5,9958,20550,249,4978,680934,680935,680937,680938,0,0,0,0
1787581532.3523579,-3,2,-2,0,9937,20572,264,4969,681024,681025,681027,681028,0,0,0,0
1787581532.4656563,-3,-5,-3,0,9972,20531,225,5009,681054,681055,681057,681058,0,0,0,0
1787581532.4705868,6,-2,-1,4,10060,20431,132,5111,681114,681115,681117,681118,0,0,0,0
1787581532.5464842,-1,2,0,-2,10119,20351,66,5185,681174,681175,681177,681178,0,0,0,0
1787581532.6651304,0,-3,-2,-1,10128,20337,57,5193,681264,681265,681267,681268,0,0,0,0
1787581532.7614133,-1,-5,-4,2,10139,20320,42,5213,681324,681325,681327,681328,0,0,0,0
1787581532.8796306,-1,3,0,-5,10146,20311,32,5217,681354,681355,681357,681358,0,0,0,0
1787581532.968089,-1,4,-2,-3,10134,20320,42,5206,681414,681415,681417,681418,0,0,0,0
1787581532.9701095,-1,-6,4,0,10134,20321,43,5206,681444,681445,681447,681448,0,0,0,0
1787581533.1711144,1,-5,-7,-2,10113,20344,67,5181,681564,681565,681567,681568,0,0,0,0
1787581533.2836306,-3,5,-1,-5,10066,20384,114,5116,681594,681595,681597,681598,0,0,0,0
1787581533.2836306,-2,3,36,-2,10043,20402,134,5095,681624,681625,681627,681628,0,0,0,0
1787581533.3728738,1,-7,-3,4,10075,20370,92,5145,681684,681685,681687,681688,0,0,0,0
1787581533.4844642,-4,-3,0,1,10132,20294,28,5214,681744,681745,681747,681748,0,0,0,0
1787581533.5812721,-3,-3,2,0,10133,20291,27,5212,681804,681805,681807,681808,0,0,0,0
1787581533.692058,-3,0,2,-1,10121,20308,42,5194,681834,681835,681837,681838,0,0,0,0
1787581533.692058,0,-1,-3,0,10109,20319,55,5182,681864,681865,681867,681868,0,0,0,0
1787581533.7895837,-2,4,-6,3,10106,20324,55,5183,681924,681925,681927,681928,0,0,0,0
1787581533.8987272,0,0,-1,-6,10119,20308,41,5197,681984,681985,681987,681988,0,0,0,0
1787581533.9330637,-4,-1,-3,0,10121,20307,41,5196,682014,682015,682017,682018,0,0,0,0
1787581533.990813,1,0,1,-1,10116,20312,46,5191,682044,682045,682047,682048,0,0,0,0
1787581534.0397344,1,0,0,-4,10112,20316,49,5187,682074,682075,682077,682078,0,0,0,0
1787581534.1957858,0,-4,-2,1,10115,20312,45,5192,682134,682135,682137,682138,0,0,0,0
1787581534.198783,-1,2,-2,0,10118,20309,43,5195,682164,682165,682167,682168,0,0,0,0
1787581534.310494,-2,8,1,1,10115,20315,45,5193,682224,682225,682227,682228,0,0,0,0
1787581534.3266373,-1,0,-2,-3,10115,20317,46,5190,682254,682255,682257,682258,0,0,0,0
1787581534.4065893,-4,-1,-3,2,10114,20318,47,5188,682284,682285,682287,682288,0,0,0,0
1787581534.4439127,-4,-2,-1,-5,10114,20315,48,5189,682314,682315,682317,682318,0,0,0,0
1787581534.5906296,0,-2,-7,2,10112,20319,51,5187,682344,682345,682347,682348,0,0,0,0
1787581534.60653,6,0,2,4,10114,20317,48,5191,682374,682375,682377,682378,0,0,0,0
1787581534.60653,-1,0,-2,1,10116,20311,44,5194,682404,682405,682407,682408,0,0,0,0
1787581534.68739,-1,-3,2,-1,10117,20311,43,5194,682434,682435,682437,682438,0,0,0,0
1787581534.7315793,-1,-4,0,-1,10115,20315,47,5189,682494,682495,682497,682498,0,0,0,0
1787581534.796512,0,-1,-4,-1,10114,20316,48,5189,682524,682525,682527,682528,0,0,0,0
1787581535.013901,0,-1,-2,-5,10117,20312,44,5193,682644,682645,682647,682648,0,0,0,0
1787581535.1293483,0,8,-4,-4,10117,20311,44,5194,682674,682675,682677,682678,0,0,0,0
1787581535.1403887,-2,0,-3,-3,10116,20312,44,5192,682704,682705,682707,682708,0,0,0,0
1787581535.1423938,3,-2,5,-1,10116,20314,46,5192,682734,682735,682737,682738,0,0,0,0
1787581535.230033,-3,1,-3,0,10116,20314,45,5191,682764,682765,682767,682768,0,0,0,0
1787581535.2614455,4,1,-7,2,10116,20314,45,5192,682794,682795,682797,682798,0,0,0,0
1787581549.3498473,-1,-1,-1,-1,6813,27168,20546,23648,691224,691225,691227,691228,0,0,0,0
1787581549.5545588,-2,0,4,1,6815,27164,20542,23652,691284,691285,691287,691288,0,0,0,0
1787581549.5545588,1,-1,2,-1,6813,27167,20545,23648,691344,691345,691347,691348,0,0,0,0
1787581549.5545588,-2,5,3,-1,6813,27169,20545,23648,691374,691375,691377,691378,0,0,0,0
1787581549.5708108,0,-1,1,-1,6814,27168,20545,23649,691404,691405,691407,691408,0,0,0,0
1787581549.6776996,-4,3,10,-2,6818,27161,20540,23655,691464,691465,691467,691468,0,0,0,0
1787581549.7725754,-2,1,0,-3,6815,27164,20542,23651,691524,691525,691527,691528,0,0,0,0
1787581549.8832965,2,-1,-7,2,6817,27165,20541,23652,691584,691585,691587,691588,0,0,0,0
1787581549.9633791,-4,-2,-6,-2,6815,27166,20542,23652,691644,691645,691647,691648,0,0,0,0
1787581550.083751,1,3,-2,3,6816,27164,20541,23652,691704,691705,691707,691708,0,0,0,0
1787581550.1551104,-4,-3,0,2,6817,27163,20541,23653,691734,691735,691737,691738,0,0,0,0
1787581550.1690342,6,9,5,3,6819,27163,20541,23654,691764,691765,691767,691768,0,0,0,0
1787581550.3701875,0,-4,-3,-1,6817,27165,20542,23652,691794,691795,691797,691798,0,0,0,0
1787581550.3701875,-1,1,-4,-3,6815,27165,20543,23651,691824,691825,691827,691828,0,0,0,0
1787581550.3767555,4,5,-3,-4,6814,27166,20544,23651,691854,691855,691857,691858,0,0,0,0
1787581550.3911328,-3,-5,3,-2,6813,27167,20544,23651,691884,691885,691887,691888,0,0,0,0
1787581550.488857,0,2,-3,3,6817,27163,20541,23653,691944,691945,691947,691948,0,0,0,0
1787581550.586058,2,2,4,0,6813,27167,20543,23649,692004,692005,692007,692008,0,0,0,0
1787581550.697108,2,-3,1,4,6814,27167,20544,23651,692064,692065,692067,692068,0,0,0,0
1787581550.7874882,0,-1,2,2,6815,27164,20542,23653,692094,692095,692097,692098,0,0,0,0
1787581550.8224843,2,-2,-1,2,6816,27164,20541,23652,692124,692125,692127,692128,0,0,0,0
1787581550.977885,-4,2,1,1,6811,27169,20545,23648,692214,692215,692217,692218,0,0,0,0
1787581551.0974226,-1,1,-1,-2,6813,27166,20543,23651,692244,692245,692247,692248,0,0,0,0
1787581551.0974226,-2,-5,-1,2,6815,27164,20542,23652,692304,692305,692307,692308,0,0,0,0
1787581551.17236,2,0,3,-4,6814,27166,20543,23651,692334,692335,692337,692338,0,0,0,0
1787581551.2848077,3,-1,2,-3,6814,27166,20542,23652,692364,692365,692367,692368,0,0,0,0
1787581551.2848077,-2,-6,-2,-2,6815,27163,20541,23652,692394,692395,692397,692398,0,0,0,0
1787581551.3982906,1,-3,-2,-2,6812,27169,20545,23649,692484,692485,692487,692488,0,0,0,0
1787581551.5097375,-1,-16,2,2,6815,27165,20542,23652,692544,692545,692547,692548,0,0,0,0
1787581551.5718656,0,0,0,1,6815,27164,20542,23653,692574,692575,692577,692578,0,0,0,0
1787581551.6127284,0,-6,1,1,6815,27164,20542,23651,692604,692605,692607,692608,0,0,0,0
1787581551.8032396,-4,-2,-6,4,6813,27166,20543,23651,692664,692665,692667,692668,0,0,0,0
1787581551.8032396,2,-2,3,3,6813,27167,20544,23650,692724,692725,692727,692728,0,0,0,0
1787581551.8032396,2,-2,3,3,6813,27167,20544,23650,692724,692725,692727,692728,0,0,0,0
1787581551.918664,1,0,-5,5,6814,27166,20543,23652,692814,692815,692817,692818,0,0,0,0
1787581552.0118542,-1,-5,0,-5,6813,27168,20545,23649,692874,692875,692877,692878,0,0,0,0
1787581552.1272721,-1,-2,2,-1,6814,27166,20542,23651,692904,692905,692907,692908,0,0,0,0
1787581552.217508,1,-1,0,-1,6814,27167,20544,23650,692964,692965,692967,692968,0,0,0,0
1787581552.287255,1,-1,0,-1,6814,27167,20544,23650,692964,692965,692967,692968,0,0,0,0
1787581552.287255,-4,3,4,-4,6810,27171,20548,23647,693024,693025,693027,693028,0,0,0,0
1787581552.4190283,-2,0,-1,-5,6817,27163,20540,23654,693084,693085,693087,693088,0,0,0,0
1787581552.4324095,6,0,-3,6,6817,27163,20541,23653,693114,693115,693117,693118,0,0,0,0
1787581552.5365944,4,1,2,1,6814,27165,20542,23651,693144,693145,693147,693148,0,0,0,0
1787581552.6196394,0,0,0,-5,6813,27168,20545,23649,693174,693175,693177,693178,0,0,0,0
1787581552.627487,0,0,2,-2,6814,27165,20543,23652,693234,693235,693237,693238,0,0,0,0
1787581552.7395895,1,-2,4,-2,6817,27162,20540,23654,693264,693265,693267,693268,0,0,0,0
1787581552.7395895,6,3,3,4,6816,27163,20540,23653,693294,693295,693297,693298,0,0,0,0
1787581552.8283713,-4,5,1,-4,6814,27166,20543,23650,693324,693325,693327,693328,0,0,0,0
1787581552.8419228,4,1,5,-1,6811,27170,20547,23647,693354,693355,693357,693358,0,0,0,0
1787581552.9438076,9,-1,0,1,6811,27170,20547,23647,693384,693385,693387,693388,0,0,0,0
1787581552.9438076,-1,3,-6,0,6815,27166,20543,23652,693414,693415,693417,693418,0,0,0,0
1787581552.961968,4,-3,-3,1,6819,27161,20539,23655,693444,693445,693447,693448,0,0,0,0
1787581553.0394573,3,-1,4,2,6818,27162,20539,23654,693474,693475,693477,693478,0,0,0,0
1787581553.0800781,-2,-3,-5,-4,6815,27166,20543,23650,693504,693505,693507,693508,0,0,0,0
1787581553.1715174,-1,2,-3,-1,6814,27167,20543,23651,693564,693565,693567,693568,0,0,0,0
1787581553.2498567,1,-1,0,-1,6815,27166,20543,23651,693594,693595,693597,693598,0,0,0,0
1787581553.2955172,0,1,-1,0,6814,27167,20544,23649,693624,693625,693627,693628,0,0,0,0
1787581553.4380128,-5,3,-2,-5,6813,27170,20546,23648,693654,693655,693657,693658,0,0,0,0
1787581553.4380128,-1,-3,-4,-1,6812,27169,20546,23649,693684,693685,693687,693688,0,0,0,0
1787581553.4380128,3,-3,0,0,6813,27170,20545,23649,693714,693715,693717,693718,0,0,0,0
1787581553.576125,2,-3,1,0,6812,27164,20541,23649,693774,693775,693777,693778,0,0,0,0
1787581553.5854826,2,1,1,5,6816,27168,20542,23652,693804,693805,693807,693808,0,0,0,0
1787581553.7532935,-1,-3,2,-1,6821,27162,20537,23658,693834,693835,693837,693838,0,0,0,0
1787581553.7532935,3,-4,-3,0,6823,27155,20532,23662,693864,693865,693867,693868,0,0,0,0
1787581553.7689452,-3,-3,0,-1,6822,27157,20534,23658,693894,693895,693897,693898,0,0,0,0
1787581553.8489184,-2,-3,1,-2,6815,27168,20544,23650,693924,693925,693927,693928,0,0,0,0
1787581553.8648076,-2,-2,3,-4,6806,27180,20556,23640,693954,693955,693957,693958,0,0,0,0
1787581553.9606574,-4,2,0,-8,6802,27183,20560,23636,693984,693985,693987,693988,0,0,0,0
1787581553.9606574,-4,-1,-4,-2,6804,27179,20557,23640,694014,694015,694017,694018,0,0,0,0
1787581554.0560987,-1,1,1,-4,6809,27175,20551,23645,694044,694045,694047,694048,0,0,0,0
1787581554.0560987,-2,0,-9,-1,6810,27172,20550,23647,694074,694075,694077,694078,0,0,0,0
1787581554.1713028,-2,1,-5,-3,6809,27175,20552,23644,694104,694105,694107,694108,0,0,0,0
1787581554.1713028,1,1,-4,1,6806,27179,20555,23640,694164,694165,694167,694168,0,0,0,0
1787581554.2651696,2,1,2,-5,6807,27176,20554,23643,694194,694195,694197,694198,0,0,0,0
1787581554.3006368,-3,0,2,0,6809,27174,20550,23646,694224,694225,694227,694228,0,0,0,0
1787581554.461956,-3,-1,-1,1,6810,27173,20549,23646,694254,694255,694257,694258,0,0,0,0
1787581554.461956,1,-3,2,1,6808,27175,20552,23644,694284,694285,694287,694288,0,0,0,0
1787581554.5783386,-1,-3,-6,-1,6806,27179,20555,23642,694344,694345,694347,694348,0,0,0,0
1787581554.5783386,0,3,1,2,6808,27176,20553,23644,694374,694375,694377,694378,0,0,0,0
1787581554.5783386,-4,1,-2,2,6809,27174,20551,23646,694404,694405,694407,694408,0,0,0,0
1787581554.6745973,-7,-4,2,4,6809,27174,20551,23645,694434,694435,694437,694438,0,0,0,0
1787581554.7866175,1,2,1,4,6811,27175,20551,23647,694464,694465,694467,694468,0,0,0,0
1787581554.8003876,-3,0,2,4,6819,27162,20538,23657,694524,694525,694527,694528,0,0,0,0
1787581554.891148,-3,-2,1,1,6825,27159,20535,23661,694584,694585,694587,694588,0,0,0,0
1787581554.9886906,1,0,-3,-1,6822,27162,20538,23657,694614,694615,694617,694618,0,0,0,0
1787581555.0848389,2,-1,-8,5,6810,27172,20548,23645,694674,694675,694677,694678,0,0,0,0
1787581555.085219,1,-3,6,-1,6814,27171,20545,23649,694704,694705,694707,694708,0,0,0,0
1787581555.1969454,2,0,-4,1,6830,27146,20524,23669,694764,694765,694767,694768,0,0,0,0
1787581555.2862065,-1,-1,-19,-1,6838,27141,20516,23677,694794,694795,694797,694798,0,0,0,0
1787581555.2862065,1,0,-4,-2,6837,27140,20517,23677,694824,694825,694827,694828,0,0,0,0
1787581555.328867,2,0,0,-2,6832,27148,20525,23669,694854,694855,694857,694858,0,0,0,0
1787581555.411616,-7,-1,0,-10,6825,27156,20533,23663,694884,694885,694887,694888,0,0,0,0
1787581555.4905775,-1,-7,-4,2,6822,27159,20534,23659,694914,694915,694917,694918,0,0,0,0
1787581555.4905775,5,-7,0,-2,6822,27159,20536,23659,694944,694945,694947,694948,0,0,0,0
1787581555.6020963,0,-3,2,-2,6823,27156,20533,23661,694974,694975,694977,694978,0,0,0,0
1787581555.61825,-4,-3,-2,-4,6813,27162,20544,23654,695034,695035,695037,695038,0,0,0,0
1787581555.701977,1,2,1,-9,6773,27223,20601,23592,695064,695065,695067,695068,0,0,0,0
1787581555.7461147,-7,0,4,-2,6719,27294,20662,23537,695094,695095,695097,695098,0,0,0,0
1787581555.8972385,-2,-2,-1,4,6703,27288,20657,23532,695154,695155,695157,695158,0,0,0,0
1787581555.9112792,-6,-1,-1,-2,6712,27293,20660,23536,695184,695185,695187,695188,0,0,0,0
1787581556.0249538,3,0,4,3,6698,27306,20673,23523,695214,695215,695217,695218,0,0,0,0
1787581556.0259304,-1,-2,2,2,6689,27315,20680,23517,695244,695245,695247,695248,0,0,0,0
1787581556.0299027,3,-3,0,-1,6707,27294,20660,23536,695274,695275,695277,695278,0,0,0,0
1787581556.1055195,5,1,-4,-1,6726,27272,20641,23556,695304,695305,695307,695308,0,0,0,0
1787581556.2097566,-1,2,3,-1,6738,27260,20630,23566,695334,695335,695337,695338,0,0,0,0
1787581556.2101817,-8,2,3,-4,6733,27266,20637,23560,695364,695365,695367,695368,0,0,0,0
1787581556.3135,2,-1,-5,-5,6711,27292,20661,23535,695394,695395,695397,695398,0,0,0,0
1787581556.3140426,-4,2,10,2,6688,27320,20685,23511,695424,695425,695427,695428,0,0,0,0
1787581556.4110842,-2,4,5,0,6665,27343,20704,23489,695454,695455,695457,695458,0,0,0,0
1787581556.424999,-5,-1,-2,-2,6653,27359,20715,23478,695484,695485,695487,695488,0,0,0,0
1787581556.424999,0,-4,-2,-1,6650,27363,20720,23475,695514,695515,695517,695518,0,0,0,0
1787581556.5179133,-7,-4,5,-2,6650,27362,20719,23477,695544,695545,695547,695548,0,0,0,0
1787581556.5293682,2,0,-1,-4,6654,27357,20714,23481,695574,695575,695577,695578,0,0,0,0
1787581556.719447,-2,0,-4,0,6657,27353,20712,23483,695604,695605,695607,695608,0,0,0,0
1787581556.719447,-2,4,-6,-4,6657,27353,20711,23482,695634,695635,695637,695638,0,0,0,0
1787581556.7252228,-4,0,0,2,6657,27354,20712,23481,695694,695695,695697,695698,0,0,0,0
1787581556.8375823,-2,-2,-5,6,6654,27356,20714,23479,695724,695725,695727,695728,0,0,0,0
1787581556.8375823,2,0,0,-1,6652,27359,20716,23477,695754,695755,695757,695758,0,0,0,0
1787581556.9205074,1,-1,2,-6,6651,27359,20717,23477,695784,695785,695787,695788,0,0,0,0
1787581557.120697,0,1,0,-1,6657,27353,20712,23481,695874,695875,695877,695878,0,0,0,0
1787581557.1986413,2,-3,3,3,6656,27354,20712,23481,695934,695935,695937,695938,0,0,0,0
1787581557.2103467,1,-4,2,-5,6652,27355,20715,23479,695964,695965,695967,695968,0,0,0,0
1787581557.238669,-8,1,3,1,6648,27357,20716,23474,695994,695995,695997,695998,0,0,0,0
1787581557.3382661,-3,-4,-3,-1,6650,27359,20718,23476,696024,696025,696027,696028,0,0,0,0
1787581557.3511643,2,0,0,0,6649,27358,20716,23477,696054,696055,696057,696058,0,0,0,0
1787581557.44981,1,-5,-2,-4,6652,27360,20717,23479,696084,696085,696087,696088,0,0,0,0
1787581557.5375617,2,1,2,1,6654,27355,20712,23480,696144,696145,696147,696148,0,0,0,0
1787581557.5428333,2,1,2,1,6654,27355,20712,23480,696144,696145,696147,696148,0,0,0,0
1787581557.6625307,0,1,-4,-1,6658,27349,20708,23483,696204,696205,696207,696208,0,0,0,0
1787581557.6687315,-1,-3,0,1,6659,27353,20711,23482,696264,696265,696267,696268,0,0,0,0
1787581557.7443318,-3,0,-2,-1,6656,27354,20713,23481,696294,696295,696297,696298,0,0,0,0
1787581557.8556938,2,3,1,-1,6655,27356,20715,23478,696324,696325,696327,696328,0,0,0,0
1787581557.8627164,6,-7,2,2,6653,27357,20715,23478,696384,696385,696387,696388,0,0,0,0
1787581557.952578,-1,6,-1,-3,6655,27356,20713,23481,696414,696415,696417,696418,0,0,0,0
1787581557.9812284,2,-4,1,-12,6656,27355,20712,23480,696444,696445,696447,696448,0,0,0,0
1787581558.1335442,-2,-5,-1,2,6656,27355,20713,23481,696474,696475,696477,696478,0,0,0,0
1787581558.1335442,-6,0,-1,3,6656,27354,20713,23481,696504,696505,696507,696508,0,0,0,0
1787581558.146891,-9,-1,-3,0,6657,27353,20711,23482,696534,696535,696537,696538,0,0,0,0
1787581558.1704752,-6,-1,-6,-4,6657,27351,20710,23483,696564,696565,696567,696568,0,0,0,0
1787581558.2455235,2,2,-4,0,6657,27352,20711,23482,696594,696595,696597,696598,0,0,0,0
1787581558.3605115,-3,0,1,2,6647,27366,20734,23453,696654,696655,696657,696658,0,0,0,0
1787581558.3605115,3,-2,-4,-2,6658,27356,20722,23470,696684,696685,696687,696688,0,0,0,0
1787581558.4873536,-1,-4,1,0,6736,27268,20645,23554,696744,696745,696747,696748,0,0,0,0
1787581558.5643222,2,-4,-4,1,6771,27221,20601,23596,696774,696775,696777,696778,0,0,0,0
1787581558.5701866,5,-4,-5,11,6834,27137,20522,23674,696804,696805,696807,696808,0,0,0,0
1787581558.6815107,3,-2,-5,10,6976,26968,20340,23848,696864,696865,696867,696868,0,0,0,0
1787581558.7718937,-1,-4,-1,5,7105,26845,20188,23989,696924,696925,696927,696928,0,0,0,0
1787581558.8906226,-3,1,-2,1,7136,26822,20158,24018,696954,696955,696957,696958,0,0,0,0
1787581558.973981,-5,0,1,2,7148,26811,20146,24028,696984,696985,696987,696988,0,0,0,0
1787581558.973981,-6,2,0,-3,7173,26786,20111,24058,697014,697015,697017,697018,0,0,0,0
1787581559.0367193,0,1,-2,1,7219,26748,20062,24104,697044,697045,697047,697048,0,0,0,0
1787581559.0469432,1,0,1,0,7274,26708,20009,24151,697074,697075,697077,697078,0,0,0,0
1787581559.1338444,8,-10,-6,3,7359,26627,19918,24239,697104,697105,697107,697108,0,0,0,0
1787581559.1499274,29,-16,-12,29,7863,26428,19710,24673,697134,697135,697137,697138,0,0,0,0
1787581559.1984127,71,-67,-66,103,9254,25490,18702,26327,697164,697165,697167,697168,0,0,0,0
1787581559.2787077,144,-140,-110,122,12227,22431,16095,29355,697194,697195,697197,697198,0,0,0,0
1787581559.3289323,114,-110,-98,128,18088,17077,10376,2888,697254,697255,697257,697258,0,0,0,0
1787581559.3749788,108,-105,-126,140,21120,14020,7482,6134,697284,697285,697287,697288,0,0,0,0
1787581559.450819,113,-118,-114,130,24445,11028,4467,9593,697314,697315,697317,697318,0,0,0,0
1787581559.5096211,110,-99,-102,106,27725,8107,1590,12792,697344,697345,697347,697348,0,0,0,0
1787581559.55992,103,-93,-93,116,30631,5501,31769,15768,697374,697375,697377,697378,0,0,0,0
1787581559.5707583,105,-79,-85,84,633,3108,29459,18478,697404,697405,697407,697408,0,0,0,0
1787581559.6304662,91,-73,-82,81,3230,893,27356,20941,697434,697435,697437,697438,0,0,0,0
1787581559.6697276,84,-66,-94,89,5713,31436,25201,23390,697464,697465,697467,697468,0,0,0,0
1787581559.7299902,99,-80,-89,103,8261,29244,22998,26014,697494,697495,697497,697498,0,0,0,0
1787581559.79278,112,-96,-86,94,10932,27028,20649,28710,697524,697525,697527,697528,0,0,0,0
1787581559.8497212,97,-102,-102,94,13826,24643,18201,31561,697554,697555,697557,697558,0,0,0,0
1787581559.8913875,101,-79,-109,126,16533,21931,15467,1605,697584,697585,697587,697588,0,0,0,0
1787581559.9467273,105,-102,-93,86,19407,19229,12591,4424,697614,697615,697617,697618,0,0,0,0
1787581560.0007403,100,-91,-112,100,22201,16436,9853,7192,697644,697645,697647,697648,0,0,0,0
1787581560.056583,118,-93,-111,105,24914,13725,7069,9857,697674,697675,697677,697678,0,0,0,0
1787581560.0707579,94,-105,-110,83,27522,11095,4294,12373,697704,697705,697707,697708,0,0,0,0
1787581560.1320548,105,-105,-105,89,29974,8314,1492,14693,697734,697735,697737,697738,0,0,0,0
1787581560.1676135,90,-92,-97,77,32425,5775,31558,16983,697764,697765,697767,697768,0,0,0,0
1787581560.2299662,85,-87,-89,81,2122,3179,28943,19389,697794,697795,697797,697798,0,0,0,0
1787581560.2858868,79,-106,-95,83,4497,524,26261,21780,697824,697825,697827,697828,0,0,0,0
1787581560.3769403,77,-98,-106,86,6966,30434,23446,24234,697854,697855,697857,697858,0,0,0,0
1787581560.3769403,82,-112,-109,79,9472,27649,20482,26791,697884,697885,697887,697888,0,0,0,0
1787581560.5047185,87,-120,-99,87,11896,24771,17658,29225,697914,697915,697917,697918,0,0,0,0
1787581560.5779998,108,-112,-112,104,16868,19190,12094,1465,697974,697975,697977,697978,0,0,0,0
1787581560.5906801,96,-98,-99,97,19373,16249,9177,3871,698004,698005,698007,698008,0,0,0,0
1787581560.6895752,103,-94,-117,108,21818,13534,6368,6265,698034,698035,698037,698038,0,0,0,0
1787581560.7057192,77,-114,-92,109,24247,10784,3592,8675,698064,698065,698067,698068,0,0,0,0
1787581560.7377205,97,-88,-94,89,26636,8012,967,11218,698094,698095,698097,698098,0,0,0,0
1787581560.8172784,80,-114,-109,92,29002,5204,30993,13603,698124,698125,698127,698128,0,0,0,0
1787581560.8835845,79,-102,-99,93,31421,2450,28146,16027,698154,698155,698157,698158,0,0,0,0
1787581560.890206,87,-93,-104,91,1148,32422,25432,18524,698184,698185,698187,698188,0,0,0,0
1787581561.0190628,100,-100,-98,81,3677,29861,22821,20979,698214,698215,698217,698218,0,0,0,0
1787581561.0190628,66,-73,-25,35,5778,27704,21141,22883,698244,698245,698247,698248,0,0,0,0
1787581561.1371403,46,-21,-34,-15,7271,26203,20578,23040,698274,698275,698277,698278,0,0,0,0
1787581561.1371403,13,-6,-13,9,8393,25063,19707,23312,698334,698335,698337,698338,0,0,0,0
1787581561.225129,8,-6,-7,2,8662,24734,19497,23484,698364,698365,698367,698368,0,0,0,0
1787581561.3486953,3,-4,-2,2,8814,24593,19394,23594,698394,698395,698397,698398,0,0,0,0
1787581561.3486953,-4,-3,-1,-7,8926,24523,19327,23690,698454,698455,698457,698458,0,0,0,0
1787581561.4314756,2,-28,0,-2,8910,24539,19352,23664,698484,698485,698487,698488,0,0,0,0
1787581561.5425546,-3,2,1,-3,8882,24568,19377,23637,698514,698515,698517,698518,0,0,0,0
1787581561.549281,1,-4,-3,1,8865,24583,19391,23623,698574,698575,698577,698578,0,0,0,0
1787581561.6391785,-1,1,-1,0,8872,24576,19383,23628,698604,698605,698607,698608,0,0,0,0
1787581561.646977,-2,5,4,-4,8871,24576,19384,23625,698634,698635,698637,698638,0,0,0,0
1787581561.7716806,1,-3,1,1,8854,24593,19404,23611,698694,698695,698697,698698,0,0,0,0
1787581561.83563,11,6,-2,-4,8855,24597,19408,23613,698724,698725,698727,698728,0,0,0,0
1787581561.9510036,2,4,-2,-7,8868,24591,19404,23627,698784,698785,698787,698788,0,0,0,0
1787581561.9510036,-59,-73,-102,-90,8028,23606,18020,21972,698814,698815,698817,698818,0,0,0,0
1787581561.9709098,-84,-83,-70,-56,6077,21673,15913,19601,698844,698845,698847,698848,0,0,0,0
1787581562.0523324,-75,-67,-64,-85,4169,19656,13956,17789,698874,698875,698877,698878,0,0,0,0
1787581562.1549234,-70,-75,-87,-76,2212,17602,11923,15865,698904,698905,698907,698908,0,0,0,0
1787581562.1549234,-83,-82,-85,-53,219,15467,9907,13877,698934,698935,698937,698938,0,0,0,0
1787581562.164803,-89,-91,-72,-77,30834,13250,7744,11924,698964,698965,698967,698968,0,0,0,0
1787581562.2553995,-73,-68,-73,-62,26611,9081,3835,8109,699024,699025,699027,699028,0,0,0,0
1787581562.375452,-77,-74,-91,-108,22491,4807,32430,3891,699084,699085,699087,699088,0,0,0,0
1787581562.4517896,-73,-73,-77,-110,20433,2826,30152,1719,699114,699115,699117,699118,0,0,0,0
1787581562.465866,-77,-62,-80,-90,18327,894,27980,32127,699144,699145,699147,699148,0,0,0,0
1787581562.5078485,-77,-73,-71,-87,16119,31537,25861,29863,699174,699175,699177,699178,0,0,0,0
1787581562.6605165,-71,-90,-69,-73,13918,29398,23798,27697,699204,699205,699207,699208,0,0,0,0
1787581562.6605165,-53,-73,-65,-51,11794,27257,21862,25908,699234,699235,699237,699238,0,0,0,0
1787581562.6675782,-35,-41,-31,-27,10380,25903,20731,24905,699264,699265,699267,699268,0,0,0,0
1787581562.7788339,-24,-33,-24,-19,9626,24949,19983,24378,699294,699295,699297,699298,0,0,0,0
1787581562.7788339,-8,-21,-12,-11,9125,24347,19456,23955,699324,699325,699327,699328,0,0,0,0
1787581562.8685288,0,-4,-7,-8,8869,24067,19097,23677,699354,699355,699357,699358,0,0,0,0
1787581562.9805593,2,1,-1,-1,8861,24030,18947,23572,699384,699385,699387,699388,0,0,0,0
1787581562.9805593,-1,3,-1,-8,8863,24043,18952,23563,699414,699415,699417,699418,0,0,0,0
1787581562.9805593,0,0,3,-2,8836,24068,18974,23532,699444,699445,699447,699448,0,0,0,0
1787581563.070585,-3,4,4,-1,8789,24109,19015,23490,699474,699475,699477,699478,0,0,0,0
1787581563.1781538,-4,4,5,0,8731,24158,19064,23437,699504,699505,699507,699508,0,0,0,0
1787581563.1781538,3,1,1,-3,8623,24238,19156,23351,699564,699565,699567,699568,0,0,0,0
1787581563.2428408,-6,-4,3,-3,8590,24260,19181,23327,699594,699595,699597,699598,0,0,0,0
1787581563.366439,-3,-5,3,-2,8583,24266,19184,23323,699654,699655,699657,699658,0,0,0,0
1787581563.3821883,1,0,1,4,8598,24253,19170,23335,699684,699685,699687,699688,0,0,0,0
1787581563.4804916,-2,1,-1,1,8615,24245,19159,23349,699714,699715,699717,699718,0,0,0,0
1787581563.4804916,-3,1,3,3,8624,24236,19152,23356,699744,699745,699747,699748,0,0,0,0
1787581563.5992835,-2,4,2,1,8626,24235,19149,23355,699774,699775,699777,699778,0,0,0,0
1787581563.5992835,2,0,1,6,8622,24240,19155,23351,699804,699805,699807,699808,0,0,0,0
1787581563.6793933,5,3,-4,-7,8614,24244,19160,23346,699834,699835,699837,699838,0,0,0,0
1787581563.8016975,0,2,-1,-3,8611,24247,19162,23343,699864,699865,699867,699868,0,0,0,0
1787581563.8113525,0,-2,0,0,8619,24240,19156,23350,699954,699955,699957,699958,0,0,0,0
1787581563.8700068,0,-5,2,-2,8624,24234,19151,23357,699984,699985,699987,699988,0,0,0,0
1787581563.9711137,21,-19,-17,9,8853,24044,18955,23517,700014,700015,700017,700018,0,0,0,0
1787581563.9867947,83,-79,-44,50,9996,23005,18236,24334,700044,700045,700047,700048,0,0,0,0
1787581564.0351105,111,-118,-114,106,12806,20025,15999,26950,700074,700075,700077,700078,0,0,0,0
1787581564.0918398,100,-79,-87,91,15709,17383,12672,30323,700104,700105,700107,700108,0,0,0,0
1787581564.107725,100,-105,-103,112,18359,14761,9963,293,700134,700135,700137,700138,0,0,0,0
1787581564.204168,112,-107,-112,98,21217,11756,6893,3414,700164,700165,700167,700168,0,0,0,0
1787581564.2619367,105,-143,-107,113,24406,8557,3561,6699,700194,700195,700197,700198,0,0,0,0
1787581564.269969,115,-89,-110,114,27354,5588,676,9585,700224,700225,700227,700228,0,0,0,0
1787581564.3269644,94,-96,-93,92,30192,2942,30728,12435,700254,700255,700257,700258,0,0,0,0
1787581564.390746,76,-102,-81,75,32753,458,28268,15020,700284,700285,700287,700288,0,0,0,0
1787581564.487986,72,-81,-82,67,4646,28550,23589,19658,700344,700345,700347,700348,0,0,0,0
1787581564.548968,89,-98,-98,76,7155,26180,21164,22085,700374,700375,700377,700378,0,0,0,0
1787581564.5980916,92,-104,-91,93,9750,23556,18604,24718,700404,700405,700407,700408,0,0,0,0
1787581564.6528769,102,-95,-107,111,12448,20896,15918,27539,700434,700435,700437,700438,0,0,0,0
1787581564.7154124,103,-113,-96,96,15203,18023,12982,30446,700464,700465,700467,700468,0,0,0,0
1787581564.7293503,107,-101,-91,104,18080,15265,10222,441,700494,700495,700497,700498,0,0,0,0
1787581564.7638998,81,-95,-108,85,20754,12547,7514,3203,700524,700525,700527,700528,0,0,0,0
1787581564.8265364,81,-101,-99,88,23390,9957,4840,5814,700554,700555,700557,700558,0,0,0,0
1787581564.9099686,87,-91,-85,101,25923,7398,2307,8330,700584,700585,700587,700588,0,0,0,0
1787581564.9384308,95,-92,-87,103,28449,4815,32515,10898,700614,700615,700617,700618,0,0,0,0
1787581564.9869273,92,-87,-94,100,30980,2392,30034,13534,700644,700645,700647,700648,0,0,0,0
1787581565.0503778,97,-81,-103,89,754,32619,27515,16058,700674,700675,700677,700678,0,0,0,0
1787581565.1117077,94,-103,-120,90,3321,30054,24906,18704,700704,700705,700707,700708,0,0,0,0
1787581565.1507633,105,-106,-96,113,5993,27412,22213,21372,700734,700735,700737,700738,0,0,0,0
1787581565.2116973,114,-104,-90,100,8862,24630,19461,24069,700764,700765,700767,700768,0,0,0,0
1787581565.2597663,95,-79,-102,86,11514,21963,16824,26738,700794,700795,700797,700798,0,0,0,0
1787581565.3232412,89,-95,-94,113,14153,19390,14163,29432,700824,700825,700827,700828,0,0,0,0
1787581565.3964288,115,-107,-94,99,16758,16729,11549,32122,700854,700855,700857,700858,0,0,0,0
1787581565.4114892,100,-100,-99,98,19365,14135,8914,1935,700884,700885,700887,700888,0,0,0,0
1787581565.528571,96,-77,-101,81,21938,11570,6321,4479,700914,700915,700917,700918,0,0,0,0
1787581565.6319606,108,-78,-83,58,26888,6759,1445,9356,700974,700975,700977,700978,0,0,0,0
1787581565.6319606,11,-49,10,28,29671,4070,505,11338,701034,701035,701037,701038,0,0,0,0
1787581565.7274706,-2,-6,10,12,29443,3357,594,11872,701064,701065,701067,701068,0,0,0,0
1787581565.8727758,-4,13,10,-7,29452,3886,1071,11813,701124,701125,701127,701128,0,0,0,0
1787581565.8727758,-7,9,14,-2,29306,4300,1367,11584,701154,701155,701157,701158,0,0,0,0
1787581565.9518,-4,7,3,-5,29021,4559,1695,11342,701214,701215,701217,701218,0,0,0,0
1787581566.066877,-1,-5,1,1,28946,4621,1769,11276,701274,701275,701277,701278,0,0,0,0
1787581566.1398664,1,0,-2,-1,28985,4587,1723,11322,701334,701335,701337,701338,0,0,0,0
1787581566.2544718,1,-3,1,4,29044,4533,1656,11382,701394,701395,701397,701398,0,0,0,0
1787581566.3472056,-4,-3,-1,0,29085,4492,1608,11420,701454,701455,701457,701458,0,0,0,0
1787581566.4305518,-4,-7,0,3,29097,4479,1593,11433,701484,701485,701487,701488,0,0,0,0
1787581566.4590342,0,0,-11,-4,29108,4470,1582,11443,701514,701515,701517,701518,0,0,0,0
1787581566.5533679,1,-7,-4,2,29120,4458,1568,11455,701574,701575,701577,701578,0,0,0,0
1787581566.6662247,-2,3,1,-5,29122,4454,1564,11458,701604,701605,701607,701608,0,0,0,0
1787581566.6820748,-4,-2,-2,1,29123,4452,1560,11461,701634,701635,701637,701638,0,0,0,0
1787581566.7559776,-1,4,2,-5,29137,4437,1542,11475,701664,701665,701667,701668,0,0,0,0
1787581566.762031,3,-3,-1,5,29159,4419,1520,11497,701694,701695,701697,701698,0,0,0,0
1787581566.8729706,7,-3,-1,5,29165,4408,1512,11501,701724,701725,701727,701728,0,0,0,0
1787581566.8729706,-1,3,-1,-3,29169,4409,1508,11503,701754,701755,701757,701758,0,0,0,0
1787581566.9571435,-3,-4,1,-11,29174,4401,1501,11508,701784,701785,701787,701788,0,0,0,0
1787581566.9702115,-4,-6,3,5,29171,4407,1506,11505,701814,701815,701817,701818,0,0,0,0
1787581567.0769553,1,-2,2,13,29159,4420,1523,11490,701844,701845,701847,701848,0,0,0,0
1787581567.0833182,4,-1,-1,-4,29148,4436,1540,11478,701874,701875,701877,701878,0,0,0,0
1787581567.1671696,0,-1,1,2,29131,4444,1551,11465,701904,701905,701907,701908,0,0,0,0
1787581567.1671696,-4,7,0,-5,29116,4464,1573,11439,701934,701935,701937,701938,0,0,0,0
1787581567.281611,-2,-7,-2,-2,29066,4508,1641,11397,701964,701965,701967,701968,0,0,0,0
1787581567.281611,-2,-4,1,4,29034,4525,1659,11368,701994,701995,701997,701998,0,0,0,0
1787581567.3687112,2,-5,1,-1,29056,4509,1639,11396,702054,702055,702057,702058,0,0,0,0
1787581567.492709,-1,-2,-1,-6,29137,4428,1541,11476,702144,702145,702147,702148,0,0,0,0
1787581567.5014515,1,-9,-1,6,29152,4410,1523,11491,702174,702175,702177,702178,0,0,0,0
1787581567.5907788,-2,0,-4,0,29160,4403,1513,11499,702204,702205,702207,702208,0,0,0,0
1787581567.7292137,-5,3,-3,0,29162,4406,1514,11496,702234,702235,702237,702238,0,0,0,0
1787581567.7292137,-1,1,7,-1,29153,4414,1525,11488,702264,702265,702267,702268,0,0,0,0
1787581567.7430274,1,5,-3,-1,29142,4422,1538,11478,702294,702295,702297,702298,0,0,0,0
1787581567.7785373,-2,-1,3,-6,29135,4428,1546,11472,702324,702325,702327,702328,0,0,0,0
1787581567.8940747,1,1,-6,3,29133,4430,1547,11471,702354,702355,702357,702358,0,0,0,0
1787581567.8940747,0,-7,-3,0,29136,4427,1543,11474,702384,702385,702387,702388,0,0,0,0
1787581567.97447,2,-3,-1,8,29141,4422,1537,11479,702414,702415,702417,702418,0,0,0,0
1787581567.9904828,-2,3,-2,-1,29145,4420,1533,11482,702444,702445,702447,702448,0,0,0,0
1787581568.0919027,-3,3,-1,-3,29145,4419,1533,11482,702504,702505,702507,702508,0,0,0,0
1787581568.1891863,2,-1,-3,1,29139,4423,1540,11478,702534,702535,702537,702538,0,0,0,0
1787581568.2918704,-2,1,1,6,29149,4417,1530,11484,702624,702625,702627,702628,0,0,0,0
1787581568.3961957,0,-4,-2,-4,29150,4417,1530,11485,702654,702655,702657,702658,0,0,0,0
1787581568.402595,3,-2,-6,-1,29148,4415,1531,11484,702684,702685,702687,702688,0,0,0,0
1787581568.6009605,0,5,1,-1,29148,4415,1530,11484,702744,702745,702747,702748,0,0,0,0
1787581568.6009605,-4,0,0,-1,29146,4418,1536,11480,702804,702805,702807,702808,0,0,0,0
1787581568.7138205,-1,1,0,1,29156,4408,1523,11490,702834,702835,702837,702838,0,0,0,0
1787581568.729906,0,1,0,1,29097,4468,1597,11431,702894,702895,702897,702898,0,0,0,0
1787581568.8119533,2,1,-6,-5,29080,4482,1613,11417,702924,702925,702927,702928,0,0,0,0
1787581568.9200137,-5,-1,5,1,29081,4484,1613,11415,702954,702955,702957,702958,0,0,0,0
1787581568.9327626,-2,3,4,-3,29024,4541,1683,11355,703014,703015,703017,703018,0,0,0,0
1787581569.1185796,-5,3,1,-4,28824,4721,1907,11133,703104,703105,703107,703108,0,0,0,0
1787581569.2154484,-5,6,2,-8,28694,4843,2028,10989,703134,703135,703137,703138,0,0,0,0
1787581569.3023412,-5,8,8,-10,28484,5044,2225,10759,703164,703165,703167,703168,0,0,0,0
1787581569.3061514,-6,12,12,-11,28164,5365,2534,10413,703194,703195,703197,703198,0,0,0,0
1787581569.3061514,-16,8,11,-21,27811,5737,2978,9996,703224,703225,703227,703228,0,0,0,0
1787581569.4201257,-13,24,17,-19,27355,6220,3421,9481,703254,703255,703257,703258,0,0,0,0
1787581591.9485626,1,-3,-17,3,9597,15255,22823,3017,716814,716815,716817,716818,0,0,0,0
1787581592.144798,-1,2,-2,-2,9618,15237,22801,3035,716874,716875,716877,716878,0,0,0,0
1787581592.1556153,-3,2,1,5,9630,15225,22784,3044,716934,716935,716937,716938,0,0,0,0
1787581592.16994,-8,-4,-2,-3,9632,15225,22784,3047,716964,716965,716967,716968,0,0,0,0
1787581592.2884307,-2,4,-2,0,9632,15225,22783,3046,716994,716995,716997,716998,0,0,0,0
1787581592.2884307,1,1,1,-1,9632,15224,22783,3046,717024,717025,717027,717028,0,0,0,0
1787581592.3564723,-2,-4,-1,-3,9633,15223,22784,3047,717054,717055,717057,717058,0,0,0,0
1787581592.371637,1,-7,-2,1,9633,15223,22782,3048,717084,717085,717087,717088,0,0,0,0
1787581592.561012,-3,1,0,3,9639,15220,22777,3054,717174,717175,717177,717178,0,0,0,0
1787581592.6845732,-2,1,-5,-3,9641,15214,22772,3057,717204,717205,717207,717208,0,0,0,0
1787581592.6845732,-2,-5,1,-3,9652,15206,22761,3067,717264,717265,717267,717268,0,0,0,0
1787581592.760996,1,0,-4,-2,9656,15201,22755,3071,717294,717295,717297,717298,0,0,0,0
1787581592.879042,3,1,1,-3,9665,15194,22747,3078,717354,717355,717357,717358,0,0,0,0
1787581592.8853347,0,1,-5,-2,9665,15192,22744,3079,717384,717385,717387,717388,0,0,0,0
1787581592.9823878,0,-1,4,2,9666,15193,22745,3078,717414,717415,717417,717418,0,0,0,0
1787581592.9893725,1,-5,0,-3,9666,15194,22746,3077,717444,717445,717447,717448,0,0,0,0
1787581593.0872853,1,-1,-1,0,9668,15191,22742,3081,717504,717505,717507,717508,0,0,0,0
1787581593.184622,0,0,2,-2,9671,15187,22738,3082,717564,717565,717567,717568,0,0,0,0
1787581593.2955947,2,-1,-5,-4,9674,15185,22735,3086,717624,717625,717627,717628,0,0,0,0
1787581593.3848581,0,-4,5,-1,9675,15183,22732,3087,717654,717655,717657,717658,0,0,0,0
1787581593.3852851,-3,-1,-4,0,9676,15184,22733,3086,717684,717685,717687,717688,0,0,0,0
1787581593.5738335,2,-2,-4,3,9674,15185,22734,3086,717714,717715,717717,717718,0,0,0,0
1787581593.5738335,-2,-1,-6,1,9672,15185,22736,3084,717774,717775,717777,717778,0,0,0,0
1787581593.589702,-4,-3,1,-2,9675,15183,22732,3087,717804,717805,717807,717808,0,0,0,0
1787581593.6870716,-2,-3,-1,1,9679,15179,22727,3089,717864,717865,717867,717868,0,0,0,0
1787581593.7672052,4,-1,0,-2,9678,15180,22728,3088,717894,717895,717897,717898,0,0,0,0
1787581593.8158133,-3,-3,-8,-6,9677,15182,22731,3087,717924,717925,717927,717928,0,0,0,0
1787581593.9969547,1,1,-5,-7,9679,15180,22728,3091,718014,718015,718017,718018,0,0,0,0
1787581593.9969547,-2,1,2,0,9682,15176,22722,3093,718044,718045,718047,718048,0,0,0,0
1787581594.1085756,2,5,-3,2,9684,15175,22719,3094,718074,718075,718077,718078,0,0,0,0
1787581594.1634908,2,0,2,-2,9683,15176,22723,3093,718134,718135,718137,718138,0,0,0,0
1787581594.2112598,-5,0,4,2,9680,15179,22725,3090,718164,718165,718167,718168,0,0,0,0
1787581594.2467244,1,-7,-1,3,9680,15179,22727,3090,718194,718195,718197,718198,0,0,0,0
1787581594.3820584,-3,1,2,-6,9670,15187,22733,3081,718224,718225,718227,718228,0,0,0,0
1787581594.3820584,3,2,-6,3,9565,15302,22891,2967,718254,718255,718257,718258,0,0,0,0
1787581594.6045182,-3,-2,1,-6,9778,15105,22628,3166,718374,718375,718377,718378,0,0,0,0
1787581594.7659955,-1,3,-3,1,9809,15076,22596,3191,718464,718465,718467,718468,0,0,0,0
1787581594.7807484,-1,2,2,2,9798,15084,22606,3181,718494,718495,718497,718498,0,0,0,0
1787581594.8849313,2,3,0,1,9787,15093,22620,3172,718524,718525,718527,718528,0,0,0,0
1787581594.8849313,0,1,3,-1,9779,15100,22627,3167,718554,718555,718557,718558,0,0,0,0
1787581595.013107,3,-4,0,0,9783,15098,22622,3169,718614,718615,718617,718618,0,0,0,0
1787581595.0236845,-1,-2,2,-3,9788,15093,22616,3176,718644,718645,718647,718648,0,0,0,0
1787581595.134617,-3,-2,3,0,9793,15091,22613,3178,718674,718675,718677,718678,0,0,0,0
1787581595.134617,1,4,-3,2,9793,15092,22614,3177,718734,718735,718737,718738,0,0,0,0
1787581595.2248616,2,-2,2,-2,9790,15093,22616,3176,718764,718765,718767,718768,0,0,0,0
1787581595.3370864,1,-2,4,-2,9789,15091,22615,3175,718794,718795,718797,718798,0,0,0,0
1787581595.342904,-3,1,-3,2,9792,15089,22612,3179,718824,718825,718827,718828,0,0,0,0
1787581595.342904,-3,2,5,0,9793,15088,22611,3181,718854,718855,718857,718858,0,0,0,0
1787581595.4224002,0,-1,-5,-2,9793,15088,22611,3179,718884,718885,718887,718888,0,0,0,0
1787581595.542159,3,-2,2,-6,9790,15093,22616,3175,718944,718945,718947,718948,0,0,0,0
1787581595.634219,-1,2,-1,2,9789,15092,22615,3176,719004,719005,719007,719008,0,0,0,0
1787581595.6384432,0,-1,0,-3,9791,15092,22614,3177,719034,719035,719037,719038,0,0,0,0
1787581595.7465947,-1,-2,0,-2,9791,15091,22613,3177,719064,719065,719067,719068,0,0,0,0
1787581595.7465947,-1,-2,0,-2,9791,15091,22613,3177,719064,719065,719067,719068,0,0,0,0
1787581595.7465947,-3,0,-4,0,9794,15088,22611,3180,719124,719125,719127,719128,0,0,0,0
1787581595.8457274,1,0,1,-1,9796,15085,22607,3183,719154,719155,719157,719158,0,0,0,0
1787581595.9521291,1,-6,2,0,9800,15082,22603,3186,719184,719185,719187,719188,0,0,0,0
1787581595.9521291,0,5,3,0,9802,15081,22601,3187,719244,719245,719247,719248,0,0,0,0
1787581596.0490391,-1,-7,3,2,9798,15086,22606,3184,719274,719275,719277,719278,0,0,0,0
1787581596.1601074,0,-2,-2,0,9793,15089,22612,3180,719304,719305,719307,719308,0,0,0,0
1787581596.1601074,4,-3,-6,0,9795,15089,22611,3181,719364,719365,719367,719368,0,0,0,0
1787581596.2514307,2,0,0,-1,9797,15084,22605,3184,719394,719395,719397,719398,0,0,0,0
1787581596.450929,-2,0,2,-4,9800,15084,22604,3185,719454,719455,719457,719458,0,0,0,0
1787581596.450929,1,-4,0,-3,9797,15086,22608,3183,719544,719545,719547,719548,0,0,0,0
1787581596.572301,-3,1,0,4,9798,15084,22605,3184,719574,719575,719577,719578,0,0,0,0
1787581596.5738661,-1,3,0,1,9798,15085,22607,3184,719604,719605,719607,719608,0,0,0,0
1787581596.657714,-1,1,1,-5,9796,15087,22609,3182,719634,719635,719637,719638,0,0,0,0
1787581596.7744598,-2,5,-5,2,9795,15087,22610,3181,719664,719665,719667,719668,0,0,0,0
1787581596.7744598,0,-2,-6,-1,9797,15084,22606,3183,719724,719725,719727,719728,0,0,0,0
1787581596.8710427,0,4,-2,-4,9794,15087,22610,3181,719754,719755,719757,719758,0,0,0,0
1787581596.9751496,0,2,-3,0,9791,15090,22613,3179,719784,719785,719787,719788,0,0,0,0
1787581596.9822228,-2,5,1,1,9790,15091,22615,3177,719814,719815,719817,719818,0,0,0,0
1787581597.065651,-7,-1,-4,-3,9790,15090,22614,3177,719874,719875,719877,719878,0,0,0,0
1787581597.095836,2,0,2,-2,9789,15092,22616,3176,719904,719905,719907,719908,0,0,0,0
1787581597.2715402,3,-1,1,1,9790,15091,22616,3177,719934,719935,719937,719938,0,0,0,0
1787581597.384783,-4,4,-2,1,9793,15088,22611,3179,720024,720025,720027,720028,0,0,0,0
1787581597.384783,-8,0,2,-5,9790,15091,22614,3177,720084,720085,720087,720088,0,0,0,0
1787581597.4767184,2,-1,-5,3,9789,15093,22617,3176,720114,720115,720117,720118,0,0,0,0
1787581597.4888735,1,-7,1,0,9788,15091,22615,3176,720144,720145,720147,720148,0,0,0,0
1787581597.6063902,0,-3,-1,2,9791,15088,22611,3178,720204,720205,720207,720208,0,0,0,0
1787581597.6899872,0,8,2,1,9789,15092,22616,3177,720264,720265,720267,720268,0,0,0,0
1787581597.7877848,-2,0,1,2,9787,15091,22616,3176,720294,720295,720297,720298,0,0,0,0
1787581597.8648038,-2,-5,4,2,9788,15093,22617,3176,720324,720325,720327,720328,0,0,0,0
1787581597.8648038,1,-4,-5,1,9788,15092,22617,3176,720354,720355,720357,720358,0,0,0,0
1787581598.0869815,-7,0,-1,-1,9792,15089,22612,3179,720414,720415,720417,720418,0,0,0,0
1787581598.1088467,-2,5,5,-5,9793,15089,22613,3181,720504,720505,720507,720508,0,0,0,0
1787581598.2076652,2,-1,2,3,9796,15085,22607,3183,720564,720565,720567,720568,0,0,0,0
1787581598.29745,-1,2,-2,0,9795,15088,22610,3182,720594,720595,720597,720598,0,0,0,0
1787581598.3025184,-2,2,-7,0,9789,15092,22616,3177,720624,720625,720627,720628,0,0,0,0
1787581598.4187438,1,-4,7,1,9786,15094,22619,3174,720654,720655,720657,720658,0,0,0,0
1787581598.4187438,-1,-1,-3,-3,9784,15101,22627,3168,720684,720685,720687,720688,0,0,0,0
1787581598.4983268,-6,-5,2,-6,9762,15123,22656,3143,720714,720715,720717,720718,0,0,0,0
1787581598.4983268,-4,1,1,-1,9693,15179,22733,3083,720744,720745,720747,720748,0,0,0,0
1787581598.6233616,1,3,0,-2,9652,15219,22783,3059,720774,720775,720777,720778,0,0,0,0
1787581598.7109013,-1,3,-2,3,9791,15084,22605,3187,720864,720865,720867,720868,0,0,0,0
1787581598.7872398,3,-8,2,0,9890,15004,22503,3263,720924,720925,720927,720928,0,0,0,0
1787581598.8914404,0,2,3,-1,9909,14987,22481,3273,720954,720955,720957,720958,0,0,0,0
1787581598.909158,2,0,-2,0,9907,14990,22490,3270,721014,721015,721017,721018,0,0,0,0
1787581599.121121,2,-1,3,2,9852,15038,22548,3224,721104,721105,721107,721108,0,0,0,0
1787581599.1274822,-2,3,3,-3,9847,15043,22555,3222,721134,721135,721137,721138,0,0,0,0
1787581599.227215,-4,-1,0,0,9858,15033,22542,3232,721194,721195,721197,721198,0,0,0,0
1787581599.3164444,2,3,2,-6,9861,15031,22537,3234,721224,721225,721227,721228,0,0,0,0
1787581599.3293517,-3,3,3,-3,9859,15031,22539,3233,721254,721255,721257,721258,0,0,0,0
1787581599.4395962,2,-4,1,0,9859,15033,22541,3232,721284,721285,721287,721288,0,0,0,0
1787581599.4395962,1,-1,-2,2,9858,15032,22539,3232,721314,721315,721317,721318,0,0,0,0
1787581599.519837,-2,-5,0,-3,9860,15031,22538,3233,721344,721345,721347,721348,0,0,0,0
1787581599.519837,4,-3,-1,4,9860,15032,22540,3233,721374,721375,721377,721378,0,0,0,0
1787581599.728333,-2,1,0,-1,9858,15033,22541,3232,721404,721405,721407,721408,0,0,0,0
1787581599.728333,-1,-1,2,4,9857,15033,22543,3231,721434,721435,721437,721438,0,0,0,0
1787581599.728333,0,0,-1,-3,9857,15034,22544,3231,721464,721465,721467,721468,0,0,0,0
1787581599.7484698,-4,2,1,-1,9857,15034,22542,3231,721494,721495,721497,721498,0,0,0,0
1787581599.8104358,-3,2,-2,-1,9857,15034,22543,3231,721524,721525,721527,721528,0,0,0,0
1787581599.8369105,0,3,-2,-1,9857,15034,22542,3231,721554,721555,721557,721558,0,0,0,0
1787581599.8699965,2,2,-4,-2,9858,15034,22541,3232,721584,721585,721587,721588,0,0,0,0
1787581599.9737926,-3,-3,2,0,9858,15034,22542,3232,721614,721615,721617,721618,0,0,0,0
1787581599.9892588,0,-9,-2,-2,9857,15037,22544,3228,721644,721645,721647,721648,0,0,0,0
1787581600.1340005,-3,-4,4,-2,9855,15039,22548,3228,721674,721675,721677,721678,0,0,0,0
1787581600.1503406,3,2,0,-3,9840,15054,22571,3213,721734,721735,721737,721738,0,0,0,0
1787581600.2522697,-4,-2,2,-2,9818,15073,22596,3192,721764,721765,721767,721768,0,0,0,0
1787581600.2522697,-3,-4,2,1,9791,15096,22626,3169,721794,721795,721797,721798,0,0,0,0
1787581600.2662964,-4,2,1,-2,9776,15113,22646,3158,721824,721825,721827,721828,0,0,0,0
1787581600.3501647,-2,-2,0,-3,9773,15113,22646,3157,721854,721855,721857,721858,0,0,0,0
1787581600.4546635,1,0,1,-7,9782,15104,22633,3165,721884,721885,721887,721888,0,0,0,0
1787581600.4546635,-1,4,-1,2,9790,15098,22625,3171,721914,721915,721917,721918,0,0,0,0
1787581600.547794,-1,0,3,-3,9790,15098,22627,3170,721944,721945,721947,721948,0,0,0,0
1787581600.547794,2,-5,-2,-1,9786,15103,22633,3165,721974,721975,721977,721978,0,0,0,0
1787581600.6595993,-3,2,-1,-2,9783,15103,22634,3165,722034,722035,722037,722038,0,0,0,0
1787581600.7528691,-5,-5,-2,-2,9787,15100,22630,3168,722064,722065,722067,722068,0,0,0,0
1787581600.767119,-2,2,-1,-1,9790,15099,22628,3169,722094,722095,722097,722098,0,0,0,0
1787581600.8047512,-3,-2,4,7,9787,15100,22629,3168,722124,722125,722127,722128,0,0,0,0
1787581600.821328,1,-3,-2,2,9783,15104,22635,3164,722154,722155,722157,722158,0,0,0,0
1787581600.8847246,-1,-2,-3,-28,9782,15108,22638,3162,722184,722185,722187,722188,0,0,0,0
1787581600.969183,0,-3,3,1,9782,15106,22638,3163,722214,722215,722217,722218,0,0,0,0
1787581601.0626695,1,1,2,1,9786,15108,22647,3155,722244,722245,722247,722248,0,0,0,0
1787581601.0626695,3,0,-1,1,9782,15113,22654,3150,722274,722275,722277,722278,0,0,0,0
1787581601.0784757,0,1,5,4,9776,15111,22650,3149,722304,722305,722307,722308,0,0,0,0
1787581601.160712,-3,0,0,0,9803,15090,22621,3179,722334,722335,722337,722338,0,0,0,0
1787581601.2695427,0,-9,-5,2,9875,15026,22534,3241,722364,722365,722367,722368,0,0,0,0
1787581601.2906554,3,-5,-7,2,9965,14946,22438,3312,722394,722395,722397,722398,0,0,0,0
1787581601.30145,2,1,-2,2,10045,14876,22355,3378,722424,722425,722427,722428,0,0,0,0
1787581601.3709104,5,-1,-1,-1,10102,14816,22292,3425,722454,722455,722457,722458,0,0,0,0
1787581601.4820116,-1,4,1,-2,10083,14843,22328,3390,722514,722515,722517,722518,0,0,0,0
1787581601.5721507,-4,1,2,2,10002,14928,22416,3319,722544,722545,722547,722548,0,0,0,0
1787581601.6007626,0,6,3,-4,9913,15010,22520,3247,722574,722575,722577,722578,0,0,0,0
1787581601.606628,-6,-1,4,-2,9839,15067,22592,3192,722604,722605,722607,722608,0,0,0,0
1787581601.7246387,0,-1,0,3,9786,15109,22646,3150,722634,722635,722637,722638,0,0,0,0
1787581601.7424645,8,-16,-25,2,9789,14924,22372,3130,722694,722695,722697,722698,0,0,0,0
1787581601.7730913,12,-40,-44,22,10230,14093,21625,3469,722724,722725,722727,722728,0,0,0,0
1787581601.8099964,37,-55,-65,31,11004,12887,20314,4481,722754,722755,722757,722758,0,0,0,0
1787581601.8636932,54,-65,-60,46,12311,11410,18687,5721,722784,722785,722787,722788,0,0,0,0
1787581601.929341,60,-56,-58,68,13839,9657,16915,7252,722814,722815,722817,722818,0,0,0,0
1787581602.0353878,63,-52,-46,51,15486,8111,15449,9046,722844,722845,722847,722848,0,0,0,0
1787581602.0353878,55,-35,-30,50,16959,6939,14426,10619,722874,722875,722877,722878,0,0,0,0
1787581602.0997005,35,-36,-30,37,18173,5880,13625,11777,722904,722905,722907,722908,0,0,0,0
1787581602.1557367,26,-24,-20,35,19080,5141,12962,12781,722934,722935,722937,722938,0,0,0,0
1787581602.1686094,20,-25,-26,20,19862,4494,12434,13614,722964,722965,722967,722968,0,0,0,0
1787581602.2251935,24,-26,-28,21,20466,3683,11514,14100,722994,722995,722997,722998,0,0,0,0
1787581602.2868028,26,-35,-38,25,21138,2815,10480,14732,723024,723025,723027,723028,0,0,0,0
1787581602.3508606,34,-50,-52,43,22151,1714,9267,15597,723054,723055,723057,723058,0,0,0,0
1787581602.3916118,33,-56,-48,40,23205,429,7923,16618,723084,723085,723087,723088,0,0,0,0
1787581602.5034013,38,-56,-59,55,24352,31718,6349,17726,723114,723115,723117,723118,0,0,0,0
1787581602.509105,38,-56,-59,36,25508,30371,4925,18914,723144,723145,723147,723148,0,0,0,0
1787581602.559207,40,-30,-48,34,26572,29005,3502,19882,723174,723175,723177,723178,0,0,0,0
1787581602.5646844,29,-40,-44,25,27566,27853,2317,20762,723204,723205,723207,723208,0,0,0,0
1787581602.6278412,28,-30,-39,20,28251,26701,1197,21523,723234,723235,723237,723238,0,0,0,0
1787581602.7241616,24,-35,-39,26,29031,25657,115,22203,723264,723265,723267,723268,0,0,0,0
1787581602.7241616,30,-38,-40,31,29865,24598,31950,23154,723294,723295,723297,723298,0,0,0,0
1787581602.788336,38,-42,-37,31,30746,23654,30987,24165,723324,723325,723327,723328,0,0,0,0
1787581602.8286755,44,-48,-40,43,31781,22586,29944,25146,723354,723355,723357,723358,0,0,0,0
1787581602.891104,38,-42,-37,53,127,21446,28787,26275,723384,723385,723387,723388,0,0,0,0
1787581602.947239,35,-46,-52,39,1144,20181,27507,27275,723414,723415,723417,723418,0,0,0,0
1787581603.024669,34,-50,-46,32,2210,18956,26184,28184,723444,723445,723447,723448,0,0,0,0
1787581603.0573478,34,-47,-53,32,3152,17723,24790,29022,723474,723475,723477,723478,0,0,0,0
1787581603.12632,28,-48,-39,38,4132,16484,23672,30063,723504,723505,723507,723508,0,0,0,0
1787581603.196913,29,-36,-52,35,4884,15280,22475,30860,723534,723535,723537,723538,0,0,0,0
1787581603.2015219,27,-51,-36,32,5645,14087,21405,31673,723564,723565,723567,723568,0,0,0,0
1787581603.265959,34,-48,-52,27,6379,12923,20291,32504,723594,723595,723597,723598,0,0,0,0
1787581603.3126857,30,-42,-42,37,7162,11747,19190,647,723624,723625,723627,723628,0,0,0,0
1787581603.3925383,23,-44,-50,47,8012,10504,17979,1536,723654,723655,723657,723658,0,0,0,0
1787581603.404092,36,-34,-47,40,9098,9333,16889,2714,723684,723685,723687,723688,0,0,0,0
1787581603.4673605,33,-40,-44,44,10139,8138,15807,3763,723714,723715,723717,723718,0,0,0,0
1787581603.4998207,44,-37,-40,43,11233,7129,14718,4873,723744,723745,723747,723748,0,0,0,0
1787581603.5465896,43,-43,-36,43,12281,6096,13679,5928,723774,723775,723777,723778,0,0,0,0
1787581603.6210237,47,-39,-30,43,13433,5073,12709,7197,723804,723805,723807,723808,0,0,0,0
1787581603.65842,45,-39,-30,56,14513,4227,11880,8419,723834,723835,723837,723838,0,0,0,0
1787581603.7222903,48,-33,-24,50,15646,3253,11141,9666,723864,723865,723867,723868,0,0,0,0
1787581603.7712514,48,-29,-27,53,16731,2404,10380,10896,723894,723895,723897,723898,0,0,0,0
1787581603.819217,50,-34,-37,45,17922,1549,9473,12075,723924,723925,723927,723928,0,0,0,0
1787581603.835153,43,-36,-31,49,19074,585,8584,13324,723954,723955,723957,723958,0,0,0,0
1787581603.9044118,48,-31,-32,47,20388,32508,7758,14633,723984,723985,723987,723988,0,0,0,0
1787581603.9658363,48,-33,-25,43,22991,30745,5809,17139,724044,724045,724047,724048,0,0,0,0
1787581603.9999342,48,-33,-25,43,22991,30745,5809,17139,724044,724045,724047,724048,0,0,0,0
1787581604.0887344,40,-25,-32,38,25478,28955,4039,19594,724104,724105,724107,724108,0,0,0,0
1787581604.1370146,43,-28,-24,37,26630,28107,3249,20814,724134,724135,724137,724138,0,0,0,0
1787581604.18488,41,-33,-26,37,27808,27274,2522,21996,724164,724165,724167,724168,0,0,0,0
1787581604.200514,45,-31,-33,39,28966,26477,1743,23316,724194,724195,724197,724198,0,0,0,0
1787581604.2808733,43,-33,-33,35,30155,25596,874,24500,724224,724225,724227,724228,0,0,0,0
1787581604.3286922,39,-34,-30,42,31423,24665,32747,25728,724254,724255,724257,724258,0,0,0,0
1787581604.385523,34,-39,-41,43,32717,23805,31744,26964,724284,724285,724287,724288,0,0,0,0
1787581604.4331577,52,-31,-32,51,1215,23005,30791,28222,724314,724315,724317,724318,0,0,0,0
1787581604.501249,33,-30,-27,59,2503,22066,29977,29452,724344,724345,724347,724348,0,0,0,0
1787581604.5293825,51,-29,-30,48,3706,21264,29154,30762,724374,724375,724377,724378,0,0,0,0
1787581604.5614479,37,-37,-34,42,4858,20420,28389,31910,724404,724405,724407,724408,0,0,0,0
1787581604.6393824,43,-30,-29,47,5978,19568,27559,302,724434,724435,724437,724438,0,0,0,0
1787581604.7042224,48,-34,-28,63,7229,18647,26736,1577,724464,724465,724467,724468,0,0,0,0
1787581604.7725441,56,-34,-39,43,8407,17651,25957,2893,724494,724495,724497,724498,0,0,0,0
1787581604.7882793,38,-40,-47,42,9583,16638,24812,3896,724524,724525,724527,724528,0,0,0,0
1787581604.8492732,37,-41,-40,44,10639,15652,23736,4997,724554,724555,724557,724558,0,0,0,0
1787581604.9085205,39,-43,-44,48,11814,14678,22580,6083,724584,724585,724587,724588,0,0,0,0
1787581604.9563653,41,-38,-38,33,12904,13682,21546,7134,724614,724615,724617,724618,0,0,0,0
1787581605.0199523,35,-30,-37,30,14000,12637,20550,8114,724644,724645,724647,724648,0,0,0,0
1787581605.0684268,35,-28,-41,26,15018,11691,19497,9207,724674,724675,724677,724678,0,0,0,0
1787581605.0875647,33,-42,-35,36,16071,10669,18532,10230,724704,724705,724707,724708,0,0,0,0
1787581605.181743,44,-50,-47,42,18209,8584,16412,12367,724764,724765,724767,724768,0,0,0,0
1787581605.2301745,44,-33,-37,40,19214,7564,15347,13429,724794,724795,724797,724798,0,0,0,0
1787581605.3108892,36,-33,-42,41,20328,6607,14302,14459,724824,724825,724827,724828,0,0,0,0
1787581605.3558302,43,-32,-37,46,21358,5461,13203,15501,724854,724855,724857,724858,0,0,0,0
1787581605.4075472,39,-33,-45,41,22484,4434,12122,16570,724884,724885,724887,724888,0,0,0,0
1787581605.4597497,35,-39,-38,40,23513,3308,11041,17616,724914,724915,724917,724918,0,0,0,0
1787581605.6613245,34,-36,-36,30,24562,2336,10077,18756,724944,724945,724947,724948,0,0,0,0
1787581605.6721747,9,-16,-11,5,26477,530,8280,20346,725034,725035,725037,725038,0,0,0,0
1787581605.789463,2,0,-3,-4,26610,359,8157,20498,725064,725065,725067,725068,0,0,0,0
1787581605.789463,9,0,7,1,26704,264,8087,20584,725094,725095,725097,725098,0,0,0,0
1787581605.809646,0,-5,-2,-1,26760,212,8042,20635,725124,725125,725127,725128,0,0,0,0
1787581605.8707416,-1,-1,-1,0,26779,197,8034,20644,725154,725155,725157,725158,0,0,0,0
1787581605.980744,-1,-1,5,0,26738,231,8065,20603,725214,725215,725217,725218,0,0,0,0
1787581606.0779061,1,-5,-3,1,26736,239,8070,20602,725244,725245,725247,725248,0,0,0,0
1787581606.0847964,1,0,-1,4,26740,236,8067,20603,725274,725275,725277,725278,0,0,0,0
1787581606.1108255,-2,1,0,2,26730,242,8075,20592,725304,725305,725307,725308,0,0,0,0
1787581606.280615,0,2,1,1,26717,258,8087,20578,725334,725335,725337,725338,0,0,0,0
1787581606.2861824,0,3,-4,-1,26708,267,8094,20569,725364,725365,725367,725368,0,0,0,0
1787581606.2861824,6,0,-4,-1,26711,261,8090,20575,725394,725395,725397,725398,0,0,0,0
1787581606.391323,1,-2,1,1,26728,246,8076,20592,725424,725425,725427,725428,0,0,0,0
1787581606.391323,-2,2,-1,-2,26726,249,8080,20584,725484,725485,725487,725488,0,0,0,0
1787581606.4052253,-2,2,-1,-2,26726,249,8080,20584,725484,725485,725487,725488,0,0,0,0
1787581606.4894617,-23,-84,-45,-77,26679,136,7982,20280,725544,725545,725547,725548,0,0,0,0
1787581606.597261,-108,-54,-69,-113,24774,31258,5730,17586,725574,725575,725577,725578,0,0,0,0
1787581606.597261,-76,-72,-78,-81,22682,29188,3643,15659,725604,725605,725607,725608,0,0,0,0
1787581606.597261,-63,-84,-83,-60,20784,27065,1569,13754,725634,725635,725637,725638,0,0,0,0
1787581606.7000315,-63,-106,-89,-71,18776,24886,32130,11828,725664,725665,725667,725668,0,0,0,0
1787581606.8147554,-81,-80,-64,-72,14673,20497,28376,8270,725724,725725,725727,725728,0,0,0,0
1787581606.8239253,-73,-65,-66,-102,12584,18356,26442,6381,725754,725755,725757,725758,0,0,0,0
1787581606.8641691,-72,-63,-79,-100,10463,16290,24204,4139,725784,725785,725787,725788,0,0,0,0
1787581606.9763625,-87,-86,-70,-110,8305,14421,21929,1800,725814,725815,725817,725818,0,0,0,0
1787581606.987514,-86,-63,-75,-91,6267,12490,19822,32282,725844,725845,725847,725848,0,0,0,0
1787581607.0975227,-87,-86,-80,-75,1950,8147,15621,27659,725904,725905,725907,725908,0,0,0,0
1787581607.10936,-72,-103,-92,-75,32574,5937,13414,25652,725934,725935,725937,725938,0,0,0,0
1787581607.2316892,-67,-86,-75,-74,30394,3623,11155,23841,725964,725965,725967,725968,0,0,0,0
1787581607.3071914,-41,-42,-34,-39,28903,2045,9853,22351,725994,725995,725997,725998,0,0,0,0
1787581607.3071914,-24,-26,-13,-12,27373,196,8564,21325,726054,726055,726057,726058,0,0,0,0
1787581607.5082078,4,-2,2,4,26925,32521,8271,21176,726114,726115,726117,726118,0,0,0,0
1787581607.6225302,3,1,-1,1,26966,32476,8243,21218,726174,726175,726177,726178,0,0,0,0
1787581607.6225302,2,1,-3,1,26936,32489,8257,21190,726234,726235,726237,726238,0,0,0,0
1787581607.7304523,-2,-2,3,-3,26971,32473,8240,21223,726294,726295,726297,726298,0,0,0,0
1787581607.834576,0,6,0,1,26927,32499,8269,21177,726354,726355,726357,726358,0,0,0,0
1787581607.8832161,-5,2,-2,2,26913,32513,8282,21166,726384,726385,726387,726388,0,0,0,0
1787581607.9268346,2,-3,-2,1,26915,32519,8287,21168,726414,726415,726417,726418,0,0,0,0
1787581608.0377002,-1,-3,3,-3,26929,32506,8274,21184,726444,726445,726447,726448,0,0,0,0
1787581608.0377002,3,2,1,-5,26948,32485,8253,21201,726474,726475,726477,726478,0,0,0,0
1787581608.1201832,5,-2,-1,-3,26931,32500,8270,21181,726534,726535,726537,726538,0,0,0,0
1787581608.3074436,0,-2,-1,3,26931,32503,8271,21185,726594,726595,726597,726598,0,0,0,0
1787581608.3291786,-5,-3,-6,5,26942,32494,8261,21194,726624,726625,726627,726628,0,0,0,0
1787581608.3703127,0,-2,-1,-1,26944,32490,8258,21195,726654,726655,726657,726658,0,0,0,0
1787581608.426217,2,6,4,4,26933,32502,8275,21187,726684,726685,726687,726688,0,0,0,0
1787581608.469545,0,0,-3,20,27083,32485,8297,21393,726714,726715,726717,726718,0,0,0,0
1787581608.4869258,30,-24,-24,33,27711,32095,8035,22124,726744,726745,726747,726748,0,0,0,0
1787581608.5500433,55,-34,-47,57,28831,31246,7190,23454,726774,726775,726777,726778,0,0,0,0
1787581608.5984535,52,-58,-43,65,30317,30027,5834,25050,726804,726805,726807,726808,0,0,0,0
1787581608.6783588,55,-54,-39,58,965,27115,3107,28690,726864,726865,726867,726868,0,0,0,0
1787581608.7424984,51,-40,-35,40,2503,25949,2014,30236,726894,726895,726897,726898,0,0,0,0
1787581608.806647,52,-31,-22,37,3827,24984,1138,31424,726924,726925,726927,726928,0,0,0,0
1787581608.8910754,30,-23,-26,29,4849,24283,468,32393,726954,726955,726957,726958,0,0,0,0
1787581608.9047124,30,-13,-23,31,5761,23783,32757,483,726984,726985,726987,726988,0,0,0,0
1787581608.9670663,33,-18,-23,38,6722,23279,32260,1321,727014,727015,727017,727018,0,0,0,0
1787581609.0289793,41,-33,-22,43,7766,22640,31494,2404,727044,727045,727047,727048,0,0,0,0
1787581609.0716045,53,-27,-39,45,9058,21887,30713,3512,727074,727075,727077,727078,0,0,0,0
1787581609.1268404,73,-31,-44,54,10329,20943,29674,4883,727104,727105,727107,727108,0,0,0,0
1787581609.1831956,49,-40,-43,62,11803,19895,28589,6373,727134,727135,727137,727138,0,0,0,0
1787581609.2437184,52,-48,-36,44,13240,18728,27492,7840,727164,727165,727167,727168,0,0,0,0
1787581609.2505865,50,-42,-29,50,14602,17649,26546,9358,727194,727195,727197,727198,0,0,0,0
1787581609.3073869,49,-37,-25,43,15825,16697,25824,10696,727224,727225,727227,727228,0,0,0,0
1787581609.3692222,30,-28,-23,32,18002,15216,24345,12805,727284,727285,727287,727288,0,0,0,0
1787581609.4261243,45,5,-22,32,19034,14540,23621,13874,727314,727315,727317,727318,0,0,0,0
1787581609.4670558,50,-24,-40,38,20262,13839,22798,14950,727344,727345,727347,727348,0,0,0,0
1787581609.536706,51,-33,-31,40,21446,13034,21842,16155,727374,727375,727377,727378,0,0,0,0
1787581609.5713556,50,-34,-28,45,22928,12208,20943,17453,727404,727405,727407,727408,0,0,0,0
1787581609.6300144,50,-45,-38,49,24174,11221,19929,18868,727434,727435,727437,727438,0,0,0,0
1787581609.6888573,42,-40,-31,58,25514,10176,18954,20170,727464,727465,727467,727468,0,0,0,0
1787581609.7493136,43,-24,-42,46,26781,9274,18083,21565,727494,727495,727497,727498,0,0,0,0
1787581609.796884,33,-33,-29,48,28037,8333,17227,22801,727524,727525,727527,727528,0,0,0,0
1787581609.858651,39,-25,-31,50,29201,7560,16418,24047,727554,727555,727557,727558,0,0,0,0
1787581609.8688912,35,-22,-24,42,30365,6850,15611,25137,727584,727585,727587,727588,0,0,0,0
1787581609.9296105,41,-37,-29,50,31521,6023,14824,26328,727614,727615,727617,727618,0,0,0,0
1787581609.960059,32,-36,-25,57,32698,5151,14000,27540,727644,727645,727647,727648,0,0,0,0
1787581610.041018,45,-30,-29,45,1118,4374,13194,28791,727674,727675,727677,727678,0,0,0,0
1787581610.0570927,39,-28,-35,41,2366,3338,12331,30138,727704,727705,727707,727708,0,0,0,0
1787581610.234928,43,-37,-28,44,4882,1609,10492,32654,727764,727765,727767,727768,0,0,0,0
1787581610.2506373,51,-31,-38,42,6241,708,9584,1110,727794,727795,727797,727798,0,0,0,0
1787581610.2989419,50,-32,-34,40,7539,32641,8673,2395,727824,727825,727827,727828,0,0,0,0
1787581610.3688507,57,-28,-25,41,8836,31758,7858,3540,727854,727855,727857,727858,0,0,0,0
1787581610.4018078,42,-29,-26,35,10008,31022,6964,4725,727884,727885,727887,727888,0,0,0,0
1787581610.4782045,53,-24,-39,37,11147,30226,6118,5862,727914,727915,727917,727918,0,0,0,0
1787581610.4782045,41,-31,-36,33,12338,29355,5354,7045,727944,727945,727947,727948,0,0,0,0
1787581610.5428557,45,-36,-41,35,13429,28380,4254,8090,727974,727975,727977,727978,0,0,0,0
1787581610.6118817,42,-47,-36,30,14540,27370,3163,9243,728004,728005,728007,728008,0,0,0,0
1787581610.6598194,43,-35,-33,36,15656,26335,2129,10348,728034,728035,728037,728038,0,0,0,0
1787581610.7510965,40,-36,-37,31,17843,24290,68,12518,728094,728095,728097,728098,0,0,0,0
1787581610.849409,37,-27,-44,39,18859,23260,31767,13618,728124,728125,728127,728128,0,0,0,0
1787581610.8704937,34,-35,-36,39,20001,22214,30732,14713,728154,728155,728157,728158,0,0,0,0
1787581610.9087968,33,-36,-44,46,20992,21242,29691,15782,728184,728185,728187,728188,0,0,0,0
1787581610.9833782,38,-42,-35,41,22093,20236,28703,16792,728214,728215,728217,728218,0,0,0,0
1787581611.0320773,28,-51,-45,46,23150,19155,27665,17823,728244,728245,728247,728248,0,0,0,0
1787581611.0482552,34,-40,-36,39,24191,18143,26567,18969,728274,728275,728277,728278,0,0,0,0
1787581611.0966852,39,-42,-35,37,25313,17083,25596,19997,728304,728305,728307,728308,0,0,0,0
1787581611.2341657,39,-34,-33,39,26266,16052,24488,21076,728334,728335,728337,728338,0,0,0,0
1787581611.2416883,39,-33,-43,28,28333,13958,22468,23173,728394,728395,728397,728398,0,0,0,0
1787581611.305249,31,-29,-45,39,30470,11964,20371,25249,728454,728455,728457,728458,0,0,0,0
1787581611.36925,37,-58,-38,49,31567,10935,19287,26303,728484,728485,728487,728488,0,0,0,0
1787581611.4249918,29,-44,-44,40,32700,9882,18241,27352,728514,728515,728517,728518,0,0,0,0
1787581611.4801638,30,-59,-52,27,871,8665,17060,28267,728544,728545,728547,728548,0,0,0,0
1787581611.535893,40,-36,-62,32,1847,7486,15731,29039,728574,728575,728577,728578,0,0,0,0
1787581611.5924606,32,-46,-49,36,2735,6409,14428,29961,728604,728605,728607,728608,0,0,0,0
1787581611.6105773,35,-42,-51,36,3659,5168,13219,30761,728634,728635,728637,728638,0,0,0,0
1787581611.6604695,28,-42,-51,20,4631,4063,12001,31601,728664,728665,728667,728668,0,0,0,0
1787581611.7677202,24,-45,-47,24,5445,2805,10809,32502,728694,728695,728697,728698,0,0,0,0
1787581611.7884078,37,-56,-51,34,6248,1603,9668,610,728724,728725,728727,728728,0,0,0,0
1787581611.8692627,27,-52,-50,25,7986,31856,7225,2410,728784,728785,728787,728788,0,0,0,0
1787581611.9660888,36,-43,-42,29,8944,30643,5912,3280,728814,728815,728817,728818,0,0,0,0
1787581611.9817975,31,-45,-49,35,9794,29299,4710,4152,728844,728845,728847,728848,0,0,0,0
1787581612.0883558,35,-41,-40,31,10624,28172,3463,5008,728874,728875,728877,728878,0,0,0,0
1787581612.106415,30,-39,-40,28,11518,26944,2338,5832,728904,728905,728907,728908,0,0,0,0
1787581612.1379876,32,-44,-42,26,12357,25843,1153,6755,728934,728935,728937,728938,0,0,0,0
1787581612.223153,32,-37,-49,27,13207,24511,32694,7535,728964,728965,728967,728968,0,0,0,0
1787581612.2306418,32,-40,-34,38,14099,23423,31406,8345,728994,728995,728997,728998,0,0,0,0
1787581612.3385432,19,-36,-21,21,14979,22422,30529,9276,729024,729025,729027,729028,0,0,0,0
1787581612.3488271,15,-10,-17,6,15495,21814,29938,9734,729054,729055,729057,729058,0,0,0,0
1787581612.424906,16,-13,3,-2,15746,21564,29714,9959,729084,729085,729087,729088,0,0,0,0
1787581612.424906,-3,-2,1,4,15770,21505,29684,9960,729114,729115,729117,729118,0,0,0,0
1787581612.537333,-3,4,8,-5,15718,21554,29742,9896,729144,729145,729147,729148,0,0,0,0
1787581612.5388439,-4,7,-1,-1,15638,21632,29820,9811,729174,729175,729177,729178,0,0,0,0
1787581612.7435875,-5,0,4,-2,15549,21710,29910,9730,729204,729205,729207,729208,0,0,0,0
1787581612.7435875,-5,5,3,-4,15485,21774,29982,9671,729234,729235,729237,729238,0,0,0,0
1787581612.7435875,-3,-2,2,1,15452,21813,30032,9638,729264,729265,729267,729268,0,0,0,0
1787581612.7435875,2,4,-2,2,15412,21825,30054,9611,729294,729295,729297,729298,0,0,0,0
1787581612.8481107,-2,3,-2,-3,15409,21841,30067,9608,729324,729325,729327,729328,0,0,0,0
1787581612.9180245,-2,-1,2,-3,15426,21834,30051,9625,729384,729385,729387,729388,0,0,0,0
1787581612.9314926,-1,-4,-4,3,15433,21815,30033,9635,729414,729415,729417,729418,0,0,0,0
1787581613.049118,-2,0,4,4,15450,21817,30036,9649,729444,729445,729447,729448,0,0,0,0
1787581613.049118,-1,-5,-1,1,15447,21804,30025,9648,729474,729475,729477,729478,0,0,0,0
1787581613.1531692,-2,3,-1,-1,15449,21820,30038,9645,729504,729505,729507,729508,0,0,0,0
1787581613.167277,0,-2,0,0,15438,21818,30039,9638,729534,729535,729537,729538,0,0,0,0
1787581613.2306464,-3,1,2,4,15435,21824,30044,9633,729564,729565,729567,729568,0,0,0,0
1787581613.3547862,0,-1,-5,3,15434,21822,30044,9635,729624,729625,729627,729628,0,0,0,0
1787581613.3699343,-2,2,-2,0,15438,21821,30043,9637,729654,729655,729657,729658,0,0,0,0
1787581613.5541759,0,-4,-8,-3,15441,21818,30039,9642,729744,729745,729747,729748,0,0,0,0
1787581613.5701416,3,-5,1,3,15449,21809,30027,9652,729774,729775,729777,729778,0,0,0,0
1787581613.6632237,1,-1,0,-3,15489,21776,29991,9689,729834,729835,729837,729838,0,0,0,0
1787581613.8050392,-1,3,-3,-5,15486,21777,29993,9687,729894,729895,729897,729898,0,0,0,0
1787581613.8578587,-5,0,-4,-4,15466,21801,30020,9664,729954,729955,729957,729958,0,0,0,0
1787581613.8717027,-2,-31,4,0,15438,21806,30035,9644,729984,729985,729987,729988,0,0,0,0
1787581613.9315357,1,-2,-4,-4,15430,21826,30050,9632,730014,730015,730017,730018,0,0,0,0
1787581613.9872072,-4,4,4,2,15422,21833,30057,9627,730044,730045,730047,730048,0,0,0,0
1787581614.0636585,-4,0,4,-1,15357,21865,30108,9562,730074,730075,730077,730078,0,0,0,0
1787581614.0700018,-6,0,6,-4,15321,21897,30147,9529,730104,730105,730107,730108,0,0,0,0
1787581614.271225,4,0,4,2,15312,21910,30152,9524,730194,730195,730197,730198,0,0,0,0
1787581614.28822,0,-5,-4,7,15324,21893,30134,9538,730224,730225,730227,730228,0,0,0,0
1787581614.305547,-5,-2,-1,-1,15339,21885,30125,9551,730254,730255,730257,730258,0,0,0,0
1787581614.3688548,5,4,-2,-2,15347,21881,30119,9558,730284,730285,730287,730288,0,0,0,0
1787581614.411121,4,0,1,4,15349,21878,30118,9559,730314,730315,730317,730318,0,0,0,0
1787581614.4881551,-1,-2,2,2,15345,21879,30120,9555,730344,730345,730347,730348,0,0,0,0
1787581614.5287542,3,-4,-2,-2,15340,21886,30126,9550,730374,730375,730377,730378,0,0,0,0
1787581614.6804,0,-3,3,-5,15332,21893,30133,9542,730434,730435,730437,730438,0,0,0,0
1787581614.689443,6,-6,0,-4,15331,21891,30132,9543,730464,730465,730467,730468,0,0,0,0
1787581614.7825572,1,0,-1,-3,15339,21885,30125,9550,730524,730525,730527,730528,0,0,0,0
1787581614.8778698,1,-2,2,1,15335,21890,30129,9546,730584,730585,730587,730588,0,0,0,0
1787581614.9503741,-1,-1,2,-5,15336,21890,30129,9546,730614,730615,730617,730618,0,0,0,0
1787581615.0073278,-2,-3,0,0,15336,21889,30129,9547,730644,730645,730647,730648,0,0,0,0
1787581615.0884767,2,0,5,1,15337,21888,30130,9546,730704,730705,730707,730708,0,0,0,0
1787581615.2043452,3,0,-2,-3,15336,21887,30129,9547,730734,730735,730737,730738,0,0,0,0
1787581615.2043452,-4,-1,4,1,15338,21887,30127,9550,730764,730765,730767,730768,0,0,0,0
1787581615.36024,1,-6,-1,-1,15341,21884,30124,9553,730824,730825,730827,730828,0,0,0,0
1787581615.3661215,0,1,0,-5,15341,21885,30125,9552,730854,730855,730857,730858,0,0,0,0
1787581615.3684464,-15,2,-4,3,15338,21887,30126,9550,730884,730885,730887,730888,0,0,0,0
1787581615.4979656,-3,3,-2,-4,15337,21888,30128,9548,730914,730915,730917,730918,0,0,0,0
1787581615.4979656,2,3,-3,-3,15334,21890,30131,9546,730944,730945,730947,730948,0,0,0,0
1787581615.6426473,0,-4,1,-2,15340,21885,30124,9552,731004,731005,731007,731008,0,0,0,0
1787581615.6426473,-2,-2,-4,0,15343,21884,30124,9554,731034,731035,731037,731038,0,0,0,0
1787581615.7112901,-1,-4,2,-1,15340,21882,30124,9552,731064,731065,731067,731068,0,0,0,0
1787581615.8203716,-1,3,5,-3,15341,21885,30126,9552,731094,731095,731097,731098,0,0,0,0
1787581615.8203716,-2,4,0,-1,15339,21886,30127,9551,731124,731125,731127,731128,0,0,0,0
1787581615.898449,-1,-5,-4,0,15341,21885,30125,9552,731184,731185,731187,731188,0,0,0,0
1787581615.9463103,0,-6,1,-2,15339,21887,30128,9551,731214,731215,731217,731218,0,0,0,0
1787581616.059927,0,1,-5,3,15321,21910,30155,9530,731274,731275,731277,731278,0,0,0,0
1787581616.0789595,-4,1,2,-3,15302,21919,30167,9513,731304,731305,731307,731308,0,0,0,0
1787581616.2129998,-2,-2,3,-3,15299,21931,30177,9507,731334,731335,731337,731338,0,0,0,0
1787581616.219982,-2,-3,0,-1,15297,21932,30180,9509,731364,731365,731367,731368,0,0,0,0
1787581616.24975,0,2,2,-1,15298,21936,30178,9502,731394,731395,731397,731398,0,0,0,0
1787581636.6432369,-5,-4,4,-2,5794,12160,21826,1925,743634,743635,743637,743638,0,0,0,0
1787581636.7839906,-2,-1,0,-1,5793,12161,21826,1924,743694,743695,743697,743698,0,0,0,0
1787581636.80917,6,3,-1,-3,5796,12157,21823,1928,743754,743755,743757,743758,0,0,0,0
1787581636.925844,0,-3,-1,-2,5798,12155,21823,1928,743784,743785,743787,743788,0,0,0,0
1787581637.0107577,1,3,-2,-1,5792,12162,21829,1922,743874,743875,743877,743878,0,0,0,0
1787581637.11726,1,-3,-3,1,5796,12158,21825,1926,743934,743935,743937,743938,0,0,0,0
1787581637.2058914,-1,-3,3,-2,5797,12157,21824,1927,743964,743965,743967,743968,0,0,0,0
1787581637.2058914,-5,-2,0,-2,5795,12157,21825,1926,743994,743995,743997,743998,0,0,0,0
1787581637.3094006,2,0,-1,2,5794,12159,21825,1925,744024,744025,744027,744028,0,0,0,0
1787581637.3251834,2,-1,2,-3,5794,12159,21826,1924,744054,744055,744057,744058,0,0,0,0
1787581637.4006848,1,1,1,-1,5794,12161,21827,1924,744084,744085,744087,744088,0,0,0,0
1787581637.4101872,1,-6,-2,-4,5794,12160,21827,1924,744114,744115,744117,744118,0,0,0,0
1787581637.525652,-1,3,-4,0,5794,12160,21827,1924,744144,744145,744147,744148,0,0,0,0
1787581637.6155515,3,-2,2,2,5795,12160,21827,1925,744174,744175,744177,744178,0,0,0,0
1787581637.629784,1,0,4,-4,5794,12160,21827,1924,744204,744205,744207,744208,0,0,0,0
1787581637.6310506,0,-3,4,3,5793,12160,21827,1923,744234,744235,744237,744238,0,0,0,0
1787581637.7429883,0,-1,3,-1,5794,12158,21825,1925,744264,744265,744267,744268,0,0,0,0
1787581637.7429883,0,-3,0,1,5795,12159,21826,1925,744294,744295,744297,744298,0,0,0,0
1787581637.817269,7,-3,1,-3,5794,12160,21827,1924,744324,744325,744327,744328,0,0,0,0
1787581637.8231454,0,-1,-4,-1,5793,12161,21828,1923,744354,744355,744357,744358,0,0,0,0
1787581637.9358346,1,1,-3,1,5792,12162,21829,1923,744414,744415,744417,744418,0,0,0,0
1787581638.0179224,-3,1,3,1,5793,12160,21828,1924,744444,744445,744447,744448,0,0,0,0
1787581638.030539,3,-4,-1,1,5794,12159,21826,1925,744474,744475,744477,744478,0,0,0,0
1787581638.127787,4,-1,-2,0,5795,12159,21826,1925,744534,744535,744537,744538,0,0,0,0
1787581638.2193973,2,-2,0,0,5795,12159,21826,1925,744564,744565,744567,744568,0,0,0,0
1787581638.3627486,-3,-8,-3,-4,5790,12164,21831,1920,744654,744655,744657,744658,0,0,0,0
1787581638.3627486,0,2,-1,-3,5791,12163,21830,1922,744684,744685,744687,744688,0,0,0,0
1787581638.5040607,0,3,-1,-1,5793,12160,21827,1924,744744,744745,744747,744748,0,0,0,0
1787581638.6289208,0,4,-2,-3,5792,12162,21829,1922,744774,744775,744777,744778,0,0,0,0
1787581638.7613878,-2,-1,-1,0,5792,12160,21827,1924,744864,744865,744867,744868,0,0,0,0
1787581638.7683506,2,0,1,3,5792,12162,21826,1923,744894,744895,744897,744898,0,0,0,0
1787581638.8375468,-12,14,8,-12,5697,12321,21952,1760,744924,744925,744927,744928,0,0,0,0
1787581638.8375468,5,0,-2,2,5700,12382,21948,1791,744954,744955,744957,744958,0,0,0,0
1787581638.9701998,-2,1,-1,4,5682,12394,21981,1763,745014,745015,745017,745018,0,0,0,0
1787581639.0507276,-5,2,-2,-3,5653,12411,21998,1731,745044,745045,745047,745048,0,0,0,0
1787581639.254942,-1,-3,-1,-3,5637,12440,22024,1699,745074,745075,745077,745078,0,0,0,0
1787581639.254942,-2,-1,3,4,5592,12488,22067,1647,745164,745165,745167,745168,0,0,0,0
1787581639.2680447,-6,1,0,0,5594,12488,22064,1649,745194,745195,745197,745198,0,0,0,0
1787581639.3660853,-3,-2,-1,-2,5595,12483,22061,1652,745224,745225,745227,745228,0,0,0,0
1787581639.372157,1,-1,-2,-3,5595,12485,22062,1650,745254,745255,745257,745258,0,0,0,0
1787581639.4093182,-3,0,-1,-2,5593,12489,22066,1647,745284,745285,745287,745288,0,0,0,0
1787581639.4703445,-2,-1,-3,-1,5593,12489,22065,1647,745314,745315,745317,745318,0,0,0,0
1787581639.5729218,-7,-2,-1,-1,5595,12487,22063,1650,745374,745375,745377,745378,0,0,0,0
1787581639.6642144,-4,-2,-3,-2,5594,12488,22064,1648,745404,745405,745407,745408,0,0,0,0
1787581639.6642144,5,3,0,-1,5592,12489,22066,1647,745434,745435,745437,745438,0,0,0,0
1787581639.8648837,-1,4,1,-3,5593,12488,22065,1648,745464,745465,745467,745468,0,0,0,0
1787581639.871473,-5,-3,-6,1,5592,12488,22065,1647,745554,745555,745557,745558,0,0,0,0
1787581639.983894,0,2,-4,2,5594,12489,22064,1648,745614,745615,745617,745618,0,0,0,0
1787581640.0708587,-2,2,-4,0,5596,12485,22062,1650,745644,745645,745647,745648,0,0,0,0
1787581640.0871391,-1,-7,-4,-4,5595,12486,22063,1648,745674,745675,745677,745678,0,0,0,0
1787581640.1831322,3,-4,3,2,5592,12490,22066,1646,745734,745735,745737,745738,0,0,0,0
1787581640.2786686,1,-1,-3,0,5593,12488,22064,1648,745764,745765,745767,745768,0,0,0,0
1787581640.2880864,-4,-6,0,-12,5595,12487,22063,1649,745794,745795,745797,745798,0,0,0,0
1787581640.4096787,-4,-3,-1,-4,5590,12491,22068,1643,745854,745855,745857,745858,0,0,0,0
1787581640.4116783,0,-3,-1,-1,5590,12493,22069,1642,745884,745885,745887,745888,0,0,0,0
1787581640.4884548,3,-1,3,2,5590,12490,22067,1644,745944,745945,745947,745948,0,0,0,0
1787581640.5974784,0,-2,1,0,5592,12491,22066,1648,745974,745975,745977,745978,0,0,0,0
1787581640.5974784,4,-7,2,5,5590,12496,22072,1642,746034,746035,746037,746038,0,0,0,0
1787581640.6893435,1,4,-4,1,5590,12492,22068,1643,746064,746065,746067,746068,0,0,0,0
1787581640.8897078,0,1,2,0,5599,12481,22058,1655,746154,746155,746157,746158,0,0,0,0
1787581640.8964415,-1,0,-4,-1,5597,12485,22062,1652,746214,746215,746217,746218,0,0,0,0
1787581641.0204363,-1,-5,3,-1,5593,12487,22063,1648,746274,746275,746277,746278,0,0,0,0
1787581641.1050963,-1,-3,-5,-1,5594,12486,22063,1650,746304,746305,746307,746308,0,0,0,0
1787581641.1418695,1,-1,-2,-4,5597,12485,22061,1652,746334,746335,746337,746338,0,0,0,0
1787581641.308918,1,-1,4,-3,5594,12487,22063,1648,746424,746425,746427,746428,0,0,0,0
1787581641.4174047,-2,-5,1,-5,5596,12485,22061,1650,746454,746455,746457,746458,0,0,0,0
1787581641.4249227,2,-4,-2,0,5601,12480,22057,1657,746514,746515,746517,746518,0,0,0,0
1787581641.5115619,-1,2,-2,-5,5599,12481,22058,1653,746544,746545,746547,746548,0,0,0,0
1787581641.6204872,-4,-1,2,2,5592,12489,22066,1647,746604,746605,746607,746608,0,0,0,0
1787581641.6204872,3,-1,2,0,5594,12487,22063,1649,746634,746635,746637,746638,0,0,0,0
1787581641.7654698,-2,1,-2,0,5600,12480,22056,1657,746694,746695,746697,746698,0,0,0,0
1787581641.7812357,-4,2,-1,-4,5597,12485,22062,1650,746724,746725,746727,746728,0,0,0,0
1787581641.914918,3,4,-1,3,5586,12495,22072,1637,746754,746755,746757,746758,0,0,0,0
1787581641.914918,0,1,3,-1,5577,12503,22079,1627,746784,746785,746787,746788,0,0,0,0
1787581641.9297326,-6,-1,0,0,5578,12507,22082,1626,746814,746815,746817,746818,0,0,0,0
1787581642.1222816,-4,0,3,2,5584,12488,22067,1639,746874,746875,746877,746878,0,0,0,0
1787581642.1291785,1,-3,2,4,5592,12491,22067,1645,746934,746935,746937,746938,0,0,0,0
1787581642.2403784,-3,0,2,-1,5586,12496,22072,1636,746994,746995,746997,746998,0,0,0,0
1787581642.330185,3,2,0,-3,5589,12492,22068,1640,747024,747025,747027,747028,0,0,0,0
1787581642.4210813,-1,-6,-1,1,5613,12466,22044,1678,747084,747085,747087,747088,0,0,0,0
1787581642.4273524,0,-4,-4,2,5635,12436,22018,1707,747114,747115,747117,747118,0,0,0,0
1787581642.531779,4,1,-3,0,5662,12415,21997,1740,747144,747145,747147,747148,0,0,0,0
1787581642.5503623,-3,0,2,3,5676,12391,21978,1759,747174,747175,747177,747178,0,0,0,0
1787581642.731822,-3,0,3,1,5673,12399,21985,1751,747294,747295,747297,747298,0,0,0,0
1787581642.844154,-7,4,-2,-1,5660,12410,21997,1735,747354,747355,747357,747358,0,0,0,0
1787581642.9272501,-2,-3,-2,-7,5621,12457,22043,1681,747384,747385,747387,747388,0,0,0,0
1787581642.9424047,-5,5,3,-3,5577,12512,22089,1624,747414,747415,747417,747418,0,0,0,0
1787581642.9742856,-3,-3,-1,5,5558,12529,22104,1605,747444,747445,747447,747448,0,0,0,0
1787581643.116507,2,1,-3,0,5568,12521,22094,1619,747474,747475,747477,747478,0,0,0,0
1787581643.1283,-4,-3,4,3,5589,12500,22074,1647,747504,747505,747507,747508,0,0,0,0
1787581643.3505824,3,0,-4,1,5650,12440,22018,1727,747564,747565,747567,747568,0,0,0,0
1787581643.3505824,0,-2,-2,1,5685,12408,21988,1763,747654,747655,747657,747658,0,0,0,0
1787581643.4268794,1,-4,-3,-3,5641,12458,22034,1701,747714,747715,747717,747718,0,0,0,0
1787581643.468828,-3,0,-2,-2,5621,12478,22052,1679,747744,747745,747747,747748,0,0,0,0
1787581643.552212,5,2,0,2,5611,12489,22062,1665,747774,747775,747777,747778,0,0,0,0
1787581643.552212,0,3,-5,0,5614,12486,22059,1672,747804,747805,747807,747808,0,0,0,0
1787581643.6706944,-2,3,-1,1,5633,12463,22038,1698,747864,747865,747867,747868,0,0,0,0
1787581643.7607086,2,-2,-2,-2,5631,12466,22041,1692,747924,747925,747927,747928,0,0,0,0
1787581643.886731,0,2,0,-8,5625,12473,22047,1685,747954,747955,747957,747958,0,0,0,0
1787581643.886731,3,0,2,-1,5622,12478,22052,1680,747984,747985,747987,747988,0,0,0,0
1787581643.9100263,0,0,-9,-2,5621,12480,22052,1680,748014,748015,748017,748018,0,0,0,0
1787581643.9681985,5,-2,-1,2,5623,12477,22050,1684,748044,748045,748047,748048,0,0,0,0
1787581644.06733,1,0,0,-2,5627,12473,22047,1688,748104,748105,748107,748108,0,0,0,0
1787581644.1698263,-17,0,0,3,5625,12475,22049,1686,748134,748135,748137,748138,0,0,0,0
1787581644.172547,-5,1,-3,0,5622,12478,22050,1682,748164,748165,748167,748168,0,0,0,0
1787581644.3648527,8,1,5,1,5626,12474,22048,1687,748254,748255,748257,748258,0,0,0,0
1787581644.3648527,0,-3,0,0,5631,12479,22048,1690,748284,748285,748287,748288,0,0,0,0
1787581644.4314995,-1,1,1,1,5629,12481,22051,1689,748314,748315,748317,748318,0,0,0,0
1787581644.5054436,0,1,-2,-1,5628,12482,22051,1683,748344,748345,748347,748348,0,0,0,0
1787581644.5054436,-2,2,4,-4,5625,12488,22056,1678,748374,748375,748377,748378,0,0,0,0
1787581644.578728,2,-3,-4,2,5620,12488,22056,1675,748404,748405,748407,748408,0,0,0,0
1787581644.70519,-1,0,-1,2,5632,12484,22051,1688,748464,748465,748467,748468,0,0,0,0
1787581644.7818635,-1,1,-2,-3,5636,12478,22045,1695,748524,748525,748527,748528,0,0,0,0
1787581644.8992956,-1,3,1,2,5633,12482,22049,1689,748584,748585,748587,748588,0,0,0,0
1787581644.982845,-3,-1,-1,0,5632,12481,22049,1689,748614,748615,748617,748618,0,0,0,0
1787581644.982845,3,3,-1,-2,5633,12481,22049,1690,748644,748645,748647,748648,0,0,0,0
1787581645.0239375,-2,-3,-4,3,5634,12480,22050,1691,748674,748675,748677,748678,0,0,0,0
1787581645.0863209,4,4,6,2,5634,12481,22050,1689,748704,748705,748707,748708,0,0,0,0
1787581645.170048,1,2,5,-2,5634,12482,22050,1690,748734,748735,748737,748738,0,0,0,0
1787581645.3893955,-1,4,1,-3,5634,12496,22078,1671,748854,748855,748857,748858,0,0,0,0
1787581645.4077854,-2,-4,-5,-1,5646,12484,22064,1684,748884,748885,748887,748888,0,0,0,0
1787581645.515486,3,-2,1,6,5675,12438,22019,1728,748914,748915,748917,748918,0,0,0,0
1787581645.5938492,8,-4,-1,3,5726,12399,21979,1797,748974,748975,748977,748978,0,0,0,0
1787581645.6089718,-1,-4,-4,0,5792,12317,21906,1885,749004,749005,749007,749008,0,0,0,0
1787581645.7186763,4,-6,-6,1,5933,12156,21769,2043,749064,749065,749067,749068,0,0,0,0
1787581645.7186763,0,1,-3,2,5972,12114,21733,2070,749094,749095,749097,749098,0,0,0,0
1787581645.8085544,-1,2,2,-2,5944,12146,21765,2037,749124,749125,749127,749128,0,0,0,0
1787581645.8435166,0,3,3,-3,5874,12215,21830,1964,749154,749155,749157,749158,0,0,0,0
1787581646.0102036,-2,8,-2,-5,5809,12304,21901,1892,749184,749185,749187,749188,0,0,0,0
1787581646.0175598,0,0,-2,2,5731,12389,21975,1808,749274,749275,749277,749278,0,0,0,0
1787581646.1299422,1,-1,-3,3,5739,12377,21966,1831,749304,749305,749307,749308,0,0,0,0
1787581646.145713,9,-7,-5,15,5907,12355,21956,2053,749334,749335,749337,749338,0,0,0,0
1787581646.161778,34,-22,-23,41,6558,11973,21708,2732,749364,749365,749367,749368,0,0,0,0
1787581646.2583268,54,-43,-41,62,7753,11198,20903,4110,749394,749395,749397,749398,0,0,0,0
1787581646.2583268,49,-55,-44,54,9263,9862,19535,5742,749424,749425,749427,749428,0,0,0,0
1787581646.3868926,69,-53,-58,61,10940,8357,18169,7576,749454,749455,749457,749458,0,0,0,0
1787581646.4073818,59,-48,-49,54,12692,7081,16754,9263,749484,749485,749487,749488,0,0,0,0
1787581646.4546762,44,-39,-35,61,14199,5812,15633,10859,749514,749515,749517,749518,0,0,0,0
1787581646.4546762,40,-28,-29,48,15425,4876,14799,12089,749544,749545,749547,749548,0,0,0,0
1787581646.5598857,30,-20,-21,38,16390,4222,14185,13067,749574,749575,749577,749578,0,0,0,0
1787581646.5655122,27,-23,-26,25,17359,3610,13735,13955,749604,749605,749607,749608,0,0,0,0
1787581646.6213622,35,-20,-20,32,18278,3132,13117,14797,749634,749635,749637,749638,0,0,0,0
1787581646.7259357,42,-24,-27,43,19254,2564,12479,15822,749664,749665,749667,749668,0,0,0,0
1787581646.7259357,48,-34,-34,48,20518,1818,11571,17008,749694,749695,749697,749698,0,0,0,0
1787581646.7880082,60,-33,-34,55,21909,827,10549,18465,749724,749725,749727,749728,0,0,0,0
1787581646.8427389,42,-35,-41,51,23369,32525,9393,19834,749754,749755,749757,749758,0,0,0,0
1787581646.9091532,59,-32,-38,52,24887,31407,8249,21357,749784,749785,749787,749788,0,0,0,0
1787581646.9483478,55,-37,-40,60,26250,30426,7221,22689,749814,749815,749817,749818,0,0,0,0
1787581647.0094435,41,-31,-31,47,27506,29421,6384,24071,749844,749845,749847,749848,0,0,0,0
1787581647.0312781,40,-32,-14,44,28510,28652,5743,25211,749874,749875,749877,749878,0,0,0,0
1787581647.0670304,35,-23,-23,45,29521,27912,5169,26304,749904,749905,749907,749908,0,0,0,0
1787581647.129192,34,-32,-31,41,30536,27157,4392,27320,749934,749935,749937,749938,0,0,0,0
1787581647.2265294,49,-23,-31,46,31735,26517,3523,28426,749964,749965,749967,749968,0,0,0,0
1787581647.2265294,51,-27,-45,59,260,25715,2687,29679,749994,749995,749997,749998,0,0,0,0
1787581647.288497,53,-35,-36,49,1620,24763,1711,30924,750024,750025,750027,750028,0,0,0,0
1787581647.3808634,50,-40,-42,50,3014,23804,690,32259,750054,750055,750057,750058,0,0,0,0
1787581647.449181,42,-43,-36,37,4470,22915,32436,836,750084,750085,750087,750088,0,0,0,0
1787581647.449181,44,-25,-31,46,5669,21902,31464,2205,750114,750115,750117,750118,0,0,0,0
1787581647.4973516,35,-35,-28,42,6916,21022,30683,3427,750144,750145,750147,750148,0,0,0,0
1787581647.5653162,31,-29,-33,36,8015,20115,29950,4628,750174,750175,750177,750178,0,0,0,0
1787581647.5774333,35,-32,-25,36,9194,19321,29104,5767,750204,750205,750207,750208,0,0,0,0
1787581647.641173,38,-28,-33,37,10256,18510,28399,6964,750234,750235,750237,750238,0,0,0,0
1787581647.7044396,45,-30,-35,44,11451,17676,27611,8139,750264,750265,750267,750268,0,0,0,0
1787581647.739202,42,-35,-30,42,12680,16897,26720,9408,750294,750295,750297,750298,0,0,0,0
1787581647.8187819,42,-36,-30,48,13974,16042,25893,10659,750324,750325,750327,750328,0,0,0,0
1787581647.8187819,46,-30,-44,48,15206,15159,24842,11926,750354,750355,750357,750358,0,0,0,0
1787581647.9364932,43,-36,-27,54,16482,14239,23965,13198,750384,750385,750387,750388,0,0,0,0
1787581647.9364932,37,-42,-43,41,17739,13286,22960,14314,750414,750415,750417,750418,0,0,0,0
1787581648.0503445,41,-35,-34,37,18805,12282,21858,15413,750444,750445,750447,750448,0,0,0,0
1787581648.0640948,34,-40,-36,33,19873,11333,20871,16507,750474,750475,750477,750478,0,0,0,0
1787581648.1198456,32,-35,-30,36,20872,10234,19789,17507,750504,750505,750507,750508,0,0,0,0
1787581648.1923935,39,-31,-33,33,21968,9297,18841,18652,750534,750535,750537,750538,0,0,0,0
1787581648.2084851,39,-40,-41,22,23050,8246,17851,19662,750564,750565,750567,750568,0,0,0,0
1787581648.2852626,42,-37,-38,32,24081,7318,16807,20739,750594,750595,750597,750598,0,0,0,0
1787581648.3201737,37,-37,-38,38,25152,6360,15804,21771,750624,750625,750627,750628,0,0,0,0
1787581648.388857,42,-47,-38,39,26130,5199,14751,22882,750654,750655,750657,750658,0,0,0,0
1787581648.4388747,41,-43,-32,38,27289,4212,13686,23975,750684,750685,750687,750688,0,0,0,0
1787581648.4491706,35,-38,-39,40,28306,3126,12610,24987,750714,750715,750717,750718,0,0,0,0
1787581648.5093143,38,-40,-39,38,29361,2137,11497,26046,750744,750745,750747,750748,0,0,0,0
1787581648.6061556,33,-38,-46,32,31496,10,9430,28103,750804,750805,750807,750808,0,0,0,0
1787581648.6617672,33,-41,-42,26,32512,31615,8228,28984,750834,750835,750837,750838,0,0,0,0
1787581648.6617672,32,-36,-43,30,653,30548,6916,29871,750864,750865,750867,750868,0,0,0,0
1787581648.7772737,39,-46,-41,28,1545,29343,5660,30603,750894,750895,750897,750898,0,0,0,0
1787581648.7772737,33,-42,-46,28,2473,28280,4447,31451,750924,750925,750927,750928,0,0,0,0
1787581648.847797,33,-46,-43,26,3365,27024,3244,32358,750954,750955,750957,750958,0,0,0,0
1787581648.8775375,26,-49,-50,33,4369,25867,1998,435,750984,750985,750987,750988,0,0,0,0
1787581648.9524388,23,-45,-36,31,5192,24532,796,1285,751014,751015,751017,751018,0,0,0,0
1787581648.968382,31,-34,-55,29,6014,23331,32296,2284,751044,751045,751047,751048,0,0,0,0
1787581649.00073,33,-35,-48,32,6942,22051,31073,3198,751074,751075,751077,751078,0,0,0,0
1787581649.0800326,27,-41,-52,25,7845,20843,29791,4016,751104,751105,751107,751108,0,0,0,0
1787581649.1431687,34,-44,-42,30,8659,19652,28598,4816,751134,751135,751137,751138,0,0,0,0
1787581649.206856,35,-39,-49,31,9526,18483,27403,5696,751164,751165,751167,751168,0,0,0,0
1787581649.2227354,24,-43,-47,34,10385,17301,26238,6564,751194,751195,751197,751198,0,0,0,0
1787581649.28982,32,-39,-55,33,11237,16050,24991,7416,751224,751225,751227,751228,0,0,0,0
1787581649.332224,35,-41,-44,36,12111,14863,23785,8250,751254,751255,751257,751258,0,0,0,0
1787581649.396304,29,-44,-56,24,12968,13581,22525,9202,751284,751285,751287,751288,0,0,0,0
1787581649.396304,27,-46,-44,38,13869,12325,21270,10043,751314,751315,751317,751318,0,0,0,0
1787581649.4679062,26,-44,-51,44,14679,11161,20094,11004,751344,751345,751347,751348,0,0,0,0
1787581649.5300746,29,-49,-38,32,15507,9900,18871,11843,751374,751375,751377,751378,0,0,0,0
1787581649.6954937,27,-69,-42,29,16332,8605,17654,12721,751404,751405,751407,751408,0,0,0,0
1787581649.6954937,11,-10,-10,14,18414,6585,15685,14557,751494,751495,751497,751498,0,0,0,0
1787581649.8249102,5,-4,-8,2,18716,6190,15355,14887,751554,751555,751557,751558,0,0,0,0
1787581649.9102826,4,-4,-3,1,18803,6072,15259,14969,751584,751585,751587,751588,0,0,0,0
1787581650.0124083,2,-4,2,0,18867,5995,15196,15029,751614,751615,751617,751618,0,0,0,0
1787581650.0124083,1,-3,-2,-2,18950,5855,15121,15103,751674,751675,751677,751678,0,0,0,0
1787581650.106988,-3,-2,4,2,18989,5814,15085,15139,751704,751705,751707,751708,0,0,0,0
1787581650.1482713,1,-2,-2,3,19027,5782,15056,15174,751734,751735,751737,751738,0,0,0,0
1787581650.3145392,3,2,-3,-2,19072,5735,15012,15209,751794,751795,751797,751798,0,0,0,0
1787581650.3295758,-2,2,-5,-3,19062,5743,15021,15197,751824,751825,751827,751828,0,0,0,0
1787581650.4270172,0,5,-2,5,19051,5760,15036,15190,751884,751885,751887,751888,0,0,0,0
1787581650.4745228,0,0,-3,0,19062,5749,15023,15201,751914,751915,751917,751918,0,0,0,0
1787581650.4818938,-1,-2,0,-1,19068,5741,15017,15205,751944,751945,751947,751948,0,0,0,0
1787581650.6000335,-1,-2,-2,0,19059,5749,15025,15194,751974,751975,751977,751978,0,0,0,0
1787581650.6068466,-2,-5,7,-25,19046,5763,15040,15169,752004,752005,752007,752008,0,0,0,0
1787581650.7199197,-88,-65,-91,-103,17771,4440,13113,12846,752034,752035,752037,752038,0,0,0,0
1787581650.7302985,-97,-76,-79,-74,15687,2435,11022,10705,752064,752065,752067,752068,0,0,0,0
1787581650.8319335,-70,-95,-83,-79,13815,412,8992,8812,752094,752095,752097,752098,0,0,0,0
1787581650.9288185,-87,-73,-77,-59,7679,26527,2683,3108,752184,752185,752187,752188,0,0,0,0
1787581651.03844,-67,-73,-66,-81,5559,24308,822,1304,752214,752215,752217,752218,0,0,0,0
1787581651.0443814,-79,-69,-78,-94,1234,20169,29377,29899,752274,752275,752277,752278,0,0,0,0
1787581651.134247,-78,-70,-88,-103,31932,18278,27194,27407,752304,752305,752307,752308,0,0,0,0
1787581651.1481738,-92,-62,-91,-89,29893,16361,24921,24884,752334,752335,752337,752338,0,0,0,0
1787581651.2453148,-68,-78,-75,-77,25547,12318,20721,20622,752394,752395,752397,752398,0,0,0,0
1787581651.3357275,-45,-62,-33,-27,21855,8352,17284,17466,752454,752455,752457,752458,0,0,0,0
1787581651.4619908,-25,-28,-19,-19,20986,7317,16410,16956,752484,752485,752487,752488,0,0,0,0
1787581651.4619908,-27,-27,-15,-11,19654,5469,15259,16176,752544,752545,752547,752548,0,0,0,0
1787581651.5385678,-6,-12,-6,1,19243,4957,14942,16043,752574,752575,752577,752578,0,0,0,0
1787581651.6010883,10,-1,-7,0,19290,4835,14826,16127,752604,752605,752607,752608,0,0,0,0
1787581651.6065643,3,-5,-8,-1,19408,4753,14741,16211,752634,752635,752637,752638,0,0,0,0
1787581651.7453854,1,-8,-3,6,19572,4609,14578,16352,752694,752695,752697,752698,0,0,0,0
1787581651.857643,0,3,-2,0,19615,4569,14533,16391,752724,752725,752727,752728,0,0,0,0
1787581651.857643,4,1,-2,4,19702,4500,14440,16473,752784,752785,752787,752788,0,0,0,0
1787581651.9504704,-1,-4,2,-4,19705,4496,14439,16467,752844,752845,752847,752848,0,0,0,0
1787581652.0762184,-1,0,-2,-1,19642,4552,14510,16406,752904,752905,752907,752908,0,0,0,0
1787581652.162343,2,-4,2,1,19647,4552,14509,16415,752964,752965,752967,752968,0,0,0,0
1787581652.2205935,-1,-32,-2,-8,19649,4546,14502,16415,752994,752995,752997,752998,0,0,0,0
1787581652.3501518,-1,3,-2,0,19635,4560,14519,16402,753054,753055,753057,753058,0,0,0,0
1787581652.4769704,5,-2,0,-2,19641,4554,14510,16409,753084,753085,753087,753088,0,0,0,0
1787581652.48243,-1,1,4,-3,19659,4538,14492,16425,753144,753145,753147,753148,0,0,0,0
1787581652.5508554,-1,-1,1,-1,19656,4542,14498,16420,753174,753175,753177,753178,0,0,0,0
1787581652.6388495,15,-5,-1,14,19770,4560,14554,16579,753204,753205,753207,753208,0,0,0,0
1787581652.6388495,25,-20,-19,34,20214,4281,14385,17243,753234,753235,753237,753238,0,0,0,0
1787581652.767692,44,-45,-36,46,21143,3412,13695,18517,753264,753265,753267,753268,0,0,0,0
1787581652.7839584,70,-44,-51,70,22733,2354,12433,19976,753294,753295,753297,753298,0,0,0,0
1787581652.8158133,67,-53,-62,55,24430,969,10962,21830,753324,753325,753327,753328,0,0,0,0
1787581652.8962038,64,-49,-52,65,26180,32391,9550,23632,753354,753355,753357,753358,0,0,0,0
1787581652.8962038,45,-37,-35,49,27823,31108,8379,25127,753384,753385,753387,753388,0,0,0,0
1787581652.965205,34,-24,-23,41,30075,29373,6949,27448,753444,753445,753447,753448,0,0,0,0
1787581653.0309906,34,-18,-15,36,30935,28849,6467,28361,753474,753475,753477,753478,0,0,0,0
1787581653.0656192,44,-25,-28,35,31899,28275,5903,29286,753504,753505,753507,753508,0,0,0,0
1787581653.127699,42,-30,-34,31,198,27633,5228,30410,753534,753535,753537,753538,0,0,0,0
1787581653.190089,63,-27,-44,45,1494,26765,4177,31608,753564,753565,753567,753568,0,0,0,0
1787581653.2109568,58,-34,-38,45,2985,25936,3140,148,753594,753595,753597,753598,0,0,0,0
1787581653.288811,42,-47,-33,54,4531,24902,2071,1466,753624,753625,753627,753628,0,0,0,0
1787581653.3225105,49,-34,-31,53,5846,23926,991,2852,753654,753655,753657,753658,0,0,0,0
1787581653.383986,47,-28,-28,51,7196,23045,93,4149,753684,753685,753687,753688,0,0,0,0
1787581653.4629781,48,-28,-33,38,8328,22091,32049,5416,753714,753715,753717,753718,0,0,0,0
1787581653.4709423,30,-31,-25,36,9418,21287,31321,6557,753744,753745,753747,753748,0,0,0,0
1787581653.5752206,7,-9,-8,8,10449,20251,30427,7631,753804,753805,753807,753808,0,0,0,0
1787581653.7852664,7,-6,3,1,10617,20068,30314,7734,753834,753835,753837,753838,0,0,0,0
1787581653.918721,-1,-2,-2,1,10607,20091,30351,7717,753954,753955,753957,753958,0,0,0,0
1787581653.9261265,-3,-1,-2,-2,10545,20153,30410,7662,754014,754015,754017,754018,0,0,0,0
1787581654.0095327,-1,-2,-2,0,10526,20182,30433,7645,754044,754045,754047,754048,0,0,0,0
1787581654.1140516,3,3,1,-2,10513,20202,30452,7633,754074,754075,754077,754078,0,0,0,0
1787581654.1264937,-5,2,-2,-1,10476,20235,30478,7594,754134,754135,754137,754138,0,0,0,0
1787581654.2101493,2,1,3,1,10458,20254,30495,7573,754164,754165,754167,754168,0,0,0,0
1787581654.3216145,-1,5,-5,-4,10421,20293,30537,7536,754224,754225,754227,754228,0,0,0,0
1787581654.328142,-4,3,2,-2,10393,20333,30575,7504,754254,754255,754257,754258,0,0,0,0
1787581654.4392693,-1,0,0,-2,10373,20383,30618,7480,754284,754285,754287,754288,0,0,0,0
1787581654.4463048,-8,2,2,0,10371,20435,30669,7470,754314,754315,754317,754318,0,0,0,0
1787581654.4879599,1,2,2,1,10342,20457,30689,7443,754344,754345,754347,754348,0,0,0,0
1787581654.5985594,2,3,3,-2,10314,20490,30722,7412,754374,754375,754377,754378,0,0,0,0
1787581654.5985594,0,1,-4,1,10272,20510,30742,7361,754404,754405,754407,754408,0,0,0,0
1787581654.7449768,-1,5,-1,-6,10241,20554,30787,7333,754434,754435,754437,754438,0,0,0,0
1787581654.7449768,0,6,-6,3,10222,20568,30800,7315,754464,754465,754467,754468,0,0,0,0
1787581654.807493,0,-8,-5,-2,10222,20567,30799,7315,754494,754495,754497,754498,0,0,0,0
1787581654.807493,1,-1,1,2,10228,20569,30798,7321,754524,754525,754527,754528,0,0,0,0
1787581654.9461408,1,2,1,-5,10225,20561,30794,7320,754554,754555,754557,754558,0,0,0,0
1787581654.9461408,0,0,1,-2,10234,20551,30784,7330,754614,754615,754617,754618,0,0,0,0
1787581655.0230494,0,2,-2,-4,10227,20563,30796,7319,754644,754645,754647,754648,0,0,0,0
1787581655.1413782,-7,-33,-5,-2,10199,20585,30825,7289,754704,754705,754707,754708,0,0,0,0
1787581655.1413782,-1,1,0,1,10198,20590,30828,7289,754734,754735,754737,754738,0,0,0,0
1787581655.230898,-3,1,-1,-4,10153,20623,30875,7232,754764,754765,754767,754768,0,0,0,0
1787581655.2466493,-1,-1,5,-2,10128,20649,30906,7215,754794,754795,754797,754798,0,0,0,0
1787581655.3496027,-3,0,0,4,10165,20612,30854,7257,754884,754885,754887,754888,0,0,0,0
1787581655.4392238,1,-5,1,3,10186,20588,30834,7282,754914,754915,754917,754918,0,0,0,0
1787581655.4478672,-1,-1,0,-1,10189,20582,30829,7283,754944,754945,754947,754948,0,0,0,0
1787581655.5092618,-1,-1,0,-1,10189,20582,30829,7283,754944,754945,754947,754948,0,0,0,0
1787581655.6350281,-4,1,-2,1,10171,20606,30854,7260,755004,755005,755007,755008,0,0,0,0
1787581655.6405768,-6,-3,-1,-9,10164,20613,30863,7255,755034,755035,755037,755038,0,0,0,0
1787581655.6491215,-6,-3,-1,-9,10164,20613,30863,7255,755034,755035,755037,755038,0,0,0,0
1787581655.7601812,0,0,-3,0,10166,20607,30854,7260,755094,755095,755097,755098,0,0,0,0
1787581655.8494976,3,1,7,1,10174,20601,30848,7266,755154,755155,755157,755158,0,0,0,0
1787581655.966524,-2,-5,-1,8,10164,20610,30857,7258,755244,755245,755247,755248,0,0,0,0
1787581656.0405657,-1,4,0,2,10167,20605,30853,7263,755274,755275,755277,755278,0,0,0,0
1787581656.251114,-1,-2,2,-2,10172,20600,30849,7267,755304,755305,755307,755308,0,0,0,0
1787581656.251114,-3,-1,1,-2,10177,20598,30845,7269,755334,755335,755337,755338,0,0,0,0
1787581656.251114,0,-3,1,0,10173,20601,30849,7265,755394,755395,755397,755398,0,0,0,0
1787581656.260605,-3,-4,2,2,10170,20603,30851,7262,755424,755425,755427,755428,0,0,0,0
1787581656.358395,-2,1,-2,-2,10171,20602,30849,7264,755454,755455,755457,755458,0,0,0,0
1787581656.358395,2,-3,4,-9,10173,20601,30847,7266,755484,755485,755487,755488,0,0,0,0
1787581656.4524233,-4,0,-1,3,10173,20601,30848,7265,755514,755515,755517,755518,0,0,0,0
1787581656.4650948,-2,-4,-1,3,10170,20604,30852,7263,755544,755545,755547,755548,0,0,0,0
1787581656.5773883,-2,-3,2,0,10167,20605,30852,7261,755574,755575,755577,755578,0,0,0,0
1787581656.5773883,-1,-3,-17,-9,10171,20604,30850,7262,755604,755605,755607,755608,0,0,0,0
1787581656.6673965,1,-1,-2,-1,10171,20605,30852,7263,755664,755665,755667,755668,0,0,0,0
1787581657.0690117,0,-1,1,-2,10173,20600,30848,7266,755784,755785,755787,755788,0,0,0,0
1787581657.0690117,0,2,1,2,10174,20600,30846,7268,755844,755845,755847,755848,0,0,0,0
1787581657.0898235,-1,2,-3,-7,10170,20605,30851,7262,755904,755905,755907,755908,0,0,0,0
1787581657.182109,0,-4,-1,-4,10168,20605,30853,7261,755964,755965,755967,755968,0,0,0,0
1787581657.275558,-3,3,-3,-3,10172,20601,30848,7265,755994,755995,755997,755998,0,0,0,0
1787581657.275558,1,1,2,0,10173,20600,30847,7267,756024,756025,756027,756028,0,0,0,0
1787581657.4170787,-1,-1,0,-2,10169,20604,30852,7261,756084,756085,756087,756088,0,0,0,0
1787581657.474087,8,-1,-1,0,10168,20606,30853,7261,756114,756115,756117,756118,0,0,0,0
1787581657.4897623,-5,0,-1,-2,10170,20602,30850,7263,756144,756145,756147,756148,0,0,0,0
1787581657.603378,4,-4,-2,4,10172,20602,30849,7265,756174,756175,756177,756178,0,0,0,0
1787581657.603378,0,-5,0,-1,10170,20604,30851,7262,756204,756205,756207,756208,0,0,0,0
1787581657.6836739,0,-1,1,-2,10169,20605,30853,7261,756234,756235,756237,756238,0,0,0,0
1787581657.6866617,1,1,-1,2,10170,20606,30852,7263,756264,756265,756267,756268,0,0,0,0
1787581674.4795172,2,-1,-3,-1,9891,24420,233,4236,766284,766285,766287,766288,0,0,0,0
1787581674.4795172,2,-1,4,-3,9891,24420,232,4237,766314,766315,766317,766318,0,0,0,0
1787581674.6727622,-2,-7,-3,-2,9891,24420,232,4237,766404,766405,766407,766408,0,0,0,0
1787581674.6727622,-1,-4,-2,0,9892,24419,231,4239,766434,766435,766437,766438,0,0,0,0
1787581674.8805718,-1,2,-2,4,9884,24425,238,4231,766554,766555,766557,766558,0,0,0,0
1787581674.8964016,-1,2,-2,4,9884,24425,238,4231,766554,766555,766557,766558,0,0,0,0
1787581674.8964016,-4,-1,3,1,9888,24420,232,4236,766614,766615,766617,766618,0,0,0,0
1787581675.0199752,1,-1,2,0,9890,24418,231,4237,766644,766645,766647,766648,0,0,0,0
1787581675.0199752,0,1,7,-2,9889,24419,232,4237,766674,766675,766677,766678,0,0,0,0
1787581675.1038868,3,-1,-5,1,9890,24419,232,4237,766704,766705,766707,766708,0,0,0,0
1787581675.1102157,0,-3,0,-2,9890,24419,231,4236,766734,766735,766737,766738,0,0,0,0
1787581675.2148216,0,0,-3,0,9888,24419,233,4235,766764,766765,766767,766768,0,0,0,0
1787581675.2846513,-2,1,1,2,9889,24418,232,4236,766824,766825,766827,766828,0,0,0,0
1787581675.339311,1,3,-5,-2,9891,24418,229,4237,766854,766855,766857,766858,0,0,0,0
1787581675.4991746,0,-4,2,-1,9892,24416,229,4239,766884,766885,766887,766888,0,0,0,0
1787581675.4991746,-3,-3,-5,-1,9890,24419,232,4237,766944,766945,766947,766948,0,0,0,0
1787581675.5059462,-1,0,-2,6,9887,24419,233,4235,766974,766975,766977,766978,0,0,0,0
1787581675.624519,3,-3,2,4,9893,24416,228,4239,767034,767035,767037,767038,0,0,0,0
1787581675.7148716,2,-2,4,0,9892,24417,229,4238,767094,767095,767097,767098,0,0,0,0
1787581675.8249564,2,3,3,2,9890,24418,231,4237,767124,767125,767127,767128,0,0,0,0
1787581675.9089038,5,-3,4,-3,9891,24417,230,4238,767184,767185,767187,767188,0,0,0,0
1787581676.0206535,0,-1,3,-1,9891,24418,229,4238,767274,767275,767277,767278,0,0,0,0
1787581676.1139424,-2,-3,1,-1,9889,24419,232,4236,767304,767305,767307,767308,0,0,0,0
1787581676.1285105,2,1,2,0,9889,24421,233,4236,767334,767335,767337,767338,0,0,0,0
1787581676.1632948,-2,0,0,-1,9890,24418,232,4237,767364,767365,767367,767368,0,0,0,0
1787581676.2839413,1,-2,-2,0,9892,24417,230,4238,767394,767395,767397,767398,0,0,0,0
1787581676.2839413,-3,-8,0,16,9893,24416,228,4239,767424,767425,767427,767428,0,0,0,0
1787581676.4296238,-2,3,-5,-2,9893,24417,230,4238,767454,767455,767457,767458,0,0,0,0
1787581676.4296238,0,-7,1,-6,9890,24421,233,4236,767514,767515,767517,767518,0,0,0,0
1787581676.4937255,1,-1,2,1,9890,24418,230,4237,767544,767545,767547,767548,0,0,0,0
1787581676.5631757,4,-7,-1,3,9893,24416,227,4240,767574,767575,767577,767578,0,0,0,0
1787581676.7329297,-4,-1,-5,4,9894,24416,227,4240,767604,767605,767607,767608,0,0,0,0
1787581676.7329297,1,0,-2,2,9890,24418,231,4237,767664,767665,767667,767668,0,0,0,0
1787581676.7363207,-1,0,1,0,9892,24417,230,4238,767694,767695,767697,767698,0,0,0,0
1787581676.853816,0,0,-2,2,9892,24416,228,4239,767754,767755,767757,767758,0,0,0,0
1787581676.9407957,-1,3,-5,-4,9887,24422,234,4234,767814,767815,767817,767818,0,0,0,0
1787581676.9884858,0,-4,0,-1,9886,24421,233,4233,767844,767845,767847,767848,0,0,0,0
1787581677.1389458,1,-1,1,-6,9890,24419,231,4237,767874,767875,767877,767878,0,0,0,0
1787581677.14447,1,1,4,-1,9893,24415,227,4240,767904,767905,767907,767908,0,0,0,0
1787581677.14447,-1,-3,-3,-5,9894,24415,227,4239,767934,767935,767937,767938,0,0,0,0
1787581677.2544913,0,-11,1,-6,9886,24422,236,4233,767994,767995,767997,767998,0,0,0,0
1787581677.3462799,-4,0,2,-3,9887,24422,234,4235,768024,768025,768027,768028,0,0,0,0
1787581677.4089391,0,0,-3,2,9893,24416,228,4240,768084,768085,768087,768088,0,0,0,0
1787581677.5473905,0,1,-6,0,9891,24417,231,4237,768114,768115,768117,768118,0,0,0,0
1787581677.5473905,-2,0,0,-2,9890,24421,234,4236,768144,768145,768147,768148,0,0,0,0
1787581677.555573,0,-9,-5,0,9888,24420,234,4236,768174,768175,768177,768178,0,0,0,0
1787581677.66498,2,-5,0,0,9889,24419,232,4236,768204,768205,768207,768208,0,0,0,0
1787581677.66498,-1,-1,0,-1,9891,24419,231,4237,768234,768235,768237,768238,0,0,0,0
1787581677.7556772,-6,-2,3,1,9890,24420,232,4237,768294,768295,768297,768298,0,0,0,0
1787581677.8799424,0,4,-2,5,9889,24418,230,4237,768324,768325,768327,768328,0,0,0,0
1787581677.8799424,2,-2,-1,3,9892,24418,230,4239,768384,768385,768387,768388,0,0,0,0
1787581677.9706469,2,-1,2,2,9893,24416,228,4240,768414,768415,768417,768418,0,0,0,0
1787581678.078738,3,-2,0,-1,9890,24420,232,4237,768474,768475,768477,768478,0,0,0,0
1787581678.1623569,-2,2,-5,-1,9888,24421,234,4235,768504,768505,768507,768508,0,0,0,0
1787581678.1623569,-4,5,-1,-1,9888,24421,233,4235,768534,768535,768537,768538,0,0,0,0
1787581678.3018048,2,-1,7,0,9893,24418,230,4240,768624,768625,768627,768628,0,0,0,0
1787581678.367159,-4,3,0,1,9889,24421,234,4236,768654,768655,768657,768658,0,0,0,0
1787581678.4156585,1,3,1,5,9887,24424,235,4234,768684,768685,768687,768688,0,0,0,0
1787581678.5696778,-1,-1,3,1,9887,24420,233,4234,768714,768715,768717,768718,0,0,0,0
1787581678.5696778,1,-2,1,-1,9895,24416,227,4242,768774,768775,768777,768778,0,0,0,0
1787581678.6873593,-2,-4,-1,-3,9894,24415,227,4240,768804,768805,768807,768808,0,0,0,0
1787581678.699059,0,-3,0,-2,9897,24413,224,4244,768894,768895,768897,768898,0,0,0,0
1787581678.779519,-7,-1,5,-2,9902,24410,220,4248,768924,768925,768927,768928,0,0,0,0
1787581678.8114235,1,4,4,-4,9905,24407,218,4249,768954,768955,768957,768958,0,0,0,0
1787581678.986439,-1,-3,0,-1,9896,24416,228,4241,769044,769045,769047,769048,0,0,0,0
1787581679.088289,1,-2,4,-2,9894,24416,228,4242,769074,769075,769077,769078,0,0,0,0
1787581679.088289,-2,0,-2,1,9897,24413,224,4244,769104,769105,769107,769108,0,0,0,0
1787581679.1840653,-1,-2,-4,1,9900,24410,221,4247,769134,769135,769137,769138,0,0,0,0
1787581679.187876,-7,-4,-11,-1,9902,24411,221,4249,769164,769165,769167,769168,0,0,0,0
1787581679.2480083,-3,0,-4,0,9898,24413,224,4244,769194,769195,769197,769198,0,0,0,0
1787581679.328467,-4,1,-3,-1,9895,24415,226,4240,769224,769225,769227,769228,0,0,0,0
1787581679.328467,1,1,0,-2,9895,24416,226,4241,769254,769255,769257,769258,0,0,0,0
1787581679.388906,-2,-2,0,4,9898,24414,225,4244,769284,769285,769287,769288,0,0,0,0
1787581679.585988,1,5,3,0,9900,24413,222,4245,769374,769375,769377,769378,0,0,0,0
1787581679.6020324,0,3,1,-2,9897,24416,227,4241,769404,769405,769407,769408,0,0,0,0
1787581679.7150936,-4,1,-1,-5,9900,24412,221,4245,769464,769465,769467,769468,0,0,0,0
1787581679.8044746,-4,4,4,1,9905,24410,220,4249,769494,769495,769497,769498,0,0,0,0
1787581679.8044746,2,-3,0,3,9905,24408,219,4250,769524,769525,769527,769528,0,0,0,0
1787581680.0060403,-2,0,2,-4,9900,24412,223,4246,769614,769615,769617,769618,0,0,0,0
1787581680.0124142,-2,-5,-5,4,9900,24409,221,4248,769644,769645,769647,769648,0,0,0,0
1787581680.1179426,2,-8,2,-2,9901,24409,220,4248,769674,769675,769677,769678,0,0,0,0
1787581680.1300795,-4,0,-4,-1,9902,24409,220,4248,769704,769705,769707,769708,0,0,0,0
1787581680.2142048,5,-2,-1,-3,9901,24409,221,4247,769734,769735,769737,769738,0,0,0,0
1787581680.2142048,4,1,-3,-6,9901,24411,221,4246,769764,769765,769767,769768,0,0,0,0
1787581680.2568738,5,-4,0,0,9900,24410,221,4247,769794,769795,769797,769798,0,0,0,0
1787581680.2882378,0,-6,-3,0,9902,24409,219,4249,769824,769825,769827,769828,0,0,0,0
1787581680.415541,-2,-5,3,-1,9905,24408,216,4250,769854,769855,769857,769858,0,0,0,0
1787581680.415541,3,2,0,-5,9906,24408,218,4251,769884,769885,769887,769888,0,0,0,0
1787581680.5365667,-3,4,0,-3,9898,24411,222,4246,769914,769915,769917,769918,0,0,0,0
1787581680.5385373,-1,1,3,0,9895,24413,225,4243,769944,769945,769947,769948,0,0,0,0
1787581680.5466526,-1,1,3,-3,9893,24417,228,4238,769974,769975,769977,769978,0,0,0,0
1787581680.623343,-3,2,4,2,9881,24424,239,4228,770004,770005,770007,770008,0,0,0,0
1787581680.734694,-6,4,3,-6,9838,24466,290,4175,770034,770035,770037,770038,0,0,0,0
1787581680.734694,2,1,-1,5,9797,24495,319,4152,770094,770095,770097,770098,0,0,0,0
1787581680.8250487,0,-4,-3,3,9870,24433,245,4227,770124,770125,770127,770128,0,0,0,0
1787581680.9434493,2,0,2,-1,9941,24386,186,4287,770154,770155,770157,770158,0,0,0,0
1787581680.9463658,0,2,0,-2,9923,24403,214,4261,770214,770215,770217,770218,0,0,0,0
1787581681.0344071,0,-1,3,-3,9923,24425,226,4263,770244,770245,770247,770248,0,0,0,0
1787581681.046961,-3,-5,0,-3,9928,24408,211,4269,770274,770275,770277,770278,0,0,0,0
1787581681.2348468,-5,-7,-2,4,9929,24415,217,4266,770334,770335,770337,770338,0,0,0,0
1787581681.2348468,4,-2,-6,-1,9923,24421,224,4259,770364,770365,770367,770368,0,0,0,0
1787581681.2407901,0,3,-4,2,9921,24422,226,4260,770394,770395,770397,770398,0,0,0,0
1787581681.3124485,-1,-1,-6,-3,9926,24418,221,4264,770424,770425,770427,770428,0,0,0,0
1787581681.3253434,2,-2,-5,-2,9931,24413,215,4268,770454,770455,770457,770458,0,0,0,0
1787581681.4424825,-2,-5,-3,0,9930,24412,215,4268,770484,770485,770487,770488,0,0,0,0
1787581681.4424825,-2,-1,0,1,9925,24417,221,4262,770514,770515,770517,770518,0,0,0,0
1787581681.5542128,0,0,2,-1,9926,24417,220,4264,770574,770575,770577,770578,0,0,0,0
1787581681.6397934,-1,-2,2,-1,9930,24413,215,4267,770634,770635,770637,770638,0,0,0,0
1787581681.7525625,-1,-2,-2,-4,9928,24416,219,4264,770664,770665,770667,770668,0,0,0,0
1787581681.766735,-3,3,1,4,9927,24416,219,4264,770724,770725,770727,770728,0,0,0,0
1787581681.8473485,0,2,2,-4,9929,24414,216,4266,770754,770755,770757,770758,0,0,0,0
1787581681.869184,-1,-3,-5,-3,9929,24414,217,4266,770784,770785,770787,770788,0,0,0,0
1787581681.9711227,0,-2,0,-1,9926,24417,220,4264,770844,770845,770847,770848,0,0,0,0
1787581682.055254,1,-4,-3,0,9925,24415,220,4264,770904,770905,770907,770908,0,0,0,0
1787581682.1835976,3,2,-3,9,9922,24419,224,4261,770964,770965,770967,770968,0,0,0,0
1787581682.2113569,0,-3,-5,0,9916,24427,234,4253,770994,770995,770997,770998,0,0,0,0
1787581682.2629044,-2,-1,0,1,9915,24434,239,4249,771024,771025,771027,771028,0,0,0,0
1787581682.3267481,-1,1,-1,-5,9917,24436,240,4252,771054,771055,771057,771058,0,0,0,0
1787581682.456319,-3,6,2,-5,9922,24431,233,4257,771084,771085,771087,771088,0,0,0,0
1787581682.456319,-1,3,-3,-4,9926,24421,224,4265,771114,771115,771117,771118,0,0,0,0
1787581682.456319,-5,6,-4,0,9928,24423,225,4262,771144,771145,771147,771148,0,0,0,0
1787581682.6755679,1,3,-1,0,9922,24430,233,4257,771204,771205,771207,771208,0,0,0,0
1787581682.6803467,-2,-2,-11,2,9927,24426,227,4262,771264,771265,771267,771268,0,0,0,0
1787581682.796661,-3,-1,-4,-2,9926,24427,229,4261,771294,771295,771297,771298,0,0,0,0
1787581682.796661,-1,2,3,-3,9924,24429,233,4258,771324,771325,771327,771328,0,0,0,0
1787581682.8758469,1,2,-5,0,9923,24429,232,4258,771354,771355,771357,771358,0,0,0,0
1787581682.8799047,-1,4,2,0,9924,24428,231,4259,771384,771385,771387,771388,0,0,0,0
1787581683.0775583,-1,-1,-1,-2,9924,24429,231,4259,771414,771415,771417,771418,0,0,0,0
1787581683.0775583,1,1,3,-2,9924,24430,235,4258,771474,771475,771477,771478,0,0,0,0
1787581683.0868888,-3,-2,1,1,9909,24441,258,4231,771504,771505,771507,771508,0,0,0,0
1787581683.1997516,3,2,-2,0,9926,24387,196,4258,771564,771565,771567,771568,0,0,0,0
1787581683.2861037,-6,-2,1,-3,9932,24393,204,4261,771594,771595,771597,771598,0,0,0,0
1787581683.2861037,5,-1,-3,3,9957,24379,183,4289,771624,771625,771627,771628,0,0,0,0
1787581683.4369843,2,-4,-3,0,10014,24336,128,4337,771654,771655,771657,771658,0,0,0,0
1787581683.4369843,5,3,-4,0,10050,24306,96,4363,771684,771685,771687,771688,0,0,0,0
1787581683.4369843,1,7,-4,-1,10046,24306,97,4357,771714,771715,771717,771718,0,0,0,0
1787581683.6036224,-7,1,8,-1,10011,24333,130,4320,771744,771745,771747,771748,0,0,0,0
1787581683.6036224,-5,3,2,-2,9855,24466,293,4173,771804,771805,771807,771808,0,0,0,0
1787581683.6921482,-4,1,2,-2,9796,24520,352,4117,771834,771835,771837,771838,0,0,0,0
1787581683.7089813,2,1,-3,-3,9778,24536,367,4104,771864,771865,771867,771868,0,0,0,0
1787581683.8203402,2,-3,-5,3,9821,24485,309,4160,771924,771925,771927,771928,0,0,0,0
1787581683.836366,11,-7,-9,7,9961,24401,239,4331,771954,771955,771957,771958,0,0,0,0
1787581683.900874,23,-24,-21,25,10418,24055,32630,4755,771984,771985,771987,771988,0,0,0,0
1787581683.9693074,44,-40,-44,51,11485,23257,31741,5922,772014,772015,772017,772018,0,0,0,0
1787581683.9976263,48,-41,-57,58,12887,21956,30521,7513,772044,772045,772047,772048,0,0,0,0
1787581684.0483217,67,-61,-53,56,14544,20481,28971,9295,772074,772075,772077,772078,0,0,0,0
1787581684.0874562,54,-30,-49,60,16221,18939,27495,11065,772104,772105,772107,772108,0,0,0,0
1787581684.135406,53,-45,-37,45,17741,17497,26242,12468,772134,772135,772137,772138,0,0,0,0
1787581684.1918852,44,-29,-30,40,18928,16423,25296,13653,772164,772165,772167,772168,0,0,0,0
1787581684.2685914,31,-32,-24,36,19861,15664,24497,14517,772194,772195,772197,772198,0,0,0,0
1787581684.3246377,21,-23,-19,28,20638,15012,23974,15334,772224,772225,772227,772228,0,0,0,0
1787581684.3588886,28,-24,-25,25,21311,14359,23438,16154,772254,772255,772257,772258,0,0,0,0
1787581684.463804,36,-29,-37,33,22303,13713,22623,16970,772284,772285,772287,772288,0,0,0,0
1787581684.4707742,37,-33,-35,59,23385,12831,21673,18075,772314,772315,772317,772318,0,0,0,0
1787581684.5268762,51,-49,-46,47,26066,10677,19346,20736,772374,772375,772377,772378,0,0,0,0
1787581684.5904868,57,-43,-42,48,27525,9467,18183,22077,772404,772405,772407,772408,0,0,0,0
1787581684.6304457,41,-45,-35,46,28808,8298,17074,23467,772434,772435,772437,772438,0,0,0,0
1787581684.6994483,39,-38,-30,38,30999,6509,15231,25687,772494,772495,772497,772498,0,0,0,0
1787581684.796262,35,-27,-26,33,31940,5604,14458,26736,772524,772525,772527,772528,0,0,0,0
1787581684.8108883,31,-29,-27,33,108,4777,13718,27727,772554,772555,772557,772558,0,0,0,0
1787581684.8675098,36,-39,-23,37,1147,3993,12851,28762,772584,772585,772587,772588,0,0,0,0
1787581684.964491,35,-35,-42,43,2307,3080,11924,29927,772614,772615,772617,772618,0,0,0,0
1787581685.032893,41,-35,-43,46,4741,1078,9836,32317,772674,772675,772677,772678,0,0,0,0
1787581685.0842319,51,-31,-43,43,6005,32761,8678,786,772704,772705,772707,772708,0,0,0,0
1787581685.1240401,43,-35,-37,46,7284,31710,7705,2050,772734,772735,772737,772738,0,0,0,0
1787581685.2054431,46,-39,-34,41,8482,30757,6667,3221,772764,772765,772767,772768,0,0,0,0
1787581685.2195969,41,-39,-34,37,9595,29803,5770,4312,772794,772795,772797,772798,0,0,0,0
1787581685.285558,34,-28,-33,34,10544,28910,4947,5432,772824,772825,772827,772828,0,0,0,0
1787581685.3166301,32,-28,-38,45,11679,28048,4066,6500,772854,772855,772857,772858,0,0,0,0
1787581685.395739,37,-38,-38,42,12708,27123,3192,7557,772884,772885,772887,772888,0,0,0,0
1787581685.395739,41,-31,-37,51,13919,26260,2260,8679,772914,772915,772917,772918,0,0,0,0
1787581685.4762242,37,-39,-37,49,15058,25345,1231,9825,772944,772945,772947,772948,0,0,0,0
1787581685.5501583,35,-34,-41,51,16264,24280,156,11027,772974,772975,772977,772978,0,0,0,0
1787581685.5909908,38,-34,-43,46,17528,23318,31890,12255,773004,773005,773007,773008,0,0,0,0
1787581685.65063,35,-35,-38,48,18652,22226,30949,13519,773034,773035,773037,773038,0,0,0,0
1787581685.66873,33,-34,-38,42,19744,21281,30033,14645,773064,773065,773067,773068,0,0,0,0
1787581685.730591,36,-35,-34,48,20749,20293,29000,15661,773094,773095,773097,773098,0,0,0,0
1787581685.7882102,48,-33,-35,40,21758,19329,28027,16657,773124,773125,773127,773128,0,0,0,0
1787581685.890936,38,-38,-35,39,23901,17234,25996,18816,773184,773185,773187,773188,0,0,0,0
1787581685.9359944,48,-27,-44,43,25016,16205,24906,19875,773214,773215,773217,773218,0,0,0,0
1787581685.9834924,41,-32,-36,44,26087,15256,23935,21049,773244,773245,773247,773248,0,0,0,0
1787581686.053774,50,-38,-40,35,27285,14298,23015,22108,773274,773275,773277,773278,0,0,0,0
1787581686.0696015,41,-41,-40,35,28333,13284,21950,23235,773304,773305,773307,773308,0,0,0,0
1787581686.2150798,36,-42,-35,36,30421,11353,19852,25268,773364,773365,773367,773368,0,0,0,0
1787581686.2308953,34,-35,-40,45,31463,10276,18848,26401,773394,773395,773397,773398,0,0,0,0
1787581686.278296,36,-37,-43,43,32559,9309,17794,27454,773424,773425,773427,773428,0,0,0,0
1787581686.3586328,34,-34,-50,34,809,8080,16726,28437,773454,773455,773457,773458,0,0,0,0
1787581686.405959,48,-41,-49,35,1858,7074,15514,29345,773484,773485,773487,773488,0,0,0,0
1787581686.4290397,40,-45,-45,29,2810,5950,14324,30345,773514,773515,773517,773518,0,0,0,0
1787581686.4813685,44,-37,-47,37,3854,4801,13162,31280,773544,773545,773547,773548,0,0,0,0
1787581686.5504615,31,-47,-48,41,4884,3745,11998,32221,773574,773575,773577,773578,0,0,0,0
1787581686.602056,32,-39,-40,35,5852,2647,10851,425,773604,773605,773607,773608,0,0,0,0
1787581686.666557,32,-47,-47,32,6852,1549,9770,1284,773634,773635,773637,773638,0,0,0,0
1787581686.7142415,29,-44,-44,23,7828,479,8585,2304,773664,773665,773667,773668,0,0,0,0
1787581686.762791,42,-47,-58,30,8823,32160,7469,3196,773694,773695,773697,773698,0,0,0,0
1787581686.7790668,37,-38,-45,38,9779,31063,6260,4172,773724,773725,773727,773728,0,0,0,0
1787581686.9181855,29,-44,-50,38,10637,29826,5151,5153,773754,773755,773757,773758,0,0,0,0
1787581686.925907,32,-40,-45,43,11652,28725,3989,6180,773784,773785,773787,773788,0,0,0,0
1787581686.9666975,27,-39,-40,31,12606,27591,2938,7156,773814,773815,773817,773818,0,0,0,0
1787581687.0165026,38,-37,-45,31,13610,26476,1783,8056,773844,773845,773847,773848,0,0,0,0
1787581687.0844586,33,-34,-38,31,15460,24172,32264,9986,773904,773905,773907,773908,0,0,0,0
1787581687.1334531,19,-44,-41,43,16388,23082,31123,10936,773934,773935,773937,773938,0,0,0,0
1787581687.1495833,29,-39,-42,30,17420,21931,30039,11930,773964,773965,773967,773968,0,0,0,0
1787581687.3478189,30,-33,-35,38,18409,20882,28908,12855,773994,773995,773997,773998,0,0,0,0
1787581687.3478189,25,-21,-24,17,19201,19999,28060,13699,774024,774025,774027,774028,0,0,0,0
1787581687.3478189,20,-10,-21,4,19667,19526,27720,13942,774054,774055,774057,774058,0,0,0,0
1787581687.4809923,0,-4,-5,0,20227,18955,27168,14434,774144,774145,774147,774148,0,0,0,0
1787581687.58507,3,-1,1,1,20265,18914,27132,14467,774174,774175,774177,774178,0,0,0,0
1787581687.58507,1,-3,-3,0,20275,18903,27121,14474,774204,774205,774207,774208,0,0,0,0
1787581687.699607,-7,3,2,2,20267,18914,27131,14463,774234,774235,774237,774238,0,0,0,0
1787581687.70619,-3,3,4,3,20261,18923,27139,14455,774264,774265,774267,774268,0,0,0,0
1787581687.7896342,1,-2,-2,2,20259,18927,27143,14454,774294,774295,774297,774298,0,0,0,0
1787581687.9014215,3,-2,-4,0,20265,18920,27136,14461,774324,774325,774327,774328,0,0,0,0
1787581687.9072392,4,-3,4,-2,20233,18955,27174,14421,774384,774385,774387,774388,0,0,0,0
1787581687.9951975,3,2,0,-8,20215,18976,27194,14405,774414,774415,774417,774418,0,0,0,0
1787581688.0047464,-5,1,6,-2,20214,18976,27194,14407,774444,774445,774447,774448,0,0,0,0
1787581688.1084967,1,-4,1,0,20220,18970,27188,14412,774474,774475,774477,774478,0,0,0,0
1787581688.1153944,-2,0,0,-2,20222,18966,27184,14413,774504,774505,774507,774508,0,0,0,0
1787581688.130041,-1,-5,-4,-4,20211,18978,27198,14402,774534,774535,774537,774538,0,0,0,0
1787581688.2067425,-7,0,1,-2,20204,18988,27207,14394,774564,774565,774567,774568,0,0,0,0
1787581688.2344832,-74,-35,-72,-125,19628,18523,26379,13373,774594,774595,774597,774598,0,0,0,0
1787581688.3635077,-67,-95,-79,-68,17550,16623,23767,10669,774624,774625,774627,774628,0,0,0,0
1787581688.3792565,-73,-82,-73,-64,13756,12406,19474,6938,774684,774685,774687,774688,0,0,0,0
1787581688.4817436,-73,-83,-64,-78,11760,10230,17382,4979,774714,774715,774717,774718,0,0,0,0
1787581688.4817436,-71,-74,-71,-44,9686,7944,15432,3149,774744,774745,774747,774748,0,0,0,0
1787581688.60483,-87,-86,-77,-82,7567,5692,13539,1441,774774,774775,774777,774778,0,0,0,0
1787581688.6204324,-77,-77,-66,-67,5471,3552,11523,32346,774804,774805,774807,774808,0,0,0,0
1787581688.6204324,-79,-71,-86,-83,3333,1584,9510,30094,774834,774835,774837,774838,0,0,0,0
1787581688.7266006,-69,-72,-90,-98,1119,32441,7358,27531,774864,774865,774867,774868,0,0,0,0
1787581688.8237665,-83,-75,-82,-69,27577,26409,803,20875,774954,774955,774957,774958,0,0,0,0
1787581688.9292765,-38,-56,-44,-46,23474,22142,29477,17051,775014,775015,775017,775018,0,0,0,0
1787581689.0251503,-30,-25,-15,-19,21501,19859,27803,15581,775074,775075,775077,775078,0,0,0,0
1787581689.1445458,-13,-19,-16,-18,20943,19219,27246,15087,775104,775105,775107,775108,0,0,0,0
1787581689.2264802,3,4,6,3,20859,18895,26749,14859,775194,775195,775197,775198,0,0,0,0
1787581689.3736846,6,2,2,5,20906,18903,26795,14953,775224,775225,775227,775228,0,0,0,0
1787581689.3736846,-4,0,-2,-1,20920,18895,26810,14983,775254,775255,775257,775258,0,0,0,0
1787581689.3860874,1,0,-8,-2,20905,18888,26811,14971,775284,775285,775287,775288,0,0,0,0
1787581689.48516,-1,-1,2,-2,20933,18879,26797,14996,775344,775345,775347,775348,0,0,0,0
1787581689.6258693,4,3,3,-1,20941,18887,26802,15000,775374,775375,775377,775378,0,0,0,0
1787581689.6278706,5,-4,0,-5,20928,18893,26809,14986,775404,775405,775407,775408,0,0,0,0
1787581689.628869,3,-6,1,-2,20910,18890,26811,14973,775434,775435,775437,775438,0,0,0,0
1787581689.8389633,1,-2,0,-1,20898,18880,26809,14968,775464,775465,775467,775468,0,0,0,0
1787581689.8389633,-1,-2,0,-4,20934,18884,26801,14995,775554,775555,775557,775558,0,0,0,0
1787581689.949902,-2,4,1,3,20924,18880,26802,14987,775584,775585,775587,775588,0,0,0,0
1787581689.949902,0,4,-2,-1,20917,18885,26808,14980,775614,775615,775617,775618,0,0,0,0
1787581690.0457695,-6,2,0,0,20920,18887,26806,14986,775674,775675,775677,775678,0,0,0,0
1787581690.1081197,-2,-2,2,1,20927,18884,26802,14990,775704,775705,775707,775708,0,0,0,0
1787581690.1593444,5,0,-3,1,20945,18894,26809,15014,775734,775735,775737,775738,0,0,0,0
1787581690.2397313,40,-36,-30,33,21897,18247,26237,16180,775794,775795,775797,775798,0,0,0,0
1787581690.2397313,44,-51,-53,49,23122,17134,25121,17484,775824,775825,775827,775828,0,0,0,0
1787581690.331761,44,-51,-53,49,23122,17134,25121,17484,775824,775825,775827,775828,0,0,0,0
1787581690.379967,79,-60,-50,61,26320,14211,22107,20964,775884,775885,775887,775888,0,0,0,0
1787581690.4116964,44,-41,-48,60,27974,12837,20814,22507,775914,775915,775917,775918,0,0,0,0
1787581690.4598138,42,-36,-38,44,29314,11664,19646,23932,775944,775945,775947,775948,0,0,0,0
1787581690.5883217,34,-32,-27,33,30483,10674,18789,24957,775974,775975,775977,775978,0,0,0,0
1787581690.6008742,30,-17,-18,27,32225,9334,17492,26755,776034,776035,776037,776038,0,0,0,0
1787581690.699309,35,-18,-24,35,237,8775,16976,27581,776064,776065,776067,776068,0,0,0,0
1787581690.705323,30,-32,-26,40,1172,7988,16202,28442,776094,776095,776097,776098,0,0,0,0
1787581690.7687783,38,-32,-41,62,2347,7094,15188,29597,776124,776125,776127,776128,0,0,0,0
1787581690.8229632,66,-54,-48,50,3747,5971,13993,31005,776154,776155,776157,776158,0,0,0,0
1787581690.864974,49,-38,-48,50,5167,4704,12761,32416,776184,776185,776187,776188,0,0,0,0
1787581690.9352555,52,-38,-35,41,6609,3518,11581,1041,776214,776215,776217,776218,0,0,0,0
1787581690.9907055,38,-33,-32,35,7829,2471,10593,2391,776244,776245,776247,776248,0,0,0,0
1787581691.0103772,45,-38,-32,35,8988,1509,9639,3427,776274,776275,776277,776278,0,0,0,0
1787581691.088135,37,-31,-29,30,9953,658,8844,4429,776304,776305,776307,776308,0,0,0,0
1787581691.1290357,43,-22,-34,39,10835,32643,8101,5386,776334,776335,776337,776338,0,0,0,0
1787581691.1980402,36,-34,-31,40,11885,31847,7338,6399,776364,776365,776367,776368,0,0,0,0
1787581691.2553396,36,-31,-37,39,12938,31071,6435,7505,776394,776395,776397,776398,0,0,0,0
1787581691.2692451,37,-41,-37,54,14131,30123,5476,8612,776424,776425,776427,776428,0,0,0,0
1787581691.365386,45,-28,-32,50,15309,29063,4378,9808,776454,776455,776457,776458,0,0,0,0
1787581691.365386,48,-31,-27,52,16549,28039,3281,11158,776484,776485,776487,776488,0,0,0,0
1787581691.4239714,44,-33,-32,42,17841,26916,2277,12396,776514,776515,776517,776518,0,0,0,0
1787581691.488133,42,-38,-34,41,18953,25975,1246,13629,776544,776545,776547,776548,0,0,0,0
1787581691.5923893,40,-46,-36,36,20181,24963,316,14736,776574,776575,776577,776578,0,0,0,0
1787581691.5923893,34,-32,-41,43,21194,24089,32209,15835,776604,776605,776607,776608,0,0,0,0
1787581691.6569085,41,-31,-29,39,22342,23280,31316,16871,776634,776635,776637,776638,0,0,0,0
1787581691.6569085,36,-39,-35,42,23417,22334,30441,17952,776664,776665,776667,776668,0,0,0,0
1787581691.7466166,38,-39,-32,36,24472,21456,29421,19062,776694,776695,776697,776698,0,0,0,0
1787581691.8431642,32,-38,-33,48,25636,20490,28574,20197,776724,776725,776727,776728,0,0,0,0
1787581691.8592498,44,-38,-35,46,26780,19499,27596,21428,776754,776755,776757,776758,0,0,0,0
1787581691.9094827,38,-33,-32,50,27951,18473,26624,22597,776784,776785,776787,776788,0,0,0,0
1787581691.923309,34,-35,-34,55,29100,17403,25708,23990,776814,776815,776817,776818,0,0,0,0
1787581691.987161,41,-30,-38,46,30289,16402,24679,25127,776844,776845,776847,776848,0,0,0,0
1787581692.047919,33,-44,-31,42,31400,15422,23776,26267,776874,776875,776877,776878,0,0,0,0
1787581692.1067054,29,-29,-37,42,32548,14506,22849,27352,776904,776905,776907,776908,0,0,0,0
1787581692.1543515,38,-31,-29,42,922,13668,21894,28406,776934,776935,776937,776938,0,0,0,0
1787581692.2188265,39,-33,-24,43,2070,12766,20956,29414,776964,776965,776967,776968,0,0,0,0
1787581692.280277,37,-31,-39,44,3140,11897,19980,30620,776994,776995,776997,776998,0,0,0,0
1787581692.282147,37,-40,-30,33,4378,10962,19031,31713,777024,777025,777027,777028,0,0,0,0
1787581692.3462336,42,-36,-42,46,5452,9952,18040,100,777054,777055,777057,777058,0,0,0,0
1787581692.3948157,47,-39,-42,40,6682,8998,16997,1251,777084,777085,777087,777088,0,0,0,0
1787581692.4579773,37,-36,-37,40,7776,7828,15933,2437,777114,777115,777117,777118,0,0,0,0
1787581692.505272,44,-31,-40,32,8908,6893,14858,3459,777144,777145,777147,777148,0,0,0,0
1787581692.575172,46,-32,-38,27,10904,4766,12768,5592,777204,777205,777207,777208,0,0,0,0
1787581692.7043574,33,-46,-39,41,11949,3819,11768,6627,777234,777235,777237,777238,0,0,0,0
1787581692.7043574,33,-35,-35,35,12926,2858,10807,7603,777264,777265,777267,777268,0,0,0,0
1787581692.76895,30,-39,-43,44,14000,1916,9866,8631,777294,777295,777297,777298,0,0,0,0
1787581692.8494122,30,-38,-43,44,16158,32555,7738,10819,777354,777355,777357,777358,0,0,0,0
1787581692.9156835,37,-26,-42,44,17270,31463,6593,11949,777384,777385,777387,777388,0,0,0,0
1787581692.945951,40,-36,-32,41,18331,30450,5557,12987,777414,777415,777417,777418,0,0,0,0
1787581693.044854,41,-42,-46,37,19345,29337,4490,14047,777444,777445,777447,777448,0,0,0,0
1787581693.044854,36,-42,-30,34,20384,28327,3386,15078,777474,777475,777477,777478,0,0,0,0
1787581693.1081219,46,-48,-39,35,21353,27289,2418,16140,777504,777505,777507,777508,0,0,0,0
1787581693.224413,39,-42,-39,35,22470,26313,1391,17150,777534,777535,777537,777538,0,0,0,0
1787581693.224413,34,-46,-37,47,23470,25290,353,18267,777564,777565,777567,777568,0,0,0,0
1787581693.2859354,36,-35,-48,38,24527,24224,32078,19352,777594,777595,777597,777598,0,0,0,0
1787581693.3200595,39,-36,-41,31,26672,22080,29964,21470,777654,777655,777657,777658,0,0,0,0
1787581693.3784127,38,-37,-41,44,27755,21121,28923,22427,777684,777685,777687,777688,0,0,0,0
1787581693.4106364,40,-41,-43,36,28729,19986,27850,23452,777714,777715,777717,777718,0,0,0,0
1787581693.507386,42,-41,-45,29,29740,18859,26636,24432,777744,777745,777747,777748,0,0,0,0
1787581693.5248017,35,-43,-40,33,30776,17750,25551,25421,777774,777775,777777,777778,0,0,0,0
1787581693.5844126,42,-44,-40,46,31816,16612,24308,26395,777804,777805,777807,777808,0,0,0,0
1787581693.631973,25,-40,-34,38,31,15569,23226,27279,777834,777835,777837,777838,0,0,0,0
1787581693.6962807,30,-48,-42,30,1008,14473,22016,28215,777864,777865,777867,777868,0,0,0,0
1787581693.6962807,38,-44,-36,26,2003,13310,20906,29089,777894,777895,777897,777898,0,0,0,0
1787581693.7611291,35,-39,-40,32,2888,12211,19740,30104,777924,777925,777927,777928,0,0,0,0
1787581693.892974,38,-48,-43,38,3880,11114,18682,31030,777954,777955,777957,777958,0,0,0,0
1787581693.9036717,36,-53,-34,43,5794,8872,16368,197,778014,778015,778017,778018,0,0,0,0
1787581693.9702082,33,-37,-40,29,6778,7583,15234,1139,778044,778045,778047,778048,0,0,0,0
1787581694.0832062,34,-39,-45,26,7756,6528,14092,2209,778074,778075,778077,778078,0,0,0,0
1787581694.0832062,29,-28,-27,18,8634,5550,13174,3033,778104,778105,778107,778108,0,0,0,0
1787581694.1478033,15,-14,-15,6,9193,4953,12749,3432,778134,778135,778137,778138,0,0,0,0
1787581694.2445028,1,4,-7,-3,9369,4769,12451,3381,778164,778165,778167,778168,0,0,0,0
1787581694.2445028,-10,1,11,-6,9267,4851,12523,3217,778194,778195,778197,778198,0,0,0,0
1787581694.2604384,0,-1,3,-7,9136,4985,12667,3148,778224,778225,778227,778228,0,0,0,0
1787581694.3425004,1,1,0,-5,9062,5071,12749,3099,778254,778255,778257,778258,0,0,0,0
1787581694.3992183,-4,-5,1,0,9038,5091,12766,3103,778284,778285,778287,778288,0,0,0,0
1787581694.4208179,5,2,-3,6,9051,5078,12760,3110,778314,778315,778317,778318,0,0,0,0
1787581694.5518024,1,1,-6,2,9119,5007,12696,3178,778374,778375,778377,778378,0,0,0,0
1787581694.7537339,5,-5,-5,3,9159,4967,12661,3214,778404,778405,778407,778408,0,0,0,0
1787581694.7537339,0,-3,1,-4,9202,4916,12617,3254,778494,778495,778497,778498,0,0,0,0
1787581694.879085,1,0,-3,1,9200,4923,12626,3247,778524,778525,778527,778528,0,0,0,0
1787581694.882588,-3,4,-5,2,9212,4911,12613,3260,778554,778555,778557,778558,0,0,0,0
1787581694.8853116,-2,1,-4,2,9231,4890,12594,3278,778584,778585,778587,778588,0,0,0,0
1787581694.9690404,-2,-6,-2,0,9256,4862,12567,3303,778614,778615,778617,778618,0,0,0,0
1787581694.9904203,0,0,-5,0,9281,4837,12543,3326,778644,778645,778647,778648,0,0,0,0
1787581695.070086,-2,-2,-2,3,9305,4814,12521,3348,778674,778675,778677,778678,0,0,0,0
1787581695.1677217,3,4,-3,4,9335,4769,12478,3377,778734,778735,778737,778738,0,0,0,0
1787581695.2801473,3,-6,0,3,9398,4697,12399,3446,778794,778795,778797,778798,0,0,0,0
1787581695.368281,-1,-6,-3,5,9481,4625,12311,3524,778854,778855,778857,778858,0,0,0,0
1787581695.4459507,1,-4,-6,-3,9521,4593,12270,3560,778884,778885,778887,778888,0,0,0,0
1787581695.447582,-1,-2,-1,3,9554,4566,12233,3593,778914,778915,778917,778918,0,0,0,0
1787581695.5500348,0,-2,2,1,9573,4548,12211,3609,778974,778975,778977,778978,0,0,0,0
1787581695.7809198,-1,-1,3,1,9572,4560,12224,3605,779004,779005,779007,779008,0,0,0,0
1787581695.7809198,0,1,-1,-4,9498,4611,12305,3527,779064,779065,779067,779068,0,0,0,0
1787581695.7880673,-5,0,5,-4,9446,4653,12361,3485,779094,779095,779097,779098,0,0,0,0
1787581695.9005265,1,2,0,3,9423,4679,12391,3463,779124,779125,779127,779128,0,0,0,0
1787581695.9005265,5,-1,1,0,9419,4679,12386,3461,779154,779155,779157,779158,0,0,0,0
1787581695.905918,1,1,-7,-3,9441,4663,12363,3483,779184,779185,779187,779188,0,0,0,0
1787581695.9897065,-4,-4,-5,3,9469,4638,12331,3511,779214,779215,779217,779218,0,0,0,0
1787581696.09417,3,-4,4,-1,9497,4612,12298,3539,779244,779245,779247,779248,0,0,0,0
1787581696.09417,-1,0,-13,1,9523,4591,12273,3563,779274,779275,779277,779278,0,0,0,0
1787581696.1072426,3,2,7,-4,9539,4578,12256,3577,779304,779305,779307,779308,0,0,0,0
1787581696.1845841,-2,2,-2,4,9545,4574,12251,3582,779334,779335,779337,779338,0,0,0,0
1787581696.3019176,-6,-3,-1,-1,9531,4585,12266,3568,779394,779395,779397,779398,0,0,0,0
1787581696.309219,-3,-2,-1,1,9513,4600,12285,3551,779454,779455,779457,779458,0,0,0,0
1787581696.3855484,4,-1,-4,0,9513,4600,12285,3551,779484,779485,779487,779488,0,0,0,0
1787581696.449205,-1,-2,4,5,9518,4595,12279,3559,779544,779545,779547,779548,0,0,0,0
1787581696.5097296,1,-2,1,-1,9523,4588,12271,3566,779574,779575,779577,779578,0,0,0,0
1787581696.6003714,-5,-7,-5,-8,9532,4584,12263,3571,779604,779605,779607,779608,0,0,0,0
1787581696.6003714,2,-7,2,2,9536,4582,12262,3574,779634,779635,779637,779638,0,0,0,0
1787581696.7136688,4,-1,2,3,9534,4580,12260,3573,779664,779665,779667,779668,0,0,0,0
1787581696.7293782,-1,0,7,0,9533,4581,12262,3572,779694,779695,779697,779698,0,0,0,0
1787581696.8089516,-4,-2,-5,-3,9533,4584,12265,3572,779724,779725,779727,779728,0,0,0,0
1787581696.912744,-3,-3,-5,1,9534,4581,12261,3573,779814,779815,779817,779818,0,0,0,0
1787581697.2037373,0,2,2,0,9536,4580,12260,3576,779844,779845,779847,779848,0,0,0,0
1787581697.2037373,-1,-1,-1,0,9531,4583,12264,3570,779904,779905,779907,779908,0,0,0,0
1787581697.2037373,0,2,3,-1,9529,4586,12267,3569,779934,779935,779937,779938,0,0,0,0
1787581697.2306354,1,-4,4,0,9528,4586,12267,3569,779964,779965,779967,779968,0,0,0,0
1787581697.3143084,-2,-6,-2,-2,9531,4582,12262,3571,780024,780025,780027,780028,0,0,0,0
1787581697.3143084,-5,4,3,-3,9532,4582,12261,3572,780054,780055,780057,780058,0,0,0,0
1787581697.426259,0,-2,0,-2,9530,4582,12262,3571,780114,780115,780117,780118,0,0,0,0
1787581697.5360024,-4,-2,-4,-4,9532,4580,12260,3573,780144,780145,780147,780148,0,0,0,0
1787581697.544512,-4,1,2,0,9535,4580,12260,3574,780174,780175,780177,780178,0,0,0,0
1787581697.6262465,1,-3,6,0,9523,4586,12271,3559,780234,780235,780237,780238,0,0,0,0
1787581697.7344506,1,-5,-7,-1,9520,4588,12276,3559,780264,780265,780267,780268,0,0,0,0
1787581697.7488928,4,-2,-5,0,9523,4582,12270,3563,780294,780295,780297,780298,0,0,0,0
1787581697.8291655,-1,-1,-2,1,9530,4576,12261,3571,780324,780325,780327,780328,0,0,0,0
1787581697.845071,-1,-1,-2,-4,9538,4571,12253,3578,780354,780355,780357,780358,0,0,0,0
1787581867.8001752,0,0,1,0,7764,11176,17287,944,882294,882295,882297,882298,0,0,0,0
1787581867.8001752,-7,-4,-1,-1,7765,11176,17287,944,882324,882325,882327,882328,0,0,0,0
1787581868.0112214,0,0,0,-4,7763,11178,17289,942,882414,882415,882417,882418,0,0,0,0
1787581868.0112214,-5,-1,0,-1,7763,11177,17288,944,882444,882445,882447,882448,0,0,0,0
1787581868.0157726,3,1,3,-3,7766,11175,17286,945,882474,882475,882477,882478,0,0,0,0
1787581868.2118413,1,4,2,-2,7769,11172,17283,948,882534,882535,882537,882538,0,0,0,0
1787581868.2204404,4,6,1,1,7768,11175,17284,946,882564,882565,882567,882568,0,0,0,0
1787581868.342817,-2,1,-3,4,7766,11174,17285,945,882594,882595,882597,882598,0,0,0,0
1787581868.3438156,-1,3,0,2,7766,11174,17285,946,882624,882625,882627,882628,0,0,0,0
1787581868.3438156,-3,-4,-6,2,7765,11175,17286,944,882654,882655,882657,882658,0,0,0,0
1787581868.4269485,0,-6,-3,-3,7763,11177,17287,943,882684,882685,882687,882688,0,0,0,0
1787581868.542354,-2,-2,7,5,7764,11179,17289,942,882714,882715,882717,882718,0,0,0,0
1787581868.5453253,-3,0,6,3,7764,11178,17288,943,882774,882775,882777,882778,0,0,0,0
1787581868.6197007,0,1,-4,-5,7766,11176,17286,945,882804,882805,882807,882808,0,0,0,0
1787581868.7235825,1,-1,-1,-2,7768,11173,17284,947,882834,882835,882837,882838,0,0,0,0
1787581868.7235825,-3,-2,-5,-7,7768,11174,17284,946,882864,882865,882867,882868,0,0,0,0
1787581868.8266819,-1,-1,0,-3,7766,11175,17286,944,882894,882895,882897,882898,0,0,0,0
1787581868.8336523,-3,-5,1,-4,7766,11175,17286,945,882954,882955,882957,882958,0,0,0,0
1787581868.8475459,-2,0,2,-2,7767,11173,17284,946,882984,882985,882987,882988,0,0,0,0
1787581868.9462645,-1,2,3,0,7767,11175,17287,945,883044,883045,883047,883048,0,0,0,0
1787581869.0353117,-6,-1,1,-1,7765,11177,17288,943,883074,883075,883077,883078,0,0,0,0
1787581869.0496647,4,0,1,10,7763,11178,17289,942,883104,883105,883107,883108,0,0,0,0
1787581869.1605394,3,-5,-2,-2,7768,11171,17282,947,883164,883165,883167,883168,0,0,0,0
1787581869.2498684,-4,2,-2,2,7771,11168,17280,950,883194,883195,883197,883198,0,0,0,0
1787581869.2793818,-6,-1,-3,-1,7771,11170,17281,949,883224,883225,883227,883228,0,0,0,0
1787581869.444105,-2,4,-3,0,7769,11171,17282,948,883254,883255,883257,883258,0,0,0,0
1787581869.444105,2,-8,-1,3,7772,11168,17280,951,883314,883315,883317,883318,0,0,0,0
1787581869.5491767,1,-1,0,-4,7774,11167,17278,953,883344,883345,883347,883348,0,0,0,0
1787581869.5491767,-1,-3,-5,1,7773,11167,17279,952,883404,883405,883407,883408,0,0,0,0
1787581869.6215177,0,0,-2,-2,7774,11166,17277,953,883434,883435,883437,883438,0,0,0,0
1787581869.7384539,0,-1,0,-4,7775,11167,17277,953,883464,883465,883467,883468,0,0,0,0
1787581869.7504284,1,2,-3,-1,7773,11166,17278,952,883494,883495,883497,883498,0,0,0,0
1787581869.8478425,3,-1,0,-2,7773,11167,17278,953,883524,883525,883527,883528,0,0,0,0
1787581869.8478425,-4,4,0,-7,7775,11166,17277,954,883554,883555,883557,883558,0,0,0,0
1787581869.862875,1,0,5,4,7774,11165,17278,954,883584,883585,883587,883588,0,0,0,0
1787581869.9598188,2,-2,2,-3,7775,11165,17277,953,883644,883645,883647,883648,0,0,0,0
1787581870.0235367,0,1,3,1,7776,11165,17276,954,883674,883675,883677,883678,0,0,0,0
1787581870.0634701,2,1,4,-2,7776,11163,17276,955,883704,883705,883707,883708,0,0,0,0
1787581870.2637863,-2,3,2,2,7776,11165,17277,953,883734,883735,883737,883738,0,0,0,0
1787581870.2637863,1,6,0,0,7777,11165,17275,956,883794,883795,883797,883798,0,0,0,0
1787581870.3867242,-1,-2,0,2,7780,11160,17272,959,883824,883825,883827,883828,0,0,0,0
1787581870.3877258,-4,0,5,-4,7785,11157,17269,962,883854,883855,883857,883858,0,0,0,0
1787581870.459858,-4,3,0,-5,7788,11155,17266,964,883914,883915,883917,883918,0,0,0,0
1787581870.6323304,-4,0,4,-1,7785,11158,17270,961,884004,884005,884007,884008,0,0,0,0
1787581870.674427,3,-7,6,0,7786,11156,17268,962,884034,884035,884037,884038,0,0,0,0
1787581870.6883018,0,0,-1,1,7787,11155,17267,964,884064,884065,884067,884068,0,0,0,0
1787581870.874967,-3,-2,-4,3,7786,11157,17268,962,884154,884155,884157,884158,0,0,0,0
1787581870.8819046,5,3,-8,2,7786,11156,17268,962,884184,884185,884187,884188,0,0,0,0
1787581871.0015616,1,-1,-3,2,7788,11153,17266,966,884244,884245,884247,884248,0,0,0,0
1787581871.083467,-1,0,-6,0,7789,11152,17265,965,884304,884305,884307,884308,0,0,0,0
1787581871.2009323,-2,3,-5,2,7788,11153,17267,965,884364,884365,884367,884368,0,0,0,0
1787581871.2918746,-3,0,-3,-6,7787,11153,17267,963,884394,884395,884397,884398,0,0,0,0
1787581871.3998883,-3,-4,-2,5,7784,11156,17268,961,884484,884485,884487,884488,0,0,0,0
1787581871.4938278,6,-2,2,-1,7783,11156,17270,960,884514,884515,884517,884518,0,0,0,0
1787581871.4996686,-2,-1,-3,2,7790,11151,17266,967,884574,884575,884577,884578,0,0,0,0
1787581871.6083016,1,-2,-3,-1,7783,11159,17273,959,884634,884635,884637,884638,0,0,0,0
1787581871.645224,-2,-1,4,-5,7781,11161,17274,959,884664,884665,884667,884668,0,0,0,0
1787581871.695166,2,-1,-3,-1,7785,11157,17269,962,884694,884695,884697,884698,0,0,0,0
1787581871.7687263,0,-3,1,4,7788,11153,17266,965,884724,884725,884727,884728,0,0,0,0
1787581871.8888173,2,2,5,1,7779,11160,17274,958,884784,884785,884787,884788,0,0,0,0
1787581871.9047832,2,-3,-1,7,7775,11165,17278,954,884814,884815,884817,884818,0,0,0,0
1787581872.0967531,0,1,0,-6,7774,11165,17278,954,884844,884845,884847,884848,0,0,0,0
1787581872.0967531,2,4,0,1,7786,11152,17266,964,884934,884935,884937,884938,0,0,0,0
1787581872.2216558,2,-2,-6,15,7783,11155,17269,961,884994,884995,884997,884998,0,0,0,0
1787581872.3112526,0,5,0,5,7780,11159,17272,959,885024,885025,885027,885028,0,0,0,0
1787581872.3731492,3,-1,2,-4,7780,11158,17272,959,885054,885055,885057,885058,0,0,0,0
1787581872.3881779,2,2,-7,0,7784,11156,17268,963,885084,885085,885087,885088,0,0,0,0
1787581872.5224428,-2,3,-2,-3,7787,11151,17265,965,885144,885145,885147,885148,0,0,0,0
1787581872.523402,2,-4,2,0,7786,11153,17266,963,885174,885175,885177,885178,0,0,0,0
1787581872.6386437,4,-5,1,-10,7783,11158,17270,960,885234,885235,885237,885238,0,0,0,0
1787581872.7221642,0,-4,-1,-1,7787,11153,17266,964,885264,885265,885267,885268,0,0,0,0
1787581872.7287488,-6,1,-1,1,7791,11148,17262,968,885294,885295,885297,885298,0,0,0,0
1787581872.839214,0,0,-2,4,7792,11147,17261,969,885324,885325,885327,885328,0,0,0,0
1787581872.8421466,-1,0,5,-1,7791,11148,17263,968,885354,885355,885357,885358,0,0,0,0
1787581872.9300504,-6,-1,3,-2,7791,11148,17262,967,885384,885385,885387,885388,0,0,0,0
1787581873.0420227,1,0,-4,-1,7793,11146,17260,969,885414,885415,885417,885418,0,0,0,0
1787581873.046926,1,0,2,-1,7795,11147,17261,970,885474,885475,885477,885478,0,0,0,0
1787581873.131639,1,-3,0,-2,7792,11147,17262,968,885504,885505,885507,885508,0,0,0,0
1787581873.2426662,-3,-2,-4,-1,7787,11150,17265,964,885534,885535,885537,885538,0,0,0,0
1787581873.2426662,2,3,-1,-3,7783,11157,17270,959,885564,885565,885567,885568,0,0,0,0
1787581873.2426662,-2,-1,3,-1,7781,11157,17270,960,885594,885595,885597,885598,0,0,0,0
1787581873.3349738,1,4,-7,0,7792,11148,17261,969,885654,885655,885657,885658,0,0,0,0
1787581873.346745,2,-2,1,5,7794,11144,17259,971,885684,885685,885687,885688,0,0,0,0
1787581873.4582062,0,2,-1,-1,7789,11151,17264,965,885744,885745,885747,885748,0,0,0,0
1787581873.5413182,3,-3,-4,3,7788,11153,17265,965,885774,885775,885777,885778,0,0,0,0
1787581873.6389143,0,-6,-2,-3,7789,11149,17264,967,885804,885805,885807,885808,0,0,0,0
1787581873.64535,-2,-5,-3,-2,7791,11147,17262,969,885834,885835,885837,885838,0,0,0,0
1787581873.7357643,0,2,-9,-5,7792,11147,17262,969,885864,885865,885867,885868,0,0,0,0
1787581873.7430258,-1,1,-3,0,7793,11147,17261,970,885894,885895,885897,885898,0,0,0,0
1787581873.8465881,4,0,3,5,7794,11146,17261,970,885924,885925,885927,885928,0,0,0,0
1787581873.8465881,1,2,1,-2,7793,11145,17260,970,885954,885955,885957,885958,0,0,0,0
1787581873.9371967,-1,-1,0,4,7794,11145,17261,970,885984,885985,885987,885988,0,0,0,0
1787581873.9529498,2,2,1,-6,7791,11149,17264,967,886014,886015,886017,886018,0,0,0,0
1787581874.1523097,-2,-8,2,-2,7764,11189,17297,933,886104,886105,886107,886108,0,0,0,0
1787581874.159661,-2,4,0,-7,7710,11236,17346,890,886134,886135,886137,886138,0,0,0,0
1787581874.2642913,-7,0,-1,1,7703,11241,17345,890,886164,886165,886167,886168,0,0,0,0
1787581874.2774382,3,-5,-4,3,7757,11179,17288,944,886194,886195,886197,886198,0,0,0,0
1787581874.284235,-2,0,-4,1,7817,11102,17225,1004,886224,886225,886227,886228,0,0,0,0
1787581874.3682606,2,-3,2,1,7839,11077,17205,1015,886254,886255,886257,886258,0,0,0,0
1787581874.3954198,-5,4,5,0,7819,11102,17229,988,886284,886285,886287,886288,0,0,0,0
1787581874.5619948,-2,1,6,-3,7781,11141,17265,959,886314,886315,886317,886318,0,0,0,0
1787581874.5660408,-2,0,-7,4,7756,11167,17285,938,886374,886375,886377,886378,0,0,0,0
1787581874.6496418,-2,8,1,2,7751,11169,17288,935,886404,886405,886407,886408,0,0,0,0
1787581874.674043,-1,0,0,2,7746,11174,17295,929,886434,886435,886437,886438,0,0,0,0
1787581874.6879919,0,1,2,0,7741,11181,17300,925,886464,886465,886467,886468,0,0,0,0
1787581874.7701964,2,2,5,1,7738,11182,17301,923,886494,886495,886497,886498,0,0,0,0
1787581874.8822458,0,0,3,-2,7744,11175,17295,929,886584,886585,886587,886588,0,0,0,0
1787581874.9721975,-2,1,0,3,7743,11177,17296,927,886614,886615,886617,886618,0,0,0,0
1787581874.9721975,-4,2,-6,-2,7741,11179,17298,925,886644,886645,886647,886648,0,0,0,0
1787581875.107518,-4,-1,0,-2,7740,11180,17299,925,886674,886675,886677,886678,0,0,0,0
1787581875.107518,-3,3,0,-4,7744,11177,17296,928,886734,886735,886737,886738,0,0,0,0
1787581875.1800256,1,1,-5,-6,7743,11177,17297,927,886764,886765,886767,886768,0,0,0,0
1787581875.2858584,4,-7,-1,1,7742,11179,17299,926,886794,886795,886797,886798,0,0,0,0
1787581875.2858584,-2,1,-2,0,7741,11179,17298,926,886824,886825,886827,886828,0,0,0,0
1787581875.3264463,2,0,3,-2,7742,11177,17298,928,886854,886855,886857,886858,0,0,0,0
1787581875.3887923,0,0,2,-3,7743,11176,17296,928,886884,886885,886887,886888,0,0,0,0
1787581875.4480872,-2,2,-1,-2,7743,11176,17296,929,886914,886915,886917,886918,0,0,0,0
1787581875.5804124,0,-1,1,3,7742,11177,17297,926,886944,886945,886947,886948,0,0,0,0
1787581875.5804124,3,-1,-5,-1,7735,11177,17299,924,887004,887005,887007,887008,0,0,0,0
1787581875.667664,-1,-7,-4,-2,7731,11171,17297,917,887034,887035,887037,887038,0,0,0,0
1787581875.781145,3,0,-2,1,7726,11167,17297,918,887094,887095,887097,887098,0,0,0,0
1787581875.7972221,-4,41,0,-1,7730,11169,17295,920,887124,887125,887127,887128,0,0,0,0
1787581875.916992,2,-2,-4,4,7734,11166,17293,926,887154,887155,887157,887158,0,0,0,0
1787581875.9294631,-4,2,-4,-2,7732,11164,17294,923,887184,887185,887187,887188,0,0,0,0
1787581875.9455104,-2,4,-7,3,7729,11167,17297,920,887214,887215,887217,887218,0,0,0,0
1787581876.0067182,-1,-3,4,3,7728,11170,17298,920,887244,887245,887247,887248,0,0,0,0
1787581876.0689704,1,-1,2,3,7728,11169,17297,921,887274,887275,887277,887278,0,0,0,0
1787581876.2013073,-2,0,-1,-3,7729,11167,17296,920,887304,887305,887307,887308,0,0,0,0
1787581876.2013073,2,0,2,26,7726,11172,17299,919,887364,887365,887367,887368,0,0,0,0
1787581876.325664,0,2,-1,3,7724,11172,17301,916,887394,887395,887397,887398,0,0,0,0
1787581876.325664,0,2,0,0,7725,11171,17298,916,887424,887425,887427,887428,0,0,0,0
1787581876.3475058,-2,2,1,-3,7725,11171,17299,917,887454,887455,887457,887458,0,0,0,0
1787581876.4646156,-1,-4,1,-1,7725,11170,17298,918,887484,887485,887487,887488,0,0,0,0
1787581876.4646156,-1,-4,-2,0,7726,11170,17298,918,887514,887515,887517,887518,0,0,0,0
1787581876.6025047,2,-7,-3,-3,7733,11167,17310,917,887604,887605,887607,887608,0,0,0,0
1787581876.6184402,-1,-2,2,3,7775,11119,17264,957,887634,887635,887637,887638,0,0,0,0
1787581876.6671433,1,-3,-9,1,7793,11109,17255,969,887664,887665,887667,887668,0,0,0,0
1787581876.747349,12,6,-3,1,7844,11037,17189,1026,887724,887725,887727,887728,0,0,0,0
1787581876.8249252,2,-5,-2,0,7883,10980,17144,1064,887754,887755,887757,887758,0,0,0,0
1787581876.9313414,-2,-1,3,2,7930,10927,17096,1110,887814,887815,887817,887818,0,0,0,0
1787581877.0204263,-2,1,2,-2,7904,10963,17132,1074,887844,887845,887847,887848,0,0,0,0
1787581877.027057,-3,-1,4,-2,7846,11035,17196,1014,887874,887875,887877,887878,0,0,0,0
1787581877.13204,-4,-2,2,0,7719,11172,17315,899,887934,887935,887937,887938,0,0,0,0
1787581877.2080483,-2,-3,-1,-2,7704,11187,17325,893,887964,887965,887967,887968,0,0,0,0
1787581877.258801,3,-6,-3,-1,7719,11158,17303,905,887994,887995,887997,887998,0,0,0,0
1787581877.328821,8,-13,-16,0,7820,10939,17121,1009,888024,888025,888027,888028,0,0,0,0
1787581877.3774788,21,-26,-37,32,8223,10331,16472,1503,888054,888055,888057,888058,0,0,0,0
1787581877.4249234,35,-46,-51,45,9233,9295,15203,2559,888084,888085,888087,888088,0,0,0,0
1787581877.44083,47,-54,-64,60,10509,7647,13671,3951,888114,888115,888117,888118,0,0,0,0
1787581877.5266993,53,-43,-50,43,13594,4436,10370,6936,888174,888175,888177,888178,0,0,0,0
1787581877.6329424,37,-47,-42,31,14787,3061,8979,8040,888204,888205,888207,888208,0,0,0,0
1787581877.6499512,31,-40,-37,23,15789,2007,7874,9029,888234,888235,888237,888238,0,0,0,0
1787581877.686572,22,-26,-25,31,16422,973,6971,9710,888264,888265,888267,888268,0,0,0,0
1787581877.8064308,21,-28,-27,22,17116,166,6182,10373,888294,888295,888297,888298,0,0,0,0
1787581877.8397865,27,-37,-31,23,17752,32153,5396,10997,888324,888325,888327,888328,0,0,0,0
1787581877.8464956,23,-28,-43,29,18559,31240,4330,11746,888354,888355,888357,888358,0,0,0,0
1787581877.9165156,45,-46,-39,41,19573,30098,3204,12706,888384,888385,888387,888388,0,0,0,0
1787581877.973066,42,-41,-53,38,20634,28792,1945,13841,888414,888415,888417,888418,0,0,0,0
1787581877.9877393,44,-52,-56,37,21869,27490,568,14988,888444,888445,888447,888448,0,0,0,0
1787581878.0825999,39,-50,-56,39,23062,26156,31884,16194,888474,888475,888477,888478,0,0,0,0
1787581878.1381133,35,-40,-42,35,25134,23632,29481,18318,888534,888535,888537,888538,0,0,0,0
1787581878.2081807,30,-38,-34,33,25910,22646,28527,19164,888564,888565,888567,888568,0,0,0,0
1787581878.2563581,35,-36,-39,25,26811,21676,27584,19908,888594,888595,888597,888598,0,0,0,0
1787581878.2694173,26,-39,-29,33,27660,20733,26600,20747,888624,888625,888627,888628,0,0,0,0
1787581878.3563704,39,-32,-29,39,28497,19729,25668,21672,888654,888655,888657,888658,0,0,0,0
1787581878.3685572,39,-37,-37,46,29538,18670,24510,22731,888684,888685,888687,888688,0,0,0,0
1787581878.4240294,42,-44,-42,54,30668,17543,23426,23938,888714,888715,888717,888718,0,0,0,0
1787581878.540303,51,-41,-38,45,31844,16344,22186,25049,888744,888745,888747,888748,0,0,0,0
1787581878.540303,40,-41,-44,44,227,15195,21066,26243,888774,888775,888777,888778,0,0,0,0
1787581878.588333,42,-45,-37,43,1299,14050,19943,27344,888804,888805,888807,888808,0,0,0,0
1787581878.717055,33,-31,-43,35,3311,12079,18023,29247,888864,888865,888867,888868,0,0,0,0
1787581878.7706368,33,-37,-31,29,4365,11079,17065,30297,888894,888895,888897,888898,0,0,0,0
1787581878.7863371,37,-39,-36,35,5294,10099,16071,31310,888924,888925,888927,888928,0,0,0,0
1787581878.8347766,42,-30,-35,34,6401,9175,15061,32388,888954,888955,888957,888958,0,0,0,0
1787581878.909745,48,-39,-33,41,7513,8044,14103,754,888984,888985,888987,888988,0,0,0,0
1787581878.9416263,48,-30,-33,48,8689,7094,13178,2029,889014,889015,889017,889018,0,0,0,0
1787581879.005685,43,-39,-39,41,9810,5999,12154,3229,889044,889045,889047,889048,0,0,0,0
1787581879.0214794,50,-39,-37,39,10903,4955,11205,4395,889074,889075,889077,889078,0,0,0,0
1787581879.0862176,41,-41,-30,40,12020,4021,10296,5561,889104,889105,889107,889108,0,0,0,0
1787581879.1457264,43,-35,-31,44,13132,3058,9326,6702,889134,889135,889137,889138,0,0,0,0
1787581879.2150214,44,-42,-49,42,15350,1204,7540,8955,889194,889195,889197,889198,0,0,0,0
1787581879.276865,37,-38,-34,47,16433,237,6573,10088,889224,889225,889227,889228,0,0,0,0
1787581879.3403645,35,-36,-33,39,17622,32073,5624,11296,889254,889255,889257,889258,0,0,0,0
1787581879.4080184,36,-35,-41,40,18730,31087,4660,12416,889284,889285,889287,889288,0,0,0,0
1787581879.4641862,40,-37,-37,37,19881,30127,3634,13692,889314,889315,889317,889318,0,0,0,0
1787581879.4834259,32,-36,-37,42,20966,29111,2717,14779,889344,889345,889347,889348,0,0,0,0
1787581879.5768795,30,-27,-60,43,22166,28171,1794,15982,889374,889375,889377,889378,0,0,0,0
1787581879.5768795,31,-41,-34,39,23339,27175,816,17094,889404,889405,889407,889408,0,0,0,0
1787581879.6401012,35,-26,-39,47,24498,26289,32610,18314,889434,889435,889437,889438,0,0,0,0
1787581879.703884,33,-36,-32,34,25683,25428,31594,19381,889464,889465,889467,889468,0,0,0,0
1787581879.7634833,39,-31,-39,44,26806,24445,30733,20485,889494,889495,889497,889498,0,0,0,0
1787581879.8080637,35,-35,-36,40,27883,23558,29850,21573,889524,889525,889527,889528,0,0,0,0
1787581879.8884783,35,-39,-27,49,29002,22719,28953,22676,889554,889555,889557,889558,0,0,0,0
1787581879.8884783,39,-34,-40,61,30126,21722,27999,23886,889584,889585,889587,889588,0,0,0,0
1787581879.9503589,42,-39,-28,50,31271,20748,26978,25008,889614,889615,889617,889618,0,0,0,0
1787581880.069525,39,-34,-36,55,32484,19699,26102,26262,889644,889645,889647,889648,0,0,0,0
1787581880.0800233,45,-40,-35,38,1934,17562,23992,28547,889704,889705,889707,889708,0,0,0,0
1787581880.1447744,41,-37,-42,46,2981,16557,22984,29598,889734,889735,889737,889738,0,0,0,0
1787581880.1936586,46,-35,-35,42,4084,15581,21895,30627,889764,889765,889767,889768,0,0,0,0
1787581880.2622993,37,-42,-32,35,5053,14566,20929,31631,889794,889795,889797,889798,0,0,0,0
1787581880.3096535,29,-37,-39,34,7119,12575,18899,866,889854,889855,889857,889858,0,0,0,0
1787581880.373686,40,-36,-39,39,8188,11597,17840,1998,889884,889885,889887,889888,0,0,0,0
1787581880.4375632,36,-41,-41,36,9333,10461,16766,3083,889914,889915,889917,889918,0,0,0,0
1787581880.5008452,34,-31,-39,36,10378,9425,15694,4162,889944,889945,889947,889948,0,0,0,0
1787581880.5058773,28,-47,-41,43,11486,8305,14610,5241,889974,889975,889977,889978,0,0,0,0
1787581880.5821722,42,-29,-39,43,12539,7320,13513,6259,890004,890005,890007,890008,0,0,0,0
1787581880.614135,42,-52,-37,38,13655,6309,12488,7276,890034,890035,890037,890038,0,0,0,0
1787581880.694219,36,-38,-38,38,14629,5271,11462,8237,890064,890065,890067,890068,0,0,0,0
1787581880.694219,48,-22,-29,27,15635,4321,10476,9308,890094,890095,890097,890098,0,0,0,0
1787581880.814368,42,-27,-36,34,16609,3306,9429,10357,890124,890125,890127,890128,0,0,0,0
1787581880.8253284,39,-39,-38,36,17688,2327,8385,11428,890154,890155,890157,890158,0,0,0,0
1787581880.8732438,31,-38,-55,37,18725,1231,7373,12468,890184,890185,890187,890188,0,0,0,0
1787581880.9934309,32,-45,-38,38,20871,31855,5222,14663,890244,890245,890247,890248,0,0,0,0
1787581881.0101724,26,-28,-22,14,21826,31035,4305,15504,890274,890275,890277,890278,0,0,0,0
1787581881.1178484,6,-2,1,12,22576,30224,3667,16107,890334,890335,890337,890338,0,0,0,0
1787581881.2276003,2,-2,5,1,22802,30032,3487,16263,890394,890395,890397,890398,0,0,0,0
1787581881.3099802,0,0,-5,-3,22870,29969,3437,16314,890424,890425,890427,890428,0,0,0,0
1787581881.3259017,-2,-2,-6,-1,22902,29931,3410,16338,890454,890455,890457,890458,0,0,0,0
1787581881.436886,1,2,-3,-4,22905,29931,3415,16332,890514,890515,890517,890518,0,0,0,0
1787581881.5268214,-3,3,2,-7,22892,29948,3427,16320,890544,890545,890547,890548,0,0,0,0
1787581881.638249,-1,-3,2,-3,22855,29984,3457,16293,890634,890635,890637,890638,0,0,0,0
1787581881.6729584,-4,-2,-3,0,22856,29983,3456,16294,890664,890665,890667,890668,0,0,0,0
1787581881.794718,0,1,-2,-1,22863,29977,3451,16300,890694,890695,890697,890698,0,0,0,0
1787581881.804125,-3,1,1,6,22872,29967,3442,16308,890724,890725,890727,890728,0,0,0,0
1787581881.8849442,0,-2,2,-1,22881,29960,3437,16314,890754,890755,890757,890758,0,0,0,0
1787581881.8875356,-1,-4,8,2,22885,29957,3435,16317,890784,890785,890787,890788,0,0,0,0
1787581881.9470541,8,0,-14,-2,22882,29956,3432,16317,890814,890815,890817,890818,0,0,0,0
1787581881.9953709,-58,-70,-50,-73,22604,29466,2990,15817,890844,890845,890847,890848,0,0,0,0
1787581882.139439,-65,-72,-67,-61,18426,25361,31396,11604,890904,890905,890907,890908,0,0,0,0
1787581882.139439,-65,-61,-70,-80,16508,23393,29472,9756,890934,890935,890937,890938,0,0,0,0
1787581882.2196045,-70,-76,-78,-67,12630,19416,25539,5791,890994,890995,890997,890998,0,0,0,0
1787581882.3426578,-92,-74,-73,-95,8547,15256,21263,1777,891054,891055,891057,891058,0,0,0,0
1787581882.5475876,-88,-83,-76,-79,6481,13085,19228,32331,891084,891085,891087,891088,0,0,0,0
1787581882.5683057,-68,-73,-66,-89,32723,6755,12799,25964,891174,891175,891177,891178,0,0,0,0
1787581882.6720502,-90,-70,-85,-72,30597,4450,10631,23903,891204,891205,891207,891208,0,0,0,0
1787581882.6720502,-84,-77,-79,-76,28495,2376,8461,21692,891234,891235,891237,891238,0,0,0,0
1787581882.6858752,-56,-69,-69,-58,26480,364,6409,19651,891264,891265,891267,891268,0,0,0,0
1787581882.7688932,-41,-39,-36,-30,25231,31802,5086,18442,891294,891295,891297,891298,0,0,0,0
1787581882.798364,-29,-27,-22,-27,24350,31091,4339,17556,891324,891325,891327,891328,0,0,0,0
1787581882.9576118,-10,-8,-6,-16,23271,30066,3413,16611,891384,891385,891387,891388,0,0,0,0
1787581882.9636989,-1,-4,3,-2,23199,30000,3299,16483,891414,891415,891417,891418,0,0,0,0
1787581883.07479,3,-1,2,5,23210,30023,3313,16499,891474,891475,891477,891478,0,0,0,0
1787581883.0890884,7,-3,-3,1,23213,30020,3310,16501,891504,891505,891507,891508,0,0,0,0
1787581883.165962,1,-2,1,0,23217,30018,3310,16507,891534,891535,891537,891538,0,0,0,0
1787581883.2068706,-4,-5,1,3,23217,30017,3307,16509,891564,891565,891567,891568,0,0,0,0
1787581883.3667884,-1,-4,1,3,23216,30019,3308,16507,891624,891625,891627,891628,0,0,0,0
1787581883.487178,-5,3,2,3,23215,30019,3309,16507,891714,891715,891717,891718,0,0,0,0
1787581883.575483,-4,-2,-4,-4,23216,30019,3308,16507,891744,891745,891747,891748,0,0,0,0
1787581883.575483,-2,6,-2,-9,23217,30019,3308,16508,891774,891775,891777,891778,0,0,0,0
1787581883.575483,1,4,-2,4,23216,30019,3309,16508,891804,891805,891807,891808,0,0,0,0
1787581883.6895642,-1,-2,0,0,23216,30020,3309,16507,891864,891865,891867,891868,0,0,0,0
1787581883.7831929,-3,-1,-3,4,23216,30019,3309,16508,891894,891895,891897,891898,0,0,0,0
1787581883.7831929,-2,0,-1,0,23216,30019,3309,16508,891924,891925,891927,891928,0,0,0,0
1787581883.8470924,0,13,0,3,23217,30020,3309,16508,891954,891955,891957,891958,0,0,0,0
1787581883.9095957,1,-6,-5,3,23221,30012,3304,16515,891984,891985,891987,891988,0,0,0,0
1787581883.961967,37,-34,-32,33,24031,29001,2532,17404,892044,892045,892047,892048,0,0,0,0
1787581884.0258038,37,-34,-32,33,24031,29001,2532,17404,892044,892045,892047,892048,0,0,0,0
1787581884.0577142,65,-53,-54,67,26681,26419,32616,20169,892104,892105,892107,892108,0,0,0,0
1787581884.137855,61,-60,-63,52,28283,24758,30932,21948,892134,892135,892137,892138,0,0,0,0
1787581884.1893811,56,-50,-53,50,29894,23282,29340,23454,892164,892165,892167,892168,0,0,0,0
1787581884.2557538,37,-39,-37,33,31158,22033,28187,24609,892194,892195,892197,892198,0,0,0,0
1787581884.2692614,31,-26,-26,25,32147,21178,27310,25504,892224,892225,892227,892228,0,0,0,0
1787581884.3245456,19,-25,-22,25,68,20560,26735,26263,892254,892255,892257,892258,0,0,0,0
1787581884.4229126,20,-18,-20,26,793,20002,26278,26958,892284,892285,892287,892288,0,0,0,0
1787581884.4229126,38,1,-32,31,1654,19359,25621,27872,892314,892315,892317,892318,0,0,0,0
1787581884.478147,50,-35,-36,29,2697,18422,24603,28967,892344,892345,892347,892348,0,0,0,0
1787581884.5327659,60,-38,-36,48,4116,17324,23582,30401,892374,892375,892377,892378,0,0,0,0
1787581884.5467172,56,-47,-47,52,5505,16084,22264,31764,892404,892405,892407,892408,0,0,0,0
1787581884.6022477,48,-40,-40,54,6921,14948,21042,390,892434,892435,892437,892438,0,0,0,0
1787581884.6444266,37,-30,-40,50,8200,13779,19943,1710,892464,892465,892467,892468,0,0,0,0
1787581884.706906,32,-24,-35,36,9364,12844,19051,2831,892494,892495,892497,892498,0,0,0,0
1787581884.7707274,31,-35,-25,38,10320,11997,18341,3824,892524,892525,892527,892528,0,0,0,0
1787581884.8180542,40,-26,-30,29,11268,11287,17542,4751,892554,892555,892557,892558,0,0,0,0
1787581884.888075,37,-32,-29,30,12231,10475,16743,5711,892584,892585,892587,892588,0,0,0,0
1787581884.9225101,51,-30,-37,37,13376,9606,15858,6820,892614,892615,892617,892618,0,0,0,0
1787581884.9845665,46,-46,-33,40,14558,8685,14837,7940,892644,892645,892647,892648,0,0,0,0
1787581885.0478933,46,-43,-35,38,15834,7567,13788,9274,892674,892675,892677,892678,0,0,0,0
1787581885.0888095,53,-43,-32,46,17092,6544,12679,10587,892704,892705,892707,892708,0,0,0,0
1787581885.1455433,36,-40,-34,36,18304,5408,11601,11886,892734,892735,892737,892738,0,0,0,0
1787581885.1925168,46,-26,-27,43,19432,4419,10699,13039,892764,892765,892767,892768,0,0,0,0
1787581885.1925168,46,-26,-31,38,20525,3492,9830,14106,892794,892795,892797,892798,0,0,0,0
1787581885.2615058,46,-30,-35,35,21594,2709,8914,15104,892824,892825,892827,892828,0,0,0,0
1787581885.3257868,39,-38,-32,35,22777,1926,7999,16151,892854,892855,892857,892858,0,0,0,0
1787581885.3787396,43,-40,-35,39,23821,950,7033,17209,892884,892885,892887,892888,0,0,0,0
1787581885.4225352,50,-33,-42,38,25004,32723,6042,18495,892914,892915,892917,892918,0,0,0,0
1787581885.5177531,48,-36,-36,35,26104,31716,5107,19666,892944,892945,892947,892948,0,0,0,0
1787581885.5177531,40,-39,-39,42,27381,30750,4068,20928,892974,892975,892977,892978,0,0,0,0
1787581885.5817673,46,-42,-35,35,28447,29725,3140,22078,893004,893005,893007,893008,0,0,0,0
1787581885.6143236,49,-34,-28,42,29594,28740,2229,23273,893034,893035,893037,893038,0,0,0,0
1787581885.6949248,41,-32,-33,33,30714,27834,1280,24411,893064,893065,893067,893068,0,0,0,0
1787581885.7564957,43,-28,-32,39,31855,26860,359,25480,893094,893095,893097,893098,0,0,0,0
1787581885.7676556,42,-37,-38,40,170,26031,32192,26654,893124,893125,893127,893128,0,0,0,0
1787581885.8251503,44,-47,-30,38,1272,25045,31251,27775,893154,893155,893157,893158,0,0,0,0
1787581885.8863533,37,-37,-31,34,2438,24124,30311,28898,893184,893185,893187,893188,0,0,0,0
1787581885.9344404,49,-33,-38,47,3631,23230,29301,30113,893214,893215,893217,893218,0,0,0,0
1787581886.0181937,41,-38,-42,42,5941,21272,27318,32379,893274,893275,893277,893278,0,0,0,0
1787581886.1097565,38,-36,-32,44,8247,19325,25544,1966,893334,893335,893337,893338,0,0,0,0
1787581886.205809,34,-34,-30,43,9412,18357,24505,3120,893364,893365,893367,893368,0,0,0,0
1787581886.2247508,37,-28,-28,36,10469,17361,23663,4327,893394,893395,893397,893398,0,0,0,0
1787581886.2615216,38,-29,-42,39,11607,16372,22734,5446,893424,893425,893427,893428,0,0,0,0
1787581886.3264468,39,-31,-36,41,12759,15523,21751,6533,893454,893455,893457,893458,0,0,0,0
1787581886.382787,41,-35,-29,39,13966,14649,20841,7627,893484,893485,893487,893488,0,0,0,0
1787581886.4389107,38,-35,-36,45,15086,13727,19807,8779,893514,893515,893517,893518,0,0,0,0
1787581886.5199761,37,-42,-31,49,16226,12703,18842,9864,893544,893545,893547,893548,0,0,0,0
1787581886.5199761,37,-34,-41,47,17441,11781,17870,11069,893574,893575,893577,893578,0,0,0,0
1787581886.5868108,28,-31,-38,44,18571,10812,16899,12242,893604,893605,893607,893608,0,0,0,0
1787581886.6159842,40,-32,-34,45,19726,9864,15989,13445,893634,893635,893637,893638,0,0,0,0
1787581886.69633,35,-39,-34,47,20810,8972,14942,14542,893664,893665,893667,893668,0,0,0,0
1787581886.766222,35,-34,-33,39,21890,7799,13904,15564,893694,893695,893697,893698,0,0,0,0
1787581886.8003416,39,-35,-44,42,22954,6876,12886,16599,893724,893725,893727,893728,0,0,0,0
1787581886.861515,42,-49,-24,43,23953,5790,11855,17633,893754,893755,893757,893758,0,0,0,0
1787581886.9263783,45,-37,-40,33,25008,4770,10828,18745,893784,893785,893787,893788,0,0,0,0
1787581886.9422987,40,-47,-46,38,26012,3748,9833,19800,893814,893815,893817,893818,0,0,0,0
1787581887.0060766,42,-38,-40,30,27131,2728,8782,20879,893844,893845,893847,893848,0,0,0,0
1787581887.0540526,43,-37,-39,38,29193,711,6708,23027,893904,893905,893907,893908,0,0,0,0
1787581887.13501,30,-31,-44,48,31364,31364,4543,25128,893964,893965,893967,893968,0,0,0,0
1787581887.1992424,34,-34,-33,34,32468,30335,3455,26181,893994,893995,893997,893998,0,0,0,0
1787581887.2683325,38,-35,-42,40,738,29233,2492,27280,894024,894025,894027,894028,0,0,0,0
1787581887.3080845,44,-45,-39,34,1776,28245,1472,28295,894054,894055,894057,894058,0,0,0,0
1787581887.4401472,50,-37,-44,35,3876,26214,32126,30388,894114,894115,894117,894118,0,0,0,0
1787581887.4482112,41,-43,-35,39,4918,25182,31070,31451,894144,894145,894147,894148,0,0,0,0
1787581887.6707122,34,-39,-35,46,8118,21961,27890,1924,894234,894235,894237,894238,0,0,0,0
1787581887.6991897,30,-36,-33,44,9256,20956,26808,2995,894264,894265,894267,894268,0,0,0,0
1787581887.7901413,36,-38,-35,41,10265,19893,25880,4005,894294,894295,894297,894298,0,0,0,0
1787581887.7901413,38,-35,-45,44,11312,18840,24751,5069,894324,894325,894327,894328,0,0,0,0
1787581887.80104,39,-37,-37,44,12347,17832,23744,6113,894354,894355,894357,894358,0,0,0,0
1787581887.8793864,39,-34,-39,31,13418,16797,22705,7160,894384,894385,894387,894388,0,0,0,0
1787581887.914978,16,-19,-19,22,14185,16110,21944,7923,894414,894415,894417,894418,0,0,0,0
1787581888.0736277,15,-18,-18,18,14738,15528,21424,8456,894444,894445,894447,894448,0,0,0,0
1787581888.0736277,10,-11,-3,8,15414,14874,20789,9155,894504,894505,894507,894508,0,0,0,0
1787581888.199692,10,-12,-12,9,15674,14633,20577,9345,894534,894535,894537,894538,0,0,0,0
1787581888.199692,0,-2,1,2,15933,14320,20322,9556,894594,894595,894597,894598,0,0,0,0
1787581888.2820015,-2,0,2,2,15965,14297,20298,9578,894624,894625,894627,894628,0,0,0,0
1787581888.3376129,1,5,1,0,15941,14320,20326,9548,894654,894655,894657,894658,0,0,0,0
1787581888.484419,-5,1,3,-3,15773,14513,20510,9391,894714,894715,894717,894718,0,0,0,0
1787581888.6098974,-5,6,1,-5,15633,14665,20646,9275,894744,894745,894747,894748,0,0,0,0
1787581888.6966016,-2,0,5,-4,15049,15209,21157,8745,894894,894895,894897,894898,0,0,0,0
1787581888.8182552,-4,-1,4,-4,14897,15357,21309,8559,894954,894955,894957,894958,0,0,0,0
1787581888.8824458,-1,-1,5,0,14828,15430,21378,8478,894984,894985,894987,894988,0,0,0,0
1787581888.990899,-3,-2,-1,-3,14748,15506,21452,8390,895044,895045,895047,895048,0,0,0,0
1787581889.1019766,-4,6,9,-12,14701,15622,21523,8293,895074,895075,895077,895078,0,0,0,0
1787581889.3000863,-6,11,9,-3,13557,17013,22735,6904,895194,895195,895197,895198,0,0,0,0
1787581889.3162804,-11,11,8,-9,13134,17432,23140,6504,895254,895255,895257,895258,0,0,0,0
1787581889.4416716,-13,4,12,-11,12849,17745,23433,6123,895284,895285,895287,895288,0,0,0,0
1787581889.4416716,-9,14,9,-10,12589,18088,23692,5807,895314,895315,895317,895318,0,0,0,0
1787581889.511279,-7,5,5,-7,12342,18370,23938,5601,895344,895345,895347,895348,0,0,0,0
1787581889.5295658,-7,8,9,-11,12092,18609,24169,5369,895374,895375,895377,895378,0,0,0,0
1787581889.6436558,-4,12,6,-11,11606,19150,24595,4771,895434,895435,895437,895438,0,0,0,0
1787581889.7197986,-9,10,9,-13,11334,19462,24890,4482,895464,895465,895467,895468,0,0,0,0
1787581889.7279735,-5,9,11,-8,11085,19720,25116,4174,895494,895495,895497,895498,0,0,0,0
1787581889.832065,-5,5,10,-14,10828,20222,25467,3757,895554,895555,895557,895558,0,0,0,0
1787581889.9212537,-7,12,13,-9,10645,20585,25625,3411,895584,895585,895587,895588,0,0,0,0
1787581889.928299,-14,13,10,-5,10431,20961,25872,3153,895614,895615,895617,895618,0,0,0,0
1787581890.0334544,-1,8,4,-3,10083,21337,26250,2782,895674,895675,895677,895678,0,0,0,0
1787581890.135955,-13,9,12,-13,9649,21799,26641,2311,895734,895735,895737,895738,0,0,0,0
1787581890.2503498,-8,11,14,-22,9312,22082,26929,1962,895764,895765,895767,895768,0,0,0,0
1787581890.253374,-10,7,13,-6,9096,22308,27173,1636,895794,895795,895797,895798,0,0,0,0
1787581890.3254693,-13,11,1,-5,8762,22703,27529,1261,895854,895855,895857,895858,0,0,0,0
1787581890.4529884,-7,11,11,-10,8475,23044,27790,992,895884,895885,895887,895888,0,0,0,0
1787581890.4529884,-12,5,9,-12,8193,23288,28011,717,895914,895915,895917,895918,0,0,0,0
1787581890.5385408,-3,3,4,-4,7986,23449,28186,523,895944,895945,895947,895948,0,0,0,0
1787581890.5455856,-7,2,3,-8,7865,23591,28316,386,895974,895975,895977,895978,0,0,0,0
1787581890.641522,-1,8,8,-12,7737,23752,28456,230,896004,896005,896007,896008,0,0,0,0
1787581890.7378845,-5,6,8,-2,7413,24082,28764,32694,896064,896065,896067,896068,0,0,0,0
1787581890.7378845,-1,2,-1,-1,7314,24166,28846,32617,896094,896095,896097,896098,0,0,0,0
1787581890.8034265,-2,2,7,0,7162,24306,28983,32489,896154,896155,896157,896158,0,0,0,0
1787581890.946257,1,3,6,-3,7078,24350,29037,32442,896184,896185,896187,896188,0,0,0,0
1787581891.0589402,0,-10,-1,0,6971,24451,29145,32331,896274,896275,896277,896278,0,0,0,0
1787581891.0854454,-6,3,2,1,6928,24461,29177,32298,896304,896305,896307,896308,0,0,0,0
1787581891.1507945,0,-3,-2,-1,6932,24459,29171,32306,896334,896335,896337,896338,0,0,0,0
1787581891.164434,0,3,1,2,6965,24425,29134,32347,896364,896365,896367,896368,0,0,0,0
1787581891.2660818,2,-3,-4,-4,7120,24277,28977,32506,896424,896425,896427,896428,0,0,0,0
1787581891.366222,5,-16,-10,6,7434,24023,28721,32761,896484,896485,896487,896488,0,0,0,0
1787581891.5605683,5,-16,-10,6,7434,24023,28721,32761,896484,896485,896487,896488,0,0,0,0
1787581891.5605683,2,-4,-1,3,7894,23542,28271,461,896574,896575,896577,896578,0,0,0,0
1787581891.5605683,6,-5,4,9,8014,23414,28140,604,896604,896605,896607,896608,0,0,0,0
1787581891.671838,8,-10,-12,9,8291,23144,27848,882,896664,896665,896667,896668,0,0,0,0
1787581891.747249,3,-10,-10,-1,8397,23054,27740,951,896694,896695,896697,896698,0,0,0,0
1787581891.8524137,2,-2,-6,2,8507,22974,27652,1025,896724,896725,896727,896728,0,0,0,0
1787581891.8587923,6,-7,-4,-1,8587,22908,27584,1078,896754,896755,896757,896758,0,0,0,0
1787581891.865624,-1,3,10,-3,8627,22873,27554,1106,896784,896785,896787,896788,0,0,0,0
1787581891.9696674,-6,4,2,-1,8621,22877,27562,1097,896814,896815,896817,896818,0,0,0,0
1787581891.9833722,-2,-6,8,0,8583,22917,27599,1062,896844,896845,896847,896848,0,0,0,0
1787581892.1704676,0,0,0,-5,8528,22971,27653,1020,896874,896875,896877,896878,0,0,0,0
1787581892.177752,-4,7,-2,1,8439,23048,27732,956,896934,896935,896937,896938,0,0,0,0
1787581892.1848793,-1,-3,-1,2,8425,23055,27739,951,896964,896965,896967,896968,0,0,0,0
1787581892.2883992,2,-4,-2,-1,8451,23030,27712,974,897024,897025,897027,897028,0,0,0,0
1787581892.3796663,3,-1,-6,1,8471,23015,27697,987,897054,897055,897057,897058,0,0,0,0
1787581892.3864505,-4,-1,1,-1,8479,23007,27689,992,897084,897085,897087,897088,0,0,0,0
1787581892.4211304,-3,-5,-1,-3,8476,23011,27694,988,897114,897115,897117,897118,0,0,0,0
1787581892.5873113,-6,-3,-3,0,8449,23034,27717,969,897204,897205,897207,897208,0,0,0,0
1787581892.6934414,-3,-32,-3,-2,8469,23016,27697,986,897264,897265,897267,897268,0,0,0,0
1787581892.725019,3,-5,2,0,8477,23012,27692,991,897294,897295,897297,897298,0,0,0,0
1787581892.841078,0,3,-3,-2,8476,23013,27694,988,897324,897325,897327,897328,0,0,0,0
1787581892.9860644,-2,-1,-1,-2,8455,23032,27713,973,897414,897415,897417,897418,0,0,0,0
1787581893.0019515,-1,0,2,3,8458,23028,27708,976,897444,897445,897447,897448,0,0,0,0
1787581893.1162083,-1,-1,-3,4,8475,23013,27694,987,897504,897505,897507,897508,0,0,0,0
1787581893.201308,-2,0,-1,0,8475,23012,27694,987,897534,897535,897537,897538,0,0,0,0
1787581893.2052474,0,2,3,2,8470,23017,27700,984,897564,897565,897567,897568,0,0,0,0
1787581893.3171039,-2,4,0,-1,8462,23025,27706,978,897594,897595,897597,897598,0,0,0,0
1787581893.3171039,1,6,0,-3,8455,23031,27713,972,897624,897625,897627,897628,0,0,0,0
1787581893.3947453,0,-2,-3,-1,8466,23024,27703,982,897684,897685,897687,897688,0,0,0,0
1787581893.5733242,-4,0,1,-2,8472,23016,27696,986,897714,897715,897717,897718,0,0,0,0
1787581893.5733242,0,2,0,-2,8471,23016,27698,985,897744,897745,897747,897748,0,0,0,0
1787581893.5848138,-6,6,1,1,8464,23021,27702,980,897774,897775,897777,897778,0,0,0,0
1787581893.688746,-2,-4,-4,1,8465,23022,27702,981,897864,897865,897867,897868,0,0,0,0
1787581893.6983495,-2,2,1,-1,8469,23022,27701,983,897894,897895,897897,897898,0,0,0,0
1787581893.815218,19,-10,-4,3,8465,23022,27703,981,897924,897925,897927,897928,0,0,0,0
1787581893.8223033,1,-3,5,0,8463,23023,27704,979,897954,897955,897957,897958,0,0,0,0
1787581894.0589411,-1,-1,0,0,8463,23024,27704,979,897984,897985,897987,897988,0,0,0,0
1787581894.0589411,3,-11,-1,0,8467,23022,27702,982,898074,898075,898077,898078,0,0,0,0
1787581894.0589411,0,2,-5,-2,8466,23022,27703,981,898104,898105,898107,898108,0,0,0,0
1787581918.1860933,-1,6,-6,1,23926,3593,32319,8123,912534,912535,912537,912538,0,0,0,0
1787581918.1873672,-3,-1,4,-2,23924,3594,32320,8121,912564,912565,912567,912568,0,0,0,0
1787581918.3853722,-1,-3,-1,0,23923,3598,32322,8119,912594,912595,912597,912598,0,0,0,0
1787581918.3853722,-3,2,0,-1,23924,3595,32320,8121,912684,912685,912687,912688,0,0,0,0
1787581918.4059346,3,-5,-2,-3,23925,3594,32319,8122,912714,912715,912717,912718,0,0,0,0
1787581918.5134964,-1,-4,-1,-2,23922,3598,32322,8118,912774,912775,912777,912778,0,0,0,0
1787581918.601188,1,-3,2,-3,23922,3599,32323,8119,912804,912805,912807,912808,0,0,0,0
1787581918.601188,-1,-2,0,-1,23924,3595,32320,8121,912834,912835,912837,912838,0,0,0,0
1787581918.7132757,3,-1,0,-2,23925,3593,32319,8121,912894,912895,912897,912898,0,0,0,0
1787581918.8029292,0,-3,0,-3,23920,3600,32324,8117,912954,912955,912957,912958,0,0,0,0
1787581918.9875035,-1,0,4,4,23924,3595,32321,8121,913014,913015,913017,913018,0,0,0,0
1787581918.9910932,1,-1,0,-1,23925,3595,32320,8121,913044,913045,913047,913048,0,0,0,0
1787581919.0003939,6,0,-2,-1,23923,3597,32322,8120,913074,913075,913077,913078,0,0,0,0
1787581919.1253474,-1,-2,-1,-1,23919,3601,32326,8116,913134,913135,913137,913138,0,0,0,0
1787581919.3204403,-3,0,1,1,23922,3597,32323,8119,913194,913195,913197,913198,0,0,0,0
1787581919.3269675,-3,0,-6,1,23923,3599,32324,8120,913254,913255,913257,913258,0,0,0,0
1787581919.4171224,-1,-4,-7,0,23923,3597,32322,8119,913314,913315,913317,913318,0,0,0,0
1787581919.5433285,0,-4,-5,-1,23922,3599,32322,8118,913374,913375,913377,913378,0,0,0,0
1787581919.6254828,0,4,2,0,23923,3597,32322,8120,913434,913435,913437,913438,0,0,0,0
1787581919.7418473,-4,4,3,1,23920,3599,32324,8117,913494,913495,913497,913498,0,0,0,0
1787581919.8184204,-2,-3,2,0,23922,3597,32322,8118,913554,913555,913557,913558,0,0,0,0
1787581919.9383302,2,-1,1,4,23923,3598,32322,8120,913584,913585,913587,913588,0,0,0,0
1787581919.9393303,-6,2,0,2,23922,3598,32323,8119,913614,913615,913617,913618,0,0,0,0
1787581920.0037537,-1,3,11,0,23920,3599,32324,8116,913644,913645,913647,913648,0,0,0,0
1787581920.116192,0,5,0,2,23920,3598,32323,8118,913704,913705,913707,913708,0,0,0,0
1787581920.116192,-2,-2,-2,-1,23924,3595,32320,8121,913734,913735,913737,913738,0,0,0,0
1787581920.2287872,1,-1,-4,2,23924,3596,32321,8121,913764,913765,913767,913768,0,0,0,0
1787581920.2287872,-3,1,-1,1,23923,3597,32321,8120,913794,913795,913797,913798,0,0,0,0
1787581920.4101954,-1,-1,-1,-1,23924,3597,32321,8120,913854,913855,913857,913858,0,0,0,0
1787581920.4251966,-2,-2,-2,-1,23925,3595,32320,8121,913884,913885,913887,913888,0,0,0,0
1787581920.5342274,2,-1,6,0,23927,3593,32318,8123,913914,913915,913917,913918,0,0,0,0
1787581920.5356114,-3,6,3,-4,23916,3612,32325,8112,913974,913975,913977,913978,0,0,0,0
1787581920.5443122,-2,2,-2,1,23780,3771,32497,7975,914004,914005,914007,914008,0,0,0,0
1787581920.6445317,0,-9,2,0,23875,3784,32451,8031,914034,914035,914037,914038,0,0,0,0
1787581920.754827,0,-3,2,-5,23878,3759,32450,8035,914124,914125,914127,914128,0,0,0,0
1787581920.8470113,0,-17,1,-2,23841,3791,32477,8008,914184,914185,914187,914188,0,0,0,0
1787581920.9657502,-3,0,-1,1,23838,3798,32481,8008,914244,914245,914247,914248,0,0,0,0
1787581921.0001736,0,-1,-1,4,23846,3788,32473,8014,914274,914275,914277,914278,0,0,0,0
1787581921.0632958,4,-3,-2,0,23851,3785,32470,8016,914304,914305,914307,914308,0,0,0,0
1787581921.174336,5,5,1,1,23844,3792,32475,8010,914364,914365,914367,914368,0,0,0,0
1787581921.257594,4,-1,2,-1,23844,3792,32475,8011,914394,914395,914397,914398,0,0,0,0
1787581921.264649,1,3,-1,-1,23845,3792,32475,8012,914424,914425,914427,914428,0,0,0,0
1787581921.3061833,-2,2,-1,2,23843,3794,32477,8010,914454,914455,914457,914458,0,0,0,0
1787581921.4580343,3,1,3,3,23842,3795,32478,8010,914514,914515,914517,914518,0,0,0,0
1787581921.4649582,-1,-4,2,-2,23846,3789,32474,8013,914544,914545,914547,914548,0,0,0,0
1787581921.6665518,-1,4,-3,-4,23843,3792,32476,8011,914634,914635,914637,914638,0,0,0,0
1787581921.790199,1,6,0,-3,23848,3790,32473,8014,914694,914695,914697,914698,0,0,0,0
1787581921.790199,0,-3,1,-2,23848,3791,32474,8013,914724,914725,914727,914728,0,0,0,0
1787581921.797763,-8,-1,1,1,23845,3793,32476,8011,914754,914755,914757,914758,0,0,0,0
1787581921.8782036,0,-2,3,13,23843,3793,32476,8010,914784,914785,914787,914788,0,0,0,0
1787581921.9859548,-2,-1,-1,3,23847,3791,32474,8014,914844,914845,914847,914848,0,0,0,0
1787581922.001781,3,-6,0,-1,23847,3790,32475,8012,914874,914875,914877,914878,0,0,0,0
1787581922.0824873,-1,1,3,2,23844,3793,32477,8010,914904,914905,914907,914908,0,0,0,0
1787581922.1948137,2,0,0,2,23845,3792,32474,8012,914964,914965,914967,914968,0,0,0,0
1787581922.1948137,-2,-1,0,5,23850,3787,32471,8015,914994,914995,914997,914998,0,0,0,0
1787581922.2752542,-1,0,4,0,23852,3788,32472,8016,915024,915025,915027,915028,0,0,0,0
1787581922.4056203,-7,-1,0,-3,23847,3792,32476,8013,915054,915055,915057,915058,0,0,0,0
1787581922.40664,6,8,-3,-5,23843,3792,32476,8009,915084,915085,915087,915088,0,0,0,0
1787581922.6002595,-1,2,2,-1,23857,3782,32467,8021,915144,915145,915147,915148,0,0,0,0
1787581922.604977,-3,-5,3,2,23853,3782,32469,8018,915204,915205,915207,915208,0,0,0,0
1787581922.6921175,-1,-4,-2,-1,23848,3790,32474,8014,915264,915265,915267,915268,0,0,0,0
1787581922.8151286,-5,-2,0,1,23850,3787,32472,8016,915294,915295,915297,915298,0,0,0,0
1787581922.8151286,1,2,5,-5,23853,3783,32469,8018,915324,915325,915327,915328,0,0,0,0
1787581922.8826609,-1,-2,-5,2,23853,3782,32469,8018,915354,915355,915357,915358,0,0,0,0
1787581922.9091227,-5,-3,-4,-3,23851,3784,32470,8017,915384,915385,915387,915388,0,0,0,0
1787581922.9459283,-1,3,-4,-3,23851,3785,32472,8017,915414,915415,915417,915418,0,0,0,0
1787581923.0202658,1,2,-2,-5,23851,3785,32471,8017,915444,915445,915447,915448,0,0,0,0
1787581923.076895,0,1,0,-1,23852,3785,32471,8017,915474,915475,915477,915478,0,0,0,0
1787581923.083851,-1,2,5,1,23852,3785,32471,8017,915504,915505,915507,915508,0,0,0,0
1787581923.298341,-2,-6,-1,-1,23851,3785,32472,8017,915594,915595,915597,915598,0,0,0,0
1787581923.3142903,0,2,-3,-2,23852,3784,32471,8017,915624,915625,915627,915628,0,0,0,0
1787581923.4312634,-3,1,0,-1,23853,3785,32471,8017,915654,915655,915657,915658,0,0,0,0
1787581923.4312634,-3,-1,2,-3,23850,3786,32472,8016,915714,915715,915717,915718,0,0,0,0
1787581923.5563302,-2,-2,-3,5,23849,3788,32473,8015,915744,915745,915747,915748,0,0,0,0
1787581923.5681002,-6,-1,0,-1,23846,3793,32477,8013,915804,915805,915807,915808,0,0,0,0
1787581923.695209,-1,2,-3,1,23838,3795,32480,8007,915864,915865,915867,915868,0,0,0,0
1787581923.701259,-3,-4,-6,-1,23846,3793,32477,8013,915894,915895,915897,915898,0,0,0,0
1787581923.91639,2,-1,-2,-2,23844,3792,32476,8010,915984,915985,915987,915988,0,0,0,0
1787581923.9233646,3,-6,2,8,23842,3798,32480,8008,916014,916015,916017,916018,0,0,0,0
1787581924.0205529,2,-2,3,-5,23855,3784,32467,8019,916074,916075,916077,916078,0,0,0,0
1787581924.125266,2,1,-3,-3,23861,3775,32462,8025,916104,916105,916107,916108,0,0,0,0
1787581924.3265593,3,3,3,-24,23860,3779,32465,8022,916164,916165,916167,916168,0,0,0,0
1787581924.333554,3,-2,5,7,23853,3782,32468,8020,916224,916225,916227,916228,0,0,0,0
1787581924.3470569,2,1,1,7,23867,3766,32452,8031,916254,916255,916257,916258,0,0,0,0
1787581924.441381,7,-5,-3,2,23890,3743,32431,8052,916284,916285,916287,916288,0,0,0,0
1787581924.4448085,-2,2,1,3,23908,3722,32415,8066,916314,916315,916317,916318,0,0,0,0
1787581924.5205631,-2,-1,-1,1,23916,3714,32409,8072,916344,916345,916347,916348,0,0,0,0
1787581924.6463032,-2,2,-4,3,23904,3727,32421,8060,916404,916405,916407,916408,0,0,0,0
1787581924.6463032,-1,1,-3,1,23891,3745,32436,8045,916434,916435,916437,916438,0,0,0,0
1787581924.662294,2,-2,4,-4,23858,3787,32471,8009,916464,916465,916467,916468,0,0,0,0
1787581924.742335,-1,-1,-2,-3,23764,3875,32546,7935,916494,916495,916497,916498,0,0,0,0
1787581924.7742271,-5,2,-4,-3,23690,3965,32622,7883,916524,916525,916527,916528,0,0,0,0
1787581924.9440143,-2,-1,5,-2,23667,3982,32634,7871,916554,916555,916557,916558,0,0,0,0
1787581924.9440143,1,-5,-4,1,23756,3886,32551,7944,916614,916615,916617,916618,0,0,0,0
1787581925.0203016,1,-6,3,6,23832,3799,32478,8012,916644,916645,916647,916648,0,0,0,0
1787581925.0203016,2,-5,-7,2,23931,3692,32382,8094,916674,916675,916677,916678,0,0,0,0
1787581925.1319757,1,0,-6,0,24012,3609,32310,8161,916704,916705,916707,916708,0,0,0,0
1787581925.1454656,-1,-4,-2,0,24064,3561,32260,8208,916734,916735,916737,916738,0,0,0,0
1787581925.353963,-2,0,3,0,24010,3618,32324,8144,916854,916855,916857,916858,0,0,0,0
1787581925.4656873,-1,4,2,-6,23967,3662,32365,8106,916884,916885,916887,916888,0,0,0,0
1787581925.4656873,-1,3,-1,2,23934,3698,32397,8079,916914,916915,916917,916918,0,0,0,0
1787581925.4656873,-4,-2,-2,-2,23912,3718,32415,8063,916944,916945,916947,916948,0,0,0,0
1787581925.5640337,-2,-4,-5,5,23908,3720,32415,8060,916974,916975,916977,916978,0,0,0,0
1787581925.5904403,1,-7,-3,1,23918,3711,32406,8071,917004,917005,917007,917008,0,0,0,0
1787581925.682746,0,-4,-1,-4,23934,3693,32391,8084,917034,917035,917037,917038,0,0,0,0
1787581925.7147179,1,2,-1,0,23951,3677,32376,8098,917094,917095,917097,917098,0,0,0,0
1787581925.8422196,-1,5,-5,-1,23946,3682,32380,8092,917124,917125,917127,917128,0,0,0,0
1787581925.864853,0,-2,-2,-1,23937,3691,32389,8083,917154,917155,917157,917158,0,0,0,0
1787581925.965344,0,-3,-1,0,23929,3699,32397,8077,917184,917185,917187,917188,0,0,0,0
1787581925.9714344,-5,-1,2,2,23927,3699,32397,8078,917244,917245,917247,917248,0,0,0,0
1787581926.0218053,0,5,0,3,23930,3697,32395,8080,917274,917275,917277,917278,0,0,0,0
1787581926.0836563,-2,1,-2,1,23930,3696,32395,8079,917304,917305,917307,917308,0,0,0,0
1787581926.1726453,5,0,1,3,23928,3699,32399,8077,917334,917335,917337,917338,0,0,0,0
1787581926.1766927,0,-1,2,-1,23924,3704,32402,8074,917364,917365,917367,917368,0,0,0,0
1787581926.2890298,0,3,-4,-3,23923,3705,32403,8074,917394,917395,917397,917398,0,0,0,0
1787581926.2890298,5,-2,-5,2,23926,3701,32396,8073,917424,917425,917427,917428,0,0,0,0
1787581926.3848364,-2,4,0,-2,23933,3686,32386,8082,917484,917485,917487,917488,0,0,0,0
1787581926.4789753,-1,1,-3,0,23928,3680,32382,8076,917514,917515,917517,917518,0,0,0,0
1787581926.4789753,-1,-2,4,1,23926,3688,32388,8073,917544,917545,917547,917548,0,0,0,0
1787581926.5784824,-6,-2,0,-1,23903,3708,32409,8057,917604,917605,917607,917608,0,0,0,0
1787581926.783747,-2,1,7,1,23899,3716,32416,8055,917664,917665,917667,917668,0,0,0,0
1787581926.978797,3,-1,4,2,23897,3715,32416,8053,917754,917755,917757,917758,0,0,0,0
1787581926.9851468,1,2,3,4,23891,3720,32420,8047,917844,917845,917847,917848,0,0,0,0
1787581927.0343854,-4,-1,-1,-3,23889,3722,32422,8047,917874,917875,917877,917878,0,0,0,0
1787581927.1038215,-3,1,18,-4,23887,3726,32424,8045,917904,917905,917907,917908,0,0,0,0
1787581927.1979177,-2,6,-1,-6,23882,3730,32433,8039,917964,917965,917967,917968,0,0,0,0
1787581927.2037506,-2,6,-1,-6,23882,3730,32433,8039,917964,917965,917967,917968,0,0,0,0
1787581927.3284428,4,-8,0,-2,23877,3734,32448,8034,918054,918055,918057,918058,0,0,0,0
1787581927.392611,-2,-1,2,1,23912,3718,32435,8066,918084,918085,918087,918088,0,0,0,0
1787581927.392611,-4,-5,-1,1,23917,3699,32417,8070,918114,918115,918117,918118,0,0,0,0
1787581927.6036608,3,5,0,2,23927,3688,32385,8080,918144,918145,918147,918148,0,0,0,0
1787581927.6036608,4,-2,0,-1,23925,3698,32399,8078,918204,918205,918207,918208,0,0,0,0
1787581927.7158103,3,-5,1,0,23843,3789,32476,8009,918294,918295,918297,918298,0,0,0,0
1787581927.8121119,-3,-43,-3,4,23841,3791,32479,8009,918324,918325,918327,918328,0,0,0,0
1787581927.8262658,-4,2,-2,4,23861,3768,32457,8029,918354,918355,918357,918358,0,0,0,0
1787581927.8876917,5,-2,0,2,23886,3743,32433,8046,918384,918385,918387,918388,0,0,0,0
1787581927.9237573,4,1,-1,8,23939,3722,32417,8103,918414,918415,918417,918418,0,0,0,0
1787581927.9849482,22,-17,-17,23,24301,3473,32186,8443,918444,918445,918447,918448,0,0,0,0
1787581928.000894,42,-37,-29,32,25228,2861,31492,9315,918474,918475,918477,918478,0,0,0,0
1787581928.032654,59,-56,-50,67,26636,1690,30339,10766,918504,918505,918507,918508,0,0,0,0
1787581928.1326287,57,-63,-54,58,28225,172,28822,12467,918534,918535,918537,918538,0,0,0,0
1787581928.1443903,61,-42,-55,35,29796,31410,27288,14022,918564,918565,918567,918568,0,0,0,0
1787581928.2191186,25,-21,-12,-11,30855,30487,26561,14267,918594,918595,918597,918598,0,0,0,0
1787581928.3286839,10,-1,8,-3,31580,30304,26096,14173,918654,918655,918657,918658,0,0,0,0
1787581928.3449533,-2,-9,-6,-7,31565,30293,26123,14128,918684,918685,918687,918688,0,0,0,0
1787581928.5411692,0,1,-1,2,31451,30395,26242,14021,918774,918775,918777,918778,0,0,0,0
1787581928.5616353,0,0,-2,-2,31432,30415,26262,14003,918804,918805,918807,918808,0,0,0,0
1787581928.6454134,-3,4,0,1,31419,30426,26271,13994,918834,918835,918837,918838,0,0,0,0
1787581928.7076058,0,-3,4,3,31415,30430,26275,13989,918864,918865,918867,918868,0,0,0,0
1787581928.7215185,-3,4,0,3,31417,30430,26275,13991,918894,918895,918897,918898,0,0,0,0
1787581928.8325016,-1,1,4,-4,31420,30428,26273,13994,918924,918925,918927,918928,0,0,0,0
1787581928.8466742,-1,2,2,-2,31423,30427,26274,13995,918954,918955,918957,918958,0,0,0,0
1787581928.9448223,1,-2,2,-6,31419,30431,26275,13992,918984,918985,918987,918988,0,0,0,0
1787581928.9642577,-2,-2,0,-6,31411,30436,26282,13985,919044,919045,919047,919048,0,0,0,0
1787581929.0407734,2,0,-3,0,31413,30434,26280,13987,919074,919075,919077,919078,0,0,0,0
1787581929.0682127,2,2,-1,-3,31419,30430,26276,13993,919104,919105,919107,919108,0,0,0,0
1787581929.243718,-93,-77,-96,-130,30339,29109,24887,12371,919164,919165,919167,919168,0,0,0,0
1787581929.243718,-62,-73,-90,-78,28011,26916,22906,10078,919194,919195,919197,919198,0,0,0,0
1787581929.3506172,-67,-77,-67,-61,26035,24763,20740,8071,919224,919225,919227,919228,0,0,0,0
1787581929.3506172,-73,-72,-68,-83,24212,22865,18813,6262,919254,919255,919257,919258,0,0,0,0
1787581929.4438148,-77,-73,-86,-66,22302,20747,16813,4381,919284,919285,919287,919288,0,0,0,0
1787581929.5510037,-74,-89,-70,-82,18257,16680,12663,83,919344,919345,919347,919348,0,0,0,0
1787581929.5510037,-78,-67,-75,-93,16104,14745,10495,30647,919374,919375,919377,919378,0,0,0,0
1787581929.6520345,-71,-68,-81,-84,13947,12642,8448,28462,919404,919405,919407,919408,0,0,0,0
1787581929.6663196,-71,-83,-88,-77,11819,10525,6344,26428,919434,919435,919437,919438,0,0,0,0
1787581929.7640297,-83,-90,-84,-60,9681,8191,4204,24381,919464,919465,919467,919468,0,0,0,0
1787581929.7640297,-87,-98,-68,-76,7527,6093,2051,22262,919494,919495,919497,919498,0,0,0,0
1787581929.7840621,-82,-86,-85,-97,5433,3897,32525,20283,919524,919525,919527,919528,0,0,0,0
1787581929.8669891,-78,-86,-79,-84,3295,1797,30340,18239,919554,919555,919557,919558,0,0,0,0
1787581929.9724975,-55,-48,-45,-48,1568,160,28706,16455,919584,919585,919587,919588,0,0,0,0
1787581929.98498,-22,-18,-17,-21,32595,31274,26957,14652,919644,919645,919647,919648,0,0,0,0
1787581930.0420742,-7,-8,-4,-11,32193,30991,26588,14185,919674,919675,919677,919678,0,0,0,0
1787581930.1606488,-3,3,2,3,32106,31041,26516,14028,919704,919705,919707,919708,0,0,0,0
1787581930.269328,-3,1,1,0,31943,31211,26712,13954,919764,919765,919767,919768,0,0,0,0
1787581930.3815808,-7,2,1,0,31685,31416,26915,13766,919854,919855,919857,919858,0,0,0,0
1787581930.3845394,2,10,-1,2,31665,31434,26933,13754,919884,919885,919887,919888,0,0,0,0
1787581930.484132,2,-4,-4,4,31716,31387,26881,13804,919944,919945,919947,919948,0,0,0,0
1787581930.588094,-1,-1,-1,-5,31761,31353,26847,13838,919974,919975,919977,919978,0,0,0,0
1787581930.599017,-1,0,1,-1,31793,31327,26823,13863,920004,920005,920007,920008,0,0,0,0
1787581930.6787343,0,-1,-2,-2,31800,31323,26821,13863,920064,920065,920067,920068,0,0,0,0
1787581930.794806,1,2,2,-6,31781,31339,26835,13849,920094,920095,920097,920098,0,0,0,0
1787581930.8069143,-4,0,6,-1,31764,31352,26848,13836,920124,920125,920127,920128,0,0,0,0
1787581930.8722684,-2,-4,0,-3,31761,31354,26849,13837,920184,920185,920187,920188,0,0,0,0
1787581930.9812748,-4,2,0,2,31771,31345,26841,13845,920214,920215,920217,920218,0,0,0,0
1787581930.9898973,0,-4,-4,2,31778,31340,26835,13849,920244,920245,920247,920248,0,0,0,0
1787581931.0062509,0,-4,-4,2,31778,31340,26835,13849,920244,920245,920247,920248,0,0,0,0
1787581931.0615864,-3,-1,0,1,31773,31346,26840,13845,920304,920305,920307,920308,0,0,0,0
1787581931.157656,-2,-5,-1,-2,31761,31356,26852,13834,920334,920335,920337,920338,0,0,0,0
1787581931.157656,-1,-1,3,-2,31732,31379,26876,13812,920364,920365,920367,920368,0,0,0,0
1787581931.2933319,-2,0,-1,-2,31690,31417,26912,13781,920424,920425,920427,920428,0,0,0,0
1787581931.3025768,2,-6,-5,2,31727,31386,26879,13816,920454,920455,920457,920458,0,0,0,0
1787581931.4270418,1,-2,-1,-1,31773,31349,26841,13850,920484,920485,920487,920488,0,0,0,0
1787581931.494617,-4,3,3,1,31811,31323,26815,13877,920514,920515,920517,920518,0,0,0,0
1787581931.5073438,-2,-4,-4,4,31838,31304,26798,13894,920574,920575,920577,920578,0,0,0,0
1787581931.6241374,-6,1,3,2,31798,31336,26830,13862,920634,920635,920637,920638,0,0,0,0
1787581931.6999729,-3,2,-1,-3,31779,31348,26842,13852,920694,920695,920697,920698,0,0,0,0
1787581931.9089644,2,3,3,2,31792,31341,26833,13860,920754,920755,920757,920758,0,0,0,0
1787581931.909966,-3,1,-5,3,31785,31345,26838,13854,920814,920815,920817,920818,0,0,0,0
1787581932.0260055,3,-1,0,-5,31786,31344,26836,13856,920874,920875,920877,920878,0,0,0,0
1787581932.0690577,-4,4,3,-3,31788,31341,26834,13858,920904,920905,920907,920908,0,0,0,0
1787581932.1240506,-1,-3,17,-3,31789,31342,26834,13858,920934,920935,920937,920938,0,0,0,0
1787581932.1935246,-5,-5,1,-5,31789,31345,26836,13857,920964,920965,920967,920968,0,0,0,0
1787581932.3244724,3,-4,4,1,31786,31344,26837,13857,920994,920995,920997,920998,0,0,0,0
1787581932.3265293,2,2,-3,-3,31786,31341,26835,13856,921054,921055,921057,921058,0,0,0,0
1787581932.4536037,-3,-1,5,1,31786,31342,26836,13856,921114,921115,921117,921118,0,0,0,0
1787581932.5134275,2,-12,-2,-10,31787,31341,26834,13857,921174,921175,921177,921178,0,0,0,0
1787581932.6090734,-2,-2,0,0,31786,31343,26836,13856,921234,921235,921237,921238,0,0,0,0
1787581932.7218404,1,-4,0,-1,31786,31343,26836,13857,921294,921295,921297,921298,0,0,0,0
1787581932.8335974,2,-6,-4,0,31788,31341,26834,13858,921324,921325,921327,921328,0,0,0,0
1787581932.8335974,-5,0,2,4,31788,31341,26835,13858,921354,921355,921357,921358,0,0,0,0
1787581932.936468,-5,-3,2,-1,31786,31343,26836,13856,921384,921385,921387,921388,0,0,0,0
1787581932.936468,-2,1,-1,-3,31780,31347,26841,13851,921414,921415,921417,921418,0,0,0,0
1787581933.054527,0,-2,-4,0,31788,31343,26836,13857,921474,921475,921477,921478,0,0,0,0
1787581933.1349585,-12,13,14,-20,31678,31495,26957,13703,921504,921505,921507,921508,0,0,0,0
1787581933.1349585,-26,21,29,-26,31239,32008,27509,13066,921534,921535,921537,921538,0,0,0,0
1787581933.244117,-24,19,15,-21,30561,32623,28114,12431,921564,921565,921567,921568,0,0,0,0
1787581933.2599244,-5,7,8,-12,30202,277,28589,11980,921594,921595,921597,921598,0,0,0,0
1787581933.3392,2,5,-1,-6,30121,550,28737,11869,921624,921625,921627,921628,0,0,0,0
1787581933.3392,-10,15,6,-12,30008,797,28845,11625,921654,921655,921657,921658,0,0,0,0
1787581933.4451132,-22,17,24,-32,29539,1191,29241,10964,921684,921685,921687,921688,0,0,0,0
1787581933.4654922,-28,31,15,-26,28879,1913,29963,10286,921714,921715,921717,921718,0,0,0,0
1787581933.6594608,-4,10,10,-12,27814,3046,31085,9202,921804,921805,921807,921808,0,0,0,0
1787581933.6650798,-26,19,24,-18,26883,4159,32000,8071,921864,921865,921867,921868,0,0,0,0
1787581933.7551627,-22,15,17,-17,26258,4650,32548,7596,921894,921895,921897,921898,0,0,0,0
1787581933.7628403,-12,14,8,-14,25824,5014,177,7203,921924,921925,921927,921928,0,0,0,0
1787581933.881063,-19,17,15,-8,25519,5390,507,6858,921954,921955,921957,921958,0,0,0,0
1787581933.887862,-21,19,21,-20,25100,5856,949,6382,921984,921985,921987,921988,0,0,0,0
1787581933.949771,-16,20,20,-18,24547,6443,1450,5814,922014,922015,922017,922018,0,0,0,0
1787581933.9637027,-15,9,5,-10,24131,6899,1927,5455,922044,922045,922047,922048,0,0,0,0
1787581934.0271056,-9,4,0,-12,23808,7165,2196,5185,922074,922075,922077,922078,0,0,0,0
1787581934.1678798,1,5,12,0,23419,7516,2549,4780,922134,922135,922137,922138,0,0,0,0
1787581934.3641436,-5,9,-9,-6,23108,7852,2921,4432,922194,922195,922197,922198,0,0,0,0
1787581934.3641436,-6,1,4,-10,22856,8096,3188,4190,922254,922255,922257,922258,0,0,0,0
1787581934.5682845,-2,5,-4,1,22771,8174,3253,4108,922284,922285,922287,922288,0,0,0,0
1787581934.5682845,1,1,-3,-2,22724,8211,3287,4065,922374,922375,922377,922378,0,0,0,0
1787581934.5816383,-4,-1,-3,-2,22706,8226,3300,4046,922404,922405,922407,922408,0,0,0,0
1787581934.6803858,-2,0,0,-4,22730,8204,3278,4071,922434,922435,922437,922438,0,0,0,0
1787581934.6803858,3,0,0,4,22762,8167,3249,4114,922464,922465,922467,922468,0,0,0,0
1787581934.7765288,1,0,-5,2,22856,8077,3172,4210,922524,922525,922527,922528,0,0,0,0
1787581934.888723,1,1,-1,4,22920,8024,3120,4264,922584,922585,922587,922588,0,0,0,0
1787581934.977407,-2,3,2,0,22924,8021,3119,4265,922614,922615,922617,922618,0,0,0,0
1787581934.984625,0,0,2,4,22914,8031,3131,4254,922644,922645,922647,922648,0,0,0,0
1787581935.0611892,2,2,3,-1,22898,8046,3144,4239,922674,922675,922677,922678,0,0,0,0
1787581935.089834,3,-2,-5,0,22888,8053,3151,4231,922704,922705,922707,922708,0,0,0,0
1787581935.180315,-3,-1,-1,-4,22891,8051,3147,4236,922734,922735,922737,922738,0,0,0,0
1787581935.1855512,-3,-4,-3,-2,22903,8040,3137,4246,922764,922765,922767,922768,0,0,0,0
1787581935.2981865,4,16,5,-1,22913,8033,3129,4256,922794,922795,922797,922798,0,0,0,0
1787581935.3068314,4,0,-5,-2,22915,8031,3128,4256,922824,922825,922827,922828,0,0,0,0
1787581935.3830273,-1,-5,-1,3,22903,8042,3141,4242,922884,922885,922887,922888,0,0,0,0
1787581935.504582,2,2,0,-1,22897,8047,3145,4239,922914,922915,922917,922918,0,0,0,0
1787581935.52489,-1,-4,-5,2,22898,8046,3144,4241,922944,922945,922947,922948,0,0,0,0
1787581935.5812445,-4,3,0,-3,22904,8041,3138,4246,922974,922975,922977,922978,0,0,0,0
1787581935.5969133,-1,2,3,3,22910,8035,3134,4253,923004,923005,923007,923008,0,0,0,0
1787581935.7191868,4,-3,4,-1,22909,8036,3135,4250,923064,923065,923067,923068,0,0,0,0
1787581935.7837918,-5,0,-3,1,22905,8040,3140,4245,923094,923095,923097,923098,0,0,0,0
1787581935.7996676,0,1,-3,3,22903,8045,3142,4244,923124,923125,923127,923128,0,0,0,0
1787581935.9217055,0,-4,-4,-1,22904,8040,3139,4246,923184,923185,923187,923188,0,0,0,0
1787581935.990631,18,-2,-1,1,22910,8038,3136,4250,923214,923215,923217,923218,0,0,0,0
1787581935.990631,2,1,0,6,22911,8036,3134,4252,923244,923245,923247,923248,0,0,0,0
1787581936.0550456,5,-1,-1,6,22909,8036,3134,4250,923274,923275,923277,923278,0,0,0,0
1787581936.1680412,3,0,2,-4,22907,8039,3137,4247,923334,923335,923337,923338,0,0,0,0
1787581936.1841273,4,0,2,1,22907,8039,3138,4248,923364,923365,923367,923368,0,0,0,0
1787581936.412513,3,-1,-4,2,22907,8041,3139,4247,923454,923455,923457,923458,0,0,0,0
1787581936.5176353,0,-3,4,0,22908,8039,3138,4248,923544,923545,923547,923548,0,0,0,0
1787581936.5176353,0,-3,4,0,22908,8039,3138,4248,923544,923545,923547,923548,0,0,0,0
1787581936.6159778,3,-4,-3,-4,22912,8036,3134,4251,923604,923605,923607,923608,0,0,0,0
1787581936.6179805,3,-4,-3,-4,22912,8036,3134,4251,923604,923605,923607,923608,0,0,0,0
1787581936.7182395,-5,-3,0,-2,22907,8039,3138,4246,923664,923665,923667,923668,0,0,0,0
1787581936.7182395,2,3,-1,2,22905,8041,3138,4245,923694,923695,923697,923698,0,0,0,0
1787581936.7504241,-5,2,-1,-1,22908,8039,3138,4247,923724,923725,923727,923728,0,0,0,0
1787581949.3148427,0,0,-5,-2,10185,15329,3705,6578,931164,931165,931167,931168,0,0,0,0
1787581949.3148427,1,-3,4,4,10185,15329,3705,6577,931224,931225,931227,931228,0,0,0,0
1787581949.4633214,-3,-1,-1,1,10184,15331,3706,6577,931314,931315,931317,931318,0,0,0,0
1787581949.5111616,3,-4,-8,-1,10185,15328,3704,6578,931344,931345,931347,931348,0,0,0,0
1787581949.5300384,-1,3,8,3,10185,15328,3704,6578,931374,931375,931377,931378,0,0,0,0
1787581949.6405125,-3,-1,11,-1,10184,15329,3707,6576,931404,931405,931407,931408,0,0,0,0
1787581949.6405125,0,3,2,-1,10183,15330,3707,6576,931434,931435,931437,931438,0,0,0,0
1787581949.723721,-4,-3,2,-6,10184,15329,3706,6577,931464,931465,931467,931468,0,0,0,0
1787581949.7254765,-8,-3,-9,-1,10186,15328,3704,6578,931494,931495,931497,931498,0,0,0,0
1787581949.844013,-1,-2,-5,-3,10186,15328,3704,6578,931524,931525,931527,931528,0,0,0,0
1787581949.9207768,-4,0,-2,-4,10183,15330,3707,6576,931584,931585,931587,931588,0,0,0,0
1787581949.9207768,-2,-2,-7,3,10185,15330,3706,6578,931614,931615,931617,931618,0,0,0,0
1787581950.037741,-2,0,-4,-4,10186,15328,3705,6578,931674,931675,931677,931678,0,0,0,0
1787581950.1351242,-2,-3,0,-2,10182,15332,3709,6574,931734,931735,931737,931738,0,0,0,0
1787581950.24713,1,-1,-1,2,10183,15331,3707,6576,931794,931795,931797,931798,0,0,0,0
1787581950.336385,4,-4,1,3,10183,15332,3708,6575,931824,931825,931827,931828,0,0,0,0
1787581950.336385,-3,-1,0,-4,10183,15332,3707,6576,931854,931855,931857,931858,0,0,0,0
1787581950.4617739,-1,2,-1,-2,10185,15331,3706,6576,931884,931885,931887,931888,0,0,0,0
1787581950.5379903,15,-2,-2,1,10186,15329,3704,6578,931944,931945,931947,931948,0,0,0,0
1787581950.544827,1,2,1,2,10184,15331,3707,6576,931974,931975,931977,931978,0,0,0,0
1787581950.6555946,-2,-14,-4,1,10182,15332,3709,6574,932004,932005,932007,932008,0,0,0,0
1787581950.6579795,4,0,-1,3,10181,15333,3710,6573,932034,932035,932037,932038,0,0,0,0
1787581950.743454,2,2,-3,-3,10183,15333,3710,6575,932064,932065,932067,932068,0,0,0,0
1787581950.85721,-2,0,7,1,10184,15331,3708,6576,932124,932125,932127,932128,0,0,0,0
1787581950.9354217,2,0,0,4,10183,15333,3709,6574,932184,932185,932187,932188,0,0,0,0
1787581950.9354217,0,2,-4,2,10183,15332,3708,6575,932214,932215,932217,932218,0,0,0,0
1787581951.0772984,1,0,-1,2,10187,15329,3702,6579,932274,932275,932277,932278,0,0,0,0
1787581951.158093,-5,2,-7,-7,10186,15330,3704,6578,932304,932305,932307,932308,0,0,0,0
1787581951.158093,-5,-5,-1,1,10185,15331,3707,6576,932334,932335,932337,932338,0,0,0,0
1787581951.2739258,-3,-2,-1,-3,10186,15329,3704,6578,932394,932395,932397,932398,0,0,0,0
1787581951.3572185,1,4,6,-1,10188,15329,3705,6579,932454,932455,932457,932458,0,0,0,0
1787581951.3639383,-3,4,-2,-2,10186,15330,3706,6577,932484,932485,932487,932488,0,0,0,0
1787581951.440684,0,-3,-2,-3,10186,15329,3705,6578,932514,932515,932517,932518,0,0,0,0
1787581951.572674,-1,6,3,-2,10189,15327,3701,6582,932574,932575,932577,932578,0,0,0,0
1787581951.58782,0,0,3,-2,10188,15327,3703,6580,932604,932605,932607,932608,0,0,0,0
1787581951.7087655,-2,1,1,-5,10185,15330,3707,6576,932634,932635,932637,932638,0,0,0,0
1787581951.7667544,3,3,-1,-3,10183,15333,3709,6575,932694,932695,932697,932698,0,0,0,0
1787581951.7789173,4,-3,-2,3,10183,15332,3708,6575,932724,932725,932727,932728,0,0,0,0
1787581951.9002151,-1,0,1,-5,10184,15333,3709,6575,932784,932785,932787,932788,0,0,0,0
1787581951.9475343,2,3,-1,2,10185,15331,3706,6577,932814,932815,932817,932818,0,0,0,0
1787581951.968943,0,-1,0,1,10186,15330,3707,6579,932844,932845,932847,932848,0,0,0,0
1787581952.0794716,0,-2,3,2,10184,15332,3708,6575,932874,932875,932877,932878,0,0,0,0
1787581952.086926,-1,-1,-5,-2,10181,15333,3710,6573,932904,932905,932907,932908,0,0,0,0
1787581952.1834137,-2,0,1,1,10184,15330,3707,6578,932964,932965,932967,932968,0,0,0,0
1787581952.3019915,-2,4,1,-3,10185,15331,3707,6576,933024,933025,933027,933028,0,0,0,0
1787581952.3850496,2,-4,3,-6,10183,15333,3709,6573,933054,933055,933057,933058,0,0,0,0
1787581952.3850496,3,4,-2,3,10182,15334,3710,6573,933084,933085,933087,933088,0,0,0,0
1787581952.4484193,-2,-2,3,-4,10183,15333,3710,6575,933114,933115,933117,933118,0,0,0,0
1787581952.5931487,-3,0,-4,2,10182,15333,3710,6574,933174,933175,933177,933178,0,0,0,0
1787581952.6067958,-1,-1,-4,2,10182,15334,3710,6574,933204,933205,933207,933208,0,0,0,0
1787581952.7029474,-4,-7,2,-4,10184,15332,3709,6575,933234,933235,933237,933238,0,0,0,0
1787581952.7029474,-5,-7,-1,-3,10184,15331,3708,6577,933264,933265,933267,933268,0,0,0,0
1787581952.7914648,0,2,1,3,10186,15330,3707,6577,933294,933295,933297,933298,0,0,0,0
1787581952.7990565,-1,3,0,0,10186,15330,3707,6578,933324,933325,933327,933328,0,0,0,0
1787581952.9245536,3,0,0,-2,10184,15332,3708,6575,933384,933385,933387,933388,0,0,0,0
1787581952.9343307,-2,-2,-2,-4,10185,15332,3707,6577,933414,933415,933417,933418,0,0,0,0
1787581952.9974885,-1,-2,-2,3,10186,15328,3703,6580,933474,933475,933477,933478,0,0,0,0
1787581953.0861206,-8,-2,-4,0,10186,15329,3705,6578,933504,933505,933507,933508,0,0,0,0
1787581953.1956131,3,0,-1,-2,10185,15332,3708,6576,933534,933535,933537,933538,0,0,0,0
1787581953.20588,2,-1,3,0,10185,15333,3708,6576,933564,933565,933567,933568,0,0,0,0
1787581953.20588,0,-1,3,-2,10184,15332,3709,6575,933594,933595,933597,933598,0,0,0,0
1787581953.3270123,-2,0,-4,-3,10185,15331,3707,6577,933624,933625,933627,933628,0,0,0,0
1787581953.3285668,3,0,-2,-1,10188,15329,3703,6580,933654,933655,933657,933658,0,0,0,0
1787581953.406678,-4,-3,-5,1,10187,15329,3703,6579,933684,933685,933687,933688,0,0,0,0
1787581953.4154909,-4,-3,-5,1,10187,15329,3703,6579,933684,933685,933687,933688,0,0,0,0
1787581953.5346808,8,1,-1,-4,10184,15332,3708,6575,933774,933775,933777,933778,0,0,0,0
1787581953.607222,1,4,-5,3,10184,15328,3706,6577,933804,933805,933807,933808,0,0,0,0
1787581953.6231012,0,-1,3,-2,10185,15329,3705,6577,933834,933835,933837,933838,0,0,0,0
1787581953.728128,-4,2,0,-4,10183,15330,3707,6576,933894,933895,933897,933898,0,0,0,0
1787581953.81367,-1,-3,14,2,10182,15331,3708,6574,933924,933925,933927,933928,0,0,0,0
1787581953.823907,2,-3,-6,-2,10184,15331,3708,6576,933954,933955,933957,933958,0,0,0,0
1787581953.8557742,4,-5,-4,1,10185,15328,3705,6578,933984,933985,933987,933988,0,0,0,0
1787581953.9664102,-1,0,-2,-6,10185,15329,3706,6576,934044,934045,934047,934048,0,0,0,0
1787581954.0270085,-2,1,4,0,10183,15331,3709,6575,934074,934075,934077,934078,0,0,0,0
1787581954.0864792,-1,0,-3,2,10182,15330,3708,6574,934104,934105,934107,934108,0,0,0,0
1787581954.2205694,3,0,0,2,10184,15331,3706,6576,934134,934135,934137,934138,0,0,0,0
1787581954.221569,-3,1,1,5,10183,15330,3707,6576,934164,934165,934167,934168,0,0,0,0
1787581954.221569,1,-1,0,3,10185,15330,3707,6575,934194,934195,934197,934198,0,0,0,0
1787581954.4300568,-1,-7,0,1,10184,15329,3706,6576,934224,934225,934227,934228,0,0,0,0
1787581954.5450113,3,2,0,0,10184,15329,3707,6576,934374,934375,934377,934378,0,0,0,0
1787581954.634212,0,-1,-1,2,10184,15330,3707,6575,934404,934405,934407,934408,0,0,0,0
1787581954.7662838,1,3,1,2,10185,15328,3705,6579,934494,934495,934497,934498,0,0,0,0
1787581954.842915,-2,1,-2,-4,10184,15329,3706,6576,934524,934525,934527,934528,0,0,0,0
1787581954.842915,0,2,-5,0,10184,15330,3708,6576,934554,934555,934557,934558,0,0,0,0
1787581954.9617012,1,-1,1,1,10183,15331,3708,6577,934584,934585,934587,934588,0,0,0,0
1787581954.9617012,2,4,-2,-2,10184,15329,3706,6576,934614,934615,934617,934618,0,0,0,0
1787581955.044973,2,-4,-9,-1,10184,15328,3706,6578,934644,934645,934647,934648,0,0,0,0
1787581955.0727959,4,3,-8,-1,10185,15328,3704,6577,934674,934675,934677,934678,0,0,0,0
1787581955.086669,0,-7,5,2,10185,15329,3707,6578,934704,934705,934707,934708,0,0,0,0
1787581955.2529688,2,-3,3,-5,10183,15330,3707,6574,934734,934735,934737,934738,0,0,0,0
1787581955.2529688,5,-2,0,-1,10181,15333,3710,6573,934764,934765,934767,934768,0,0,0,0
1787581955.2668297,0,1,1,-3,10180,15333,3709,6572,934794,934795,934797,934798,0,0,0,0
1787581955.3676686,-1,2,-6,2,10183,15331,3708,6575,934824,934825,934827,934828,0,0,0,0
1787581955.3750246,-2,-2,-2,0,10184,15329,3706,6576,934854,934855,934857,934858,0,0,0,0
1787581955.3750246,-2,2,1,4,10182,15331,3709,6575,934884,934885,934887,934888,0,0,0,0
1787581955.465295,2,4,-3,0,10178,15336,3713,6569,934914,934915,934917,934918,0,0,0,0
1787581955.4970374,-4,-4,-1,3,10179,15335,3711,6569,934944,934945,934947,934948,0,0,0,0
1787581955.66162,-3,0,6,0,10171,15338,3719,6561,935004,935005,935007,935008,0,0,0,0
1787581955.66162,-3,-7,1,-2,10092,15427,3814,6458,935064,935065,935067,935068,0,0,0,0
1787581955.87037,-1,-4,-1,4,10090,15427,3811,6467,935094,935095,935097,935098,0,0,0,0
1787581955.87037,2,-2,1,3,10245,15250,3625,6662,935184,935185,935187,935188,0,0,0,0
1787581955.9684992,2,2,-2,0,10260,15233,3610,6675,935214,935215,935217,935218,0,0,0,0
1787581955.97467,0,2,0,3,10247,15251,3629,6655,935244,935245,935247,935248,0,0,0,0
1787581956.0722897,-3,1,4,-2,10217,15286,3667,6613,935274,935275,935277,935278,0,0,0,0
1787581956.0861957,0,-2,-1,4,10196,15312,3691,6589,935304,935305,935307,935308,0,0,0,0
1787581956.107328,-1,-2,0,3,10183,15326,3706,6573,935334,935335,935337,935338,0,0,0,0
1787581956.2744734,0,-3,-4,-4,10188,15318,3698,6584,935394,935395,935397,935398,0,0,0,0
1787581956.2876341,3,3,6,2,10195,15309,3688,6593,935424,935425,935427,935428,0,0,0,0
1787581956.3920524,-2,0,-3,4,10197,15308,3686,6595,935454,935455,935457,935458,0,0,0,0
1787581956.398551,2,-2,-6,0,10190,15317,3697,6584,935514,935515,935517,935518,0,0,0,0
1787581956.4887269,-2,2,4,-2,10188,15318,3698,6583,935544,935545,935547,935548,0,0,0,0
1787581956.5164247,-4,-3,0,-1,10190,15316,3696,6585,935574,935575,935577,935578,0,0,0,0
1787581956.6813939,-1,-1,2,-4,10192,15313,3692,6590,935604,935605,935607,935608,0,0,0,0
1787581956.6813939,2,0,0,3,10192,15313,3692,6588,935634,935635,935637,935638,0,0,0,0
1787581956.7945187,-1,0,-6,4,10191,15313,3693,6589,935724,935725,935727,935728,0,0,0,0
1787581956.7945187,1,-2,-2,0,10193,15313,3691,6590,935754,935755,935757,935758,0,0,0,0
1787581956.8990748,4,-3,0,2,10191,15315,3695,6586,935814,935815,935817,935818,0,0,0,0
1787581956.9724417,-1,4,3,0,10190,15315,3695,6585,935844,935845,935847,935848,0,0,0,0
1787581957.0204742,-2,3,4,-5,10190,15316,3695,6586,935874,935875,935877,935878,0,0,0,0
1787581957.0998867,-1,3,2,-1,10188,15320,3700,6580,935904,935905,935907,935908,0,0,0,0
1787581957.2133956,3,-2,3,-2,10179,15331,3712,6568,935934,935935,935937,935938,0,0,0,0
1787581957.2133956,0,1,4,1,10159,15352,3739,6537,935994,935995,935997,935998,0,0,0,0
1787581957.2938416,0,3,-4,-3,10155,15358,3745,6530,936024,936025,936027,936028,0,0,0,0
1787581957.4191272,0,-1,-2,3,10164,15351,3736,6544,936054,936055,936057,936058,0,0,0,0
1787581957.4191272,-1,0,0,6,10180,15332,3715,6565,936084,936085,936087,936088,0,0,0,0
1787581957.4191272,-3,-2,-4,-4,10189,15323,3708,6573,936114,936115,936117,936118,0,0,0,0
1787581957.5034535,3,-1,0,-2,10185,15328,3714,6566,936144,936145,936147,936148,0,0,0,0
1787581957.6200504,-4,1,-4,-2,10176,15337,3724,6556,936174,936175,936177,936178,0,0,0,0
1787581957.6200504,-1,-2,-3,1,10175,15338,3724,6557,936204,936205,936207,936208,0,0,0,0
1787581957.6270108,2,2,2,-1,10182,15330,3716,6566,936234,936235,936237,936238,0,0,0,0
1787581957.7176013,-4,4,0,1,10182,15332,3718,6563,936294,936295,936297,936298,0,0,0,0
1787581957.899395,5,2,0,1,10175,15338,3723,6556,936354,936355,936357,936358,0,0,0,0
1787581957.987815,2,0,0,0,10182,15330,3716,6565,936414,936415,936417,936418,0,0,0,0
1787581957.987815,0,-6,-5,-1,10181,15333,3718,6562,936444,936445,936447,936448,0,0,0,0
1787581958.1198277,-5,3,-1,2,10179,15334,3720,6560,936474,936475,936477,936478,0,0,0,0
1787581958.1198277,2,0,-6,1,10179,15335,3720,6561,936504,936505,936507,936508,0,0,0,0
1787581958.2384596,4,-3,-4,-1,10160,15362,3755,6523,936594,936595,936597,936598,0,0,0,0
1787581958.3117938,-3,1,1,2,10165,15358,3744,6538,936624,936625,936627,936628,0,0,0,0
1787581958.5181038,0,-2,-4,1,10335,15155,3538,6751,936744,936745,936747,936748,0,0,0,0
1787581958.533793,4,1,4,-3,10280,15227,3615,6666,936804,936805,936807,936808,0,0,0,0
1787581958.646114,4,1,4,-3,10280,15227,3615,6666,936804,936805,936807,936808,0,0,0,0
1787581958.646114,-3,-1,-1,-8,10101,15428,3827,6437,936864,936865,936867,936868,0,0,0,0
1787581958.730664,-1,-3,2,1,10024,15506,3904,6363,936924,936925,936927,936928,0,0,0,0
1787581958.8465784,2,-4,-5,0,10084,15442,3834,6440,936984,936985,936987,936988,0,0,0,0
1787581958.933302,3,-2,-6,5,10150,15374,3760,6528,937014,937015,937017,937018,0,0,0,0
1787581958.9489808,7,-2,-9,11,10274,15269,3654,6706,937044,937045,937047,937048,0,0,0,0
1787581959.0103867,27,-21,-17,33,10739,14914,3326,7191,937074,937075,937077,937078,0,0,0,0
1787581959.074672,38,-41,-41,49,11774,14028,2579,8198,937104,937105,937107,937108,0,0,0,0
1787581959.0965266,64,-54,-54,70,13192,12801,1292,9853,937134,937135,937137,937138,0,0,0,0
1787581959.1467557,62,-67,-46,57,14886,11291,32566,11641,937164,937165,937167,937168,0,0,0,0
1787581959.2028282,64,-62,-61,66,16540,9739,30930,13368,937194,937195,937197,937198,0,0,0,0
1787581959.283149,54,-56,-45,44,18146,8371,29607,14813,937224,937225,937227,937228,0,0,0,0
1787581959.3276107,39,-36,-37,36,19316,7370,28685,15981,937254,937255,937257,937258,0,0,0,0
1787581959.343279,30,-28,-26,34,20207,6621,27964,16858,937284,937285,937287,937288,0,0,0,0
1787581959.4410574,24,-27,-25,28,20955,5867,27323,17639,937314,937315,937317,937318,0,0,0,0
1787581959.4478707,33,-19,-22,27,21724,5268,26766,18547,937344,937345,937347,937348,0,0,0,0
1787581959.5024316,41,-24,-29,36,22653,4615,26161,19424,937374,937375,937377,937378,0,0,0,0
1787581959.564876,49,-36,-48,54,23682,3742,25218,20489,937404,937405,937407,937408,0,0,0,0
1787581959.6619911,52,-40,-54,46,26432,1541,22811,23123,937464,937465,937467,937468,0,0,0,0
1787581959.7240243,41,-45,-39,41,27857,340,21622,24568,937494,937495,937497,937498,0,0,0,0
1787581959.765462,40,-45,-38,53,29104,32028,20578,25860,937524,937525,937527,937528,0,0,0,0
1787581959.848548,35,-30,-35,40,30262,30971,19590,27046,937554,937555,937557,937558,0,0,0,0
1787581959.885224,37,-38,-24,31,31289,30118,18793,28086,937584,937585,937587,937588,0,0,0,0
1787581959.9402413,48,-32,-25,35,32299,29218,18004,29027,937614,937615,937617,937618,0,0,0,0
1787581959.989401,42,-28,-30,30,456,28467,17218,30091,937644,937645,937647,937648,0,0,0,0
1787581960.053833,45,-29,-31,39,1516,27690,16367,31096,937674,937675,937677,937678,0,0,0,0
1787581960.0658996,38,-35,-37,43,2586,26675,15422,32284,937704,937705,937707,937708,0,0,0,0
1787581960.1752286,55,-38,-43,40,3837,25730,14372,717,937734,937735,937737,937738,0,0,0,0
1787581960.1868393,49,-41,-42,51,5090,24574,13306,2025,937764,937765,937767,937768,0,0,0,0
1787581960.2120664,45,-43,-53,36,6379,23557,12157,3217,937794,937795,937797,937798,0,0,0,0
1787581960.275913,46,-43,-42,36,7532,22355,11009,4295,937824,937825,937827,937828,0,0,0,0
1787581960.3394692,49,-31,-38,34,8535,21415,10053,5370,937854,937855,937857,937858,0,0,0,0
1787581960.4257445,21,-34,-29,35,10461,19528,8095,7292,937914,937915,937917,937918,0,0,0,0
1787581960.52667,34,-30,-40,39,11498,18590,7165,8222,937944,937945,937947,937948,0,0,0,0
1787581960.5387423,37,-35,-40,29,12494,17526,6112,9308,937974,937975,937977,937978,0,0,0,0
1787581960.5852451,47,-44,-43,33,13584,16469,5098,10390,938004,938005,938007,938008,0,0,0,0
1787581960.6337118,43,-39,-45,39,14664,15449,3944,11506,938034,938035,938037,938038,0,0,0,0
1787581960.6975083,45,-47,-40,31,15770,14307,2863,12577,938064,938065,938067,938068,0,0,0,0
1787581960.7614255,42,-42,-48,32,16756,13166,1702,13585,938094,938095,938097,938098,0,0,0,0
1787581960.7774963,37,-44,-45,37,17824,12089,519,14503,938124,938125,938127,938128,0,0,0,0
1787581960.8415082,34,-48,-48,36,18810,11023,32090,15399,938154,938155,938157,938158,0,0,0,0
1787581960.8730953,30,-44,-43,30,19812,9942,30965,16366,938184,938185,938187,938188,0,0,0,0
1787581960.9597404,36,-50,-43,36,20747,8872,29827,17273,938214,938215,938217,938218,0,0,0,0
1787581960.990348,38,-38,-36,34,21716,7720,28734,18342,938244,938245,938247,938248,0,0,0,0
1787581961.070438,39,-42,-47,37,22664,6719,27568,19173,938274,938275,938277,938278,0,0,0,0
1787581961.0865471,40,-46,-36,40,23603,5523,26423,20079,938304,938305,938307,938308,0,0,0,0
1787581961.144988,35,-31,-50,34,24572,4396,25307,21086,938334,938335,938337,938338,0,0,0,0
1787581961.2087371,32,-41,-43,30,25601,3245,24122,22051,938364,938365,938367,938368,0,0,0,0
1787581961.2578127,45,-40,-45,34,26596,2139,23015,23090,938394,938395,938397,938398,0,0,0,0
1787581961.2726014,35,-39,-42,34,27574,940,21740,24126,938424,938425,938427,938428,0,0,0,0
1787581961.4046142,38,-38,-36,34,28488,32605,20653,25001,938454,938455,938457,938458,0,0,0,0
1787581961.413177,30,-36,-30,36,29432,31421,19515,25946,938484,938485,938487,938488,0,0,0,0
1787581961.4417577,30,-40,-40,26,30399,30391,18502,26869,938514,938515,938517,938518,0,0,0,0
1787581961.506487,33,-40,-38,33,31359,29238,17374,27814,938544,938545,938547,938548,0,0,0,0
1787581961.5709033,32,-44,-38,26,32370,28203,16218,28690,938574,938575,938577,938578,0,0,0,0
1787581961.5867965,37,-44,-42,41,521,27014,15036,29691,938604,938605,938607,938608,0,0,0,0
1787581961.6460166,42,-42,-44,30,1503,25939,13871,30639,938634,938635,938637,938638,0,0,0,0
1787581961.7600749,35,-51,-31,33,2501,24701,12698,31601,938664,938665,938667,938668,0,0,0,0
1787581961.8077435,30,-46,-34,35,3452,23582,11528,32609,938694,938695,938697,938698,0,0,0,0
1787581961.8239546,34,-43,-39,40,5409,21228,9258,1769,938754,938755,938757,938758,0,0,0,0
1787581961.839779,44,-36,-35,30,6359,20124,8139,2743,938784,938785,938787,938788,0,0,0,0
1787581961.9056263,44,-48,-42,27,7297,19072,7043,3624,938814,938815,938817,938818,0,0,0,0
1787581961.9642844,32,-45,-36,31,8208,17939,5829,4600,938844,938845,938847,938848,0,0,0,0
1787581961.996219,34,-44,-55,34,9233,16771,4780,5598,938874,938875,938877,938878,0,0,0,0
1787581962.0760956,31,-42,-41,45,10144,15625,3622,6616,938904,938905,938907,938908,0,0,0,0
1787581962.112371,37,-42,-39,36,11006,14486,2560,7549,938934,938935,938937,938938,0,0,0,0
1787581962.1404157,33,-42,-41,44,11975,13366,1436,8550,938964,938965,938967,938968,0,0,0,0
1787581962.223265,32,-47,-45,37,12938,12147,267,9555,938994,938995,938997,938998,0,0,0,0
1787581962.2617462,30,-40,-48,35,13961,11070,31846,10547,939024,939025,939027,939028,0,0,0,0
1787581962.3348048,37,-49,-43,28,14892,9954,30716,11536,939054,939055,939057,939058,0,0,0,0
1787581962.4065604,37,-45,-38,31,15869,8902,29591,12456,939084,939085,939087,939088,0,0,0,0
1787581962.4625547,34,-36,-40,37,16734,7684,28535,13369,939114,939115,939117,939118,0,0,0,0
1787581962.516257,31,-45,-45,32,17726,6666,27395,14278,939144,939145,939147,939148,0,0,0,0
1787581962.522193,32,-39,-37,34,18693,5468,26318,15201,939174,939175,939177,939178,0,0,0,0
1787581962.615981,19,-19,-9,10,20385,3706,24526,16909,939234,939235,939237,939238,0,0,0,0
1787581962.7414858,1,-6,-6,1,20975,3082,24053,17405,939294,939295,939297,939298,0,0,0,0
1787581962.764132,2,-2,3,4,21071,3004,23973,17488,939324,939325,939327,939328,0,0,0,0
1787581962.870492,-4,5,3,3,21080,2996,23970,17487,939354,939355,939357,939358,0,0,0,0
1787581962.8862686,0,2,8,-5,21037,3048,24024,17433,939384,939385,939387,939388,0,0,0,0
1787581963.008332,1,5,5,-4,20952,3149,24134,17347,939414,939415,939417,939418,0,0,0,0
1787581963.008332,-8,5,-1,-2,20854,3263,24260,17269,939444,939445,939447,939448,0,0,0,0
1787581963.0222802,-4,4,1,0,20778,3344,24340,17199,939474,939475,939477,939478,0,0,0,0
1787581963.1265628,-3,0,0,4,20700,3424,24417,17128,939534,939535,939537,939538,0,0,0,0
1787581963.2376857,2,-2,2,0,20688,3435,24426,17119,939564,939565,939567,939568,0,0,0,0
1787581963.2376857,11,0,-3,0,20697,3425,24416,17130,939594,939595,939597,939598,0,0,0,0
1787581963.349426,1,-3,-8,0,20719,3399,24391,17153,939624,939625,939627,939628,0,0,0,0
1787581963.349426,2,-1,-1,1,20752,3368,24359,17187,939654,939655,939657,939658,0,0,0,0
1787581963.446529,-2,2,-2,-2,20778,3342,24338,17205,939714,939715,939717,939718,0,0,0,0
1787581963.565752,1,4,-3,1,20767,3354,24349,17196,939744,939745,939747,939748,0,0,0,0
1787581963.565752,5,-6,-2,-1,20758,3363,24357,17187,939774,939775,939777,939778,0,0,0,0
1787581963.575834,-92,-64,-109,-135,19826,2566,23048,15679,939804,939805,939807,939808,0,0,0,0
1787581963.6658971,-66,-66,-69,-80,17600,675,20825,13350,939834,939835,939837,939838,0,0,0,0
1787581963.736899,-74,-68,-74,-75,13791,29093,16441,9359,939894,939895,939897,939898,0,0,0,0
1787581963.8463025,-77,-95,-60,-64,9786,24722,12655,5847,939954,939955,939957,939958,0,0,0,0
1787581963.9672458,-76,-91,-74,-107,7656,22686,10691,3992,939984,939985,939987,939988,0,0,0,0
1787581963.9810238,-79,-55,-91,-93,5538,20504,8590,1841,940014,940015,940017,940018,0,0,0,0
1787581963.9850976,-69,-65,-89,-81,3407,18529,6297,32300,940044,940045,940047,940048,0,0,0,0
1787581964.0565305,-81,-83,-79,-82,1328,16588,4232,30006,940074,940075,940077,940078,0,0,0,0
1787581964.1401396,-86,-68,-75,-91,31998,14756,2125,27586,940104,940105,940107,940108,0,0,0,0
1787581964.1401396,-94,-73,-81,-83,29901,12522,32656,25355,940134,940135,940137,940138,0,0,0,0
1787581964.265566,-42,-68,-39,-41,23557,6128,26532,19707,940224,940225,940227,940228,0,0,0,0
1787581964.3776703,-46,-41,-36,-33,22441,4727,25566,18819,940254,940255,940257,940258,0,0,0,0
1787581964.3836882,-27,-20,-17,-15,21519,3868,24783,18258,940284,940285,940287,940288,0,0,0,0
1787581964.468353,-6,-13,-8,-18,20995,3283,24352,17800,940314,940315,940317,940318,0,0,0,0
1787581964.5773852,2,6,-3,-6,20817,3167,24169,17466,940344,940345,940347,940348,0,0,0,0
1787581964.5851874,0,7,-2,-2,20763,3311,24289,17420,940404,940405,940407,940408,0,0,0,0
1787581964.6744692,2,2,3,-5,20719,3405,24380,17373,940434,940435,940437,940438,0,0,0,0
1787581964.6744692,0,1,0,-6,20648,3453,24426,17310,940464,940465,940467,940468,0,0,0,0
1787581964.723256,0,-2,1,3,20609,3486,24455,17281,940494,940495,940497,940498,0,0,0,0
1787581964.7874904,9,2,0,-8,20609,3505,24471,17283,940524,940525,940527,940528,0,0,0,0
1787581964.873712,1,4,3,-4,20625,3480,24448,17295,940584,940585,940587,940588,0,0,0,0
1787581964.986099,-2,-1,0,2,20644,3466,24434,17313,940644,940645,940647,940648,0,0,0,0
1787581965.079186,3,-2,-3,3,20654,3452,24421,17326,940674,940675,940677,940678,0,0,0,0
1787581965.079186,3,2,3,-2,20675,3429,24402,17345,940704,940705,940707,940708,0,0,0,0
1787581965.1409478,-1,-2,-4,0,20687,3423,24394,17352,940734,940735,940737,940738,0,0,0,0
1787581965.2862017,-2,-2,-3,0,20669,3435,24408,17334,940794,940795,940797,940798,0,0,0,0
1787581965.2862017,-7,-2,1,1,20667,3439,24411,17335,940824,940825,940827,940828,0,0,0,0
1787581965.3947809,2,4,0,-1,20675,3434,24406,17342,940854,940855,940857,940858,0,0,0,0
1787581965.410871,7,0,-1,-1,20684,3423,24395,17347,940914,940915,940917,940918,0,0,0,0
1787581965.4684997,-3,-1,-11,-1,20672,3438,24409,17341,940944,940945,940947,940948,0,0,0,0
1787581965.5254161,0,-7,-5,15,20765,3399,24380,17463,940974,940975,940977,940978,0,0,0,0
1787581965.5696,20,-25,-21,32,21156,3071,24068,18109,941004,941005,941007,941008,0,0,0,0
1787581965.5916076,45,-37,-37,54,22234,2258,23256,19087,941034,941035,941037,941038,0,0,0,0
1787581965.6457884,60,-42,-52,64,23654,975,21883,20730,941064,941065,941067,941068,0,0,0,0
1787581965.718882,69,-53,-69,75,25452,32274,20389,22438,941094,941095,941097,941098,0,0,0,0
1787581965.7509558,65,-60,-46,54,27149,30756,18850,24260,941124,941125,941127,941128,0,0,0,0
1787581965.8155282,50,-51,-31,54,28656,29329,17558,25701,941154,941155,941157,941158,0,0,0,0
1787581965.8867211,44,-31,-31,33,29918,28233,16623,26929,941184,941185,941187,941188,0,0,0,0
1787581965.9393513,32,-24,-21,25,30878,27476,15931,27870,941214,941215,941217,941218,0,0,0,0
1787581965.9948962,27,-24,-19,24,31611,26837,15344,28672,941244,941245,941247,941248,0,0,0,0
1787581966.008131,27,-26,-24,32,32380,26305,14867,29404,941274,941275,941277,941278,0,0,0,0
1787581966.0643904,42,-22,-33,29,397,25648,14170,30320,941304,941305,941307,941308,0,0,0,0
1787581966.1269157,48,-35,-49,37,1518,24736,13269,31374,941334,941335,941337,941338,0,0,0,0
1787581966.1619716,55,-40,-43,48,2814,23717,12120,32634,941364,941365,941367,941368,0,0,0,0
1787581966.2236466,53,-55,-49,52,4354,22491,10887,1277,941394,941395,941397,941398,0,0,0,0
1787581966.28696,49,-39,-45,52,5670,21270,9639,2851,941424,941425,941427,941428,0,0,0,0
1787581966.3837392,38,-42,-42,44,7025,20058,8521,4122,941454,941455,941457,941458,0,0,0,0
1787581966.4045656,39,-35,-35,42,8117,19071,7630,5273,941484,941485,941487,941488,0,0,0,0
1787581966.439278,24,-31,-33,44,9230,18240,6793,6310,941514,941515,941517,941518,0,0,0,0
1787581966.5074046,29,-23,-26,38,10143,17424,6057,7276,941544,941545,941547,941548,0,0,0,0
1787581966.5503693,45,-34,-32,32,11068,16627,5375,8178,941574,941575,941577,941578,0,0,0,0
1787581966.6059318,39,-28,-36,27,12117,15876,4452,9257,941604,941605,941607,941608,0,0,0,0
1787581966.6677701,44,-36,-35,34,13260,15001,3435,10369,941634,941635,941637,941638,0,0,0,0
1787581966.7306688,47,-28,-44,37,14511,13971,2472,11586,941664,941665,941667,941668,0,0,0,0
1787581966.7366502,52,-35,-44,40,15800,12891,1337,12772,941694,941695,941697,941698,0,0,0,0
1787581966.8463883,56,-35,-41,42,17093,11857,192,14057,941724,941725,941727,941728,0,0,0,0
1787581966.8646336,37,-40,-40,42,18384,10813,31910,15273,941754,941755,941757,941758,0,0,0,0
1787581966.952179,44,-27,-33,42,19471,9841,30986,16548,941784,941785,941787,941788,0,0,0,0
1787581966.952179,40,-34,-33,27,21537,7990,29211,18735,941844,941845,941847,941848,0,0,0,0
1787581967.0154064,40,-34,-33,27,21537,7990,29211,18735,941844,941845,941847,941848,0,0,0,0
1787581967.0477996,42,-37,-40,39,23680,6362,27466,20838,941904,941905,941907,941908,0,0,0,0
1787581967.127548,42,-37,-40,39,23680,6362,27466,20838,941904,941905,941907,941908,0,0,0,0
1787581967.1435227,53,-34,-40,36,24838,5382,26549,21953,941934,941935,941937,941938,0,0,0,0
1787581967.20757,49,-31,-34,33,27211,3343,24520,24450,941994,941995,941997,941998,0,0,0,0
1787581967.276434,40,-32,-41,44,28373,2414,23586,25649,942024,942025,942027,942028,0,0,0,0
1787581967.3350794,44,-44,-38,35,29547,1401,22497,26844,942054,942055,942057,942058,0,0,0,0
1787581967.3350794,45,-34,-29,40,30744,401,21561,28011,942084,942085,942087,942088,0,0,0,0
1787581967.4591305,43,-40,-34,34,31879,32280,20663,29076,942114,942115,942117,942118,0,0,0,0
1787581967.5180988,39,-26,-33,40,158,31358,19722,30262,942144,942145,942147,942148,0,0,0,0
1787581967.582805,28,-33,-41,43,2375,29553,17892,32369,942204,942205,942207,942208,0,0,0,0
1787581967.5985055,43,-34,-42,41,3515,28653,16950,719,942234,942235,942237,942238,0,0,0,0
1787581967.6629581,36,-40,-31,44,4750,27717,15969,1892,942264,942265,942267,942268,0,0,0,0
1787581967.7271423,42,-30,-27,41,5855,26708,14991,3102,942294,942295,942297,942298,0,0,0,0
1787581967.7785158,39,-41,-33,38,7050,25776,14033,4303,942324,942325,942327,942328,0,0,0,0
1787581967.8392026,41,-33,-41,40,8139,24666,13073,5465,942354,942355,942357,942358,0,0,0,0
1787581967.8869,39,-36,-37,49,9354,23766,12110,6637,942384,942385,942387,942388,0,0,0,0
1787581967.9054527,31,-34,-36,38,10417,22907,11169,7757,942414,942415,942417,942418,0,0,0,0
1787581967.9565237,40,-31,-36,47,11613,21945,10324,8921,942444,942445,942447,942448,0,0,0,0
1787581968.0219083,34,-33,-36,47,12673,21058,9390,10003,942474,942475,942477,942478,0,0,0,0
1787581968.0695336,36,-34,-39,43,13847,20029,8419,11188,942504,942505,942507,942508,0,0,0,0
1787581968.1341875,35,-36,-44,40,14970,19121,7458,12347,942534,942535,942537,942538,0,0,0,0
1787581968.1983397,37,-38,-38,43,16122,18153,6452,13573,942564,942565,942567,942568,0,0,0,0
1787581968.2629235,39,-33,-28,42,17312,17198,5553,14727,942594,942595,942597,942598,0,0,0,0
1787581968.2846062,32,-45,-42,44,18402,16177,4633,15860,942624,942625,942627,942628,0,0,0,0
1787581968.3451765,46,-34,-34,44,19486,15243,3623,16952,942654,942655,942657,942658,0,0,0,0
1787581968.3950162,43,-36,-40,56,20646,14282,2708,18123,942684,942685,942687,942688,0,0,0,0
1787581968.4470115,47,-44,-38,39,21722,13354,1717,19258,942714,942715,942717,942718,0,0,0,0
1787581968.462867,42,-37,-40,45,22893,12350,702,20298,942744,942745,942747,942748,0,0,0,0
1787581968.527529,40,-41,-38,40,23920,11395,32415,21369,942774,942775,942777,942778,0,0,0,0
1787581968.6410363,45,-35,-36,42,25021,10318,31281,22364,942804,942805,942807,942808,0,0,0,0
1787581968.6570826,41,-47,-34,36,27257,8329,29285,24635,942864,942865,942867,942868,0,0,0,0
1787581968.721137,35,-34,-34,46,28287,7370,28466,25859,942894,942895,942897,942898,0,0,0,0
1787581968.7853034,41,-34,-38,38,29385,6488,27540,26998,942924,942925,942927,942928,0,0,0,0
1787581968.8338158,40,-34,-34,41,30499,5418,26479,28059,942954,942955,942957,942958,0,0,0,0
1787581968.9181607,32,-36,-38,36,31573,4411,25474,29055,942984,942985,942987,942988,0,0,0,0
1787581969.0179486,35,-34,-36,33,974,2355,23352,31271,943044,943045,943047,943048,0,0,0,0
1787581969.0497718,39,-42,-37,38,2111,1302,22171,32369,943074,943075,943077,943078,0,0,0,0
1787581969.1253664,35,-37,-41,37,3137,284,21165,638,943104,943105,943107,943108,0,0,0,0
1787581969.143804,41,-41,-44,41,4254,32030,20102,1679,943134,943135,943137,943138,0,0,0,0
1787581969.183591,35,-33,-33,40,5243,31031,19122,2784,943164,943165,943167,943168,0,0,0,0
1787581969.2717037,39,-43,-40,42,6300,30014,18148,3759,943194,943195,943197,943198,0,0,0,0
1787581969.2866015,39,-36,-33,44,7327,28934,17061,4857,943224,943225,943227,943228,0,0,0,0
1787581969.384847,37,-42,-43,30,8308,27888,15997,5864,943254,943255,943257,943258,0,0,0,0
1787581969.384847,34,-34,-50,30,9339,26704,14806,6825,943284,943285,943287,943288,0,0,0,0
1787581969.463833,26,-29,-49,32,10315,25655,13624,7699,943314,943315,943317,943318,0,0,0,0
1787581969.5909138,45,-45,-36,33,13295,22225,10188,10617,943404,943405,943407,943408,0,0,0,0
1787581969.6944368,28,-44,-36,27,15153,20103,7968,12415,943464,943465,943467,943468,0,0,0,0
1787581969.7952156,39,-42,-37,37,17046,17921,5718,14338,943524,943525,943527,943528,0,0,0,0
1787581969.9180093,35,-54,-48,35,18068,16677,4489,15244,943554,943555,943557,943558,0,0,0,0
1787581969.9190593,39,-45,-35,29,19084,15474,3228,16290,943584,943585,943587,943588,0,0,0,0
1787581969.9932303,42,-57,-41,32,20187,14264,2072,17297,943614,943615,943617,943618,0,0,0,0
1787581970.0003083,27,-44,-46,39,21092,13095,898,18397,943644,943645,943647,943648,0,0,0,0
1787581970.0628057,33,-36,-40,29,22073,11964,32553,19292,943674,943675,943677,943678,0,0,0,0
1787581970.1114657,32,-46,-31,33,22981,10920,31486,20145,943704,943705,943707,943708,0,0,0,0
1787581970.2020774,32,-34,-31,25,23735,9999,30605,21003,943734,943735,943737,943738,0,0,0,0
1787581970.208202,21,-29,-40,20,24438,9199,29753,21647,943764,943765,943767,943768,0,0,0,0
1787581970.3279452,18,-38,-28,14,25709,6938,28213,22738,943824,943825,943827,943828,0,0,0,0
1787581970.3422196,11,-1,-9,3,26079,6604,27667,22941,943854,943855,943857,943858,0,0,0,0
1787581970.460132,-10,17,19,-15,26162,6912,27912,22819,943884,943885,943887,943888,0,0,0,0
1787581970.4663422,-17,20,19,-18,25793,7394,28398,22327,943914,943915,943917,943918,0,0,0,0
1787581970.6120868,-15,14,3,-13,24581,8747,29646,21201,944004,944005,944007,944008,0,0,0,0
1787581970.7380097,-9,9,8,-8,24312,9048,29969,20930,944034,944035,944037,944038,0,0,0,0
1787581970.7380097,-15,10,8,-10,24028,9332,30267,20670,944064,944065,944067,944068,0,0,0,0
1787581970.7380097,-13,5,7,-9,23757,9561,30496,20405,944094,944095,944097,944098,0,0,0,0
1787581970.8157206,-7,3,7,-13,23374,9981,30893,19963,944154,944155,944157,944158,0,0,0,0
1787581970.9402509,-9,4,9,-6,23221,10173,31082,19799,944184,944185,944187,944188,0,0,0,0
1787581970.9402509,-12,10,7,-7,23062,10346,31260,19648,944214,944215,944217,944218,0,0,0,0
1787581970.9402509,-6,-1,11,3,22900,10514,31420,19512,944244,944245,944247,944248,0,0,0,0
1787581971.0207202,-10,2,3,-5,22741,10648,31551,19375,944274,944275,944277,944278,0,0,0,0
1787581971.0692184,-4,1,-4,-3,22624,10687,31626,19283,944304,944305,944307,944308,0,0,0,0
1787581971.139988,1,0,2,1,22606,10706,31640,19274,944334,944335,944337,944338,0,0,0,0
1787581971.139988,3,-12,-7,0,22652,10660,31597,19326,944364,944365,944367,944368,0,0,0,0
1787581971.2263913,4,-9,-1,0,22747,10589,31527,19413,944394,944395,944397,944398,0,0,0,0
1787581971.2423413,2,-1,-4,2,22841,10520,31459,19488,944424,944425,944427,944428,0,0,0,0
1787581971.3396068,6,0,-2,5,22901,10458,31404,19537,944454,944455,944457,944458,0,0,0,0
1787581971.4323206,8,0,0,-2,22937,10428,31376,19565,944484,944485,944487,944488,0,0,0,0
1787581971.445077,-3,0,-3,-2,22943,10420,31369,19564,944514,944515,944517,944518,0,0,0,0
1787581971.5354085,-14,12,17,-40,22755,10662,31499,19201,944544,944545,944547,944548,0,0,0,0
1787581971.5354085,-25,20,19,-32,22173,11193,31983,18192,944574,944575,944577,944578,0,0,0,0
1787581971.6323254,-26,17,18,-21,21489,11786,32639,17400,944604,944605,944607,944608,0,0,0,0
1787581971.6323254,-7,7,10,-15,21017,12308,383,16980,944634,944635,944637,944638,0,0,0,0
1787581971.7449875,-19,21,25,-27,20153,13436,1241,15953,944724,944725,944727,944728,0,0,0,0
1787581971.8407078,-15,19,23,-28,19543,14109,2006,15123,944754,944755,944757,944758,0,0,0,0
1787581971.8979502,-13,17,9,-17,19100,14889,2560,14579,944784,944785,944787,944788,0,0,0,0
1787581972.0435095,-11,7,5,-11,18783,15243,2711,14122,944814,944815,944817,944818,0,0,0,0
1787581972.0773911,-23,31,32,-21,17331,16794,4227,12573,944904,944905,944907,944908,0,0,0,0
1787581972.166691,-18,20,17,-15,16756,17458,4889,12049,944934,944935,944937,944938,0,0,0,0
1787581972.166691,-14,10,10,-5,16417,17867,5226,11723,944964,944965,944967,944968,0,0,0,0
1787581972.2500226,-19,9,10,-14,16162,18166,5505,11469,944994,944995,944997,944998,0,0,0,0
1787581972.2637887,-27,21,20,-26,15661,18592,5898,10923,945024,945025,945027,945028,0,0,0,0
1787581972.3832815,-19,17,11,-23,15052,19179,6534,10349,945054,945055,945057,945058,0,0,0,0
1787581972.4519348,-12,10,17,-13,14555,19678,7008,9854,945084,945085,945087,945088,0,0,0,0
1787581972.464606,-16,21,13,-17,14172,20049,7419,9446,945114,945115,945117,945118,0,0,0,0
1787581972.583347,-6,5,5,-4,13399,20899,8173,8723,945204,945205,945207,945208,0,0,0,0
1787581972.6557155,-3,1,2,-2,13149,21085,8356,8485,945264,945265,945267,945268,0,0,0,0
1787581972.77869,-9,0,6,0,13096,21118,8396,8435,945294,945295,945297,945298,0,0,0,0
1787581972.864266,-2,2,-1,-1,13076,21131,8413,8415,945384,945385,945387,945388,0,0,0,0
1787581972.9731185,-3,2,1,2,13054,21141,8425,8400,945444,945445,945447,945448,0,0,0,0
1787581973.0769863,4,0,-1,0,13101,21103,8381,8453,945504,945505,945507,945508,0,0,0,0
1787581973.181417,2,-1,-1,2,13164,21047,8323,8526,945564,945565,945567,945568,0,0,0,0
1787581973.2703767,-3,-3,-3,2,13201,21017,8295,8566,945594,945595,945597,945598,0,0,0,0
1787581973.2703767,4,3,-3,1,13233,20989,8267,8599,945624,945625,945627,945628,0,0,0,0
1787581973.396737,4,-1,-2,1,13292,20943,8222,8657,945714,945715,945717,945718,0,0,0,0
1787581973.4865675,-3,-1,1,-3,13295,20942,8222,8658,945744,945745,945747,945748,0,0,0,0
1787581973.5910876,-2,5,-1,-4,13293,20945,8224,8655,945774,945775,945777,945778,0,0,0,0
1787581973.5974793,3,-2,-1,2,13288,20949,8228,8650,945804,945805,945807,945808,0,0,0,0
1787581973.6045802,-5,-3,-5,1,13283,20953,8231,8645,945834,945835,945837,945838,0,0,0,0
1787581973.688171,-2,2,-3,-1,13284,20952,8231,8647,945864,945865,945867,945868,0,0,0,0
1787581973.7164857,3,-4,-1,0,13287,20950,8229,8651,945894,945895,945897,945898,0,0,0,0
1787581973.8867364,0,-2,2,-1,13291,20946,8226,8655,945924,945925,945927,945928,0,0,0,0
1787581973.8867364,-2,-2,2,1,13290,20947,8226,8653,945984,945985,945987,945988,0,0,0,0
1787581973.9052944,2,-6,-3,-1,13287,20949,8229,8650,946014,946015,946017,946018,0,0,0,0
1787581973.9957416,1,4,-3,1,13288,20950,8228,8651,946074,946075,946077,946078,0,0,0,0
1787581974.0928273,0,-2,0,-2,13289,20949,8228,8652,946104,946105,946107,946108,0,0,0,0
1787581974.0928273,-3,-14,-3,-2,13290,20948,8228,8653,946134,946135,946137,946138,0,0,0,0
1787581974.2103465,0,-3,-2,0,13289,20949,8227,8651,946194,946195,946197,946198,0,0,0,0
1787581974.3014717,2,3,4,-3,13286,20953,8230,8647,946224,946225,946227,946228,0,0,0,0
1787581974.426223,1,4,-1,-1,13297,20943,8221,8660,946314,946315,946317,946318,0,0,0,0
1787581974.4944348,-1,-2,4,-1,13298,20944,8221,8660,946344,946345,946347,946348,0,0,0,0
1787581974.7037315,0,7,2,-4,13291,20949,8226,8653,946404,946405,946407,946408,0,0,0,0
1787581974.7037315,-3,-1,1,1,13293,20948,8225,8654,946494,946495,946497,946498,0,0,0,0
1787581974.817177,-3,-8,-2,-3,13291,20949,8227,8653,946554,946555,946557,946558,0,0,0,0
1787581974.9137423,-2,-2,-1,3,13293,20948,8226,8655,946584,946585,946587,946588,0,0,0,0
1787581974.9137423,3,-3,0,4,13293,20946,8224,8656,946614,946615,946617,946618,0,0,0,0
1787581975.0344102,10,4,-1,-2,13291,20948,8226,8654,946674,946675,946677,946678,0,0,0,0
1787581975.1238418,-2,1,0,2,13290,20951,8227,8653,946704,946705,946707,946708,0,0,0,0
1787581975.2432137,-3,-4,-15,0,13290,20948,8225,8653,946734,946735,946737,946738,0,0,0,0
1787581975.2432137,-1,-3,-4,1,13294,20946,8224,8657,946794,946795,946797,946798,0,0,0,0
1787581975.2534518,-1,-4,-1,0,13296,20945,8222,8659,946824,946825,946827,946828,0,0,0,0
1787582029.789454,-1,-2,-9,2,25902,6812,15462,11486,979494,979495,979497,979498,0,0,0,0
1787582029.8027935,0,-1,0,-8,25898,6815,15467,11481,979554,979555,979557,979558,0,0,0,0
1787582029.9943147,-1,-2,-1,2,25891,6823,15474,11476,979614,979615,979617,979618,0,0,0,0
1787582029.9943147,2,-5,-1,-4,25895,6819,15470,11479,979674,979675,979677,979678,0,0,0,0
1787582030.1972022,-4,4,2,1,25900,6813,15464,11484,979734,979735,979737,979738,0,0,0,0
1787582030.2160082,2,-5,1,0,25895,6820,15470,11479,979794,979795,979797,979798,0,0,0,0
1787582030.32646,4,1,-2,3,25893,6820,15472,11478,979854,979855,979857,979858,0,0,0,0
1787582030.4233832,-3,-1,-4,0,25897,6817,15466,11481,979914,979915,979917,979918,0,0,0,0
1787582030.533887,2,4,-1,-2,25896,6819,15469,11480,979974,979975,979977,979978,0,0,0,0
1787582030.6107218,1,-6,-5,3,25896,6816,15467,11480,980034,980035,980037,980038,0,0,0,0
1787582030.666248,-1,-2,-1,3,25895,6817,15468,11479,980064,980065,980067,980068,0,0,0,0
1787582030.8185031,0,-4,-4,7,25893,6819,15472,11479,980094,980095,980097,980098,0,0,0,0
1787582030.8185031,-2,-2,-5,8,25891,6820,15473,11477,980154,980155,980157,980158,0,0,0,0
1787582030.936904,-6,3,0,-1,25893,6819,15471,11478,980214,980215,980217,980218,0,0,0,0
1787582031.0339518,-1,7,-2,-6,25893,6818,15471,11478,980244,980245,980247,980248,0,0,0,0
1787582031.0402784,-2,0,-1,0,25891,6820,15472,11476,980274,980275,980277,980278,0,0,0,0
1787582031.1457934,-7,-4,1,2,25893,6818,15470,11479,980334,980335,980337,980338,0,0,0,0
1787582031.2329128,-3,2,0,2,25899,6813,15464,11483,980394,980395,980397,980398,0,0,0,0
1787582031.3601866,2,-3,4,-1,25896,6816,15468,11479,980454,980455,980457,980458,0,0,0,0
1787582031.3758876,-3,0,4,1,25893,6819,15470,11479,980484,980485,980487,980488,0,0,0,0
1787582031.4955745,1,1,1,0,25896,6816,15468,11480,980544,980545,980547,980548,0,0,0,0
1787582031.6165206,3,-3,-3,-1,25896,6817,15468,11481,980604,980605,980607,980608,0,0,0,0
1787582031.7292564,0,0,-4,1,25895,6818,15469,11480,980634,980635,980637,980638,0,0,0,0
1787582031.7767556,-1,1,-1,5,25893,6820,15471,11478,980724,980725,980727,980728,0,0,0,0
1787582031.846804,-1,-1,-1,-1,25894,6819,15469,11478,980784,980785,980787,980788,0,0,0,0
1787582031.9026582,-5,4,7,-7,25883,6846,15477,11463,980814,980815,980817,980818,0,0,0,0
1787582032.0526998,2,-2,-5,8,25789,6890,15584,11390,980844,980845,980847,980848,0,0,0,0
1787582032.0526998,-2,-4,2,1,25863,6816,15482,11456,980904,980905,980907,980908,0,0,0,0
1787582032.160324,0,-4,-3,-2,25888,6796,15454,11477,980934,980935,980937,980938,0,0,0,0
1787582032.160324,-2,2,-4,0,25904,6782,15435,11488,980964,980965,980967,980968,0,0,0,0
1787582032.256719,3,-4,-3,3,25908,6777,15431,11493,980994,980995,980997,980998,0,0,0,0
1787582032.256719,-2,7,0,3,25904,6783,15438,11488,981024,981025,981027,981028,0,0,0,0
1787582032.3676777,-1,-1,-5,0,25893,6789,15448,11479,981054,981055,981057,981058,0,0,0,0
1787582032.3805509,0,2,3,-4,25885,6797,15457,11472,981084,981085,981087,981088,0,0,0,0
1787582032.4578087,-6,-6,-4,4,25882,6803,15461,11469,981144,981145,981147,981148,0,0,0,0
1787582032.617446,-3,2,-2,1,25886,6797,15454,11475,981204,981205,981207,981208,0,0,0,0
1787582032.623845,1,-1,2,-2,25890,6796,15451,11476,981234,981235,981237,981238,0,0,0,0
1787582032.673156,-4,4,-3,3,25891,6795,15451,11478,981264,981265,981267,981268,0,0,0,0
1787582032.742155,-7,-2,-2,-6,25892,6793,15449,11478,981324,981325,981327,981328,0,0,0,0
1787582032.874116,1,-1,0,3,25892,6795,15450,11478,981384,981385,981387,981388,0,0,0,0
1787582032.9852557,0,7,-1,-2,25891,6795,15450,11477,981414,981415,981417,981418,0,0,0,0
1787582032.9917278,0,0,0,5,25892,6794,15449,11478,981444,981445,981447,981448,0,0,0,0
1787582033.0051806,-5,0,3,-4,25894,6793,15448,11479,981474,981475,981477,981478,0,0,0,0
1787582033.0820708,-4,-2,-3,-1,25893,6794,15449,11478,981504,981505,981507,981508,0,0,0,0
1787582033.117692,-2,-4,-5,0,25893,6795,15449,11479,981534,981535,981537,981538,0,0,0,0
1787582033.2722127,2,-3,3,-1,25892,6794,15449,11478,981594,981595,981597,981598,0,0,0,0
1787582033.2722127,-6,0,0,-2,25891,6794,15450,11477,981624,981625,981627,981628,0,0,0,0
1787582033.3837795,-1,-5,-3,-3,25891,6795,15450,11477,981684,981685,981687,981688,0,0,0,0
1787582033.476666,3,-6,-6,-1,25894,6793,15447,11479,981714,981715,981717,981718,0,0,0,0
1787582033.4923773,1,-1,-1,-2,25896,6790,15445,11482,981744,981745,981747,981748,0,0,0,0
1787582033.5881252,-2,2,-2,-2,25898,6788,15443,11484,981774,981775,981777,981778,0,0,0,0
1787582033.6040394,5,-4,2,-2,25898,6788,15443,11483,981804,981805,981807,981808,0,0,0,0
1787582033.6198845,2,2,1,-2,25897,6789,15444,11482,981834,981835,981837,981838,0,0,0,0
1787582033.6830616,2,4,-3,-1,25898,6793,15447,11480,981864,981865,981867,981868,0,0,0,0
1787582033.7277007,1,0,1,-5,25893,6794,15449,11476,981894,981895,981897,981898,0,0,0,0
1787582033.8866706,-4,1,0,2,25889,6794,15451,11476,981924,981925,981927,981928,0,0,0,0
1787582033.8866706,2,3,0,-6,25894,6793,15447,11479,981984,981985,981987,981988,0,0,0,0
1787582034.002944,0,1,-1,-4,25894,6792,15447,11478,982014,982015,982017,982018,0,0,0,0
1787582034.002944,-3,13,3,2,25891,6795,15452,11476,982074,982075,982077,982078,0,0,0,0
1787582034.0990255,0,-5,3,-2,25889,6795,15452,11476,982104,982105,982107,982108,0,0,0,0
1787582034.130891,-1,0,6,7,25891,6795,15452,11476,982134,982135,982137,982138,0,0,0,0
1787582034.30419,-3,-2,-2,3,25887,6799,15455,11473,982224,982225,982227,982228,0,0,0,0
1787582034.4239972,3,3,-1,-2,25886,6799,15458,11472,982254,982255,982257,982258,0,0,0,0
1787582034.4259956,3,-2,0,-2,25889,6795,15451,11476,982314,982315,982317,982318,0,0,0,0
1787582034.509446,0,0,2,1,25891,6795,15450,11477,982344,982345,982347,982348,0,0,0,0
1787582034.5259619,1,1,-1,0,25891,6794,15450,11477,982374,982375,982377,982378,0,0,0,0
1787582034.631116,-5,-4,0,-1,25890,6795,15452,11476,982404,982405,982407,982408,0,0,0,0
1787582034.707844,-1,1,3,-1,25889,6797,15453,11476,982464,982465,982467,982468,0,0,0,0
1787582034.8306677,-1,-5,1,2,25889,6796,15453,11476,982494,982495,982497,982498,0,0,0,0
1787582034.8306677,0,0,2,2,25890,6796,15452,11476,982554,982555,982557,982558,0,0,0,0
1787582034.928544,-2,-1,-2,0,25891,6794,15451,11477,982584,982585,982587,982588,0,0,0,0
1787582034.936568,0,0,2,3,25891,6795,15450,11476,982644,982645,982647,982648,0,0,0,0
1787582035.0417042,2,-2,4,1,25891,6794,15450,11476,982704,982705,982707,982708,0,0,0,0
1787582035.1240418,-3,1,2,4,25891,6797,15453,11476,982734,982735,982737,982738,0,0,0,0
1787582035.3246675,-3,1,2,4,25891,6797,15453,11476,982734,982735,982737,982738,0,0,0,0
1787582035.333068,-1,6,1,6,25884,6801,15460,11472,982824,982825,982827,982828,0,0,0,0
1787582035.3388412,-4,1,1,0,25890,6798,15453,11476,982854,982855,982857,982858,0,0,0,0
1787582035.3393242,0,2,1,-2,25894,6791,15447,11481,982884,982885,982887,982888,0,0,0,0
1787582035.4428947,-1,-3,0,-3,25897,6788,15443,11484,982914,982915,982917,982918,0,0,0,0
1787582035.5407538,0,-2,2,-2,25898,6787,15443,11484,982944,982945,982947,982948,0,0,0,0
1787582035.5407538,-2,2,1,1,25897,6790,15445,11482,982974,982975,982977,982978,0,0,0,0
1787582035.6318092,-20,1,0,1,25893,6793,15448,11479,983004,983005,983007,983008,0,0,0,0
1787582035.6444116,-4,-4,5,-2,25891,6794,15451,11477,983034,983035,983037,983038,0,0,0,0
1787582035.7386858,1,2,-4,2,25892,6793,15448,11479,983064,983065,983067,983068,0,0,0,0
1787582035.7397711,0,-1,1,4,25893,6792,15448,11479,983094,983095,983097,983098,0,0,0,0
1787582035.9283261,3,-1,-3,-21,25891,6795,15452,11476,983154,983155,983157,983158,0,0,0,0
1787582035.9435167,-1,-2,-3,-2,25878,6808,15471,11462,983214,983215,983217,983218,0,0,0,0
1787582036.135641,-2,11,-3,-7,25804,6880,15562,11380,983274,983275,983277,983278,0,0,0,0
1787582036.262167,5,-3,0,-1,25803,6881,15557,11396,983364,983365,983367,983368,0,0,0,0
1787582036.262167,-2,0,-2,1,25825,6865,15537,11411,983394,983395,983397,983398,0,0,0,0
1787582036.268664,-1,-3,1,3,25810,6879,15559,11393,983424,983425,983427,983428,0,0,0,0
1787582036.3529115,-3,-1,-2,1,25794,6894,15576,11380,983454,983455,983457,983458,0,0,0,0
1787582036.4013643,-6,-1,-2,4,25810,6876,15551,11400,983484,983485,983487,983488,0,0,0,0
1787582036.5540354,1,6,0,2,25829,6859,15531,11418,983514,983515,983517,983518,0,0,0,0
1787582036.5540354,0,0,6,1,25839,6850,15520,11426,983574,983575,983577,983578,0,0,0,0
1787582036.638666,2,-3,-4,-5,25835,6852,15523,11422,983604,983605,983607,983608,0,0,0,0
1787582036.6441948,1,-5,3,-1,25834,6855,15527,11420,983634,983635,983637,983638,0,0,0,0
1787582036.7625113,-2,-3,4,0,25839,6848,15516,11427,983694,983695,983697,983698,0,0,0,0
1787582036.9674795,1,-1,-1,-1,25836,6852,15523,11422,983814,983815,983817,983818,0,0,0,0
1787582037.0738356,0,6,0,5,25837,6851,15522,11423,983904,983905,983907,983908,0,0,0,0
1787582037.1703618,2,-4,3,2,25835,6852,15523,11423,983934,983935,983937,983938,0,0,0,0
1787582037.186309,-1,-1,-3,0,25837,6850,15520,11423,983964,983965,983967,983968,0,0,0,0
1787582037.303776,-7,5,-1,-4,25837,6850,15521,11424,984024,984025,984027,984028,0,0,0,0
1787582037.3650372,-2,-1,0,1,25837,6851,15522,11424,984054,984055,984057,984058,0,0,0,0
1787582037.3807323,0,2,0,-2,25838,6852,15520,11425,984084,984085,984087,984088,0,0,0,0
1787582037.483694,1,-9,1,0,25835,6860,15531,11416,984144,984145,984147,984148,0,0,0,0
1787582037.5799246,-5,-3,0,-1,25825,6877,15552,11404,984174,984175,984177,984178,0,0,0,0
1787582037.5799246,1,4,-1,0,25804,6892,15572,11384,984204,984205,984207,984208,0,0,0,0
1787582037.6651335,0,-2,0,2,25765,6933,15627,11339,984264,984265,984267,984268,0,0,0,0
1787582037.7059412,-1,-1,4,-4,25751,6944,15643,11324,984294,984295,984297,984298,0,0,0,0
1787582037.7831912,-3,0,2,0,25747,6946,15647,11322,984324,984325,984327,984328,0,0,0,0
1787582037.8452542,1,-2,-4,-3,25752,6941,15640,11329,984354,984355,984357,984358,0,0,0,0
1787582037.900657,-2,-4,-3,0,25760,6933,15629,11337,984384,984385,984387,984388,0,0,0,0
1787582037.900657,-3,2,4,0,25763,6930,15626,11340,984414,984415,984417,984418,0,0,0,0
1787582037.9909317,-4,-2,-3,-5,25761,6933,15629,11337,984444,984445,984447,984448,0,0,0,0
1787582038.0064974,3,0,-2,-4,25758,6938,15636,11332,984474,984475,984477,984478,0,0,0,0
1787582038.1236494,-3,4,-3,3,25754,6938,15636,11331,984534,984535,984537,984538,0,0,0,0
1787582038.205029,-2,2,1,-1,25760,6932,15630,11337,984594,984595,984597,984598,0,0,0,0
1787582038.311988,3,-5,0,-5,25760,6934,15631,11336,984624,984625,984627,984628,0,0,0,0
1787582038.3186915,-1,-4,-3,0,25757,6936,15633,11333,984654,984655,984657,984658,0,0,0,0
1787582038.4006457,-2,0,-2,-3,25755,6938,15636,11331,984684,984685,984687,984688,0,0,0,0
1787582038.4057899,6,1,-2,1,25755,6938,15637,11331,984714,984715,984717,984718,0,0,0,0
1787582038.5212128,2,2,4,-2,25755,6939,15649,11320,984744,984745,984747,984748,0,0,0,0
1787582038.6079938,0,4,-4,0,25729,6954,15670,11296,984804,984805,984807,984808,0,0,0,0
1787582038.6242926,-3,1,-6,-2,25740,6948,15658,11312,984834,984835,984837,984838,0,0,0,0
1787582038.7405672,5,-4,0,6,25784,6896,15596,11369,984864,984865,984867,984868,0,0,0,0
1787582038.7530124,4,-2,-8,3,25863,6816,15488,11456,984894,984895,984897,984898,0,0,0,0
1787582038.7530124,3,-5,-9,4,25956,6729,15387,11539,984924,984925,984927,984928,0,0,0,0
1787582038.8808405,0,-2,-4,3,26140,6542,15203,11691,984984,984985,984987,984988,0,0,0,0
1787582039.0122442,2,3,1,0,26162,6528,15193,11697,985044,985045,985047,985048,0,0,0,0
1787582039.0259068,3,-2,5,-14,26127,6565,15227,11666,985074,985075,985077,985078,0,0,0,0
1787582039.138074,0,0,-2,-3,26091,6600,15258,11638,985134,985135,985137,985138,0,0,0,0
1787582039.214131,0,-1,-2,1,26061,6617,15277,11614,985194,985195,985197,985198,0,0,0,0
1787582039.310618,4,-23,-16,11,26143,6423,15093,11678,985224,985225,985227,985228,0,0,0,0
1787582039.326383,25,-34,-36,35,26612,5718,14474,12106,985254,985255,985257,985258,0,0,0,0
1787582039.3975413,44,-44,-49,46,27576,4638,13151,13044,985284,985285,985287,985288,0,0,0,0
1787582039.4662867,50,-60,-59,66,28860,3190,11659,14506,985314,985315,985317,985318,0,0,0,0
1787582039.5097735,48,-64,-63,49,30347,1516,10020,16084,985344,985345,985347,985348,0,0,0,0
1787582039.5253656,62,-52,-52,45,31842,32664,8329,17465,985374,985375,985377,985378,0,0,0,0
1787582039.5844047,45,-46,-47,37,348,31222,6910,18691,985404,985405,985407,985408,0,0,0,0
1787582039.63665,33,-37,-31,20,1337,30132,5733,19612,985434,985435,985437,985438,0,0,0,0
1787582039.6853533,21,-27,-32,26,2165,29136,4865,20318,985464,985465,985467,985468,0,0,0,0
1787582039.7616222,26,-27,-26,19,2751,28437,4112,20942,985494,985495,985497,985498,0,0,0,0
1787582039.8043091,28,-24,-24,25,3382,27760,3435,21605,985524,985525,985527,985528,0,0,0,0
1787582039.8455553,33,-35,-35,36,4278,26837,2656,22352,985554,985555,985557,985558,0,0,0,0
1787582039.8793325,44,-34,-47,45,5267,25819,1520,23494,985584,985585,985587,985588,0,0,0,0
1787582039.969585,52,-43,-46,50,6561,24535,361,24790,985614,985615,985617,985618,0,0,0,0
1787582039.9834657,45,-45,-53,59,7903,23349,31874,26282,985644,985645,985647,985648,0,0,0,0
1787582040.0393147,37,-36,-38,45,9299,22068,30737,27740,985674,985675,985677,985678,0,0,0,0
1787582040.0839705,30,-37,-46,37,10408,20969,29632,28957,985704,985705,985707,985708,0,0,0,0
1787582040.1441507,32,-33,-36,36,11492,19911,28642,29998,985734,985735,985737,985738,0,0,0,0
1787582040.2063363,32,-38,-32,31,12398,19028,27757,30884,985764,985765,985767,985768,0,0,0,0
1787582040.248768,39,-31,-34,33,13285,18183,26836,31718,985794,985795,985797,985798,0,0,0,0
1787582040.3389454,28,-28,-31,23,14173,17289,26046,32601,985824,985825,985827,985828,0,0,0,0
1787582040.345467,36,-35,-44,32,15113,16290,25010,797,985854,985855,985857,985858,0,0,0,0
1787582040.4213865,36,-37,-36,46,16226,15314,24034,2025,985884,985885,985887,985888,0,0,0,0
1787582040.4712207,43,-51,-42,38,17473,14230,23058,3301,985914,985915,985917,985918,0,0,0,0
1787582040.4844265,36,-44,-33,48,18649,13126,21978,4563,985944,985945,985947,985948,0,0,0,0
1787582040.5791757,39,-43,-39,35,19841,12075,20913,5774,985974,985975,985977,985978,0,0,0,0
1787582040.6540062,33,-41,-36,35,20893,10989,19715,6900,986004,986005,986007,986008,0,0,0,0
1787582040.6540062,40,-34,-29,29,22020,9963,18715,7919,986034,986035,986037,986038,0,0,0,0
1787582040.6698549,30,-37,-41,37,23086,9016,17682,9002,986064,986065,986067,986068,0,0,0,0
1787582040.7655635,46,-32,-42,42,25067,7014,15751,11037,986124,986125,986127,986128,0,0,0,0
1787582040.7999566,31,-43,-35,38,25989,6018,14772,12005,986154,986155,986157,986158,0,0,0,0
1787582040.830113,35,-45,-30,43,27103,4963,13758,13021,986184,986185,986187,986188,0,0,0,0
1787582040.952598,38,-40,-32,38,28121,3998,12698,14114,986214,986215,986217,986218,0,0,0,0
1787582040.9635394,37,-32,-38,39,29263,2860,11552,15193,986244,986245,986247,986248,0,0,0,0
1787582041.0322464,37,-45,-36,31,30379,1807,10481,16303,986274,986275,986277,986278,0,0,0,0
1787582041.0322464,43,-37,-39,36,31475,730,9384,17416,986304,986305,986307,986308,0,0,0,0
1787582041.0963492,28,-31,-35,33,32604,32452,8295,18598,986334,986335,986337,986338,0,0,0,0
1787582041.157304,31,-23,-47,34,860,31382,7303,19628,986364,986365,986367,986368,0,0,0,0
1787582041.2206678,45,-32,-41,36,1900,30400,6198,20671,986394,986395,986397,986398,0,0,0,0
1787582041.2531607,37,-39,-42,34,2840,29334,5289,21680,986424,986425,986427,986428,0,0,0,0
1787582041.3170264,49,-41,-41,47,3899,28403,4223,22658,986454,986455,986457,986458,0,0,0,0
1787582041.3353403,31,-46,-29,52,4914,27372,3225,23707,986484,986485,986487,986488,0,0,0,0
1787582041.490685,35,-39,-38,42,7043,25316,1111,25848,986544,986545,986547,986548,0,0,0,0
1787582041.490685,43,-31,-37,39,8101,24197,55,26967,986574,986575,986577,986578,0,0,0,0
1787582041.5383525,36,-31,-43,36,9262,23155,31710,28068,986604,986605,986607,986608,0,0,0,0
1787582041.6022582,34,-33,-37,30,10300,22039,30693,29093,986634,986635,986637,986638,0,0,0,0
1787582041.6497357,34,-38,-41,33,11364,21046,29574,30199,986664,986665,986667,986668,0,0,0,0
1787582041.7093165,38,-37,-37,34,12350,20015,28621,31215,986694,986695,986697,986698,0,0,0,0
1787582041.741194,44,-42,-40,34,13383,19025,27606,32250,986724,986725,986727,986728,0,0,0,0
1787582041.8048084,37,-41,-34,37,14406,18035,26587,490,986754,986755,986757,986758,0,0,0,0
1787582041.8606045,38,-39,-39,39,15451,16911,25553,1516,986784,986785,986787,986788,0,0,0,0
1787582041.9127262,41,-36,-35,43,16464,15889,24426,2621,986814,986815,986817,986818,0,0,0,0
1787582041.975635,32,-40,-37,38,17580,14880,23479,3639,986844,986845,986847,986848,0,0,0,0
1787582041.993106,33,-30,-43,43,18605,13789,22384,4716,986874,986875,986877,986878,0,0,0,0
1787582042.0400577,35,-34,-42,33,19669,12725,21372,5788,986904,986905,986907,986908,0,0,0,0
1787582042.1045804,38,-36,-40,34,20674,11727,20284,6901,986934,986935,986937,986938,0,0,0,0
1787582042.154526,43,-41,-40,36,21695,10706,19247,7890,986964,986965,986967,986968,0,0,0,0
1787582042.2125561,45,-45,-37,33,22808,9663,18233,9017,986994,986995,986997,986998,0,0,0,0
1787582042.3334122,42,-46,-33,45,23825,8614,17163,10079,987024,987025,987027,987028,0,0,0,0
1787582042.3396862,48,-38,-33,43,24924,7507,16074,11189,987054,987055,987057,987058,0,0,0,0
1787582042.3881142,32,-44,-41,41,25926,6571,15007,12195,987084,987085,987087,987088,0,0,0,0
1787582042.4048762,39,-39,-32,52,27052,5474,13986,13187,987114,987115,987117,987118,0,0,0,0
1787582042.4657779,26,-38,-43,41,28041,4467,12985,14249,987144,987145,987147,987148,0,0,0,0
1787582042.525572,33,-39,-39,36,29112,3384,11943,15271,987174,987175,987177,987178,0,0,0,0
1787582042.5741506,41,-29,-40,35,30171,2395,10878,16337,987204,987205,987207,987208,0,0,0,0
1787582042.6383631,39,-36,-47,30,31196,1368,9903,17344,987234,987235,987237,987238,0,0,0,0
1787582042.6541824,40,-38,-39,34,32278,347,8823,18487,987264,987265,987267,987268,0,0,0,0
1787582042.7030206,43,-45,-35,31,497,32109,7840,19505,987294,987295,987297,987298,0,0,0,0
1787582042.7862182,38,-43,-45,34,1484,31015,6663,20539,987324,987325,987327,987328,0,0,0,0
1787582042.8355608,29,-44,-42,33,2465,29881,5560,21469,987354,987355,987357,987358,0,0,0,0
1787582042.9064608,32,-38,-44,32,3446,28797,4377,22326,987384,987385,987387,987388,0,0,0,0
1787582042.944384,24,-46,-34,29,4546,27703,3238,23342,987414,987415,987417,987418,0,0,0,0
1787582042.9601653,36,-42,-46,32,5485,26549,2126,24329,987444,987445,987447,987448,0,0,0,0
1787582043.0243316,38,-42,-36,35,6495,25459,934,25232,987474,987475,987477,987478,0,0,0,0
1787582043.0880144,44,-36,-40,37,7485,24273,32587,26162,987504,987505,987507,987508,0,0,0,0
1787582043.1377208,42,-38,-37,43,8454,23242,31433,27217,987534,987535,987537,987538,0,0,0,0
1787582043.2010179,25,-34,-36,41,9516,22120,30425,28250,987564,987565,987567,987568,0,0,0,0
1787582043.2227662,33,-36,-38,34,10455,21103,29318,29225,987594,987595,987597,987598,0,0,0,0
1787582043.2745862,32,-45,-41,34,11545,20032,28351,30343,987624,987625,987627,987628,0,0,0,0
1787582043.3379893,33,-42,-46,31,12547,18986,27273,31387,987654,987655,987657,987658,0,0,0,0
1787582043.4047325,43,-41,-38,35,13678,17932,26269,32452,987684,987685,987687,987688,0,0,0,0
1787582043.420688,37,-43,-46,34,14690,16850,25153,731,987714,987715,987717,987718,0,0,0,0
1787582043.5162642,45,-39,-43,34,16769,14696,23067,2975,987774,987775,987777,987778,0,0,0,0
1787582043.5848968,62,-30,-35,43,17832,13668,22007,3931,987804,987805,987807,987808,0,0,0,0
1787582043.6448867,34,-35,-34,42,18816,12682,21019,4947,987834,987835,987837,987838,0,0,0,0
1787582043.697138,34,-35,-44,36,19822,11674,19994,5928,987864,987865,987867,987868,0,0,0,0
1787582043.9278195,16,-11,-18,6,23484,7784,16382,9494,987984,987985,987987,987988,0,0,0,0
1787582043.9443119,3,-11,-4,0,23831,7530,16080,9809,988014,988015,988017,988018,0,0,0,0
1787582044.0403562,1,-7,4,1,24002,7348,15970,9947,988044,988045,988047,988048,0,0,0,0
1787582044.0403562,-1,2,0,1,24064,7299,15928,10017,988074,988075,988077,988078,0,0,0,0
1787582044.1252425,0,1,0,-4,24047,7320,15955,9997,988104,988105,988107,988108,0,0,0,0
1787582044.14385,-2,4,0,2,23988,7381,16015,9931,988134,988135,988137,988138,0,0,0,0
1787582044.248234,0,3,0,-4,23874,7484,16107,9825,988194,988195,988197,988198,0,0,0,0
1787582044.338084,8,3,2,-5,23873,7483,16105,9833,988224,988225,988227,988228,0,0,0,0
1787582044.3445845,4,-3,-6,1,23905,7452,16077,9865,988254,988255,988257,988258,0,0,0,0
1787582044.4494436,3,-2,-5,4,23921,7439,16067,9879,988284,988285,988287,988288,0,0,0,0
1787582044.5456376,-1,-3,-2,0,23916,7445,16071,9872,988344,988345,988347,988348,0,0,0,0
1787582044.5456376,-2,1,-1,-6,23914,7446,16073,9871,988374,988375,988377,988378,0,0,0,0
1787582044.6568978,-2,-3,6,-2,23927,7436,16064,9885,988434,988435,988437,988438,0,0,0,0
1787582044.7087479,-1,1,-1,-6,23914,7448,16076,9870,988464,988465,988467,988468,0,0,0,0
1787582044.8313966,-56,-68,-76,-55,20921,4288,12242,5734,988584,988585,988587,988588,0,0,0,0
1787582044.964649,-81,-92,-71,-78,17126,126,7930,1889,988644,988645,988647,988648,0,0,0,0
1787582045.059329,-69,-83,-74,-62,12873,28411,4055,31105,988704,988705,988707,988708,0,0,0,0
1787582045.0770261,-69,-83,-74,-62,12873,28411,4055,31105,988704,988705,988707,988708,0,0,0,0
1787582045.1551917,-93,-73,-80,-81,8687,24181,41,27033,988764,988765,988767,988768,0,0,0,0
1787582045.2693934,-71,-66,-75,-101,4449,20148,28535,22483,988824,988825,988827,988828,0,0,0,0
1787582045.2818775,-67,-68,-75,-109,2306,18308,26432,20291,988854,988855,988857,988858,0,0,0,0
1787582045.365044,-79,-72,-78,-97,277,16236,24058,18046,988884,988885,988887,988888,0,0,0,0
1787582045.4760983,-79,-72,-78,-97,277,16236,24058,18046,988884,988885,988887,988888,0,0,0,0
1787582045.5670843,-48,-54,-57,-46,26782,9837,17878,12006,988974,988975,988977,988978,0,0,0,0
1787582045.678463,-29,-51,-28,-28,25632,8504,16835,11137,989004,989005,989007,989008,0,0,0,0
1787582045.678463,-38,-25,-21,-14,24666,7582,16093,10444,989034,989035,989037,989038,0,0,0,0
1787582045.684341,-22,-16,-9,-12,23927,6962,15736,10083,989064,989065,989067,989068,0,0,0,0
1787582045.7069085,-6,-7,-4,-4,23492,6661,15640,9876,989094,989095,989097,989098,0,0,0,0
1787582045.7687063,3,-2,1,-1,23477,6638,15624,9883,989124,989125,989127,989128,0,0,0,0
1787582045.8387961,3,4,2,2,23488,6637,15628,9893,989154,989155,989157,989158,0,0,0,0
1787582045.9764829,0,-2,1,-3,23525,6692,15676,9932,989244,989245,989247,989248,0,0,0,0
1787582046.094066,1,-2,0,1,23601,6645,15623,10017,989304,989305,989307,989308,0,0,0,0
1787582046.1754243,2,1,0,-2,23630,6611,15585,10042,989334,989335,989337,989338,0,0,0,0
1787582046.1754243,-5,-4,-1,-4,23643,6591,15565,10057,989364,989365,989367,989368,0,0,0,0
1787582046.3857841,2,3,-3,4,23664,6575,15549,10077,989394,989395,989397,989398,0,0,0,0
1787582046.3857841,-4,-1,1,2,23743,6491,15463,10152,989484,989485,989487,989488,0,0,0,0
1787582046.5038195,-1,-1,-2,-3,23740,6498,15472,10144,989544,989545,989547,989548,0,0,0,0
1787582046.5196292,-3,2,-2,0,23726,6508,15480,10133,989574,989575,989577,989578,0,0,0,0
1787582046.5997832,-2,4,-1,-5,23732,6505,15476,10140,989604,989605,989607,989608,0,0,0,0
1787582046.6968,3,2,2,-3,23744,6494,15466,10152,989634,989635,989637,989638,0,0,0,0
1787582046.6968,2,-1,0,-5,23749,6489,15461,10153,989664,989665,989667,989668,0,0,0,0
1787582046.7272336,-4,0,0,-2,23737,6502,15475,10141,989694,989695,989697,989698,0,0,0,0
1787582046.7964122,-5,5,-5,0,23728,6512,15482,10134,989724,989725,989727,989728,0,0,0,0
1787582046.8607302,3,-7,-8,5,23775,6481,15464,10212,989754,989755,989757,989758,0,0,0,0
1787582046.8768702,22,-20,-19,25,24206,6119,15154,10638,989784,989785,989787,989788,0,0,0,0
1787582046.9253707,52,-35,-41,42,25126,5382,14421,11712,989814,989815,989817,989818,0,0,0,0
1787582046.9762962,67,-47,-54,67,26420,4218,13232,13254,989844,989845,989847,989848,0,0,0,0
1787582047.0441227,51,-55,-54,55,28062,2756,11736,14939,989874,989875,989877,989878,0,0,0,0
1787582047.103861,61,-52,-48,40,29722,1187,10256,16641,989904,989905,989907,989908,0,0,0,0
1787582047.1573184,51,-40,-40,60,31300,32637,8904,18192,989934,989935,989937,989938,0,0,0,0
1787582047.215442,37,-35,-34,42,32679,31474,7893,19449,989964,989965,989967,989968,0,0,0,0
1787582047.2260907,27,-25,-24,35,908,30656,7099,20447,989994,989995,989997,989998,0,0,0,0
1787582047.2818298,26,-25,-21,28,1694,29987,6507,21309,990024,990025,990027,990028,0,0,0,0
1787582047.3447459,23,-20,-21,24,2412,29347,5940,22004,990054,990055,990057,990058,0,0,0,0
1787582047.4412227,28,-23,-22,37,3283,28785,5362,22875,990084,990085,990087,990088,0,0,0,0
1787582047.4482,32,-32,-37,54,4443,27973,4411,23929,990114,990115,990117,990118,0,0,0,0
1787582047.506155,44,-36,-39,49,5640,26869,3318,25146,990144,990145,990147,990148,0,0,0,0
1787582047.6038203,42,-39,-44,44,7055,25785,2155,26645,990174,990175,990177,990178,0,0,0,0
1787582047.6216166,54,-40,-45,54,8449,24511,927,28056,990204,990205,990207,990208,0,0,0,0
1787582047.6590676,52,-35,-32,40,10958,22340,31547,30550,990264,990265,990267,990268,0,0,0,0
1787582047.7142217,32,-29,-26,36,12016,21453,30715,31621,990294,990295,990297,990298,0,0,0,0
1787582047.7821755,35,-35,-29,32,12940,20669,30013,32626,990324,990325,990327,990328,0,0,0,0
1787582047.8196077,33,-20,-20,33,13958,19851,29204,813,990354,990355,990357,990358,0,0,0,0
1787582047.8786361,36,-37,-32,46,14926,19065,28451,1850,990384,990385,990387,990388,0,0,0,0
1787582047.9287703,37,-39,-40,44,16035,18114,27519,3018,990414,990415,990417,990418,0,0,0,0
1787582047.9426708,51,-40,-29,46,17268,17136,26522,4244,990444,990445,990447,990448,0,0,0,0
1787582048.027369,40,-32,-37,43,18471,16059,25528,5481,990474,990475,990477,990478,0,0,0,0
1787582048.0449665,48,-38,-40,45,19723,15031,24377,6788,990504,990505,990507,990508,0,0,0,0
1787582048.0918634,36,-33,-38,36,20930,13951,23390,7933,990534,990535,990537,990538,0,0,0,0
1787582048.2350225,43,-37,-33,38,22127,13001,22256,9108,990564,990565,990567,990568,0,0,0,0
1787582048.2350225,26,-35,-40,36,24301,11389,20563,11284,990624,990625,990627,990628,0,0,0,0
1787582048.3575034,37,-33,-31,38,25385,10468,19633,12257,990654,990655,990657,990658,0,0,0,0
1787582048.36583,47,-38,-36,46,26382,9580,18783,13435,990684,990685,990687,990688,0,0,0,0
1787582048.4268284,41,-43,-40,47,27569,8614,17856,14557,990714,990715,990717,990718,0,0,0,0
1787582048.4748359,48,-36,-40,49,28664,7602,16940,15804,990744,990745,990747,990748,0,0,0,0
1787582048.506797,51,-38,-40,48,29888,6704,15966,16985,990774,990775,990777,990778,0,0,0,0
1787582048.597525,46,-34,-41,50,31150,5604,14846,18300,990804,990805,990807,990808,0,0,0,0
1787582048.613412,40,-29,-36,40,32385,4655,13787,19422,990834,990835,990837,990838,0,0,0,0
1787582048.6779838,44,-40,-38,41,742,3671,12823,20563,990864,990865,990867,990868,0,0,0,0
1787582048.7257323,42,-34,-37,37,1873,2770,11928,21671,990894,990895,990897,990898,0,0,0,0
1787582048.7740362,40,-31,-29,43,2853,1927,11083,22710,990924,990925,990927,990928,0,0,0,0
1787582048.838508,44,-34,-39,51,3965,965,10251,23828,990954,990955,990957,990958,0,0,0,0
1787582048.8625093,42,-41,-33,47,5018,11,9294,24979,990984,990985,990987,990988,0,0,0,0
1787582048.9260752,52,-41,-32,50,6196,31762,8339,26224,991014,991015,991017,991018,0,0,0,0
1787582049.0243058,48,-36,-39,49,7405,30843,7342,27455,991044,991045,991047,991048,0,0,0,0
1787582049.0432627,51,-35,-44,42,8601,29808,6290,28590,991074,991075,991077,991078,0,0,0,0
1787582049.1005716,51,-34,-35,48,9793,28869,5386,29771,991104,991105,991107,991108,0,0,0,0
1787582049.1491046,51,-25,-37,48,10898,27946,4396,30884,991134,991135,991137,991138,0,0,0,0
1787582049.2139618,39,-36,-28,45,12057,26974,3429,31987,991164,991165,991167,991168,0,0,0,0
1787582049.2139618,42,-30,-40,40,13156,26138,2504,333,991194,991195,991197,991198,0,0,0,0
1787582049.3658016,40,-31,-38,40,15414,24229,637,2571,991254,991255,991257,991258,0,0,0,0
1787582049.4515662,47,-34,-31,45,16560,23310,32463,3670,991284,991285,991287,991288,0,0,0,0
1787582049.464419,36,-43,-23,42,17718,22299,31460,4782,991314,991315,991317,991318,0,0,0,0
1787582049.6649315,41,-35,-33,35,18736,21386,30586,5901,991344,991345,991347,991348,0,0,0,0
1787582049.6649315,42,-31,-37,41,19901,20450,29621,7088,991374,991375,991377,991378,0,0,0,0
1787582049.6649315,39,-40,-41,48,22286,18424,27557,9596,991434,991435,991437,991438,0,0,0,0
1787582049.7473578,40,-36,-31,49,23462,17292,26575,10955,991464,991465,991467,991468,0,0,0,0
1787582049.7533376,40,-32,-33,39,24626,16276,25698,12118,991494,991495,991497,991498,0,0,0,0
1787582049.864912,38,-36,-30,37,26815,14543,23864,14199,991554,991555,991557,991558,0,0,0,0
1787582049.9821148,45,-38,-37,37,30091,11986,21159,17340,991644,991645,991647,991648,0,0,0,0
1787582050.0658286,38,-45,-40,35,31275,11108,20125,18531,991674,991675,991677,991678,0,0,0,0
1787582050.0799096,34,-17,-30,30,32316,10271,19269,19496,991704,991705,991707,991708,0,0,0,0
1787582050.184479,14,-10,-5,12,539,9269,18416,20470,991764,991765,991767,991768,0,0,0,0
1787582050.2675478,3,-8,-5,8,835,9026,18139,20761,991794,991795,991797,991798,0,0,0,0
1787582050.2806704,9,-6,-2,5,980,8823,17924,20920,991824,991825,991827,991828,0,0,0,0
1787582050.3917875,-3,-7,0,3,1066,8701,17823,21006,991854,991855,991857,991858,0,0,0,0
1787582050.3917875,-2,-1,1,-3,1092,8658,17790,21029,991884,991885,991887,991888,0,0,0,0
1787582050.3917875,2,6,-1,-2,1070,8692,17822,20995,991914,991915,991917,991918,0,0,0,0
1787582050.4826417,3,4,5,-2,1020,8760,17885,20941,991944,991945,991947,991948,0,0,0,0
1787582050.5899215,-1,4,2,-2,902,8918,18038,20810,992004,992005,992007,992008,0,0,0,0
1787582050.6059654,-3,3,1,-6,819,9017,18152,20720,992034,992035,992037,992038,0,0,0,0
1787582050.7485409,-4,1,5,-5,712,9120,18277,20611,992064,992065,992067,992068,0,0,0,0
1787582050.7485409,-7,4,0,-5,595,9216,18394,20484,992094,992095,992097,992098,0,0,0,0
1787582050.7649362,-3,8,4,-10,471,9312,18499,20353,992124,992125,992127,992128,0,0,0,0
1787582050.8777199,-7,0,2,-3,353,9407,18603,20227,992154,992155,992157,992158,0,0,0,0
1787582050.893513,-3,5,1,-6,239,9506,18697,20100,992184,992185,992187,992188,0,0,0,0
1787582051.0145304,0,-6,1,-1,85,9672,18844,19936,992244,992245,992247,992248,0,0,0,0
1787582051.0796373,-1,1,2,-6,35,9726,18892,19886,992274,992275,992277,992278,0,0,0,0
1787582051.0955346,-4,-1,0,2,4,9765,18927,19854,992304,992305,992307,992308,0,0,0,0
1787582051.0955346,-1,2,-3,-5,32757,9785,18943,19841,992334,992335,992337,992338,0,0,0,0
1787582051.2070465,4,1,0,0,32758,9782,18939,19843,992364,992365,992367,992368,0,0,0,0
1787582051.2131953,-3,8,9,-3,32758,9834,18977,19830,992394,992395,992397,992398,0,0,0,0
1787582051.306766,-12,18,16,-17,32534,10166,19296,19584,992424,992425,992427,992428,0,0,0,0
1787582051.306766,-23,19,16,-21,32009,10646,19789,19060,992454,992455,992457,992458,0,0,0,0
1787582051.5054233,-4,15,13,-6,31641,11063,20163,18732,992484,992485,992487,992488,0,0,0,0
1787582051.5054233,-10,15,12,-24,31214,11755,20624,17972,992574,992575,992577,992578,0,0,0,0
1787582051.6286738,-18,18,17,-20,30771,12326,21047,17387,992604,992605,992607,992608,0,0,0,0
1787582051.6419525,-11,7,7,-11,30382,12766,21474,17014,992634,992635,992637,992638,0,0,0,0
1787582051.7119954,-10,2,1,-9,30085,12949,21627,16734,992664,992665,992667,992668,0,0,0,0
1787582051.7259371,-8,13,5,-14,29912,13135,21758,16564,992694,992695,992697,992698,0,0,0,0
1787582051.761564,-17,18,11,-10,29579,13493,22052,16231,992724,992725,992727,992728,0,0,0,0
1787582051.9166408,-22,35,20,-23,29129,13932,22538,15752,992754,992755,992757,992758,0,0,0,0
1787582051.9197917,-11,12,11,-13,28757,14432,23016,15209,992784,992785,992787,992788,0,0,0,0
1787582051.9197917,-2,9,0,-5,28527,14813,23221,14935,992814,992815,992817,992818,0,0,0,0
1787582052.044165,-4,6,19,-8,28384,15019,23336,14765,992844,992845,992847,992848,0,0,0,0
1787582052.044603,-17,14,18,-20,28116,15303,23594,14443,992874,992875,992877,992878,0,0,0,0
1787582052.1216094,-22,19,23,-21,27684,15822,24121,13907,992904,992905,992907,992908,0,0,0,0
1787582052.1283128,-23,17,14,-22,27121,16328,24564,13374,992934,992935,992937,992938,0,0,0,0
1787582052.3233504,-9,5,10,-9,26791,16660,24937,13003,992964,992965,992967,992968,0,0,0,0
1787582052.3233504,-20,19,12,-28,25896,17762,25847,11979,993054,993055,993057,993058,0,0,0,0
1787582052.4427154,-9,10,0,-7,25247,18580,26596,11321,993114,993115,993117,993118,0,0,0,0
1787582052.5277312,-6,-1,2,-3,25143,18704,26668,11237,993144,993145,993147,993148,0,0,0,0
1787582052.5472205,-10,8,6,-15,24970,18828,26774,11052,993174,993175,993177,993178,0,0,0,0
1787582052.6432927,-15,15,20,-15,24604,19184,27086,10632,993204,993205,993207,993208,0,0,0,0
1787582052.6492867,-15,3,18,-17,24159,19554,27549,10230,993234,993235,993237,993238,0,0,0,0
1787582052.663239,-12,6,11,-16,23757,19869,27925,9871,993264,993265,993267,993268,0,0,0,0
1787582052.7387125,-6,7,6,-9,23473,20154,28171,9590,993294,993295,993297,993298,0,0,0,0
1787582052.7738938,-2,3,2,-5,23331,20344,28325,9442,993324,993325,993327,993328,0,0,0,0
1787582052.8631406,0,2,2,4,23277,20402,28374,9395,993354,993355,993357,993358,0,0,0,0
1787582052.9346135,2,-5,1,0,23285,20396,28367,9407,993384,993385,993387,993388,0,0,0,0
1787582052.9346135,3,0,-5,0,23314,20354,28329,9443,993414,993415,993417,993418,0,0,0,0
1787582053.0472739,-2,1,-2,10,23361,20283,28268,9503,993444,993445,993447,993448,0,0,0,0
1787582053.0659797,2,-2,0,5,23435,20196,28186,9594,993474,993475,993477,993478,0,0,0,0
1787582053.1415727,3,-11,0,1,23485,20120,28130,9649,993504,993505,993507,993508,0,0,0,0
1787582053.254442,4,-1,-5,10,23774,19834,27845,9942,993594,993595,993597,993598,0,0,0,0
1787582053.3511221,0,-6,-11,2,23924,19720,27712,10081,993624,993625,993627,993628,0,0,0,0
1787582053.3641012,1,-9,-10,4,24062,19601,27567,10210,993654,993655,993657,993658,0,0,0,0
1787582053.4627182,1,-1,-3,0,24243,19441,27373,10368,993714,993715,993717,993718,0,0,0,0
1787582053.552668,2,-2,1,-1,24277,19412,27339,10392,993744,993745,993747,993748,0,0,0,0
1787582053.5585957,0,3,4,0,24276,19415,27346,10388,993774,993775,993777,993778,0,0,0,0
1787582053.6786644,-3,0,0,-2,24251,19441,27376,10360,993804,993805,993807,993808,0,0,0,0
1787582053.6828892,-2,4,5,-3,24209,19483,27427,10321,993834,993835,993837,993838,0,0,0,0
1787582053.6832933,-1,0,-4,-1,24160,19529,27482,10276,993864,993865,993867,993868,0,0,0,0
1787582053.7665977,-2,0,0,-4,24109,19570,27536,10232,993894,993895,993897,993898,0,0,0,0
1787582053.781134,-3,7,-2,4,24065,19608,27581,10193,993924,993925,993927,993928,0,0,0,0
1787582053.8656142,-1,-9,2,-1,24028,19635,27616,10167,993984,993985,993987,993988,0,0,0,0
1787582053.965351,2,-5,0,0,24058,19610,27583,10196,994044,994045,994047,994048,0,0,0,0
1787582054.1602972,-1,0,-2,2,24072,19600,27569,10208,994074,994075,994077,994078,0,0,0,0
1787582054.1602972,0,0,1,4,24077,19596,27567,10210,994104,994105,994107,994108,0,0,0,0
1787582054.1602972,2,-2,-1,-1,24062,19610,27582,10196,994164,994165,994167,994168,0,0,0,0
1787582054.1816008,2,-2,-1,-1,24062,19610,27582,10196,994164,994165,994167,994168,0,0,0,0
1787582054.2815633,-2,-2,-2,-3,24056,19612,27587,10193,994224,994225,994227,994228,0,0,0,0
1787582054.371828,-2,1,-1,-1,24062,19608,27580,10198,994254,994255,994257,994258,0,0,0,0
1787582054.385227,-5,3,2,0,24067,19604,27575,10203,994284,994285,994287,994288,0,0,0,0
1787582054.488893,-6,0,-3,-2,24061,19610,27583,10196,994344,994345,994347,994348,0,0,0,0
1787582054.5047054,0,-2,-2,4,24058,19612,27587,10194,994374,994375,994377,994378,0,0,0,0
1787582054.5859451,-3,-2,-4,-1,24059,19609,27584,10197,994404,994405,994407,994408,0,0,0,0
1787582054.6832612,3,2,-4,3,24065,19605,27577,10202,994434,994435,994437,994438,0,0,0,0
1787582054.6832612,-2,0,-1,0,24068,19602,27573,10203,994464,994465,994467,994468,0,0,0,0
1787582054.6991246,2,0,-4,3,24066,19603,27576,10202,994494,994495,994497,994498,0,0,0,0
1787582054.7833927,1,4,3,-2,24065,19607,27579,10200,994524,994525,994527,994528,0,0,0,0
1787582054.8103018,0,0,5,0,24063,19609,27581,10198,994554,994555,994557,994558,0,0,0,0
1787582054.986247,0,2,-8,4,24062,19607,27580,10198,994584,994585,994587,994588,0,0,0,0
1787582054.986247,1,-2,29,-3,24066,19605,27578,10201,994644,994645,994647,994648,0,0,0,0
1787582055.002032,-1,-1,0,0,24067,19604,27575,10203,994674,994675,994677,994678,0,0,0,0
1787582055.0992212,0,-3,-2,-1,24063,19605,27578,10200,994734,994735,994737,994738,0,0,0,0
1787582055.193871,-2,-1,-3,0,24061,19610,27583,10197,994794,994795,994797,994798,0,0,0,0
1787582084.9461234,0,-3,1,-5,25374,128,12134,16152,1012644,1012645,1012647,1012648,0,0,0,0
1787582085.0953474,-2,-4,-4,4,25375,125,12132,16153,1012704,1012705,1012707,1012708,0,0,0,0
1787582085.0953474,-6,3,3,4,25376,124,12131,16154,1012734,1012735,1012737,1012738,0,0,0,0
1787582085.2149572,-1,1,0,-2,25375,125,12133,16153,1012764,1012765,1012767,1012768,0,0,0,0
1787582085.297586,3,0,0,-4,25371,131,12139,16149,1012824,1012825,1012827,1012828,0,0,0,0
1787582085.297586,-2,-1,0,1,25369,132,12141,16148,1012854,1012855,1012857,1012858,0,0,0,0
1787582085.417343,0,3,-2,5,25370,134,12142,16149,1012884,1012885,1012887,1012888,0,0,0,0
1787582085.417343,-5,1,-2,-3,25368,135,12143,16146,1012914,1012915,1012917,1012918,0,0,0,0
1787582085.5000346,1,0,-1,0,25365,139,12147,16143,1012944,1012945,1012947,1012948,0,0,0,0
1787582085.686954,-2,-1,1,-2,25364,139,12148,16142,1013064,1013065,1013067,1013068,0,0,0,0
1787582085.692838,-2,-4,0,1,25366,139,12145,16144,1013094,1013095,1013097,1013098,0,0,0,0
1787582085.7980783,-5,-3,2,-6,25366,136,12145,16144,1013124,1013125,1013127,1013128,0,0,0,0
1787582085.7980783,-6,-8,3,-8,25366,137,12145,16144,1013154,1013155,1013157,1013158,0,0,0,0
1787582085.9149115,0,3,-1,-3,25366,138,12145,16145,1013214,1013215,1013217,1013218,0,0,0,0
1787582085.9861436,-5,0,0,4,25366,138,12146,16144,1013244,1013245,1013247,1013248,0,0,0,0
1787582086.036073,2,-1,3,3,25366,140,12148,16143,1013274,1013275,1013277,1013278,0,0,0,0
1787582086.1169455,3,-1,5,0,25365,141,12150,16142,1013304,1013305,1013307,1013308,0,0,0,0
1787582086.1235847,0,-2,2,-7,25362,142,12152,16139,1013334,1013335,1013337,1013338,0,0,0,0
1787582086.2341888,-1,-3,-3,0,25367,138,12144,16146,1013394,1013395,1013397,1013398,0,0,0,0
1787582086.312466,-1,0,2,1,25369,135,12142,16147,1013424,1013425,1013427,1013428,0,0,0,0
1787582086.312466,-6,-4,0,-2,25368,138,12144,16145,1013454,1013455,1013457,1013458,0,0,0,0
1787582086.446816,1,5,-4,-3,25361,143,12154,16138,1013514,1013515,1013517,1013518,0,0,0,0
1787582086.513154,-1,6,1,3,25361,144,12154,16138,1013544,1013545,1013547,1013548,0,0,0,0
1787582086.6961029,4,2,-1,-1,25362,143,12154,16139,1013574,1013575,1013577,1013578,0,0,0,0
1787582086.6972325,1,-2,4,-4,25363,140,12150,16142,1013604,1013605,1013607,1013608,0,0,0,0
1787582086.6980984,5,1,-3,2,25365,139,12147,16144,1013634,1013635,1013637,1013638,0,0,0,0
1787582086.7006102,-2,0,0,-1,25364,140,12149,16142,1013664,1013665,1013667,1013668,0,0,0,0
1787582086.8123608,3,-1,-5,0,25362,142,12151,16139,1013724,1013725,1013727,1013728,0,0,0,0
1787582086.945732,2,-3,-4,-3,25368,136,12144,16146,1013814,1013815,1013817,1013818,0,0,0,0
1787582087.0606248,-2,2,6,0,25367,138,12146,16144,1013844,1013845,1013847,1013848,0,0,0,0
1787582087.0657218,1,0,-9,-3,25365,141,12149,16142,1013874,1013875,1013877,1013878,0,0,0,0
1787582087.1412559,-2,4,9,-2,25354,154,12154,16136,1013904,1013905,1013907,1013908,0,0,0,0
1787582087.1449716,-1,2,-2,0,25229,258,12323,16024,1013934,1013935,1013937,1013938,0,0,0,0
1787582087.2518997,-1,3,0,1,25304,232,12263,16078,1013994,1013995,1013997,1013998,0,0,0,0
1787582087.2853973,-2,4,2,-1,25294,230,12264,16073,1014024,1014025,1014027,1014028,0,0,0,0
1787582087.3974047,1,3,-1,1,25285,239,12273,16063,1014054,1014055,1014057,1014058,0,0,0,0
1787582087.4010253,0,0,1,0,25279,249,12283,16057,1014084,1014085,1014087,1014088,0,0,0,0
1787582087.5469143,0,1,-5,-3,25271,251,12286,16055,1014114,1014115,1014117,1014118,0,0,0,0
1787582087.5469143,0,-2,-5,2,25269,251,12285,16054,1014144,1014145,1014147,1014148,0,0,0,0
1787582087.5469143,4,2,-2,0,25272,251,12285,16056,1014174,1014175,1014177,1014178,0,0,0,0
1787582087.65877,-4,0,4,1,25275,250,12283,16058,1014204,1014205,1014207,1014208,0,0,0,0
1787582087.6648564,0,-1,4,4,25276,247,12281,16059,1014234,1014235,1014237,1014238,0,0,0,0
1787582087.6936257,-1,1,1,1,25276,248,12282,16058,1014264,1014265,1014267,1014268,0,0,0,0
1787582087.7626758,-3,-2,-1,-4,25272,251,12287,16055,1014294,1014295,1014297,1014298,0,0,0,0
1787582087.804356,-4,0,2,1,25270,253,12289,16052,1014324,1014325,1014327,1014328,0,0,0,0
1787582087.9564922,2,-4,3,3,25275,251,12285,16057,1014414,1014415,1014417,1014418,0,0,0,0
1787582088.1650875,-1,2,-1,0,25272,249,12285,16055,1014444,1014445,1014447,1014448,0,0,0,0
1787582088.1716905,3,-2,-2,-1,25270,253,12289,16053,1014534,1014535,1014537,1014538,0,0,0,0
1787582088.1721184,2,0,0,2,25271,252,12286,16055,1014564,1014565,1014567,1014568,0,0,0,0
1787582088.2834792,-2,-4,2,0,25272,252,12287,16055,1014624,1014625,1014627,1014628,0,0,0,0
1787582088.361264,-2,-1,1,-2,25266,257,12293,16049,1014684,1014685,1014687,1014688,0,0,0,0
1787582088.4909098,-5,-3,2,0,25268,256,12291,16052,1014744,1014745,1014747,1014748,0,0,0,0
1787582088.5852451,0,-5,-2,1,25269,253,12288,16053,1014804,1014805,1014807,1014808,0,0,0,0
1787582088.6989133,-3,-5,-1,-2,25263,265,12301,16045,1014894,1014895,1014897,1014898,0,0,0,0
1787582088.7862074,-4,1,1,1,25261,262,12298,16044,1014924,1014925,1014927,1014928,0,0,0,0
1787582088.816501,-3,2,4,0,25265,257,12294,16048,1014954,1014955,1014957,1014958,0,0,0,0
1787582088.984264,0,-3,-3,0,25273,258,12289,16052,1014984,1014985,1014987,1014988,0,0,0,0
1787582088.9864738,-1,-3,4,1,25271,251,12286,16055,1015044,1015045,1015047,1015048,0,0,0,0
1787582089.095766,0,-3,0,2,25274,253,12286,16056,1015074,1015075,1015077,1015078,0,0,0,0
1787582089.095766,-1,-3,0,-3,25265,261,12296,16047,1015134,1015135,1015137,1015138,0,0,0,0
1787582089.1921608,4,-3,3,5,25267,260,12295,16049,1015194,1015195,1015197,1015198,0,0,0,0
1787582089.2963927,1,-4,3,0,25268,258,12292,16051,1015224,1015225,1015227,1015228,0,0,0,0
1787582089.2963927,-5,-3,0,-1,25269,257,12292,16052,1015254,1015255,1015257,1015258,0,0,0,0
1787582089.3942735,0,-4,-1,0,25264,261,12297,16047,1015314,1015315,1015317,1015318,0,0,0,0
1787582089.5128508,2,0,-5,3,25265,261,12296,16047,1015344,1015345,1015347,1015348,0,0,0,0
1787582089.5128508,-4,-1,0,3,25265,261,12296,16048,1015374,1015375,1015377,1015378,0,0,0,0
1787582089.597009,-3,-2,-1,0,25264,263,12298,16047,1015434,1015435,1015437,1015438,0,0,0,0
1787582089.7084758,0,2,-3,-2,25262,263,12299,16045,1015464,1015465,1015467,1015468,0,0,0,0
1787582089.713776,-5,-3,-2,2,25262,265,12300,16045,1015494,1015495,1015497,1015498,0,0,0,0
1787582089.7964356,-1,-1,-2,1,25259,266,12302,16041,1015524,1015525,1015527,1015528,0,0,0,0
1787582089.7964356,0,0,3,2,25258,268,12304,16040,1015554,1015555,1015557,1015558,0,0,0,0
1787582089.9205368,-3,-2,0,2,25256,269,12305,16039,1015584,1015585,1015587,1015588,0,0,0,0
1787582089.9205368,-1,0,1,1,25257,269,12304,16040,1015614,1015615,1015617,1015618,0,0,0,0
1787582090.0066276,1,2,-3,0,25259,269,12304,16040,1015644,1015645,1015647,1015648,0,0,0,0
1787582090.1243107,-2,2,-4,1,25248,275,12314,16032,1015734,1015735,1015737,1015738,0,0,0,0
1787582090.2137716,1,0,-1,-2,25250,283,12318,16030,1015794,1015795,1015797,1015798,0,0,0,0
1787582090.3396347,-5,3,-1,-1,25215,311,12349,15999,1015854,1015855,1015857,1015858,0,0,0,0
1787582090.4156852,-7,1,2,0,25189,336,12377,15976,1015884,1015885,1015887,1015888,0,0,0,0
1787582090.421441,4,0,4,-1,25159,366,12405,15948,1015914,1015915,1015917,1015918,0,0,0,0
1787582090.5372121,1,-1,-3,3,25108,404,12444,15909,1015974,1015975,1015977,1015978,0,0,0,0
1787582090.6234634,-1,-2,0,0,25108,409,12445,15909,1016004,1016005,1016007,1016008,0,0,0,0
1787582090.6234634,1,1,-4,-1,25117,400,12437,15917,1016034,1016035,1016037,1016038,0,0,0,0
1787582090.6650796,-3,1,0,0,25129,390,12427,15928,1016064,1016065,1016067,1016068,0,0,0,0
1787582090.726483,-2,-1,0,0,25136,382,12420,15934,1016094,1016095,1016097,1016098,0,0,0,0
1787582090.8240032,-1,1,0,2,25129,388,12426,15925,1016154,1016155,1016157,1016158,0,0,0,0
1787582091.0325568,-4,-2,-3,-4,25124,394,12432,15922,1016184,1016185,1016187,1016188,0,0,0,0
1787582091.0345626,3,-1,-1,-2,25118,398,12437,15916,1016244,1016245,1016247,1016248,0,0,0,0
1787582091.0365663,-8,-1,0,-4,25117,401,12438,15917,1016274,1016275,1016277,1016278,0,0,0,0
1787582091.178699,-1,-2,-4,1,25118,399,12437,15918,1016304,1016305,1016307,1016308,0,0,0,0
1787582091.1807084,1,-4,-1,-7,25116,404,12443,15911,1016334,1016335,1016337,1016338,0,0,0,0
1787582091.1849065,-6,2,-5,-2,25093,426,12461,15884,1016364,1016365,1016367,1016368,0,0,0,0
1787582091.2473948,0,5,7,-5,25022,490,12527,15818,1016394,1016395,1016397,1016398,0,0,0,0
1787582091.3484967,3,-3,4,-2,24966,539,12569,15773,1016424,1016425,1016427,1016428,0,0,0,0
1787582091.3589308,1,-2,-4,3,24963,531,12564,15781,1016454,1016455,1016457,1016458,0,0,0,0
1787582091.3660936,1,1,4,-1,25003,494,12530,15819,1016484,1016485,1016487,1016488,0,0,0,0
1787582091.4428933,-4,3,2,2,25027,473,12511,15837,1016514,1016515,1016517,1016518,0,0,0,0
1787582091.50435,-3,-4,-1,0,25017,480,12520,15825,1016544,1016545,1016547,1016548,0,0,0,0
1787582091.6438675,-3,-3,0,-2,25024,476,12513,15838,1016634,1016635,1016637,1016638,0,0,0,0
1787582091.721322,0,-3,-6,-2,25026,472,12511,15836,1016694,1016695,1016697,1016698,0,0,0,0
1787582091.8529203,-2,0,-10,-3,24997,497,12535,15808,1016754,1016755,1016757,1016758,0,0,0,0
1787582091.9633718,0,1,0,1,24994,500,12538,15806,1016784,1016785,1016787,1016788,0,0,0,0
1787582091.9703934,-2,0,0,-1,25001,494,12531,15815,1016814,1016815,1016817,1016818,0,0,0,0
1787582091.9843755,2,2,1,1,25008,487,12525,15820,1016844,1016845,1016847,1016848,0,0,0,0
1787582092.0610776,2,-8,-2,0,25011,487,12524,15821,1016874,1016875,1016877,1016878,0,0,0,0
1787582092.0957181,-2,3,0,0,25007,489,12526,15818,1016904,1016905,1016907,1016908,0,0,0,0
1787582092.2673562,-3,0,1,1,25004,490,12527,15816,1016934,1016935,1016937,1016938,0,0,0,0
1787582092.2673562,0,-1,-1,2,25004,491,12528,15816,1016994,1016995,1016997,1016998,0,0,0,0
1787582092.3629236,3,4,-3,1,25002,494,12531,15814,1017054,1017055,1017057,1017058,0,0,0,0
1787582092.3629236,-2,-4,0,3,25002,491,12529,15816,1017084,1017085,1017087,1017088,0,0,0,0
1787582092.38556,-2,-4,0,3,25002,491,12529,15816,1017084,1017085,1017087,1017088,0,0,0,0
1787582092.5682223,0,4,-1,-1,25005,490,12527,15818,1017144,1017145,1017147,1017148,0,0,0,0
1787582092.5682223,3,0,-1,-2,25002,492,12529,15815,1017174,1017175,1017177,1017178,0,0,0,0
1787582092.5682223,0,2,-3,-1,25001,493,12530,15814,1017204,1017205,1017207,1017208,0,0,0,0
1787582092.5682223,0,2,-3,-1,25001,493,12530,15814,1017204,1017205,1017207,1017208,0,0,0,0
1787582092.6811266,-1,-1,1,-1,24981,481,12529,15805,1017294,1017295,1017297,1017298,0,0,0,0
1787582092.744922,-1,-1,-2,-1,24983,490,12534,15801,1017324,1017325,1017327,1017328,0,0,0,0
1787582092.873919,-3,-1,-2,5,24974,499,12544,15792,1017354,1017355,1017357,1017358,0,0,0,0
1787582092.873919,-2,-8,-6,-2,24975,504,12549,15793,1017414,1017415,1017417,1017418,0,0,0,0
1787582092.9989784,2,-7,-4,4,24988,495,12541,15804,1017444,1017445,1017447,1017448,0,0,0,0
1787582093.0834117,-1,2,-1,-3,24987,491,12540,15801,1017504,1017505,1017507,1017508,0,0,0,0
1787582093.192883,-1,3,-1,-8,24981,501,12547,15795,1017534,1017535,1017537,1017538,0,0,0,0
1787582093.2058594,0,2,-1,0,24982,496,12543,15799,1017594,1017595,1017597,1017598,0,0,0,0
1787582093.2995017,-4,-3,-3,1,24990,491,12539,15804,1017654,1017655,1017657,1017658,0,0,0,0
1787582093.4009185,0,-3,-3,1,24977,500,12548,15794,1017714,1017715,1017717,1017718,0,0,0,0
1787582093.4837837,1,0,-6,4,24981,498,12546,15797,1017744,1017745,1017747,1017748,0,0,0,0
1787582093.5946536,-2,4,-3,1,24985,494,12541,15802,1017774,1017775,1017777,1017778,0,0,0,0
1787582093.6015277,-3,-1,0,-2,24985,494,12542,15800,1017834,1017835,1017837,1017838,0,0,0,0
1787582093.6925933,1,-7,1,-3,24980,499,12547,15795,1017864,1017865,1017867,1017868,0,0,0,0
1787582093.6925933,0,-2,-2,-2,24977,501,12548,15794,1017894,1017895,1017897,1017898,0,0,0,0
1787582093.7656858,2,-2,1,-3,24978,497,12554,15786,1017924,1017925,1017927,1017928,0,0,0,0
1787582093.894791,1,1,-4,-2,24978,505,12562,15787,1017954,1017955,1017957,1017958,0,0,0,0
1787582093.894791,10,-2,-3,5,24998,488,12542,15812,1018014,1018015,1018017,1018018,0,0,0,0
1787582094.1030302,6,-6,-1,0,25212,292,12348,16010,1018104,1018105,1018107,1018108,0,0,0,0
1787582094.2201254,1,2,4,-3,25307,209,12262,16085,1018164,1018165,1018167,1018168,0,0,0,0
1787582094.2201254,0,0,0,2,25288,230,12289,16060,1018194,1018195,1018197,1018198,0,0,0,0
1787582094.3100429,-2,3,6,-5,25223,300,12361,15997,1018224,1018225,1018227,1018228,0,0,0,0
1787582094.420352,-4,1,-1,-8,25122,386,12448,15907,1018254,1018255,1018257,1018258,0,0,0,0
1787582094.4287066,-8,1,-1,-3,24990,499,12553,15794,1018314,1018315,1018317,1018318,0,0,0,0
1787582094.490045,-6,0,-2,-3,24955,536,12582,15759,1018344,1018345,1018347,1018348,0,0,0,0
1787582094.5210483,4,-1,-6,3,24956,558,12597,15776,1018374,1018375,1018377,1018378,0,0,0,0
1787582094.6052423,25,-25,-28,44,25784,32635,11938,16801,1018434,1018435,1018437,1018438,0,0,0,0
1787582094.6845796,59,-36,-51,58,27048,31531,10880,18299,1018464,1018465,1018467,1018468,0,0,0,0
1787582094.7247982,73,-55,-65,63,28555,30151,9454,19839,1018494,1018495,1018497,1018498,0,0,0,0
1787582094.8038168,60,-64,-49,58,30268,28509,7874,21642,1018524,1018525,1018527,1018528,0,0,0,0
1787582094.8516884,58,-50,-53,49,31852,26970,6276,23158,1018554,1018555,1018557,1018558,0,0,0,0
1787582094.913441,44,-37,-47,33,420,25767,5044,24387,1018584,1018585,1018587,1018588,0,0,0,0
1787582094.9254193,29,-39,-33,35,1369,24758,4101,25284,1018614,1018615,1018617,1018618,0,0,0,0
1787582095.0117016,24,-21,-15,27,2206,24077,3423,26062,1018644,1018645,1018647,1018648,0,0,0,0
1787582095.0117016,28,-22,-22,21,2910,23507,2975,26847,1018674,1018675,1018677,1018678,0,0,0,0
1787582095.0802405,33,-30,-27,34,3661,22897,2408,27697,1018704,1018705,1018707,1018708,0,0,0,0
1787582095.131197,30,-29,-39,37,4639,21965,1514,28626,1018734,1018735,1018737,1018738,0,0,0,0
1787582095.2011356,41,-40,-46,44,5740,20889,433,29852,1018764,1018765,1018767,1018768,0,0,0,0
1787582095.239786,48,-42,-57,44,7079,19672,31899,31177,1018794,1018795,1018797,1018798,0,0,0,0
1787582095.323041,55,-36,-48,49,9905,17203,29453,1183,1018854,1018855,1018857,1018858,0,0,0,0
1787582095.3789904,47,-33,-32,42,11067,16145,28517,2471,1018884,1018885,1018887,1018888,0,0,0,0
1787582095.4421663,38,-26,-32,32,12132,15210,27649,3464,1018914,1018915,1018917,1018918,0,0,0,0
1787582095.4770763,29,-38,-30,29,13048,14300,26766,4365,1018944,1018945,1018947,1018948,0,0,0,0
1787582095.5949385,24,-27,-35,31,13913,13470,25938,5125,1018974,1018975,1018977,1018978,0,0,0,0
1787582095.6011534,31,-33,-42,33,14728,12530,24818,5913,1019004,1019005,1019007,1019008,0,0,0,0
1787582095.606934,34,-32,-42,27,15697,11554,23760,6900,1019034,1019035,1019037,1019038,0,0,0,0
1787582095.6649075,52,-39,-52,38,16676,10366,22500,7845,1019064,1019065,1019067,1019068,0,0,0,0
1787582095.7342138,42,-40,-49,36,17874,9187,21239,9022,1019094,1019095,1019097,1019098,0,0,0,0
1787582095.764513,42,-38,-51,43,19018,7863,19941,10107,1019124,1019125,1019127,1019128,0,0,0,0
1787582095.8214326,36,-44,-46,37,20100,6781,18669,11111,1019154,1019155,1019157,1019158,0,0,0,0
1787582095.8835342,34,-34,-42,39,21055,5556,17480,12022,1019184,1019185,1019187,1019188,0,0,0,0
1787582095.9665082,28,-35,-39,35,22075,4532,16433,12908,1019214,1019215,1019217,1019218,0,0,0,0
1787582096.0081933,34,-42,-40,26,22965,3438,15366,13838,1019244,1019245,1019247,1019248,0,0,0,0
1787582096.0759487,36,-36,-42,34,23796,2466,14280,14659,1019274,1019275,1019277,1019278,0,0,0,0
1787582096.1611757,35,-42,-49,34,24713,1422,13186,15494,1019304,1019305,1019307,1019308,0,0,0,0
1787582096.1631837,34,-40,-49,38,25690,270,12020,16435,1019334,1019335,1019337,1019338,0,0,0,0
1787582096.212272,38,-54,-47,34,26744,31873,10838,17418,1019364,1019365,1019367,1019368,0,0,0,0
1787582096.221254,34,-43,-45,34,27749,30749,9669,18532,1019394,1019395,1019397,1019398,0,0,0,0
1787582096.3168073,38,-50,-45,30,28704,29473,8437,19539,1019424,1019425,1019427,1019428,0,0,0,0
1787582096.3326838,34,-40,-52,35,29692,28310,7333,20593,1019454,1019455,1019457,1019458,0,0,0,0
1787582096.397215,39,-52,-45,33,30611,27170,6132,21510,1019484,1019485,1019487,1019488,0,0,0,0
1787582096.4614017,31,-40,-47,34,31629,26155,5064,22319,1019514,1019515,1019517,1019518,0,0,0,0
1787582096.479303,28,-48,-44,31,32603,25068,3930,23280,1019544,1019545,1019547,1019548,0,0,0,0
1787582096.525024,36,-42,-44,26,709,23981,2867,24269,1019574,1019575,1019577,1019578,0,0,0,0
1787582096.598923,42,-46,-46,34,1670,22839,1764,25168,1019604,1019605,1019607,1019608,0,0,0,0
1787582096.6144881,36,-39,-37,42,2635,21722,645,26185,1019634,1019635,1019637,1019638,0,0,0,0
1787582096.7427418,45,-40,-43,39,3695,20653,32317,27322,1019664,1019665,1019667,1019668,0,0,0,0
1787582096.7586598,39,-35,-36,40,4802,19549,31169,28397,1019694,1019695,1019697,1019698,0,0,0,0
1787582096.7745094,35,-37,-41,50,5848,18490,30115,29438,1019724,1019725,1019727,1019728,0,0,0,0
1787582096.8524346,23,-43,-35,30,7915,16299,28071,31547,1019784,1019785,1019787,1019788,0,0,0,0
1787582096.9330373,43,-46,-39,37,9979,14224,26040,818,1019844,1019845,1019847,1019848,0,0,0,0
1787582096.998986,40,-44,-49,38,10904,13195,24966,1960,1019874,1019875,1019877,1019878,0,0,0,0
1787582097.0459383,36,-35,-30,37,11989,12135,23977,3052,1019904,1019905,1019907,1019908,0,0,0,0
1787582097.117267,38,-37,-40,39,12970,11150,22998,4068,1019934,1019935,1019937,1019938,0,0,0,0
1787582097.1497324,38,-40,-39,44,14039,10080,21828,5127,1019964,1019965,1019967,1019968,0,0,0,0
1787582097.2179356,32,-38,-40,41,15084,9096,20855,6175,1019994,1019995,1019997,1019998,0,0,0,0
1787582097.245934,27,-32,-34,43,16143,7899,19773,7225,1020024,1020025,1020027,1020028,0,0,0,0
1787582097.337634,37,-36,-37,45,17228,6979,18803,8279,1020054,1020055,1020057,1020058,0,0,0,0
1787582097.369837,41,-46,-33,33,18274,5883,17737,9365,1020084,1020085,1020087,1020088,0,0,0,0
1787582097.4022887,42,-38,-44,36,19319,4794,16660,10445,1020114,1020115,1020117,1020118,0,0,0,0
1787582097.4655461,42,-47,-46,32,20323,3716,15511,11491,1020144,1020145,1020147,1020148,0,0,0,0
1787582097.5931885,40,-39,-43,32,21265,2585,14375,12448,1020174,1020175,1020177,1020178,0,0,0,0
1787582097.6024463,33,-41,-43,38,22312,1510,13210,13368,1020204,1020205,1020207,1020208,0,0,0,0
1787582097.6232562,37,-45,-40,36,23295,435,12059,14282,1020234,1020235,1020237,1020238,0,0,0,0
1787582097.7256675,42,-39,-34,36,25404,31183,10037,16414,1020294,1020295,1020297,1020298,0,0,0,0
1787582097.7842972,41,-47,-44,36,26363,30116,8985,17407,1020324,1020325,1020327,1020328,0,0,0,0
1787582097.8453557,41,-30,-30,29,27447,29010,7973,18540,1020354,1020355,1020357,1020358,0,0,0,0
1787582097.895036,36,-33,-37,32,28408,28039,6930,19568,1020384,1020385,1020387,1020388,0,0,0,0
1787582097.9268298,41,-42,-35,40,29496,26946,5816,20629,1020414,1020415,1020417,1020418,0,0,0,0
1787582097.9923613,32,-33,-43,37,30549,25963,4797,21734,1020444,1020445,1020447,1020448,0,0,0,0
1787582098.0444252,39,-39,-39,42,31649,24735,3683,22835,1020474,1020475,1020477,1020478,0,0,0,0
1787582098.104596,32,-37,-41,46,32725,23759,2731,23925,1020504,1020505,1020507,1020508,0,0,0,0
1787582098.1641843,28,-43,-40,36,955,22757,1680,24871,1020534,1020535,1020537,1020538,0,0,0,0
1787582098.1936705,35,-35,-38,36,1980,21740,688,25880,1020564,1020565,1020567,1020568,0,0,0,0
1787582098.2413936,42,-35,-36,33,2946,20754,32459,26936,1020594,1020595,1020597,1020598,0,0,0,0
1787582098.3577054,33,-27,-30,30,5035,18663,30404,29001,1020654,1020655,1020657,1020658,0,0,0,0
1787582098.385243,18,-23,-12,6,5750,17968,29782,29676,1020684,1020685,1020687,1020688,0,0,0,0
1787582098.6018887,19,-21,-8,15,6124,17557,29569,29960,1020714,1020715,1020717,1020718,0,0,0,0
1787582098.6018887,-5,0,-4,-5,6547,17241,29252,30253,1020804,1020805,1020807,1020808,0,0,0,0
1787582098.730417,-3,4,1,-3,6531,17259,29272,30236,1020834,1020835,1020837,1020838,0,0,0,0
1787582098.8027756,2,-1,4,-4,6274,17487,29540,30048,1020954,1020955,1020957,1020958,0,0,0,0
1787582098.9138992,-3,5,4,-3,6213,17535,29598,29997,1020984,1020985,1020987,1020988,0,0,0,0
1787582098.9138992,-2,1,-4,-5,6147,17591,29661,29938,1021014,1021015,1021017,1021018,0,0,0,0
1787582099.017412,0,5,-1,0,6057,17665,29741,29852,1021074,1021075,1021077,1021078,0,0,0,0
1787582099.0447245,0,0,-3,-2,6046,17675,29749,29845,1021104,1021105,1021107,1021108,0,0,0,0
1787582099.2345262,1,3,1,1,6055,17667,29742,29856,1021134,1021135,1021137,1021138,0,0,0,0
1787582099.2402694,-4,4,2,1,6043,17675,29751,29839,1021194,1021195,1021197,1021198,0,0,0,0
1787582099.2402694,-1,-1,-1,-1,6035,17687,29763,29830,1021224,1021225,1021227,1021228,0,0,0,0
1787582099.3425357,-43,-67,-84,-65,5983,17624,29605,29565,1021254,1021255,1021257,1021258,0,0,0,0
1787582099.3646276,-78,-77,-106,-80,4225,16090,27195,26945,1021284,1021285,1021287,1021288,0,0,0,0
1787582099.422094,-63,-85,-93,-76,2278,13989,25177,24997,1021314,1021315,1021317,1021318,0,0,0,0
1787582099.5105233,-75,-78,-68,-70,31156,9703,20802,21240,1021374,1021375,1021377,1021378,0,0,0,0
1787582099.632203,-85,-91,-73,-86,27166,5220,17031,17867,1021434,1021435,1021437,1021438,0,0,0,0
1787582099.8030446,-93,-75,-67,-77,25091,3217,15075,15835,1021464,1021465,1021467,1021468,0,0,0,0
1787582099.816081,-60,-82,-90,-80,18536,30050,8790,9037,1021554,1021555,1021557,1021558,0,0,0,0
1787582099.9207563,-76,-79,-81,-71,14296,25964,4343,4548,1021614,1021615,1021617,1021618,0,0,0,0
1787582100.0446746,-83,-88,-69,-71,12170,23709,2172,2391,1021644,1021645,1021647,1021648,0,0,0,0
1787582100.045199,-85,-85,-71,-67,10070,21462,62,383,1021674,1021675,1021677,1021678,0,0,0,0
1787582100.157181,-52,-45,-38,-38,8357,19673,31275,31741,1021704,1021705,1021707,1021708,0,0,0,0
1787582100.2470355,-30,-23,-20,-20,6592,17720,29513,30257,1021764,1021765,1021767,1021768,0,0,0,0
1787582100.2470355,-17,-13,-8,-12,5985,17206,29057,29830,1021794,1021795,1021797,1021798,0,0,0,0
1787582100.365037,2,-1,-3,1,5798,17045,28777,29439,1021854,1021855,1021857,1021858,0,0,0,0
1787582100.4488752,-5,2,2,-5,5833,17245,28946,29465,1021914,1021915,1021917,1021918,0,0,0,0
1787582100.560098,0,3,-1,0,5788,17298,28991,29397,1021974,1021975,1021977,1021978,0,0,0,0
1787582100.576328,4,7,-4,-4,5773,17315,29005,29385,1022004,1022005,1022007,1022008,0,0,0,0
1787582100.6563673,2,3,-5,-3,5768,17327,29016,29381,1022034,1022035,1022037,1022038,0,0,0,0
1787582100.6882455,2,-5,-2,0,5779,17316,29003,29393,1022064,1022065,1022067,1022068,0,0,0,0
1787582100.8004897,-1,0,0,-6,5802,17288,28978,29418,1022154,1022155,1022157,1022158,0,0,0,0
1787582100.8482866,-1,-3,-2,-1,5804,17291,28979,29419,1022184,1022185,1022187,1022188,0,0,0,0
1787582100.912853,1,3,-1,-2,5794,17300,28989,29405,1022214,1022215,1022217,1022218,0,0,0,0
1787582101.0600345,4,-1,1,-1,5784,17309,28998,29395,1022244,1022245,1022247,1022248,0,0,0,0
1787582101.0757751,7,-1,-12,-5,5791,17297,28986,29405,1022304,1022305,1022307,1022308,0,0,0,0
1787582101.1723127,-4,1,1,1,5796,17295,28984,29413,1022334,1022335,1022337,1022338,0,0,0,0
1787582101.1723127,4,-3,3,0,5796,17299,28987,29411,1022364,1022365,1022367,1022368,0,0,0,0
1787582101.2057455,-3,0,0,-4,5791,17304,28992,29402,1022394,1022395,1022397,1022398,0,0,0,0
1787582101.2394068,7,0,-1,5,5810,17306,28990,29434,1022424,1022425,1022427,1022428,0,0,0,0
1787582101.3451128,16,-14,-9,24,6032,17165,28867,29778,1022454,1022455,1022457,1022458,0,0,0,0
1787582101.3959036,41,-44,-52,63,8018,15584,27278,31795,1022514,1022515,1022517,1022518,0,0,0,0
1787582101.4579656,58,-59,-55,71,9599,14089,25955,720,1022544,1022545,1022547,1022548,0,0,0,0
1787582101.4895055,69,-51,-49,63,11281,12589,24356,2608,1022574,1022575,1022577,1022578,0,0,0,0
1787582101.5647135,51,-56,-54,56,12866,11220,22981,4189,1022604,1022605,1022607,1022608,0,0,0,0
1787582101.6050599,44,-44,-37,40,14284,10004,21792,5548,1022634,1022635,1022637,1022638,0,0,0,0
1787582101.6536663,40,-26,-24,34,15423,9105,20910,6604,1022664,1022665,1022667,1022668,0,0,0,0
1787582101.725921,24,-26,-22,29,16288,8241,20234,7444,1022694,1022695,1022697,1022698,0,0,0,0
1787582101.8089817,32,-22,-15,31,17099,7697,19660,8140,1022724,1022725,1022727,1022728,0,0,0,0
1787582101.8303728,25,-23,-28,26,17887,7105,19101,9029,1022754,1022755,1022757,1022758,0,0,0,0
1787582101.8857603,36,-36,-29,56,18799,6339,18378,10033,1022784,1022785,1022787,1022788,0,0,0,0
1787582101.942258,43,-36,-38,48,20009,5294,17364,11329,1022814,1022815,1022817,1022818,0,0,0,0
1787582102.0453062,50,-33,-39,50,21291,4241,16205,12614,1022844,1022845,1022847,1022848,0,0,0,0
1787582102.0586743,53,-44,-43,43,22856,3063,14947,14024,1022874,1022875,1022877,1022878,0,0,0,0
1787582102.0625892,52,-44,-35,53,24192,1975,13770,15338,1022904,1022905,1022907,1022908,0,0,0,0
1787582102.1659176,42,-35,-31,46,26553,32607,11731,17776,1022964,1022965,1022967,1022968,0,0,0,0
1787582102.2608292,32,-32,-34,27,27572,31735,10993,18839,1022994,1022995,1022997,1022998,0,0,0,0
1787582102.2738347,34,-29,-22,22,28432,31054,10307,19744,1023024,1023025,1023027,1023028,0,0,0,0
1787582102.3225446,31,-28,-33,32,29400,30300,9498,20750,1023054,1023055,1023057,1023058,0,0,0,0
1787582102.3852754,39,-28,-35,36,30426,29361,8611,21761,1023084,1023085,1023087,1023088,0,0,0,0
1787582102.4843533,44,-43,-41,47,31625,28479,7700,22911,1023114,1023115,1023117,1023118,0,0,0,0
1787582102.5380912,39,-47,-44,38,84,27438,6560,24248,1023144,1023145,1023147,1023148,0,0,0,0
1787582102.5448017,48,-35,-37,41,1349,26390,5525,25508,1023174,1023175,1023177,1023178,0,0,0,0
1787582102.5937595,42,-44,-38,34,2596,25326,4404,26815,1023204,1023205,1023207,1023208,0,0,0,0
1787582102.6504254,51,-32,-28,42,3892,24236,3356,27983,1023234,1023235,1023237,1023238,0,0,0,0
1787582102.6983924,36,-29,-32,37,4983,23311,2496,29059,1023264,1023265,1023267,1023268,0,0,0,0
1787582102.7143612,37,-33,-33,29,6026,22381,1670,30203,1023294,1023295,1023297,1023298,0,0,0,0
1787582102.8110523,30,-32,-33,33,7060,21541,767,31278,1023324,1023325,1023327,1023328,0,0,0,0
1787582102.8910198,37,-34,-34,40,9343,19720,31659,675,1023384,1023385,1023387,1023388,0,0,0,0
1787582102.9233696,34,-35,-38,44,10423,18743,30780,1899,1023414,1023415,1023417,1023418,0,0,0,0
1787582102.9722977,37,-39,-45,45,11597,17716,29810,3118,1023444,1023445,1023447,1023448,0,0,0,0
1787582103.0919242,39,-45,-32,48,12700,16699,28866,4311,1023474,1023475,1023477,1023478,0,0,0,0
1787582103.0919242,45,-31,-40,32,13879,15678,27927,5543,1023504,1023505,1023507,1023508,0,0,0,0
1787582103.2071557,42,-33,-31,36,15037,14772,26851,6703,1023534,1023535,1023537,1023538,0,0,0,0
1787582103.2071557,31,-29,-37,35,16225,13866,25967,7739,1023564,1023565,1023567,1023568,0,0,0,0
1787582103.2228687,38,-34,-39,40,17374,12956,24908,8860,1023594,1023595,1023597,1023598,0,0,0,0
1787582103.270737,34,-32,-31,43,18492,12124,23996,9891,1023624,1023625,1023627,1023628,0,0,0,0
1787582103.3421316,34,-39,-34,43,19658,11209,23083,11077,1023654,1023655,1023657,1023658,0,0,0,0
1787582103.430464,39,-36,-33,47,20750,10220,22021,12163,1023684,1023685,1023687,1023688,0,0,0,0
1787582103.4425292,43,-25,-34,43,21959,9325,21124,13432,1023714,1023715,1023717,1023718,0,0,0,0
1787582103.478376,36,-42,-41,45,23113,8312,20106,14526,1023744,1023745,1023747,1023748,0,0,0,0
1787582103.5803597,35,-29,-41,38,25435,6486,18243,16800,1023804,1023805,1023807,1023808,0,0,0,0
1787582103.730211,-46,60,117,-159,25933,6147,19335,12796,1023864,1023865,1023867,1023868,0,0,0,0
1787582103.7460027,-87,8,23,-23,23973,6992,20305,11050,1023894,1023895,1023897,1023898,0,0,0,0
1787582103.8271677,-21,1,5,-19,22331,7475,20855,9890,1023984,1023985,1023987,1023988,0,0,0,0
1787582103.923807,-16,5,7,-14,21917,7599,21059,9566,1024014,1024015,1024017,1024018,0,0,0,0
1787582103.943757,-15,12,6,-13,21545,7766,21275,9301,1024044,1024045,1024047,1024048,0,0,0,0
1787582104.059057,-13,12,7,-7,21228,7971,21520,9060,1024074,1024075,1024077,1024078,0,0,0,0
1787582104.059057,-8,11,11,-14,20938,8245,21811,8759,1024104,1024105,1024107,1024108,0,0,0,0
1787582104.1416883,-13,14,8,-11,20329,8935,22408,8060,1024164,1024165,1024167,1024168,0,0,0,0
1787582104.2538483,-14,11,14,-12,19543,9591,23230,7393,1024224,1024225,1024227,1024228,0,0,0,0
1787582104.3461125,-8,13,11,-10,18929,10401,23988,6845,1024284,1024285,1024287,1024288,0,0,0,0
1787582104.461108,-13,12,11,-12,18312,11163,24665,6112,1024344,1024345,1024347,1024348,0,0,0,0
1787582104.5473323,-7,15,4,-14,17724,11881,25429,5518,1024404,1024405,1024407,1024408,0,0,0,0
1787582104.6691775,-3,4,5,-8,17384,12491,25828,5009,1024464,1024465,1024467,1024468,0,0,0,0
1787582104.7538893,-7,3,5,-7,17222,12633,25971,4841,1024494,1024495,1024497,1024498,0,0,0,0
1787582104.765383,-7,1,1,-3,17106,12735,26078,4734,1024524,1024525,1024527,1024528,0,0,0,0
1787582104.8515167,-4,2,2,-4,16887,12900,26253,4558,1024584,1024585,1024587,1024588,0,0,0,0
1787582104.9492488,-6,7,4,-5,16779,12999,26349,4475,1024614,1024615,1024617,1024618,0,0,0,0
1787582104.964026,-2,3,-1,4,16695,13079,26422,4410,1024644,1024645,1024647,1024648,0,0,0,0
1787582105.0672588,2,-3,1,3,16712,13047,26395,4441,1024704,1024705,1024707,1024708,0,0,0,0
1787582105.162864,3,0,-5,1,16812,12952,26307,4520,1024734,1024735,1024737,1024738,0,0,0,0
1787582105.28125,1,-7,-3,3,17039,12768,26125,4695,1024794,1024795,1024797,1024798,0,0,0,0
1787582105.28125,3,-5,-2,-1,17130,12687,26045,4781,1024824,1024825,1024827,1024828,0,0,0,0
1787582105.378419,5,-6,-9,3,17323,12506,25857,4992,1024884,1024885,1024887,1024888,0,0,0,0
1787582105.481811,8,-1,-5,5,17448,12371,25725,5146,1024914,1024915,1024917,1024918,0,0,0,0
1787582105.481811,4,-5,-5,8,17582,12216,25590,5298,1024944,1024945,1024947,1024948,0,0,0,0
1787582105.572018,7,-8,-10,3,17891,11894,25268,5596,1025004,1025005,1025007,1025008,0,0,0,0
1787582105.6900818,6,-6,-7,4,18031,11768,25110,5702,1025034,1025035,1025037,1025038,0,0,0,0
1787582105.6900818,-2,-7,-3,3,18145,11665,24978,5796,1025064,1025065,1025067,1025068,0,0,0,0
1787582105.7733853,5,-3,-1,3,18242,11576,24866,5881,1025094,1025095,1025097,1025098,0,0,0,0
1787582105.7803044,1,-5,-3,1,18322,11497,24768,5959,1025124,1025125,1025127,1025128,0,0,0,0
1787582105.891517,8,-6,-5,5,18512,11284,24544,6199,1025184,1025185,1025187,1025188,0,0,0,0
1787582105.9819431,0,-8,-3,3,18619,11159,24443,6334,1025214,1025215,1025217,1025218,0,0,0,0
1787582105.9827673,4,-7,-1,6,18717,11030,24342,6437,1025244,1025245,1025247,1025248,0,0,0,0
1787582106.0835195,1,-7,-5,1,18904,10825,24181,6649,1025304,1025305,1025307,1025308,0,0,0,0
1787582106.1827402,0,2,1,-5,18959,10771,24136,6699,1025334,1025335,1025337,1025338,0,0,0,0
1787582106.2921817,0,2,1,-3,18925,10807,24175,6654,1025424,1025425,1025427,1025428,0,0,0,0
1787582106.3910227,-5,1,-2,1,18838,10899,24247,6560,1025484,1025485,1025487,1025488,0,0,0,0
1787582106.514128,-2,1,-1,0,18805,10934,24270,6529,1025544,1025545,1025547,1025548,0,0,0,0
1787582106.514128,-2,1,-1,0,18805,10934,24270,6529,1025544,1025545,1025547,1025548,0,0,0,0
1787582106.5748742,1,-3,-4,-1,18834,10902,24246,6564,1025604,1025605,1025607,1025608,0,0,0,0
1787582106.7998257,-1,-3,0,-2,18847,10886,24235,6579,1025634,1025635,1025637,1025638,0,0,0,0
1787582106.7998257,1,1,0,0,18852,10883,24233,6582,1025664,1025665,1025667,1025668,0,0,0,0
1787582106.913311,3,1,-5,-5,18833,10903,24249,6560,1025754,1025755,1025757,1025758,0,0,0,0
1787582106.9195461,-1,2,0,-3,18838,10896,24243,6567,1025814,1025815,1025817,1025818,0,0,0,0
1787582106.9969392,-5,2,3,-3,18845,10891,24238,6576,1025844,1025845,1025847,1025848,0,0,0,0
1787582107.075736,3,-1,-4,2,18870,10858,24212,6613,1025874,1025875,1025877,1025878,0,0,0,0
1787582107.075736,2,-3,1,3,18935,10784,24152,6683,1025904,1025905,1025907,1025908,0,0,0,0
1787582107.09527,1,-3,-2,6,18979,10743,24118,6719,1025934,1025935,1025937,1025938,0,0,0,0
1787582107.2052891,-9,1,3,-4,18935,10790,24160,6670,1025994,1025995,1025997,1025998,0,0,0,0
1787582107.3171942,-5,3,-1,-1,18888,10839,24200,6618,1026024,1026025,1026027,1026028,0,0,0,0
1787582107.4137497,-4,-1,1,2,18712,11036,24360,6409,1026084,1026085,1026087,1026088,0,0,0,0
1787582107.4191294,-4,-1,0,2,18654,11096,24413,6338,1026114,1026115,1026117,1026118,0,0,0,0
1787582107.6210957,-4,0,2,0,18636,11120,24425,6321,1026174,1026175,1026177,1026178,0,0,0,0
1787582107.6210957,-2,0,2,0,18704,11041,24355,6415,1026234,1026235,1026237,1026238,0,0,0,0
1787582107.7328558,7,-1,-1,3,18795,10940,24274,6528,1026294,1026295,1026297,1026298,0,0,0,0
1787582107.8233974,7,-1,0,2,18826,10902,24246,6563,1026324,1026325,1026327,1026328,0,0,0,0
1787582107.8495977,-4,1,0,4,18842,10887,24235,6577,1026354,1026355,1026357,1026358,0,0,0,0
1787582107.8603103,-2,1,4,-2,18839,10892,24239,6570,1026384,1026385,1026387,1026388,0,0,0,0
1787582107.940594,0,3,-1,1,18824,10907,24252,6554,1026414,1026415,1026417,1026418,0,0,0,0
1787582108.0301518,-2,2,7,-1,18807,10925,24266,6535,1026444,1026445,1026447,1026448,0,0,0,0
1787582108.0448725,-6,-1,-2,3,18797,10939,24274,6524,1026474,1026475,1026477,1026478,0,0,0,0
1787582108.1439745,0,0,0,3,18801,10930,24269,6532,1026534,1026535,1026537,1026538,0,0,0,0
1787582108.2246208,-4,5,2,0,18810,10921,24262,6542,1026564,1026565,1026567,1026568,0,0,0,0
1787582108.2433887,3,1,-4,1,18816,10916,24258,6547,1026594,1026595,1026597,1026598,0,0,0,0
1787582108.3620822,4,0,-1,-2,18814,10917,24260,6545,1026624,1026625,1026627,1026628,0,0,0,0
1787582108.3620822,-7,3,5,3,18803,10928,24268,6533,1026684,1026685,1026687,1026688,0,0,0,0
1787582108.4323032,-2,-3,-4,-2,18804,10927,24267,6534,1026714,1026715,1026717,1026718,0,0,0,0
1787582108.6327593,2,-3,3,1,18812,10918,24261,6544,1026774,1026775,1026777,1026778,0,0,0,0
1787582108.6535637,-1,0,-3,1,18810,10923,24265,6539,1026834,1026835,1026837,1026838,0,0,0,0
1787582108.7664242,2,0,-1,-2,18803,10929,24269,6532,1026864,1026865,1026867,1026868,0,0,0,0
1787582108.7726858,-9,2,-1,1,18805,10928,24268,6536,1026894,1026895,1026897,1026898,0,0,0,0
1787582108.7799711,0,-5,-3,-3,18810,10921,24262,6541,1026924,1026925,1026927,1026928,0,0,0,0
1787582108.8572898,1,1,-1,1,18814,10917,24261,6545,1026954,1026955,1026957,1026958,0,0,0,0
1787582108.9052422,6,0,-1,-5,18813,10918,24261,6543,1026984,1026985,1026987,1026988,0,0,0,0
1787582108.9210613,1,-5,15,0,18809,10920,24262,6539,1027014,1027015,1027017,1027018,0,0,0,0
1787582109.055767,-1,2,0,1,18808,10923,24265,6538,1027044,1027045,1027047,1027048,0,0,0,0
1787582109.055767,0,5,3,1,18808,10924,24266,6538,1027074,1027075,1027077,1027078,0,0,0,0
1787582109.2547705,0,5,-4,-1,18812,10921,24263,6541,1027134,1027135,1027137,1027138,0,0,0,0
1787582109.2674818,-3,1,-4,-1,18805,10927,24268,6533,1027194,1027195,1027197,1027198,0,0,0,0
1787582109.3679762,2,-5,-3,-2,18803,10930,24269,6532,1027224,1027225,1027227,1027228,0,0,0,0
1787582109.3679762,0,-2,-4,0,18805,10928,24267,6534,1027254,1027255,1027257,1027258,0,0,0,0
1787582109.465229,-3,-1,4,1,18809,10921,24263,6540,1027314,1027315,1027317,1027318,0,0,0,0
1787582109.4920723,-7,-1,-1,-6,18811,10921,24262,6540,1027344,1027345,1027347,1027348,0,0,0,0
1787582214.4388928,-1,-3,1,1,12509,21963,19073,17790,1090344,1090345,1090347,1090348,0,0,0,0
1787582214.50697,-5,-2,-2,1,12508,21964,19074,17789,1090374,1090375,1090377,1090378,0,0,0,0
1787582214.5867877,1,-6,2,-1,12507,21965,19076,17786,1090404,1090405,1090407,1090408,0,0,0,0
1787582214.5970094,3,0,-4,0,12506,21967,19077,17786,1090434,1090435,1090437,1090438,0,0,0,0
1787582214.7424057,-2,3,10,2,12508,21964,19073,17788,1090524,1090525,1090527,1090528,0,0,0,0
1787582214.8387344,-3,3,2,0,12505,21967,19077,17786,1090554,1090555,1090557,1090558,0,0,0,0
1787582214.8544078,1,1,1,0,12504,21969,19078,17785,1090584,1090585,1090587,1090588,0,0,0,0
1787582214.9410381,0,6,0,-10,12504,21967,19078,17785,1090614,1090615,1090617,1090618,0,0,0,0
1787582215.0018392,-5,4,4,-2,12506,21967,19077,17786,1090644,1090645,1090647,1090648,0,0,0,0
1787582215.0306687,2,-2,0,2,12509,21966,19074,17789,1090674,1090675,1090677,1090678,0,0,0,0
1787582215.1405017,-1,1,-1,-2,12513,21961,19070,17794,1090734,1090735,1090737,1090738,0,0,0,0
1787582215.3289473,2,-4,-2,2,12513,21962,19071,17793,1090764,1090765,1090767,1090768,0,0,0,0
1787582215.334845,0,0,1,1,12512,21964,19072,17792,1090854,1090855,1090857,1090858,0,0,0,0
1787582215.4400837,-1,-3,1,-1,12512,21962,19071,17793,1090914,1090915,1090917,1090918,0,0,0,0
1787582215.5499427,3,0,3,1,12511,21964,19073,17791,1090974,1090975,1090977,1090978,0,0,0,0
1787582215.6621974,1,-2,0,1,12511,21964,19073,17791,1091004,1091005,1091007,1091008,0,0,0,0
1787582215.6621974,2,2,4,-2,12512,21963,19071,17792,1091034,1091035,1091037,1091038,0,0,0,0
1787582215.7516527,-1,-3,-4,0,12512,21962,19071,17792,1091064,1091065,1091067,1091068,0,0,0,0
1787582215.7621555,-1,3,-5,-10,12513,21962,19071,17792,1091094,1091095,1091097,1091098,0,0,0,0
1787582215.9582837,-1,-5,0,2,12510,21965,19074,17789,1091184,1091185,1091187,1091188,0,0,0,0
1787582215.9582837,-1,0,-2,-1,12510,21966,19075,17789,1091214,1091215,1091217,1091218,0,0,0,0
1787582216.080728,2,-9,-4,-3,12509,21965,19075,17789,1091244,1091245,1091247,1091248,0,0,0,0
1787582216.080728,-2,1,-3,2,12511,21964,19073,17791,1091274,1091275,1091277,1091278,0,0,0,0
1787582216.096592,2,2,0,1,12513,21963,19071,17793,1091304,1091305,1091307,1091308,0,0,0,0
1787582216.1601324,0,1,-1,-1,12514,21962,19070,17794,1091334,1091335,1091337,1091338,0,0,0,0
1787582216.2729342,2,-2,3,3,12514,21962,19070,17793,1091364,1091365,1091367,1091368,0,0,0,0
1787582216.3413088,-2,-2,4,-1,12513,21962,19071,17794,1091424,1091425,1091427,1091428,0,0,0,0
1787582216.3563304,-2,3,8,1,12514,21961,19071,17794,1091454,1091455,1091457,1091458,0,0,0,0
1787582216.4210641,-4,1,0,1,12514,21962,19070,17795,1091484,1091485,1091487,1091488,0,0,0,0
1787582216.438969,-3,2,-1,5,12515,21961,19068,17795,1091514,1091515,1091517,1091518,0,0,0,0
1787582216.4804628,-2,-1,5,0,12516,21961,19068,17796,1091544,1091545,1091547,1091548,0,0,0,0
1787582216.5774934,-8,9,6,-10,12437,22059,19194,17655,1091604,1091605,1091607,1091608,0,0,0,0
1787582216.6734314,4,1,-8,1,12484,22007,19130,17752,1091664,1091665,1091667,1091668,0,0,0,0
1787582216.778138,3,-1,-1,1,12586,21921,19027,17852,1091754,1091755,1091757,1091758,0,0,0,0
1787582216.8822806,-1,3,2,1,12563,21946,19057,17822,1091814,1091815,1091817,1091818,0,0,0,0
1787582217.0915873,-3,0,1,-3,12543,21962,19076,17798,1091844,1091845,1091847,1091848,0,0,0,0
1787582217.0915873,-4,-3,-5,6,12542,21964,19076,17801,1091934,1091935,1091937,1091938,0,0,0,0
1787582217.1963048,0,7,4,-1,12553,21953,19063,17812,1091994,1091995,1091997,1091998,0,0,0,0
1787582217.3075113,2,0,0,-2,12545,21962,19075,17803,1092054,1092055,1092057,1092058,0,0,0,0
1787582217.3624265,0,-1,2,-2,12541,21964,19077,17799,1092084,1092085,1092087,1092088,0,0,0,0
1787582217.3996956,-2,-3,-5,0,12542,21963,19075,17801,1092114,1092115,1092117,1092118,0,0,0,0
1787582217.480581,0,-4,4,-2,12546,21961,19073,17805,1092144,1092145,1092147,1092148,0,0,0,0
1787582217.5921063,2,-1,-1,-2,12544,21961,19074,17802,1092234,1092235,1092237,1092238,0,0,0,0
1787582217.7094295,4,-1,3,-2,12543,21962,19074,17802,1092264,1092265,1092267,1092268,0,0,0,0
1787582217.7169447,-7,0,0,3,12545,21961,19073,17804,1092294,1092295,1092297,1092298,0,0,0,0
1787582217.78907,0,0,-3,-3,12546,21959,19071,17805,1092324,1092325,1092327,1092328,0,0,0,0
1787582217.801561,5,2,-1,-3,12547,21960,19072,17804,1092354,1092355,1092357,1092358,0,0,0,0
1787582217.9050047,-1,-1,0,0,12542,21964,19076,17800,1092414,1092415,1092417,1092418,0,0,0,0
1787582218.1261644,2,-3,-2,2,12548,21959,19071,17806,1092534,1092535,1092537,1092538,0,0,0,0
1787582218.1686547,2,2,1,-2,12544,21962,19074,17801,1092564,1092565,1092567,1092568,0,0,0,0
1787582218.2006514,-4,-6,-3,2,12541,21964,19076,17798,1092594,1092595,1092597,1092598,0,0,0,0
1787582218.2479606,-6,-2,-3,-1,12542,21964,19077,17799,1092624,1092625,1092627,1092628,0,0,0,0
1787582218.344154,-1,0,0,3,12549,21956,19067,17807,1092684,1092685,1092687,1092688,0,0,0,0
1787582218.4216964,2,2,-5,-1,12550,21956,19067,17807,1092714,1092715,1092717,1092718,0,0,0,0
1787582218.6052744,-3,-3,-1,-1,12542,21963,19074,17802,1092804,1092805,1092807,1092808,0,0,0,0
1787582218.6213963,-3,-1,2,-6,12546,21962,19071,17803,1092834,1092835,1092837,1092838,0,0,0,0
1787582218.8232517,-1,1,-1,0,12548,21957,19070,17806,1092894,1092895,1092897,1092898,0,0,0,0
1787582218.8232517,-3,1,4,0,12543,21965,19078,17799,1092954,1092955,1092957,1092958,0,0,0,0
1787582218.9364848,-4,3,-2,-4,12539,21965,19079,17797,1092984,1092985,1092987,1092988,0,0,0,0
1787582218.9364848,-2,1,3,0,12540,21965,19078,17799,1093014,1093015,1093017,1093018,0,0,0,0
1787582219.0204813,-1,0,-1,0,12545,21961,19073,17804,1093044,1093045,1093047,1093048,0,0,0,0
1787582219.0431774,0,-2,-5,-2,12547,21957,19069,17807,1093074,1093075,1093077,1093078,0,0,0,0
1787582219.159081,-1,1,0,2,12547,21957,19070,17806,1093104,1093105,1093107,1093108,0,0,0,0
1787582219.159081,-1,2,1,-1,12544,21961,19073,17803,1093164,1093165,1093167,1093168,0,0,0,0
1787582219.2304533,7,-1,0,0,12545,21961,19074,17803,1093194,1093195,1093197,1093198,0,0,0,0
1787582219.35694,3,-6,6,1,12547,21958,19070,17805,1093254,1093255,1093257,1093258,0,0,0,0
1787582219.4379034,1,5,-1,-2,12547,21958,19070,17805,1093284,1093285,1093287,1093288,0,0,0,0
1787582219.4379034,0,1,-5,-2,12547,21959,19071,17805,1093314,1093315,1093317,1093318,0,0,0,0
1787582219.469974,2,1,1,2,12546,21959,19072,17805,1093344,1093345,1093347,1093348,0,0,0,0
1787582219.6390922,-4,0,-3,1,12547,21959,19071,17806,1093434,1093435,1093437,1093438,0,0,0,0
1787582219.6548743,-1,-1,6,12,12548,21957,19069,17806,1093464,1093465,1093467,1093468,0,0,0,0
1787582219.765593,-2,1,-4,3,12548,21960,19071,17805,1093524,1093525,1093527,1093528,0,0,0,0
1787582219.8486874,3,-2,2,3,12546,21959,19073,17804,1093554,1093555,1093557,1093558,0,0,0,0
1787582219.8626873,-8,0,-4,-1,12544,21961,19074,17802,1093584,1093585,1093587,1093588,0,0,0,0
1787582219.960576,-4,-7,-1,0,12534,21968,19084,17787,1093644,1093645,1093647,1093648,0,0,0,0
1787582220.0569086,-2,-2,0,-3,12503,21996,19116,17750,1093704,1093705,1093707,1093708,0,0,0,0
1787582220.168902,-3,-1,0,-2,12486,22016,19140,17732,1093734,1093735,1093737,1093738,0,0,0,0
1787582220.168902,-5,-1,-4,0,12467,22030,19157,17713,1093764,1093765,1093767,1093768,0,0,0,0
1787582220.2028036,-1,-6,0,-1,12456,22042,19170,17699,1093794,1093795,1093797,1093798,0,0,0,0
1787582220.265488,0,-5,1,1,12450,22047,19175,17696,1093824,1093825,1093827,1093828,0,0,0,0
1787582220.3619483,0,0,-6,4,12466,22029,19154,17716,1093884,1093885,1093887,1093888,0,0,0,0
1787582220.4660997,-6,-2,-4,3,12519,21979,19094,17778,1093944,1093945,1093947,1093948,0,0,0,0
1787582220.5847259,-3,-3,-4,-3,12546,21959,19069,17807,1093974,1093975,1093977,1093978,0,0,0,0
1787582220.585732,2,1,-1,1,12559,21945,19055,17824,1094004,1094005,1094007,1094008,0,0,0,0
1787582220.6569884,-6,3,-4,1,12560,21948,19059,17818,1094034,1094035,1094037,1094038,0,0,0,0
1787582220.6727455,7,0,0,-1,12547,21960,19072,17802,1094064,1094065,1094067,1094068,0,0,0,0
1787582220.7859414,-2,-2,2,-2,12534,21970,19085,17788,1094094,1094095,1094097,1094098,0,0,0,0
1787582220.796593,-5,-6,-2,0,12519,21979,19099,17773,1094124,1094125,1094127,1094128,0,0,0,0
1787582220.8026621,-5,5,2,-3,12481,22020,19149,17728,1094154,1094155,1094157,1094158,0,0,0,0
1787582220.8774571,0,5,1,-1,12434,22062,19197,17677,1094184,1094185,1094187,1094188,0,0,0,0
1787582220.9948852,17,-5,-1,-3,12427,22076,19210,17674,1094244,1094245,1094247,1094248,0,0,0,0
1787582220.9948852,-1,5,1,-1,12436,22069,19199,17684,1094274,1094275,1094277,1094278,0,0,0,0
1787582221.0768604,0,-6,-4,4,12457,22051,19178,17707,1094304,1094305,1094307,1094308,0,0,0,0
1787582221.195824,0,-3,-6,7,12509,22005,19120,17770,1094334,1094335,1094337,1094338,0,0,0,0
1787582221.2022974,4,-3,-3,0,12583,21936,19042,17853,1094394,1094395,1094397,1094398,0,0,0,0
1787582221.3625202,5,-4,0,-3,12599,21921,19025,17871,1094424,1094425,1094427,1094428,0,0,0,0
1787582221.487224,-2,-2,1,2,12535,21981,19096,17790,1094544,1094545,1094547,1094548,0,0,0,0
1787582221.6124454,1,1,2,-2,12539,21977,19090,17798,1094574,1094575,1094577,1094578,0,0,0,0
1787582221.6158233,-1,-1,-1,2,12569,21950,19057,17833,1094634,1094635,1094637,1094638,0,0,0,0
1787582221.7026386,2,-2,1,-4,12572,21949,19056,17835,1094664,1094665,1094667,1094668,0,0,0,0
1787582221.8029144,1,-13,-1,-1,12563,21956,19065,17823,1094694,1094695,1094697,1094698,0,0,0,0
1787582221.8070972,-1,-1,-5,-1,12552,21967,19079,17809,1094724,1094725,1094727,1094728,0,0,0,0
1787582221.8208275,-3,-3,-2,-1,12546,21970,19083,17804,1094754,1094755,1094757,1094758,0,0,0,0
1787582221.8986025,4,-4,0,-4,12551,21967,19078,17811,1094784,1094785,1094787,1094788,0,0,0,0
1787582221.937344,-1,0,-2,-1,12559,21962,19070,17821,1094814,1094815,1094817,1094818,0,0,0,0
1787582222.0886774,2,-3,0,-3,12561,21958,19067,17821,1094844,1094845,1094847,1094848,0,0,0,0
1787582222.304707,-2,1,0,-1,12553,21963,19074,17814,1094964,1094965,1094967,1094968,0,0,0,0
1787582222.3067114,0,1,-1,0,12552,21964,19076,17812,1094994,1094995,1094997,1094998,0,0,0,0
1787582222.3196516,0,3,1,-2,12544,21971,19085,17804,1095054,1095055,1095057,1095058,0,0,0,0
1787582222.3807294,-3,-5,10,0,12538,21967,19083,17799,1095084,1095085,1095087,1095088,0,0,0,0
1787582222.4218798,0,2,5,0,12551,21986,19094,17806,1095114,1095115,1095117,1095118,0,0,0,0
1787582222.5071564,-4,-2,3,0,12544,21993,19102,17801,1095144,1095145,1095147,1095148,0,0,0,0
1787582222.622871,-2,-7,-1,-2,12536,21997,19106,17785,1095174,1095175,1095177,1095178,0,0,0,0
1787582222.622871,2,-1,-2,5,12535,21989,19100,17791,1095234,1095235,1095237,1095238,0,0,0,0
1787582222.7231064,-6,1,-1,3,12538,21986,19096,17795,1095264,1095265,1095267,1095268,0,0,0,0
1787582222.8282568,-2,-1,-3,-3,12539,21987,19098,17794,1095294,1095295,1095297,1095298,0,0,0,0
1787582222.9175115,-3,-5,-2,2,12532,21993,19105,17788,1095414,1095415,1095417,1095418,0,0,0,0
1787582223.028569,0,-3,-18,-4,12535,21991,19103,17789,1095444,1095445,1095447,1095448,0,0,0,0
1787582223.028569,-2,-4,-2,-1,12530,21996,19109,17783,1095504,1095505,1095507,1095508,0,0,0,0
1787582223.1323192,0,-5,0,2,12529,21996,19109,17782,1095534,1095535,1095537,1095538,0,0,0,0
1787582223.2379243,0,1,2,-1,12534,21993,19105,17787,1095624,1095625,1095627,1095628,0,0,0,0
1787582223.3200347,-1,1,1,0,12532,21994,19107,17786,1095654,1095655,1095657,1095658,0,0,0,0
1787582223.3755133,2,1,1,-1,12531,21995,19108,17784,1095684,1095685,1095687,1095688,0,0,0,0
1787582223.425358,2,1,1,-1,12531,21995,19108,17784,1095684,1095685,1095687,1095688,0,0,0,0
1787582223.4392467,1,2,-3,1,12533,21994,19106,17786,1095744,1095745,1095747,1095748,0,0,0,0
1787582223.5256596,-4,3,3,-2,12532,21996,19111,17782,1095774,1095775,1095777,1095778,0,0,0,0
1787582223.54262,-1,5,5,-1,12522,22004,19132,17758,1095804,1095805,1095807,1095808,0,0,0,0
1787582223.6430683,-1,5,5,-1,12522,22004,19132,17758,1095804,1095805,1095807,1095808,0,0,0,0
1787582223.6430683,0,-2,0,-3,12522,21978,19093,17758,1095864,1095865,1095867,1095868,0,0,0,0
1787582223.7385037,1,1,-6,-1,12529,21974,19092,17771,1095894,1095895,1095897,1095898,0,0,0,0
1787582223.7385037,-1,-4,-2,1,12568,21948,19058,17828,1095924,1095925,1095927,1095928,0,0,0,0
1787582223.8545291,0,-2,2,2,12675,21852,18950,17949,1095984,1095985,1095987,1095988,0,0,0,0
1787582223.9451814,-4,-3,2,-4,12663,21857,18956,17923,1096044,1096045,1096047,1096048,0,0,0,0
1787582224.0764384,-1,5,3,-4,12497,22015,19143,17713,1096104,1096105,1096107,1096108,0,0,0,0
1787582224.1460497,-3,2,3,-5,12408,22097,19241,17623,1096134,1096135,1096137,1096138,0,0,0,0
1787582224.159968,-3,-1,-1,-1,12351,22147,19293,17570,1096164,1096165,1096167,1096168,0,0,0,0
1787582224.2610404,1,-5,4,0,12320,22164,19308,17545,1096194,1096195,1096197,1096198,0,0,0,0
1787582224.2768202,1,-1,-5,5,12347,22163,19321,17595,1096224,1096225,1096227,1096228,0,0,0,0
1787582224.2928376,17,-13,-18,24,12638,21945,19103,17970,1096254,1096255,1096257,1096258,0,0,0,0
1787582224.373322,43,-36,-35,40,13513,21334,18465,18876,1096284,1096285,1096287,1096288,0,0,0,0
1787582224.4099674,51,-52,-45,72,14857,20198,17313,20496,1096314,1096315,1096317,1096318,0,0,0,0
1787582224.4704165,53,-50,-67,50,16425,18696,15866,22140,1096344,1096345,1096347,1096348,0,0,0,0
1787582224.5306394,59,-56,-53,63,18203,17145,14298,24009,1096374,1096375,1096377,1096378,0,0,0,0
1787582224.583186,49,-50,-34,47,19801,15747,12903,25468,1096404,1096405,1096407,1096408,0,0,0,0
1787582224.6014462,39,-39,-37,33,21007,14600,11921,26733,1096434,1096435,1096437,1096438,0,0,0,0
1787582224.6474633,38,-22,-28,28,22114,13766,11165,27691,1096464,1096465,1096467,1096468,0,0,0,0
1787582224.7568955,30,-22,-16,30,22942,13084,10484,28424,1096494,1096495,1096497,1096498,0,0,0,0
1787582224.7859406,32,-22,-24,35,23673,12586,9936,29178,1096524,1096525,1096527,1096528,0,0,0,0
1787582224.819902,29,-26,-20,30,24558,11916,9197,30072,1096554,1096555,1096557,1096558,0,0,0,0
1787582224.8827422,37,-31,-40,48,25620,11131,8323,31079,1096584,1096585,1096587,1096588,0,0,0,0
1787582224.9329875,46,-43,-46,46,26850,10052,7329,32339,1096614,1096615,1096617,1096618,0,0,0,0
1787582224.9872696,44,-54,-42,47,28154,8917,6158,943,1096644,1096645,1096647,1096648,0,0,0,0
1787582224.9937952,56,-41,-51,42,29513,7606,5004,2486,1096674,1096675,1096677,1096678,0,0,0,0
1787582225.063444,50,-48,-41,45,30853,6556,3777,3718,1096704,1096705,1096707,1096708,0,0,0,0
1787582225.1118546,53,-37,-35,46,32074,5414,2817,4959,1096734,1096735,1096737,1096738,0,0,0,0
1787582225.2091217,36,-34,-33,39,341,4497,1982,6001,1096764,1096765,1096767,1096768,0,0,0,0
1787582225.222812,34,-30,-25,31,1279,3614,1194,7022,1096794,1096795,1096797,1096798,0,0,0,0
1787582225.2793527,17,-32,-36,32,2294,2904,456,7946,1096824,1096825,1096827,1096828,0,0,0,0
1787582225.3404129,37,-24,-33,32,3360,2168,32364,9044,1096854,1096855,1096857,1096858,0,0,0,0
1787582225.3747892,36,-42,-34,40,4569,1218,31330,10118,1096884,1096885,1096887,1096888,0,0,0,0
1787582225.3886366,41,-37,-38,43,5707,258,30344,11323,1096914,1096915,1096917,1096918,0,0,0,0
1787582225.48632,43,-45,-38,44,6968,32006,29239,12521,1096944,1096945,1096947,1096948,0,0,0,0
1787582225.5026155,39,-40,-40,36,8163,30960,28227,13835,1096974,1096975,1096977,1096978,0,0,0,0
1787582225.583616,36,-41,-38,41,9423,29882,27195,15051,1097004,1097005,1097007,1097008,0,0,0,0
1787582225.6628754,29,-32,-36,44,10505,28815,26321,16275,1097034,1097035,1097037,1097038,0,0,0,0
1787582225.6790774,38,-32,-37,36,11692,27918,25408,17370,1097064,1097065,1097067,1097068,0,0,0,0
1787582225.7110403,33,-34,-23,34,12733,26973,24381,18518,1097094,1097095,1097097,1097098,0,0,0,0
1787582225.783409,47,-32,-34,34,13868,26241,23583,19560,1097124,1097125,1097127,1097128,0,0,0,0
1787582225.8530738,39,-35,-45,32,14912,25295,22663,20676,1097154,1097155,1097157,1097158,0,0,0,0
1787582225.9011126,37,-24,-35,37,16023,24299,21727,21774,1097184,1097185,1097187,1097188,0,0,0,0
1787582225.916746,43,-32,-34,42,17205,23380,20826,22961,1097214,1097215,1097217,1097218,0,0,0,0
1787582225.9977405,40,-40,-26,38,18348,22301,19735,24226,1097244,1097245,1097247,1097248,0,0,0,0
1787582226.044177,45,-40,-29,45,19534,21336,18791,25383,1097274,1097275,1097277,1097278,0,0,0,0
1787582226.0883923,36,-44,-42,36,20685,20263,17810,26649,1097304,1097305,1097307,1097308,0,0,0,0
1787582226.1507387,54,-41,-39,35,21829,19268,16836,27804,1097334,1097335,1097337,1097338,0,0,0,0
1787582226.1829348,34,-35,-41,37,23001,18298,15921,28927,1097364,1097365,1097367,1097368,0,0,0,0
1787582226.2851458,44,-36,-30,33,24063,17319,14997,30141,1097394,1097395,1097397,1097398,0,0,0,0
1787582226.2951925,46,-34,-32,35,25217,16365,14064,31189,1097424,1097425,1097427,1097428,0,0,0,0
1787582226.3113875,38,-39,-39,44,26196,15494,13130,32196,1097454,1097455,1097457,1097458,0,0,0,0
1787582226.4079168,47,-45,-43,38,27310,14515,12126,419,1097484,1097485,1097487,1097488,0,0,0,0
1787582226.4237082,35,-34,-40,38,28321,13543,11051,1411,1097514,1097515,1097517,1097518,0,0,0,0
1787582226.4713469,38,-41,-39,47,29370,12509,10013,2505,1097544,1097545,1097547,1097548,0,0,0,0
1787582226.5882607,36,-41,-38,34,30478,11507,8938,3512,1097574,1097575,1097577,1097578,0,0,0,0
1787582226.5882607,34,-43,-40,29,31561,10377,7873,4628,1097604,1097605,1097607,1097608,0,0,0,0
1787582226.661588,28,-34,-34,34,32674,9377,6715,5755,1097634,1097635,1097637,1097638,0,0,0,0
1787582226.6818478,36,-45,-32,29,975,8284,5662,6838,1097664,1097665,1097667,1097668,0,0,0,0
1787582226.7414713,33,-39,-37,25,2040,7241,4545,7737,1097694,1097695,1097697,1097698,0,0,0,0
1787582226.7900991,40,-43,-31,37,2977,6230,3426,8706,1097724,1097725,1097727,1097728,0,0,0,0
1787582226.8542416,42,-37,-45,32,3984,5072,2334,9544,1097754,1097755,1097757,1097758,0,0,0,0
1787582226.9185052,33,-47,-43,36,4914,4079,1122,10472,1097784,1097785,1097787,1097788,0,0,0,0
1787582226.9342287,37,-38,-46,35,5916,2953,3,11522,1097814,1097815,1097817,1097818,0,0,0,0
1787582227.0024,33,-47,-38,32,6945,1822,31575,12480,1097844,1097845,1097847,1097848,0,0,0,0
1787582227.0412445,28,-41,-44,37,7933,701,30473,13499,1097874,1097875,1097877,1097878,0,0,0,0
1787582227.087151,34,-41,-39,33,8954,32345,29236,14415,1097904,1097905,1097907,1097908,0,0,0,0
1787582227.1507556,32,-45,-42,23,10778,29989,26946,16300,1097964,1097965,1097967,1097968,0,0,0,0
1787582227.2437153,33,-37,-49,39,12767,27773,24722,18359,1098024,1098025,1098027,1098028,0,0,0,0
1787582227.346745,34,-35,-40,38,13765,26656,23550,19226,1098054,1098055,1098057,1098058,0,0,0,0
1787582227.375687,31,-35,-47,39,14701,25616,22361,20082,1098084,1098085,1098087,1098088,0,0,0,0
1787582227.4046936,36,-35,-38,24,15680,24407,21327,21102,1098114,1098115,1098117,1098118,0,0,0,0
1787582227.4617684,31,-39,-46,26,16534,23349,20243,22016,1098144,1098145,1098147,1098148,0,0,0,0
1787582227.542079,30,-42,-45,32,17558,22148,19114,23010,1098174,1098175,1098177,1098178,0,0,0,0
1787582227.6259105,29,-32,-39,28,18498,21159,18066,23999,1098204,1098205,1098207,1098208,0,0,0,0
1787582227.6418886,24,-25,-10,5,19210,20481,17435,24568,1098234,1098235,1098237,1098238,0,0,0,0
1787582227.747659,16,-11,-6,9,19613,20030,17080,24921,1098264,1098265,1098267,1098268,0,0,0,0
1787582227.760851,3,-3,-6,1,19923,19727,16810,25210,1098324,1098325,1098327,1098328,0,0,0,0
1787582227.8417468,4,0,-2,5,19986,19670,16744,25272,1098354,1098355,1098357,1098358,0,0,0,0
1787582227.938335,2,0,0,-2,20012,19646,16720,25295,1098384,1098385,1098387,1098388,0,0,0,0
1787582227.9587202,1,-2,4,5,20008,19657,16732,25283,1098444,1098445,1098447,1098448,0,0,0,0
1787582228.041385,2,3,-2,-1,20002,19662,16737,25276,1098474,1098475,1098477,1098478,0,0,0,0
1787582228.1540983,0,-7,1,1,20006,19659,16735,25282,1098504,1098505,1098507,1098508,0,0,0,0
1787582228.1600027,-1,2,-1,-3,19992,19667,16748,25263,1098564,1098565,1098567,1098568,0,0,0,0
1787582228.2568069,2,2,0,2,19965,19696,16782,25236,1098624,1098625,1098627,1098628,0,0,0,0
1787582228.3613362,1,-1,-3,-1,19986,19672,16753,25261,1098684,1098685,1098687,1098688,0,0,0,0
1787582228.4025445,0,-2,-3,-4,19992,19666,16747,25264,1098714,1098715,1098717,1098718,0,0,0,0
1787582228.4618058,-5,-2,1,-1,19984,19677,16763,25252,1098744,1098745,1098747,1098748,0,0,0,0
1787582228.6515236,-72,-56,-74,-151,18613,18433,14911,22857,1098804,1098805,1098807,1098808,0,0,0,0
1787582228.661505,-71,-90,-73,-70,14689,14442,10706,18762,1098864,1098865,1098867,1098868,0,0,0,0
1787582228.8531408,-72,-84,-83,-75,12606,12262,8622,16781,1098894,1098895,1098897,1098898,0,0,0,0
1787582228.8531408,-91,-76,-65,-72,8460,7718,4660,13331,1098954,1098955,1098957,1098958,0,0,0,0
1787582228.8531408,-83,-76,-77,-54,6409,5577,2694,11505,1098984,1098985,1098987,1098988,0,0,0,0
1787582228.971961,-77,-75,-66,-79,2149,1485,31275,7246,1099044,1099045,1099047,1099048,0,0,0,0
1787582229.1872401,-83,-81,-96,-91,26402,26272,22657,30755,1099164,1099165,1099167,1099168,0,0,0,0
1787582229.2702959,-69,-67,-63,-56,24318,24083,20643,28835,1099194,1099195,1099197,1099198,0,0,0,0
1787582229.284661,-36,-59,-35,-31,23013,22424,19232,27741,1099224,1099225,1099227,1099228,0,0,0,0
1787582229.319397,-34,-30,-19,-24,22112,21366,18385,27016,1099254,1099255,1099257,1099258,0,0,0,0
1787582229.4029627,-27,-34,-17,-7,21207,20517,17839,26628,1099284,1099285,1099287,1099288,0,0,0,0
1787582229.4724197,-12,-17,-8,-9,20768,19930,17468,26359,1099314,1099315,1099317,1099318,0,0,0,0
1787582229.4793482,1,-4,-1,2,20702,19789,17319,26296,1099344,1099345,1099347,1099348,0,0,0,0
1787582229.5219724,0,-6,-3,2,20789,19724,17243,26400,1099374,1099375,1099377,1099378,0,0,0,0
1787582229.631482,2,-4,2,5,20858,19684,17195,26479,1099404,1099405,1099407,1099408,0,0,0,0
1787582229.631482,-1,-4,-7,5,20929,19637,17151,26570,1099434,1099435,1099437,1099438,0,0,0,0
1787582229.680242,-5,-1,4,0,20961,19594,17111,26602,1099464,1099465,1099467,1099468,0,0,0,0
1787582229.7967484,0,0,-6,-2,21042,19512,17020,26688,1099524,1099525,1099527,1099528,0,0,0,0
1787582229.8734186,2,-4,0,-1,21086,19497,16996,26720,1099554,1099555,1099557,1099558,0,0,0,0
1787582229.9707878,3,-4,0,-1,21073,19476,16985,26709,1099644,1099645,1099647,1099648,0,0,0,0
1787582230.0809271,4,-2,-3,-1,21072,19498,17005,26704,1099674,1099675,1099677,1099678,0,0,0,0
1787582230.0968227,3,-1,0,1,21070,19502,17006,26703,1099704,1099705,1099707,1099708,0,0,0,0
1787582230.1926036,0,-7,-1,-3,21070,19494,17000,26703,1099764,1099765,1099767,1099768,0,0,0,0
1787582230.2879958,0,1,3,0,21067,19498,17007,26699,1099794,1099795,1099797,1099798,0,0,0,0
1787582230.2879958,-1,-3,-4,1,21070,19490,16998,26705,1099854,1099855,1099857,1099858,0,0,0,0
1787582230.3417714,-2,3,2,0,21079,19486,16990,26714,1099884,1099885,1099887,1099888,0,0,0,0
1787582230.4032242,0,-6,-4,3,21096,19498,17005,26738,1099914,1099915,1099917,1099918,0,0,0,0
1787582230.438309,17,-14,-16,21,21314,19341,16894,26983,1099944,1099945,1099947,1099948,0,0,0,0
1787582230.4977598,32,-29,-37,31,22096,18749,16335,27808,1099974,1099975,1099977,1099978,0,0,0,0
1787582230.5925527,42,-53,-47,47,23242,17704,15251,29069,1100004,1100005,1100007,1100008,0,0,0,0
1787582230.5925527,71,-51,-56,67,24860,16285,13911,30808,1100034,1100035,1100037,1100038,0,0,0,0
1787582230.6359384,67,-46,-62,53,26547,14851,12343,32590,1100064,1100065,1100067,1100068,0,0,0,0
1787582230.7478383,48,-55,-52,61,28125,13387,10965,1368,1100094,1100095,1100097,1100098,0,0,0,0
1787582230.7605352,47,-44,-37,45,29473,12188,9787,2773,1100124,1100125,1100127,1100128,0,0,0,0
1787582230.7962255,34,-35,-25,59,30619,11306,8896,3817,1100154,1100155,1100157,1100158,0,0,0,0
1787582230.860895,26,-22,-22,20,31484,10494,8210,4724,1100184,1100185,1100187,1100188,0,0,0,0
1787582230.9029396,28,-23,-18,19,32317,9937,7710,5565,1100214,1100215,1100217,1100218,0,0,0,0
1787582231.0148714,33,-20,-16,33,295,9320,7095,6400,1100244,1100245,1100247,1100248,0,0,0,0
1787582231.020227,32,-33,-40,37,1251,8596,6291,7355,1100274,1100275,1100277,1100278,0,0,0,0
1787582231.0835261,43,-39,-36,51,2430,7676,5374,8448,1100304,1100305,1100307,1100308,0,0,0,0
1787582231.1051407,66,-40,-50,53,3778,6663,4092,9788,1100334,1100335,1100337,1100338,0,0,0,0
1787582231.1871483,49,-47,-46,54,5189,5334,2889,11276,1100364,1100365,1100367,1100368,0,0,0,0
1787582231.2419102,51,-42,-46,44,6643,4224,1756,12631,1100394,1100395,1100397,1100398,0,0,0,0
1787582231.2926173,39,-32,-35,39,7878,3098,726,13922,1100424,1100425,1100427,1100428,0,0,0,0
1787582231.3478298,31,-35,-25,39,9078,2195,32619,15040,1100454,1100455,1100457,1100458,0,0,0,0
1787582231.3627863,30,-38,-29,27,10014,1296,31752,16090,1100484,1100485,1100487,1100488,0,0,0,0
1787582231.4522722,51,-29,-27,34,10925,468,31011,17030,1100514,1100515,1100517,1100518,0,0,0,0
1787582231.462971,37,-28,-33,44,11967,32483,30253,18067,1100544,1100545,1100547,1100548,0,0,0,0
1787582231.5210786,42,-31,-34,47,12994,31570,29288,19136,1100574,1100575,1100577,1100578,0,0,0,0
1787582231.6194665,34,-39,-36,51,14190,30705,28366,20249,1100604,1100605,1100607,1100608,0,0,0,0
1787582231.6746852,48,-39,-33,53,16630,28598,26266,22793,1100664,1100665,1100667,1100668,0,0,0,0
1787582231.7876997,44,-45,-47,49,17948,27544,25233,24113,1100694,1100695,1100697,1100698,0,0,0,0
1787582231.7876997,43,-32,-25,42,19066,26504,24204,25273,1100724,1100725,1100727,1100728,0,0,0,0
1787582231.8514981,33,-33,-24,47,20217,25612,23312,26460,1100754,1100755,1100757,1100758,0,0,0,0
1787582231.8514981,39,-31,-36,42,21187,24601,22351,27493,1100784,1100785,1100787,1100788,0,0,0,0
1787582231.9442012,42,-28,-30,38,22402,23824,21512,28509,1100814,1100815,1100817,1100818,0,0,0,0
1787582232.0482817,35,-27,-38,42,23451,23012,20649,29497,1100844,1100845,1100847,1100848,0,0,0,0
1787582232.062509,36,-30,-32,42,24539,22014,19675,30678,1100874,1100875,1100877,1100878,0,0,0,0
1787582232.1029577,35,-36,-38,42,25667,21046,18779,31818,1100904,1100905,1100907,1100908,0,0,0,0
1787582232.1190724,43,-41,-46,45,26825,20008,17785,245,1100934,1100935,1100937,1100938,0,0,0,0
1787582232.1828463,32,-38,-38,47,28008,18998,16798,1442,1100964,1100965,1100967,1100968,0,0,0,0
1787582232.2312877,39,-42,-45,51,29176,17948,15805,2747,1100994,1100995,1100997,1100998,0,0,0,0
1787582232.3271172,36,-32,-28,49,31493,15980,13864,5096,1101054,1101055,1101057,1101058,0,0,0,0
1787582232.398602,29,-25,-36,42,32612,15116,12945,6122,1101084,1101085,1101087,1101088,0,0,0,0
1787582232.4225779,29,-36,-36,40,938,14231,12089,7215,1101114,1101115,1101117,1101118,0,0,0,0
1787582232.5028193,44,-30,-41,35,2037,13416,11154,8165,1101144,1101145,1101147,1101148,0,0,0,0
1787582232.5546505,46,-34,-41,37,4388,11613,9158,10448,1101204,1101205,1101207,1101208,0,0,0,0
1787582232.6017919,44,-37,-26,41,5558,10587,8139,11618,1101234,1101235,1101237,1101238,0,0,0,0
1787582232.6499746,37,-35,-37,45,6821,9642,7177,12879,1101264,1101265,1101267,1101268,0,0,0,0
1787582232.681675,34,-50,-46,30,7906,8558,6073,14003,1101294,1101295,1101297,1101298,0,0,0,0
1787582232.7462754,38,-43,-38,33,9029,7476,5059,15037,1101324,1101325,1101327,1101328,0,0,0,0
1787582232.794442,34,-38,-45,37,10022,6537,3986,16105,1101354,1101355,1101357,1101358,0,0,0,0
1787582232.8428063,45,-30,-31,36,11006,5463,3022,17088,1101384,1101385,1101387,1101388,0,0,0,0
1787582232.9233372,34,-24,-41,41,12026,4502,2082,18122,1101414,1101415,1101417,1101418,0,0,0,0
1787582232.9550955,44,-35,-34,43,13005,3499,1082,19205,1101444,1101445,1101447,1101448,0,0,0,0
1787582233.0345163,32,-31,-34,43,14081,2498,54,20198,1101474,1101475,1101477,1101478,0,0,0,0
1787582233.0419936,35,-45,-42,41,15109,1514,31739,21295,1101504,1101505,1101507,1101508,0,0,0,0
1787582233.1023276,33,-46,-43,44,16224,424,30692,22322,1101534,1101535,1101537,1101538,0,0,0,0
1787582233.1834664,35,-49,-49,37,17356,32121,29577,23449,1101564,1101565,1101567,1101568,0,0,0,0
1787582233.215366,32,-37,-25,40,18414,31059,28524,24525,1101594,1101595,1101597,1101598,0,0,0,0
1787582233.360935,44,-51,-46,30,19414,29986,27450,25525,1101624,1101625,1101627,1101628,0,0,0,0
1787582233.360935,2,-2,54,-28,20145,29145,26809,25997,1101654,1101655,1101657,1101658,0,0,0,0
1787582233.3767326,-51,61,207,-62,19695,29987,30903,24190,1101684,1101685,1101687,1101688,0,0,0,0
1787582233.4881687,-19,16,15,22,17898,32095,356,23360,1101744,1101745,1101747,1101748,0,0,0,0
1787582233.4881687,-6,9,20,-8,17669,32543,799,23592,1101774,1101775,1101777,1101778,0,0,0,0
1787582233.5794961,-3,9,14,-21,17504,110,1140,23401,1101804,1101805,1101807,1101808,0,0,0,0
1787582233.6853442,-10,19,8,-20,17075,1179,1778,22507,1101864,1101865,1101867,1101868,0,0,0,0
1787582233.6917212,-12,16,11,-11,16835,1658,2074,22143,1101894,1101895,1101897,1101898,0,0,0,0
1787582233.7842586,-10,19,8,13,16544,2020,2349,21890,1101924,1101925,1101927,1101928,0,0,0,0
1787582233.8951862,-13,17,11,-18,15945,2776,2833,20893,1101984,1101985,1101987,1101988,0,0,0,0
1787582233.978777,-8,16,13,-21,15639,3278,3113,20288,1102014,1102015,1102017,1102018,0,0,0,0
1787582233.978777,-14,20,12,-13,15394,3835,3399,19844,1102044,1102045,1102047,1102048,0,0,0,0
1787582234.0968158,-10,12,5,-27,14888,4717,3887,18984,1102104,1102105,1102107,1102108,0,0,0,0
1787582234.1859124,-22,15,-9,-11,14666,5082,4058,18604,1102134,1102135,1102137,1102138,0,0,0,0
1787582234.2009833,-12,13,6,-15,14450,5407,4230,18265,1102164,1102165,1102167,1102168,0,0,0,0
1787582234.2987905,-7,8,5,-18,14190,5733,4495,17822,1102194,1102195,1102197,1102198,0,0,0,0
1787582234.2987905,-7,4,11,-14,13910,5949,4800,17484,1102224,1102225,1102227,1102228,0,0,0,0
1787582234.381114,-6,13,8,-1,13652,6236,5064,17271,1102254,1102255,1102257,1102258,0,0,0,0
1787582234.3941982,-10,7,5,-7,13412,6480,5278,17086,1102284,1102285,1102287,1102288,0,0,0,0
1787582234.4934964,-10,8,10,-8,13150,6708,5497,16869,1102314,1102315,1102317,1102318,0,0,0,0
1787582234.4934964,-8,4,5,-8,12926,6885,5666,16661,1102344,1102345,1102347,1102348,0,0,0,0
1787582234.5958886,1,6,-2,0,12657,7136,5902,16392,1102404,1102405,1102407,1102408,0,0,0,0
1787582234.7141347,2,-1,0,0,12627,7163,5926,16377,1102434,1102435,1102437,1102438,0,0,0,0
1787582234.726623,1,-4,-3,4,12664,7123,5881,16423,1102464,1102465,1102467,1102468,0,0,0,0
1787582234.7978263,4,-4,-3,-3,12830,6954,5722,16601,1102524,1102525,1102527,1102528,0,0,0,0
1787582234.803999,1,-2,1,6,12890,6900,5673,16660,1102554,1102555,1102557,1102558,0,0,0,0
1787582234.998817,0,-4,-5,-2,12962,6839,5608,16738,1102614,1102615,1102617,1102618,0,0,0,0
1787582235.0057023,2,-1,1,6,13024,6777,5543,16806,1102674,1102675,1102677,1102678,0,0,0,0
1787582235.116794,-1,-3,1,-3,13056,6748,5518,16838,1102704,1102705,1102707,1102708,0,0,0,0
1787582235.116794,2,3,1,3,13095,6717,5485,16875,1102734,1102735,1102737,1102738,0,0,0,0
1787582235.207276,6,-4,-4,-1,13137,6681,5452,16914,1102764,1102765,1102767,1102768,0,0,0,0
1787582235.2209203,0,3,-1,-6,13181,6642,5417,16955,1102794,1102795,1102797,1102798,0,0,0,0
1787582235.333412,6,-2,-4,6,13295,6540,5317,17054,1102854,1102855,1102857,1102858,0,0,0,0
1787582235.401941,6,-5,-3,0,13380,6460,5241,17125,1102884,1102885,1102887,1102888,0,0,0,0
1787582235.4082615,1,-5,-7,2,13496,6351,5148,17209,1102914,1102915,1102917,1102918,0,0,0,0
1787582235.5209186,2,-6,-4,2,13590,6245,5052,17280,1102944,1102945,1102947,1102948,0,0,0,0
1787582235.6161869,1,-4,-6,1,13753,6071,4884,17417,1103004,1103005,1103007,1103008,0,0,0,0
1787582235.6161869,2,-14,-5,-1,13824,5985,4790,17480,1103034,1103035,1103037,1103038,0,0,0,0
1787582235.8165133,6,-2,-1,3,14050,5726,4533,17744,1103124,1103125,1103127,1103128,0,0,0,0
1787582235.9299026,-1,-5,-2,0,14172,5578,4377,17888,1103214,1103215,1103217,1103218,0,0,0,0
1787582236.027019,3,-1,-3,-3,14163,5589,4389,17873,1103244,1103245,1103247,1103248,0,0,0,0
1787582236.0362654,-3,-3,15,-4,14137,5618,4422,17836,1103274,1103275,1103277,1103278,0,0,0,0
1787582236.1460066,-2,0,1,-3,14109,5654,4458,17799,1103304,1103305,1103307,1103308,0,0,0,0
1787582236.1496458,-1,4,6,-4,14088,5674,4481,17775,1103334,1103335,1103337,1103338,0,0,0,0
1787582236.1590214,-1,15,0,-1,14084,5680,4484,17772,1103364,1103365,1103367,1103368,0,0,0,0
1787582236.2394505,-4,-4,-3,-2,14093,5669,4471,17788,1103394,1103395,1103397,1103398,0,0,0,0
1787582236.344639,2,-6,-4,3,14196,5542,4332,17934,1103454,1103455,1103457,1103458,0,0,0,0
1787582236.3674912,-1,-2,-4,-1,14245,5494,4262,17986,1103484,1103485,1103487,1103488,0,0,0,0
1787582236.415165,-5,0,3,2,14239,5485,4246,17970,1103514,1103515,1103517,1103518,0,0,0,0
1787582236.512533,-6,-1,-1,-3,14215,5515,4282,17933,1103544,1103545,1103547,1103548,0,0,0,0
1787582236.512533,3,0,-1,-2,14176,5559,4329,17882,1103574,1103575,1103577,1103578,0,0,0,0
1787582236.6443825,0,5,0,-3,14034,5722,4500,17688,1103634,1103635,1103637,1103638,0,0,0,0
1787582236.7624576,-2,-1,0,-2,13971,5786,4564,17613,1103694,1103695,1103697,1103698,0,0,0,0
1787582236.846233,2,-4,-3,1,13983,5771,4548,17632,1103724,1103725,1103727,1103728,0,0,0,0
1787582236.85305,0,-7,-4,5,14013,5738,4511,17670,1103754,1103755,1103757,1103758,0,0,0,0
1787582236.965571,-1,-1,-4,2,14135,5597,4363,17838,1103844,1103845,1103847,1103848,0,0,0,0
1787582237.0480773,1,0,2,3,14167,5564,4327,17875,1103874,1103875,1103877,1103878,0,0,0,0
1787582237.0615282,-2,0,-5,3,14180,5551,4313,17888,1103904,1103905,1103907,1103908,0,0,0,0
1787582237.1650727,2,2,1,-2,14175,5557,4320,17879,1103934,1103935,1103937,1103938,0,0,0,0
1787582237.256386,0,-2,0,-1,14147,5589,4356,17842,1103994,1103995,1103997,1103998,0,0,0,0
1787582237.2625034,-1,1,-2,1,14138,5596,4365,17832,1104024,1104025,1104027,1104028,0,0,0,0
1787582237.3680327,5,-1,-4,0,14138,5596,4364,17834,1104054,1104055,1104057,1104058,0,0,0,0
1787582237.3680327,4,-1,1,2,14146,5589,4354,17844,1104084,1104085,1104087,1104088,0,0,0,0
1787582237.4086452,0,-3,-4,2,14152,5581,4345,17852,1104114,1104115,1104117,1104118,0,0,0,0
1787582237.450901,-3,-6,4,1,14155,5578,4343,17855,1104144,1104145,1104147,1104148,0,0,0,0
1787582237.6598175,0,0,3,-2,14149,5586,4350,17847,1104234,1104235,1104237,1104238,0,0,0,0
1787582237.6598175,1,0,2,-2,14151,5585,4350,17849,1104264,1104265,1104267,1104268,0,0,0,0
1787582237.7832606,-1,0,4,1,14151,5583,4348,17849,1104324,1104325,1104327,1104328,0,0,0,0
1787582237.8551035,3,-5,-2,3,14150,5585,4349,17848,1104354,1104355,1104357,1104358,0,0,0,0
1787582237.8616061,-5,0,2,3,14149,5585,4350,17847,1104384,1104385,1104387,1104388,0,0,0,0
1787582237.9730558,3,5,1,-1,14151,5584,4348,17848,1104414,1104415,1104417,1104418,0,0,0,0
1787582237.9730558,-1,2,2,-1,14150,5586,4348,17846,1104444,1104445,1104447,1104448,0,0,0,0
1787582238.062527,1,-5,1,0,14152,5583,4347,17851,1104474,1104475,1104477,1104478,0,0,0,0
1787582238.0782187,3,-3,-3,1,14152,5581,4346,17851,1104504,1104505,1104507,1104508,0,0,0,0
1787582238.1912599,-1,2,-4,0,14150,5584,4347,17849,1104534,1104535,1104537,1104538,0,0,0,0
1787582238.1912599,4,1,3,-4,14149,5585,4350,17847,1104564,1104565,1104567,1104568,0,0,0,0
1787582238.1912599,-3,-3,-3,-1,14149,5585,4350,17847,1104594,1104595,1104597,1104598,0,0,0,0
1787582238.2798476,-4,1,-1,0,14149,5584,4349,17848,1104624,1104625,1104627,1104628,0,0,0,0
1787582238.4136028,2,1,-1,-3,14150,5583,4349,17847,1104654,1104655,1104657,1104658,0,0,0,0
1787582238.4136028,-2,-2,1,-1,14149,5585,4351,17846,1104684,1104685,1104687,1104688,0,0,0,0
1787582238.4297452,-3,-1,5,-1,14148,5585,4350,17845,1104714,1104715,1104717,1104718,0,0,0,0
1787582238.4778824,0,0,-8,-2,14149,5584,4348,17848,1104744,1104745,1104747,1104748,0,0,0,0
1787582238.544677,-3,-3,1,-4,14149,5583,4349,17848,1104774,1104775,1104777,1104778,0,0,0,0
1787582238.6768394,-5,3,-1,-1,14148,5584,4349,17846,1104804,1104805,1104807,1104808,0,0,0,0
1787582238.6768394,-3,-3,4,-1,14149,5584,4349,17847,1104864,1104865,1104867,1104868,0,0,0,0
1787582238.6922083,-4,-1,-4,-1,14149,5582,4348,17848,1104894,1104895,1104897,1104898,0,0,0,0
1787582464.020725,-2,2,-3,8,21189,20495,31473,24384,1240074,1240075,1240077,1240078,0,0,0,0
1787582464.1694148,1,2,-1,1,21185,20498,31476,24381,1240134,1240135,1240137,1240138,0,0,0,0
1787582464.1694148,5,-6,3,4,21186,20497,31475,24382,1240164,1240165,1240167,1240168,0,0,0,0
1787582464.3003209,-5,-4,0,-3,21188,20493,31472,24384,1240224,1240225,1240227,1240228,0,0,0,0
1787582464.3754299,-2,-4,-1,3,21185,20497,31476,24382,1240284,1240285,1240287,1240288,0,0,0,0
1787582464.4960344,2,-2,-2,0,21186,20496,31475,24382,1240344,1240345,1240347,1240348,0,0,0,0
1787582464.5789585,4,-5,3,-1,21188,20494,31473,24383,1240374,1240375,1240377,1240378,0,0,0,0
1787582464.5789585,-2,0,-3,-5,21189,20493,31472,24384,1240404,1240405,1240407,1240408,0,0,0,0
1787582464.6913872,0,2,-2,1,21188,20494,31473,24384,1240434,1240435,1240437,1240438,0,0,0,0
1787582464.6913872,-3,1,0,2,21188,20495,31474,24383,1240464,1240465,1240467,1240468,0,0,0,0
1787582464.7675903,0,-5,3,-3,21187,20495,31474,24382,1240494,1240495,1240497,1240498,0,0,0,0
1787582464.878055,0,-1,-2,4,21186,20497,31476,24382,1240554,1240555,1240557,1240558,0,0,0,0
1787582464.8840036,-1,1,-2,-4,21185,20496,31474,24382,1240584,1240585,1240587,1240588,0,0,0,0
1787582464.9876866,-2,-3,-3,-2,21189,20495,31473,24384,1240614,1240615,1240617,1240618,0,0,0,0
1787582464.9880867,0,2,2,-6,21187,20495,31473,24383,1240674,1240675,1240677,1240678,0,0,0,0
1787582465.1066663,0,0,2,-6,21185,20499,31476,24380,1240734,1240735,1240737,1240738,0,0,0,0
1787582465.1903832,0,-3,-1,-2,21185,20498,31476,24381,1240764,1240765,1240767,1240768,0,0,0,0
1787582465.1966894,6,-4,-3,-3,21186,20498,31475,24382,1240794,1240795,1240797,1240798,0,0,0,0
1787582465.3021393,2,-1,5,-3,21185,20499,31476,24381,1240854,1240855,1240857,1240858,0,0,0,0
1787582465.4003978,-5,-1,-1,3,21186,20496,31474,24382,1240914,1240915,1240917,1240918,0,0,0,0
1787582465.5147903,1,-3,-1,1,21186,20498,31476,24381,1240974,1240975,1240977,1240978,0,0,0,0
1787582465.6066213,-1,1,1,-3,21187,20497,31475,24383,1241034,1241035,1241037,1241038,0,0,0,0
1787582465.732596,-1,-1,0,2,21189,20493,31471,24385,1241064,1241065,1241067,1241068,0,0,0,0
1787582465.732596,-4,-2,-5,2,21190,20493,31472,24385,1241094,1241095,1241097,1241098,0,0,0,0
1787582465.7517278,-1,3,3,-3,21188,20495,31474,24383,1241124,1241125,1241127,1241128,0,0,0,0
1787582465.820795,-3,2,-6,-1,21185,20498,31476,24381,1241154,1241155,1241157,1241158,0,0,0,0
1787582465.8935091,0,6,3,0,21187,20497,31475,24382,1241214,1241215,1241217,1241218,0,0,0,0
1787582466.005618,1,-4,0,-3,21190,20494,31473,24386,1241274,1241275,1241277,1241278,0,0,0,0
1787582466.2180712,-2,0,3,0,21189,20497,31480,24380,1241334,1241335,1241337,1241338,0,0,0,0
1787582466.3456948,6,-1,-3,0,21151,20474,31482,24359,1241454,1241455,1241457,1241458,0,0,0,0
1787582466.3617,0,-1,-5,3,21164,20461,31471,24367,1241484,1241485,1241487,1241488,0,0,0,0
1787582466.530109,-1,0,0,-4,21186,20441,31454,24385,1241514,1241515,1241517,1241518,0,0,0,0
1787582466.530109,4,-1,-1,0,21205,20418,31437,24395,1241574,1241575,1241577,1241578,0,0,0,0
1787582466.5581963,-6,3,-2,-1,21195,20432,31448,24387,1241604,1241605,1241607,1241608,0,0,0,0
1787582466.6407905,-1,2,-1,-2,21183,20444,31458,24378,1241634,1241635,1241637,1241638,0,0,0,0
1787582466.6804595,0,-7,3,0,21177,20450,31464,24373,1241664,1241665,1241667,1241668,0,0,0,0
1787582466.7846823,2,-1,-2,-4,21187,20437,31454,24383,1241724,1241725,1241727,1241728,0,0,0,0
1787582466.8283162,-2,1,0,-8,21190,20432,31449,24386,1241754,1241755,1241757,1241758,0,0,0,0
1787582466.9130855,3,1,2,3,21192,20434,31449,24387,1241784,1241785,1241787,1241788,0,0,0,0
1787582466.9130855,-3,5,2,1,21188,20436,31452,24382,1241814,1241815,1241817,1241818,0,0,0,0
1787582467.0373137,3,-2,-2,1,21188,20438,31453,24381,1241904,1241905,1241907,1241908,0,0,0,0
1787582467.154523,-3,-7,-1,2,21188,20438,31452,24383,1241934,1241935,1241937,1241938,0,0,0,0
1787582467.1572957,2,-4,-8,0,21186,20438,31454,24381,1241964,1241965,1241967,1241968,0,0,0,0
1787582467.2519178,-1,-3,-1,-1,21184,20440,31456,24380,1241994,1241995,1241997,1241998,0,0,0,0
1787582467.3504086,-1,1,2,3,21186,20440,31454,24381,1242084,1242085,1242087,1242088,0,0,0,0
1787582467.447467,3,6,1,2,21186,20441,31455,24381,1242144,1242145,1242147,1242148,0,0,0,0
1787582467.5355382,3,-1,-2,0,21186,20439,31454,24380,1242204,1242205,1242207,1242208,0,0,0,0
1787582467.639321,-3,3,-1,-2,21184,20441,31456,24380,1242234,1242235,1242237,1242238,0,0,0,0
1787582467.639321,-4,-4,-2,1,21183,20442,31457,24379,1242264,1242265,1242267,1242268,0,0,0,0
1787582467.7606406,2,-1,-4,2,21186,20440,31455,24381,1242294,1242295,1242297,1242298,0,0,0,0
1787582467.8447173,-4,1,-6,1,21190,20433,31450,24384,1242354,1242355,1242357,1242358,0,0,0,0
1787582467.8605406,1,1,2,1,21188,20437,31452,24382,1242384,1242385,1242387,1242388,0,0,0,0
1787582467.9729896,7,-2,-1,-3,21183,20442,31456,24380,1242444,1242445,1242447,1242448,0,0,0,0
1787582468.0591917,2,2,3,-2,21184,20440,31455,24381,1242474,1242475,1242477,1242478,0,0,0,0
1787582468.0591917,1,-4,-3,2,21187,20437,31453,24382,1242504,1242505,1242507,1242508,0,0,0,0
1787582468.1664355,-2,1,0,-2,21190,20435,31450,24386,1242534,1242535,1242537,1242538,0,0,0,0
1787582468.182513,5,0,0,-2,21191,20433,31450,24387,1242564,1242565,1242567,1242568,0,0,0,0
1787582468.2589562,-5,-3,-1,4,21190,20435,31451,24385,1242594,1242595,1242597,1242598,0,0,0,0
1787582468.3668542,0,0,-3,-3,21189,20437,31453,24383,1242624,1242625,1242627,1242628,0,0,0,0
1787582468.3668542,2,1,-4,-6,21190,20436,31451,24385,1242684,1242685,1242687,1242688,0,0,0,0
1787582468.4654777,-4,-4,0,1,21190,20434,31449,24385,1242714,1242715,1242717,1242718,0,0,0,0
1787582468.4804106,3,-2,2,3,21191,20435,31450,24385,1242744,1242745,1242747,1242748,0,0,0,0
1787582468.5762274,0,2,0,-2,21189,20436,31451,24384,1242774,1242775,1242777,1242778,0,0,0,0
1787582468.5923045,-1,-2,-1,1,21189,20438,31453,24383,1242804,1242805,1242807,1242808,0,0,0,0
1787582468.5923045,0,0,1,2,21188,20437,31453,24384,1242834,1242835,1242837,1242838,0,0,0,0
1787582468.6734815,-1,-4,-2,2,21189,20434,31451,24385,1242864,1242865,1242867,1242868,0,0,0,0
1787582468.7132485,1,8,-2,3,21191,20437,31451,24385,1242894,1242895,1242897,1242898,0,0,0,0
1787582468.795035,2,-4,0,7,21191,20435,31451,24386,1242924,1242925,1242927,1242928,0,0,0,0
1787582468.795035,-4,-1,-2,0,21191,20433,31449,24387,1242954,1242955,1242957,1242958,0,0,0,0
1787582468.8761818,-3,-3,-2,-4,21192,20430,31448,24389,1242984,1242985,1242987,1242988,0,0,0,0
1787582468.908618,2,1,-6,0,21194,20430,31446,24389,1243014,1243015,1243017,1243018,0,0,0,0
1787582469.0704012,-2,6,2,-3,21190,20434,31450,24387,1243104,1243105,1243107,1243108,0,0,0,0
1787582469.2071254,1,-3,-1,-4,21193,20430,31448,24388,1243194,1243195,1243197,1243198,0,0,0,0
1787582469.2722962,1,0,1,-4,21192,20433,31450,24387,1243224,1243225,1243227,1243228,0,0,0,0
1787582469.2966213,2,-3,0,0,21190,20433,31449,24386,1243254,1243255,1243257,1243258,0,0,0,0
1787582469.3616242,-2,1,0,1,21192,20432,31449,24387,1243284,1243285,1243287,1243288,0,0,0,0
1787582469.489406,3,1,-4,1,21192,20432,31449,24388,1243344,1243345,1243347,1243348,0,0,0,0
1787582469.5017629,-2,1,-3,-1,21191,20432,31449,24387,1243374,1243375,1243377,1243378,0,0,0,0
1787582469.5982523,5,4,1,0,21191,20433,31449,24387,1243434,1243435,1243437,1243438,0,0,0,0
1787582469.698774,0,-4,-6,2,21193,20430,31448,24389,1243494,1243495,1243497,1243498,0,0,0,0
1787582469.8016517,-5,-4,-3,1,21192,20433,31448,24386,1243524,1243525,1243527,1243528,0,0,0,0
1787582469.8992548,-2,9,-1,1,21191,20435,31450,24387,1243554,1243555,1243557,1243558,0,0,0,0
1787582469.904023,-6,-1,3,0,21188,20433,31450,24385,1243584,1243585,1243587,1243588,0,0,0,0
1787582469.918039,0,1,1,-1,21193,20432,31447,24389,1243614,1243615,1243617,1243618,0,0,0,0
1787582470.1061854,-1,-3,-3,-1,21194,20429,31445,24390,1243644,1243645,1243647,1243648,0,0,0,0
1787582470.1061854,-4,-1,-3,-5,21192,20431,31447,24388,1243704,1243705,1243707,1243708,0,0,0,0
1787582470.1201158,-1,1,3,5,21191,20433,31450,24387,1243734,1243735,1243737,1243738,0,0,0,0
1787582470.2231972,0,-3,1,1,21191,20434,31449,24386,1243794,1243795,1243797,1243798,0,0,0,0
1787582470.3214335,0,6,2,-3,21186,20438,31453,24381,1243854,1243855,1243857,1243858,0,0,0,0
1787582470.515879,-3,1,-2,5,21188,20437,31452,24383,1243974,1243975,1243977,1243978,0,0,0,0
1787582470.632952,1,-4,0,-3,21185,20439,31453,24382,1244034,1244035,1244037,1244038,0,0,0,0
1787582470.7215805,-1,1,2,4,21186,20439,31453,24381,1244064,1244065,1244067,1244068,0,0,0,0
1787582470.776899,1,-1,-2,-3,21185,20440,31455,24381,1244124,1244125,1244127,1244128,0,0,0,0
1787582470.9044466,-5,-2,-3,1,21108,20526,31529,24308,1244214,1244215,1244217,1244218,0,0,0,0
1787582471.126135,1,-6,2,0,21086,20554,31551,24296,1244244,1244245,1244247,1244248,0,0,0,0
1787582471.1332085,2,0,5,0,21164,20458,31468,24371,1244304,1244305,1244307,1244308,0,0,0,0
1787582471.1402738,-2,0,-2,0,21171,20450,31465,24369,1244334,1244335,1244337,1244338,0,0,0,0
1787582471.2512288,-5,-1,0,-2,21110,20521,31525,24318,1244394,1244395,1244397,1244398,0,0,0,0
1787582471.2512288,-1,-6,-4,0,21125,20509,31509,24335,1244424,1244425,1244427,1244428,0,0,0,0
1787582471.3345523,-1,-2,-2,1,21133,20493,31497,24341,1244454,1244455,1244457,1244458,0,0,0,0
1787582471.3345523,-4,-9,-2,3,21141,20487,31493,24344,1244484,1244485,1244487,1244488,0,0,0,0
1787582471.4455576,-11,2,2,-4,21114,20518,31521,24321,1244544,1244545,1244547,1244548,0,0,0,0
1787582471.535559,2,0,2,-5,21089,20548,31546,24299,1244604,1244605,1244607,1244608,0,0,0,0
1787582471.655025,2,-1,-2,-1,21081,20555,31553,24292,1244664,1244665,1244667,1244668,0,0,0,0
1787582471.7448943,1,-6,-3,0,21084,20551,31549,24296,1244724,1244725,1244727,1244728,0,0,0,0
1787582471.8007724,3,0,-4,-3,21088,20545,31544,24301,1244754,1244755,1244757,1244758,0,0,0,0
1787582471.8707752,0,-9,3,3,21093,20539,31539,24305,1244784,1244785,1244787,1244788,0,0,0,0
1787582471.8707752,-5,-3,2,-4,21095,20537,31538,24305,1244814,1244815,1244817,1244818,0,0,0,0
1787582471.9591477,-2,0,3,5,21094,20539,31539,24304,1244844,1244845,1244847,1244848,0,0,0,0
1787582471.9971304,-2,-1,-3,-1,21090,20543,31544,24301,1244874,1244875,1244877,1244878,0,0,0,0
1787582472.151476,-1,3,0,-2,21086,20548,31547,24297,1244934,1244935,1244937,1244938,0,0,0,0
1787582472.151476,13,-6,-3,-4,21087,20548,31547,24298,1244964,1244965,1244967,1244968,0,0,0,0
1787582472.2759373,-2,1,-1,-8,21086,20548,31547,24298,1244994,1244995,1244997,1244998,0,0,0,0
1787582472.2784278,-7,5,0,0,21089,20545,31544,24300,1245054,1245055,1245057,1245058,0,0,0,0
1787582472.3507273,0,-2,6,-1,21091,20544,31543,24301,1245084,1245085,1245087,1245088,0,0,0,0
1787582472.4755483,0,-5,5,-3,21090,20543,31543,24300,1245114,1245115,1245117,1245118,0,0,0,0
1787582472.4755483,-8,3,0,0,21082,20550,31550,24296,1245174,1245175,1245177,1245178,0,0,0,0
1787582472.5713925,-4,-2,-1,1,21084,20548,31547,24297,1245234,1245235,1245237,1245238,0,0,0,0
1787582472.6876855,-2,0,3,-1,21090,20544,31544,24301,1245264,1245265,1245267,1245268,0,0,0,0
1787582472.6876855,-1,-2,-5,-5,21087,20538,31540,24300,1245294,1245295,1245297,1245298,0,0,0,0
1787582472.7791865,2,-4,2,0,21087,20548,31547,24298,1245324,1245325,1245327,1245328,0,0,0,0
1787582472.8839486,1,1,1,0,21076,20555,31554,24287,1245384,1245385,1245387,1245388,0,0,0,0
1787582472.9731476,-2,4,3,-1,21076,20560,31557,24289,1245414,1245415,1245417,1245418,0,0,0,0
1787582472.9731476,3,2,1,-2,21078,20555,31554,24291,1245474,1245475,1245477,1245478,0,0,0,0
1787582473.0922596,-2,-1,3,0,21078,20554,31553,24292,1245534,1245535,1245537,1245538,0,0,0,0
1787582473.1754298,-2,2,4,-6,21075,20559,31556,24287,1245594,1245595,1245597,1245598,0,0,0,0
1787582473.2932265,-4,4,-4,0,21069,20567,31563,24282,1245654,1245655,1245657,1245658,0,0,0,0
1787582473.383311,2,-3,-4,-3,21070,20564,31561,24283,1245714,1245715,1245717,1245718,0,0,0,0
1787582473.589019,-15,-1,-1,1,21096,20535,31543,24305,1245804,1245805,1245807,1245808,0,0,0,0
1787582473.589019,2,-1,0,4,21139,20491,31507,24341,1245834,1245835,1245837,1245838,0,0,0,0
1787582473.721214,2,-3,-5,1,21174,20449,31469,24371,1245864,1245865,1245867,1245868,0,0,0,0
1787582473.721214,2,-10,-2,10,21249,20367,31402,24434,1245894,1245895,1245897,1245898,0,0,0,0
1787582473.7337852,1,-5,-3,-1,21324,20284,31335,24492,1245924,1245925,1245927,1245928,0,0,0,0
1787582473.7974188,4,2,-1,1,21377,20231,31290,24529,1245954,1245955,1245957,1245958,0,0,0,0
1787582473.9044278,-2,-3,1,2,21407,20202,31268,24551,1245984,1245985,1245987,1245988,0,0,0,0
1787582474.0009089,-4,2,7,-5,21213,20410,31445,24383,1246074,1246075,1246077,1246078,0,0,0,0
1787582474.1135044,-5,5,3,-5,21112,20519,31537,24303,1246104,1246105,1246107,1246108,0,0,0,0
1787582474.1135044,-6,-3,4,-4,21056,20581,31588,24260,1246134,1246135,1246137,1246138,0,0,0,0
1787582474.2428112,1,-4,3,26,21031,20605,31612,24238,1246164,1246165,1246167,1246168,0,0,0,0
1787582474.2537258,14,-11,-13,10,21205,20408,31446,24414,1246224,1246225,1246227,1246228,0,0,0,0
1787582474.302709,30,-25,-40,33,21904,19811,30885,25027,1246254,1246255,1246257,1246258,0,0,0,0
1787582474.396211,50,-42,-64,70,23038,18682,29698,26335,1246284,1246285,1246287,1246288,0,0,0,0
1787582474.425773,51,-56,-59,52,24512,17243,28225,27972,1246314,1246315,1246317,1246318,0,0,0,0
1787582474.4896665,63,-59,-60,75,26160,15575,26578,29677,1246344,1246345,1246347,1246348,0,0,0,0
1787582474.4896665,45,-49,-55,47,27815,14033,25045,31297,1246374,1246375,1246377,1246378,0,0,0,0
1787582474.5638418,37,-39,-35,35,29082,12766,23844,32493,1246404,1246405,1246407,1246408,0,0,0,0
1787582474.6689522,33,-23,-27,35,30109,11797,22977,645,1246434,1246435,1246437,1246438,0,0,0,0
1787582474.6818788,31,-26,-24,30,30837,11100,22189,1377,1246464,1246465,1246467,1246468,0,0,0,0
1787582474.78012,19,-15,-26,22,31504,10413,21592,2170,1246494,1246495,1246497,1246498,0,0,0,0
1787582474.8134403,30,-24,-15,29,32279,9721,20952,2915,1246524,1246525,1246527,1246528,0,0,0,0
1787582474.8201277,41,-41,-41,38,368,8893,20074,3771,1246554,1246555,1246557,1246558,0,0,0,0
1787582474.9043276,49,-41,-46,45,1426,7777,19036,4859,1246584,1246585,1246587,1246588,0,0,0,0
1787582474.9413173,55,-47,-49,53,2693,6659,17799,6152,1246614,1246615,1246617,1246618,0,0,0,0
1787582475.001327,55,-51,-43,50,4113,5239,16456,7553,1246644,1246645,1246647,1246648,0,0,0,0
1787582475.0508716,44,-51,-41,50,5389,4027,15225,8970,1246674,1246675,1246677,1246678,0,0,0,0
1787582475.1065378,40,-37,-34,40,6628,2861,14110,10125,1246704,1246705,1246707,1246708,0,0,0,0
1787582475.122198,38,-34,-38,37,7649,1928,13137,11160,1246734,1246735,1246737,1246738,0,0,0,0
1787582475.2175689,34,-29,-37,33,8541,940,12290,12034,1246764,1246765,1246767,1246768,0,0,0,0
1787582475.2175689,33,-29,-35,26,9431,115,11421,12855,1246794,1246795,1246797,1246798,0,0,0,0
1787582475.2784796,43,-35,-38,38,11312,31145,9682,14823,1246854,1246855,1246857,1246858,0,0,0,0
1787582475.3409202,43,-35,-38,38,11312,31145,9682,14823,1246854,1246855,1246857,1246858,0,0,0,0
1787582475.4326043,46,-38,-56,46,13609,28898,7461,17130,1246914,1246915,1246917,1246918,0,0,0,0
1787582475.438945,42,-43,-49,37,14786,27780,6206,18441,1246944,1246945,1246947,1246948,0,0,0,0
1787582475.489902,38,-37,-36,35,15997,26617,5114,19583,1246974,1246975,1246977,1246978,0,0,0,0
1787582475.5730333,36,-32,-47,34,18168,24472,3028,21735,1247034,1247035,1247037,1247038,0,0,0,0
1787582475.6326532,36,-36,-32,41,19115,23557,2081,22741,1247064,1247065,1247067,1247068,0,0,0,0
1787582475.7011387,35,-43,-34,46,20109,22635,1139,23750,1247094,1247095,1247097,1247098,0,0,0,0
1787582475.7618432,34,-26,-38,31,21030,21699,200,24689,1247124,1247125,1247127,1247128,0,0,0,0
1787582475.8208463,41,-47,-43,40,22153,20674,31960,25763,1247154,1247155,1247157,1247158,0,0,0,0
1787582475.8342743,33,-30,-34,39,23238,19617,30875,26909,1247184,1247185,1247187,1247188,0,0,0,0
1787582475.8819916,39,-37,-50,38,24346,18547,29768,28039,1247214,1247215,1247217,1247218,0,0,0,0
1787582475.9297214,33,-38,-40,39,25514,17454,28722,29087,1247244,1247245,1247247,1247248,0,0,0,0
1787582476.0419376,43,-33,-40,34,26611,16329,27691,30276,1247274,1247275,1247277,1247278,0,0,0,0
1787582476.057702,34,-35,-35,37,27719,15341,26640,31344,1247304,1247305,1247307,1247308,0,0,0,0
1787582476.139874,43,-37,-36,40,29728,13348,24629,607,1247364,1247365,1247367,1247368,0,0,0,0
1787582476.1985466,39,-38,-33,40,30764,12337,23707,1646,1247394,1247395,1247397,1247398,0,0,0,0
1787582476.2314315,39,-33,-50,39,31807,11361,22666,2757,1247424,1247425,1247427,1247428,0,0,0,0
1787582476.3215542,39,-38,-41,45,145,10301,21577,3785,1247454,1247455,1247457,1247458,0,0,0,0
1787582476.3663318,36,-30,-39,45,1202,9303,20592,4964,1247484,1247485,1247487,1247488,0,0,0,0
1787582476.3977919,39,-36,-38,41,2290,8188,19519,5996,1247514,1247515,1247517,1247518,0,0,0,0
1787582476.43211,32,-37,-31,33,3322,7231,18554,7071,1247544,1247545,1247547,1247548,0,0,0,0
1787582476.561785,31,-36,-35,32,4479,6261,17476,8037,1247574,1247575,1247577,1247578,0,0,0,0
1787582476.573994,39,-34,-34,39,5438,5197,16465,9166,1247604,1247605,1247607,1247608,0,0,0,0
1787582476.633156,40,-35,-41,46,6602,4259,15451,10263,1247634,1247635,1247637,1247638,0,0,0,0
1787582476.64024,39,-32,-42,31,7666,3138,14431,11424,1247664,1247665,1247667,1247668,0,0,0,0
1787582476.7656248,48,-31,-42,39,8741,2185,13401,12446,1247694,1247695,1247697,1247698,0,0,0,0
1787582476.7936006,38,-40,-41,42,9781,1131,12380,13548,1247724,1247725,1247727,1247728,0,0,0,0
1787582476.8215656,44,-39,-43,37,10786,77,11298,14593,1247754,1247755,1247757,1247758,0,0,0,0
1787582476.8501122,38,-44,-33,41,11903,31735,10289,15641,1247784,1247785,1247787,1247788,0,0,0,0
1787582476.9343219,37,-40,-36,35,12927,30768,9212,16684,1247814,1247815,1247817,1247818,0,0,0,0
1787582476.9343219,36,-43,-33,45,14036,29671,8124,17702,1247844,1247845,1247847,1247848,0,0,0,0
1787582476.993872,39,-38,-41,35,15030,28693,7073,18858,1247874,1247875,1247877,1247878,0,0,0,0
1787582477.0578918,36,-38,-39,30,16110,27667,6027,19864,1247904,1247905,1247907,1247908,0,0,0,0
1787582477.0907006,41,-37,-42,30,17165,26639,5069,20936,1247934,1247935,1247937,1247938,0,0,0,0
1787582477.1393385,41,-33,-41,31,18175,25687,3943,21951,1247964,1247965,1247967,1247968,0,0,0,0
1787582477.2360182,37,-36,-42,36,19168,24547,2986,23033,1247994,1247995,1247997,1247998,0,0,0,0
1787582477.2637088,37,-37,-39,40,20280,23510,1944,24131,1248024,1248025,1248027,1248028,0,0,0,0
1787582477.2962053,43,-39,-38,42,21314,22472,865,25134,1248054,1248055,1248057,1248058,0,0,0,0
1787582477.3734338,44,-42,-40,43,22437,21459,32584,26232,1248084,1248085,1248087,1248088,0,0,0,0
1787582477.3896346,42,-40,-34,45,23451,20381,31417,27311,1248114,1248115,1248117,1248118,0,0,0,0
1787582477.4701958,34,-40,-35,36,24521,19320,30402,28347,1248144,1248145,1248147,1248148,0,0,0,0
1787582477.4882457,31,-39,-46,40,25595,18316,29344,29295,1248174,1248175,1248177,1248178,0,0,0,0
1787582477.552028,45,-29,-37,34,26604,17279,28389,30382,1248204,1248205,1248207,1248208,0,0,0,0
1787582477.6818352,34,-34,-40,32,27665,16239,27329,31402,1248234,1248235,1248237,1248238,0,0,0,0
1787582477.7402601,40,-38,-47,37,29688,14107,25361,733,1248294,1248295,1248297,1248298,0,0,0,0
1787582477.8506563,32,-32,-27,31,30643,13243,24379,1624,1248324,1248325,1248327,1248328,0,0,0,0
1787582477.9956126,0,-5,1,6,31675,12254,23408,2480,1248414,1248415,1248417,1248418,0,0,0,0
1787582477.9956126,-1,-4,-4,-3,31753,12173,23345,2549,1248444,1248445,1248447,1248448,0,0,0,0
1787582478.0917723,1,-1,0,-1,31787,12144,23319,2574,1248474,1248475,1248477,1248478,0,0,0,0
1787582478.0917723,-5,11,4,-5,31779,12154,23331,2560,1248504,1248505,1248507,1248508,0,0,0,0
1787582478.2101588,1,4,0,3,31716,12221,23381,2501,1248594,1248595,1248597,1248598,0,0,0,0
1787582478.2989223,-2,1,3,-1,31715,12223,23383,2501,1248624,1248625,1248627,1248628,0,0,0,0
1787582478.4095867,-1,0,1,-6,31673,12271,23424,2456,1248714,1248715,1248717,1248718,0,0,0,0
1787582478.6180303,-1,-6,3,-9,31666,12276,23427,2454,1248774,1248775,1248777,1248778,0,0,0,0
1787582478.6180303,-1,2,0,-1,31675,12269,23420,2462,1248804,1248805,1248807,1248808,0,0,0,0
1787582478.7079284,-26,-61,-61,-57,31619,12187,23313,2203,1248894,1248895,1248897,1248898,0,0,0,0
1787582478.8440058,-81,-73,-59,-76,29907,10444,20997,32397,1248924,1248925,1248927,1248928,0,0,0,0
1787582478.8518963,-64,-89,-66,-67,27909,8311,19023,30367,1248954,1248955,1248957,1248958,0,0,0,0
1787582478.9007812,-69,-80,-76,-78,25948,6401,17053,28452,1248984,1248985,1248987,1248988,0,0,0,0
1787582478.9214592,-78,-81,-74,-57,23895,4153,14956,26605,1249014,1249015,1249017,1249018,0,0,0,0
1787582479.0302567,-74,-74,-78,-76,19797,32532,10795,22956,1249074,1249075,1249077,1249078,0,0,0,0
1787582479.1102428,-75,-87,-74,-66,17762,30417,8918,21109,1249104,1249105,1249107,1249108,0,0,0,0
1787582479.1102428,-93,-66,-77,-86,15620,28314,6879,19020,1249134,1249135,1249137,1249138,0,0,0,0
1787582479.3204825,-68,-85,-85,-96,9237,22483,333,12047,1249224,1249225,1249227,1249228,0,0,0,0
1787582479.437627,-82,-79,-73,-66,4864,18259,28860,7749,1249284,1249285,1249287,1249288,0,0,0,0
1787582479.5284708,-65,-69,-64,-46,2834,16041,26681,5777,1249314,1249315,1249317,1249318,0,0,0,0
1787582479.5284708,-28,-34,-26,-26,660,13409,24322,3879,1249374,1249375,1249377,1249378,0,0,0,0
1787582479.6528313,-26,-31,-21,-14,32647,12526,23785,3372,1249404,1249405,1249407,1249408,0,0,0,0
1787582479.6528313,-14,-17,-6,-7,31935,11827,23410,3086,1249434,1249435,1249437,1249438,0,0,0,0
1787582479.6598482,-2,-2,-6,-3,31746,11640,23252,3018,1249464,1249465,1249467,1249468,0,0,0,0
1787582479.7426968,4,2,-3,2,31823,11616,23220,3089,1249494,1249495,1249497,1249498,0,0,0,0
1787582479.8488245,1,1,-7,5,31879,11575,23175,3134,1249524,1249525,1249527,1249528,0,0,0,0
1787582479.8488245,-2,-6,0,-1,31931,11535,23130,3169,1249554,1249555,1249557,1249558,0,0,0,0
1787582479.9381597,1,-5,1,-1,31957,11516,23108,3187,1249584,1249585,1249587,1249588,0,0,0,0
1787582479.9386466,4,-2,0,3,31970,11503,23096,3198,1249614,1249615,1249617,1249618,0,0,0,0
1787582480.0523477,4,0,3,1,31997,11483,23072,3220,1249644,1249645,1249647,1249648,0,0,0,0
1787582480.0523477,2,-1,2,-4,32019,11471,23061,3233,1249674,1249675,1249677,1249678,0,0,0,0
1787582480.132546,-3,-3,-4,-4,32019,11472,23063,3228,1249704,1249705,1249707,1249708,0,0,0,0
1787582480.3413758,2,-1,-2,2,31976,11495,23093,3202,1249794,1249795,1249797,1249798,0,0,0,0
1787582480.357235,-4,-1,-1,2,32004,11476,23070,3219,1249884,1249885,1249887,1249888,0,0,0,0
1787582480.4591775,1,4,1,4,31990,11486,23083,3210,1249944,1249945,1249947,1249948,0,0,0,0
1787582480.5314896,1,2,1,0,31994,11483,23079,3213,1249974,1249975,1249977,1249978,0,0,0,0
1787582480.558166,-1,1,0,0,32002,11478,23073,3219,1250004,1250005,1250007,1250008,0,0,0,0
1787582480.59746,3,0,1,7,32007,11476,23070,3223,1250034,1250035,1250037,1250038,0,0,0,0
1787582480.6623104,3,-13,-2,7,32042,11446,23044,3257,1250064,1250065,1250067,1250068,0,0,0,0
1787582480.680407,24,-13,-25,22,32396,11102,22688,3602,1250094,1250095,1250097,1250098,0,0,0,0
1787582480.7599354,44,-34,-33,44,365,10291,21826,4584,1250124,1250125,1250127,1250128,0,0,0,0
1787582480.8820019,54,-55,-60,56,3284,7474,18982,7631,1250184,1250185,1250187,1250188,0,0,0,0
1787582480.8982322,56,-60,-51,49,5031,5868,17393,9284,1250214,1250215,1250217,1250218,0,0,0,0
1787582480.9953482,50,-48,-46,53,6562,4471,16006,10705,1250244,1250245,1250247,1250248,0,0,0,0
1787582481.011889,39,-35,-31,37,7791,3271,14891,11830,1250274,1250275,1250277,1250278,0,0,0,0
1787582481.0770676,28,-29,-23,28,8754,2426,14007,12713,1250304,1250305,1250307,1250308,0,0,0,0
1787582481.1326203,23,-27,-25,26,9478,1705,13338,13484,1250334,1250335,1250337,1250338,0,0,0,0
1787582481.1388721,26,-19,-20,25,10160,993,12703,14135,1250364,1250365,1250367,1250368,0,0,0,0
1787582481.202215,31,-29,-35,23,10910,259,11967,14965,1250394,1250395,1250397,1250398,0,0,0,0
1787582481.257887,35,-45,-36,35,11853,32149,11052,15973,1250424,1250425,1250427,1250428,0,0,0,0
1787582481.3539157,48,-37,-45,50,12968,31050,9992,17090,1250454,1250455,1250457,1250458,0,0,0,0
1787582481.360887,44,-57,-55,51,14250,29779,8708,18477,1250484,1250485,1250487,1250488,0,0,0,0
1787582481.423303,57,-50,-60,42,15586,28526,7403,19793,1250514,1250515,1250517,1250518,0,0,0,0
1787582481.5147853,48,-43,-46,46,16864,27308,6132,21099,1250544,1250545,1250547,1250548,0,0,0,0
1787582481.5206568,42,-49,-42,32,18092,26228,5117,22171,1250574,1250575,1250577,1250578,0,0,0,0
1787582481.563098,39,-31,-38,32,19079,25251,4129,23236,1250604,1250605,1250607,1250608,0,0,0,0
1787582481.6397743,40,-23,-27,29,19962,24331,3263,24167,1250634,1250635,1250637,1250638,0,0,0,0
1787582481.6811533,27,-32,-32,35,20810,23525,2485,24978,1250664,1250665,1250667,1250668,0,0,0,0
1787582481.7367117,39,-38,-29,36,21740,22587,1623,25920,1250694,1250695,1250697,1250698,0,0,0,0
1787582481.7779276,49,-37,-41,40,22793,21645,639,27011,1250724,1250725,1250727,1250728,0,0,0,0
1787582481.7994337,49,-44,-42,38,23858,20562,32318,28148,1250754,1250755,1250757,1250758,0,0,0,0
1787582481.861667,50,-39,-40,42,25115,19458,31114,29331,1250784,1250785,1250787,1250788,0,0,0,0
1787582481.9200053,48,-42,-40,51,26239,18255,29947,30616,1250814,1250815,1250817,1250818,0,0,0,0
1787582481.9679155,45,-41,-35,47,27486,17149,28867,31759,1250844,1250845,1250847,1250848,0,0,0,0
1787582482.0547793,37,-31,-31,30,29498,15117,26865,1034,1250904,1250905,1250907,1250908,0,0,0,0
1787582482.1621149,32,-40,-32,33,30511,14125,26012,2110,1250934,1250935,1250937,1250938,0,0,0,0
1787582482.1778736,33,-40,-41,39,31506,13215,25026,3069,1250964,1250965,1250967,1250968,0,0,0,0
1787582482.2416499,33,-30,-34,39,32574,12263,24055,4051,1250994,1250995,1250997,1250998,0,0,0,0
1787582482.2740011,37,-34,-40,38,830,11327,23060,5110,1251024,1251025,1251027,1251028,0,0,0,0
1787582482.3564556,39,-44,-36,45,1952,10176,21863,6222,1251054,1251055,1251057,1251058,0,0,0,0
1787582482.3838391,42,-33,-44,51,3049,9195,20830,7375,1251084,1251085,1251087,1251088,0,0,0,0
1787582482.4155302,42,-35,-40,48,4252,7994,19695,8549,1251114,1251115,1251117,1251118,0,0,0,0
1787582482.4802186,36,-33,-34,47,5282,7031,18698,9646,1251144,1251145,1251147,1251148,0,0,0,0
1787582482.562026,36,-38,-38,41,7384,4915,16657,11783,1251204,1251205,1251207,1251208,0,0,0,0
1787582482.5996482,40,-42,-38,33,8376,4000,15721,12801,1251234,1251235,1251237,1251238,0,0,0,0
1787582482.6232955,31,-32,-36,33,9426,3027,14776,13859,1251264,1251265,1251267,1251268,0,0,0,0
1787582482.6711018,31,-36,-38,38,10411,2056,13806,14882,1251294,1251295,1251297,1251298,0,0,0,0
1787582482.7590468,32,-37,-31,32,11566,1008,12709,16031,1251324,1251325,1251327,1251328,0,0,0,0
1787582482.8036723,40,-43,-42,39,12626,32724,11651,17120,1251354,1251355,1251357,1251358,0,0,0,0
1787582482.8674407,37,-42,-39,43,14842,30618,9540,19404,1251414,1251415,1251417,1251418,0,0,0,0
1787582482.940886,37,-45,-35,42,15946,29498,8438,20468,1251444,1251445,1251447,1251448,0,0,0,0
1787582483.0002835,26,-20,9,-6,16952,28707,7694,21426,1251474,1251475,1251477,1251478,0,0,0,0
1787582483.2088587,-72,45,125,-150,16312,29032,10332,18405,1251504,1251505,1251507,1251508,0,0,0,0
1787582483.2088587,-26,5,3,32,14060,30417,12097,16307,1251564,1251565,1251567,1251568,0,0,0,0
1787582483.2088587,-11,6,6,-4,13748,30656,12441,17067,1251594,1251595,1251597,1251598,0,0,0,0
1787582483.3352015,-11,8,3,-11,13666,30929,12627,16877,1251624,1251625,1251627,1251628,0,0,0,0
1787582483.3513153,-13,11,8,-8,12956,31562,13140,16110,1251684,1251685,1251687,1251688,0,0,0,0
1787582483.4210222,-9,9,10,-14,12707,31919,13429,15758,1251714,1251715,1251717,1251718,0,0,0,0
1787582483.5342429,-9,9,14,-15,12450,32291,13684,15382,1251744,1251745,1251747,1251748,0,0,0,0
1787582483.5414603,-11,18,4,-17,11974,432,14180,14508,1251804,1251805,1251807,1251808,0,0,0,0
1787582483.6321578,-18,12,15,-14,11491,1235,14731,13736,1251864,1251865,1251867,1251868,0,0,0,0
1787582483.7371645,-8,17,17,-19,10874,2197,15371,12894,1251924,1251925,1251927,1251928,0,0,0,0
1787582483.8328717,-8,16,3,-15,10623,2597,15560,12436,1251954,1251955,1251957,1251958,0,0,0,0
1787582483.8401656,-12,13,11,-13,10361,2987,15871,12016,1251984,1251985,1251987,1251988,0,0,0,0
1787582483.9026535,-19,11,15,-18,10090,3324,16196,11711,1252014,1252015,1252017,1252018,0,0,0,0
1787582483.9595149,-11,8,8,-7,9852,3619,16442,11488,1252044,1252045,1252047,1252048,0,0,0,0
1787582484.0344896,-10,7,8,-10,9628,3962,16663,11236,1252074,1252075,1252077,1252078,0,0,0,0
1787582484.0407436,-10,5,9,-10,9395,4202,16870,10936,1252104,1252105,1252107,1252108,0,0,0,0
1787582484.1637838,-6,10,9,-5,9202,4402,17092,10716,1252134,1252135,1252137,1252138,0,0,0,0
1787582484.1720092,-8,2,4,-4,9028,4537,17240,10545,1252164,1252165,1252167,1252168,0,0,0,0
1787582484.237255,-6,3,7,-9,8878,4660,17370,10418,1252194,1252195,1252197,1252198,0,0,0,0
1787582484.237255,-5,-4,3,-8,8689,4783,17503,10277,1252224,1252225,1252227,1252228,0,0,0,0
1787582484.341913,-4,4,2,-9,8524,4920,17633,10156,1252254,1252255,1252257,1252258,0,0,0,0
1787582484.357741,-3,-1,-1,0,8416,5005,17721,10073,1252284,1252285,1252287,1252288,0,0,0,0
1787582484.4398873,4,-7,-9,4,8428,4978,17693,10111,1252344,1252345,1252347,1252348,0,0,0,0
1787582484.5620594,8,-7,-4,5,8754,4698,17420,10375,1252404,1252405,1252407,1252408,0,0,0,0
1787582484.652719,7,-4,-7,5,8952,4556,17274,10524,1252434,1252435,1252437,1252438,0,0,0,0
1787582484.652719,8,-1,-4,8,9095,4443,17153,10656,1252464,1252465,1252467,1252468,0,0,0,0
1787582484.769858,5,-4,-8,-2,9271,4280,16964,10863,1252524,1252525,1252527,1252528,0,0,0,0
1787582484.8604457,-2,3,5,-1,9260,4298,16986,10835,1252584,1252585,1252587,1252588,0,0,0,0
1787582484.96556,-3,3,5,-3,9203,4360,17051,10763,1252614,1252615,1252617,1252618,0,0,0,0
1787582484.9784331,-4,7,5,-5,9123,4437,17137,10668,1252644,1252645,1252647,1252648,0,0,0,0
1787582485.0616663,3,11,2,-2,8918,4606,17322,10469,1252704,1252705,1252707,1252708,0,0,0,0
1787582485.1736124,-3,4,3,-3,8799,4690,17410,10379,1252734,1252735,1252737,1252738,0,0,0,0
1787582485.1796427,-3,2,3,-6,8680,4775,17496,10291,1252764,1252765,1252767,1252768,0,0,0,0
1787582485.3757546,0,-3,-2,2,8607,4819,17538,10260,1252884,1252885,1252887,1252888,0,0,0,0
1787582485.3815508,0,-3,-2,2,8607,4819,17538,10260,1252884,1252885,1252887,1252888,0,0,0,0
1787582485.478384,5,2,-3,4,8757,4705,17422,10376,1252944,1252945,1252947,1252948,0,0,0,0
1787582485.5756388,4,3,-2,4,8956,4553,17269,10533,1253034,1253035,1253037,1253038,0,0,0,0
1787582485.672732,-5,-5,-1,-2,9005,4516,17230,10571,1253094,1253095,1253097,1253098,0,0,0,0
1787582485.7313564,1,-6,-4,-1,9001,4518,17235,10565,1253124,1253125,1253127,1253128,0,0,0,0
1787582485.8591924,-2,4,0,2,8972,4541,17259,10540,1253184,1253185,1253187,1253188,0,0,0,0
1787582485.896287,-4,-2,0,3,8965,4547,17265,10535,1253214,1253215,1253217,1253218,0,0,0,0
1787582485.969988,-2,-11,1,-1,8967,4545,17263,10539,1253244,1253245,1253247,1253248,0,0,0,0
1787582485.9797788,0,-4,-2,-2,8975,4539,17256,10544,1253274,1253275,1253277,1253278,0,0,0,0
1787582486.0725849,-3,-6,-6,5,9013,4504,17219,10586,1253334,1253335,1253337,1253338,0,0,0,0
1787582486.1854784,-3,-4,-1,0,9070,4457,17167,10644,1253364,1253365,1253367,1253368,0,0,0,0
1787582486.1854784,5,4,-2,0,9119,4420,17125,10691,1253394,1253395,1253397,1253398,0,0,0,0
1787582486.2915795,4,-1,-4,-1,9133,4405,17110,10703,1253424,1253425,1253427,1253428,0,0,0,0
1787582486.332902,4,-3,2,-1,9103,4436,17144,10664,1253484,1253485,1253487,1253488,0,0,0,0
1787582486.4739842,-5,2,-1,-5,8948,4573,17293,10508,1253544,1253545,1253547,1253548,0,0,0,0
1787582486.4784758,-2,4,1,-2,8868,4624,17351,10450,1253574,1253575,1253577,1253578,0,0,0,0
1787582486.693105,5,0,3,-1,8846,4640,17360,10441,1253664,1253665,1253667,1253668,0,0,0,0
1787582486.7007577,0,-3,-4,3,8888,4606,17325,10477,1253694,1253695,1253697,1253698,0,0,0,0
1787582486.8122747,0,-2,-4,-2,8939,4572,17288,10519,1253724,1253725,1253727,1253728,0,0,0,0
1787582486.8122747,5,-11,-8,0,8978,4538,17251,10555,1253754,1253755,1253757,1253758,0,0,0,0
1787582486.9022934,-4,-1,-5,-1,9007,4516,17228,10578,1253784,1253785,1253787,1253788,0,0,0,0
1787582486.9087899,0,0,-3,-3,9020,4508,17220,10588,1253814,1253815,1253817,1253818,0,0,0,0
1787582487.0200658,-1,-5,4,1,9016,4511,17223,10582,1253844,1253845,1253847,1253848,0,0,0,0
1787582487.1033952,-4,-4,-4,0,8991,4531,17246,10559,1253904,1253905,1253907,1253908,0,0,0,0
1787582487.1033952,-6,4,1,4,8985,4536,17251,10554,1253934,1253935,1253937,1253938,0,0,0,0
1787582487.2228785,-2,-1,1,1,8992,4529,17243,10563,1253994,1253995,1253997,1253998,0,0,0,0
1787582487.3099744,1,5,3,6,8999,4524,17239,10569,1254054,1254055,1254057,1254058,0,0,0,0
1787582487.3573675,-3,14,0,2,8995,4525,17240,10565,1254084,1254085,1254087,1254088,0,0,0,0
1787582487.4368927,-3,-1,0,1,8987,4533,17248,10558,1254144,1254145,1254147,1254148,0,0,0,0
1787582487.51941,1,4,-1,0,8987,4533,17247,10557,1254174,1254175,1254177,1254178,0,0,0,0
1787582487.5813203,3,10,1,3,8988,4532,17246,10559,1254204,1254205,1254207,1254208,0,0,0,0
1787582487.7141323,3,1,-3,1,8993,4528,17241,10565,1254264,1254265,1254267,1254268,0,0,0,0
1787582487.848261,-2,1,-3,-2,8989,4530,17245,10561,1254384,1254385,1254387,1254388,0,0,0,0
1787582487.9305258,-3,2,-1,2,8993,4526,17241,10563,1254414,1254415,1254417,1254418,0,0,0,0
1787582488.0406284,-3,-3,-2,-2,8994,4527,17242,10564,1254444,1254445,1254447,1254448,0,0,0,0
1787582488.0406284,-4,-4,-1,-3,8991,4530,17244,10561,1254504,1254505,1254507,1254508,0,0,0,0
1787582488.1358843,-7,-1,0,3,8990,4530,17245,10560,1254534,1254535,1254537,1254538,0,0,0,0
1787582488.1675847,1,-2,2,-4,8992,4529,17244,10563,1254564,1254565,1254567,1254568,0,0,0,0
1787582488.335194,-4,-3,3,-3,8995,4527,17240,10564,1254594,1254595,1254597,1254598,0,0,0,0
1787582488.3361943,0,-2,-3,1,8993,4529,17243,10563,1254654,1254655,1254657,1254658,0,0,0,0
1787582488.4399843,0,0,-2,1,8990,4529,17244,10561,1254684,1254685,1254687,1254688,0,0,0,0
1787582488.455978,0,1,0,-1,8992,4529,17244,10561,1254714,1254715,1254717,1254718,0,0,0,0
1787582488.455978,2,0,3,0,8992,4529,17244,10562,1254744,1254745,1254747,1254748,0,0,0,0
1787582488.5388272,-2,2,-3,-3,8991,4530,17245,10562,1254774,1254775,1254777,1254778,0,0,0,0
