unix_timestamp,ir1_raw,ir1_cm,ir2_raw,ir2_cm
1787574278.3509877,216,16.8,209,17.38
1787574278.559566,201,18.09,213,17.04
1787574278.7179384,200,18.18,208,17.46
1787574278.9645865,206,17.64,207,17.55
1787574279.1463792,199,18.27,204,17.82
1787574279.320082,201,18.09,203,17.91
1787574279.4954824,199,18.27,206,17.64
1787574279.6569946,205,17.73,201,18.09
1787574279.7832954,200,18.18,199,18.27
1787574279.9449816,200,18.18,208,17.46
1787574280.1354723,194,18.76,200,18.18
1787574280.2886493,195,18.66,214,16.96
1787574280.5406685,191,19.06,206,17.64
1787574280.7337368,176,20.72,206,17.64
1787574280.89443,170,21.46,205,17.73
1787574281.0591803,165,22.13,212,17.13
1787574281.2396352,177,20.6,212,17.13
1787574281.3852987,149,24.55,215,16.88
1787574281.5378182,128,28.64,222,16.34
1787574281.7590709,74,30.0,229,15.82
1787574281.8945062,104,30.0,235,15.41
1787574282.069469,127,28.87,249,14.52
1787574282.245898,154,23.74,264,13.67
1787574282.458832,158,23.12,293,12.28
1787574282.689472,164,22.26,315,11.39
1787574282.8357859,159,22.98,339,10.55
1787574282.9880545,157,23.27,350,10.21
1787574283.1798263,147,24.89,365,9.77
1787574283.3379917,147,24.89,384,9.27
1787574283.4791684,141,25.96,402,8.83
1787574283.6233473,156,23.43,412,8.61
1787574283.8186224,147,24.89,338,10.59
1787574283.9611568,140,26.15,383,9.29
1787574284.1426437,139,26.34,380,9.37
1787574284.3274012,129,28.42,390,9.12
1787574284.4857235,124,30.0,397,8.95
1787574284.6944976,129,28.42,390,9.12
1787574284.8456166,124,30.0,394,9.02
1787574285.0530727,123,30.0,388,9.17
1787574285.247318,138,26.54,386,9.22
1787574285.3706055,151,24.22,378,9.42
1787574285.5810192,161,22.69,364,9.8
1787574285.7203624,155,23.58,350,10.21
1787574285.8615928,159,22.98,338,10.59
1787574286.0161526,164,22.26,320,11.21
1787574286.1893592,206,17.64,310,11.58
1787574286.3834698,225,16.11,292,12.32
1787574286.5643215,255,14.17,275,13.11
1787574286.755068,243,14.89,258,14.0
1787574286.963437,219,16.57,240,15.08
1787574287.3641996,214,16.96,226,16.04
1787574287.5686464,214,16.96,217,16.72
1787574287.7740712,223,16.26,219,16.57
1787576271.6257467,235,15.41,164,22.26
1787576271.8289518,220,16.49,164,22.26
1787576272.0370028,220,16.49,164,22.26
1787576272.2389076,214,16.96,164,22.26
1787576272.3629246,220,16.49,163,22.4
1787576272.660513,222,16.34,158,23.12
1787576272.858653,217,16.72,164,22.26
1787576273.0583298,215,16.88,164,22.26
1787576273.2203863,218,16.64,164,22.26
1787576273.3852248,225,16.11,164,22.26
1787576273.5766318,227,15.97,173,21.08
1787576273.7403967,218,16.64,164,22.26
1787576273.8771777,218,16.64,171,21.33
1787576274.0434475,222,16.34,170,21.46
1787576274.217311,219,16.57,169,21.59
1787576274.3780875,223,16.26,177,20.6
1787576274.561391,215,16.88,182,20.02
1787576274.731048,206,17.64,182,20.02
1787576274.9026234,200,18.18,188,19.37
1787576275.110011,200,18.18,194,18.76
1787576275.2537324,182,20.02,200,18.18
1787576275.4860535,176,20.72,211,17.21
1787576275.6941738,143,25.59,224,16.19
1787576275.8756042,40,30.0,229,15.82
1787576276.058506,99,30.0,248,14.58
1787576276.2487714,119,30.0,265,13.62
1787576276.462574,123,30.0,229,15.82
1787576276.6408246,129,28.42,253,14.28
1787576276.817051,122,30.0,259,13.94
1787576276.9613411,127,28.87,275,13.11
1787576277.1325755,130,28.2,283,12.72
1787576277.325807,131,27.98,298,12.06
1787576277.537924,141,25.96,320,11.21
1787576277.6986778,158,23.12,328,10.92
1787576277.8850148,146,25.06,339,10.55
1787576278.0740147,156,23.43,353,10.12
1787576278.2661033,141,25.96,361,9.88
1787576278.473211,147,24.89,374,9.53
1787576278.6564991,138,26.54,367,9.72
1787576278.8506467,160,22.83,386,9.22
1787576279.0278268,180,20.25,385,9.24
1787576279.2031157,209,17.38,402,8.83
1787576279.407634,212,17.13,287,12.54
1787576279.6198938,137,26.73,122,30.0
1787576279.7938569,123,30.0,140,26.15
1787576279.9362898,103,30.0,111,30.0
1787576280.0781772,168,21.72,128,28.64
1787576280.2434914,181,20.13,116,30.0
1787576280.3832028,113,30.0,122,30.0
1787576280.576492,112,30.0,147,24.89
1787576280.8206143,127,28.87,158,23.12
1787576281.0129015,117,30.0,150,24.38
1787576281.2022126,132,27.76,147,24.89
1787576281.391957,130,28.2,140,26.15
1787576281.5357194,116,30.0,128,28.64
1787576281.7163339,109,30.0,128,28.64
1787576281.8944297,117,30.0,128,28.64
1787576282.0356734,120,30.0,127,28.87
1787576282.2055492,110,30.0,134,27.34
1787576282.3890705,107,30.0,129,28.42
1787576282.5815856,97,30.0,133,27.55
1787576282.7431464,113,30.0,140,26.15
1787576282.9095094,110,30.0,134,27.34
1787576283.029655,130,28.2,140,26.15
1787576283.1899927,166,21.99,157,23.27
1787576283.3422194,178,20.48,200,18.18
1787576283.7102451,185,19.69,188,19.37
1787576283.876281,208,17.46,212,17.13
1787576347.6012654,171,21.33,206,17.64
1787576347.7301714,167,21.86,206,17.64
1787576348.0133958,179,20.36,212,17.13
1787576348.1377177,177,20.6,206,17.64
1787576348.4432244,185,19.69,212,17.13
1787576348.6248598,170,21.46,206,17.64
1787576348.7555447,202,18.0,212,17.13
1787576348.8997152,169,21.59,215,16.88
1787576349.2183127,186,19.58,222,16.34
1787576349.3603418,179,20.36,213,17.04
1787576349.5774186,183,19.91,208,17.46
1787576349.720547,170,21.46,206,17.64
1787576349.9192886,181,20.13,206,17.64
1787576350.0692484,187,19.47,206,17.64
1787576350.2425554,182,20.02,204,17.82
1787576350.3954408,188,19.37,193,18.85
1787576350.541409,185,19.69,195,18.66
1787576350.6790872,211,17.21,188,19.37
1787576350.851026,199,18.27,189,19.26
1787576351.0609548,216,16.8,188,19.37
1787576351.189273,204,17.82,188,19.37
1787576351.3496637,219,16.57,187,19.47
1787576351.553073,224,16.19,188,19.37
1787576351.7298212,220,16.49,189,19.26
1787576351.9060328,222,16.34,194,18.76
1787576352.0615287,202,18.0,192,18.96
1787576352.230309,27,30.0,194,18.76
1787576352.4248645,101,30.0,182,20.02
1787576352.6108277,114,30.0,188,19.37
1787576352.7615488,108,30.0,199,18.27
1787576352.9411442,134,27.34,205,17.73
1787576353.1001475,132,27.76,212,17.13
1787576353.2604039,122,30.0,224,16.19
1787576353.392866,124,30.0,229,15.82
1787576353.5532541,133,27.55,240,15.08
1787576353.7067297,137,26.73,250,14.46
1787576353.8510096,135,27.14,261,13.83
1787576354.0846446,158,23.12,269,13.41
1787576354.273484,151,24.22,280,12.87
1787576354.4756386,141,25.96,286,12.59
1787576354.6508036,140,26.15,306,11.74
1787576354.895721,138,26.54,311,11.54
1787576355.0781524,160,22.83,321,11.17
1787576355.2726061,199,18.27,344,10.39
1787576355.4493046,233,15.55,448,7.88
1787576355.6028664,149,24.55,135,27.14
1787576355.7937267,150,24.38,122,30.0
1787576355.9695714,83,30.0,141,25.96
1787576356.1715212,162,22.54,129,28.42
1787576356.343896,98,30.0,122,30.0
1787576356.4881368,106,30.0,111,30.0
1787576356.6579297,109,30.0,170,21.46
1787576356.8478935,115,30.0,152,24.05
1787576357.0232556,103,30.0,147,24.89
1787576357.1627686,104,30.0,144,25.41
1787576357.3500457,116,30.0,152,24.05
1787576357.5469887,113,30.0,170,21.46
1787576357.7356737,120,30.0,171,21.33
1787576357.9190545,114,30.0,164,22.26
1787576358.093584,73,30.0,104,30.0
1787576358.2477832,156,23.43,441,8.02
1787576358.4145749,175,20.84,371,9.61
1787576358.5984237,156,23.43,127,28.87
1787576358.7913232,147,24.89,116,30.0
1787576358.9841983,173,21.08,129,28.42
1787576359.1321466,219,16.57,236,15.34
1787576359.2901044,231,15.68,631,5.48
1787576359.4326222,248,14.58,561,6.21
1787576359.5913892,243,14.89,542,6.44
1787576359.7888985,234,15.48,730,4.68
1787576359.9608815,228,15.9,129,3.0
1787576360.1164758,232,15.61,274,3.0
1787576360.31475,211,17.21,215,3.0
1787576360.4598517,224,16.19,182,3.0
1787576360.6240692,199,18.27,164,3.0
1787576360.783601,185,19.69,163,3.0
1787576360.9074621,127,28.87,403,3.0
1787576361.0591917,129,28.42,356,3.0
1787576361.2403822,142,25.78,296,3.0
1787576361.4638402,141,25.96,281,3.0
1787576361.638554,148,24.72,281,3.0
1787576361.7762506,152,24.05,282,3.0
1787576361.9209862,157,23.27,253,3.0
1787576362.078374,167,21.86,236,3.0
1787576362.222878,163,22.4,234,3.0
1787576362.4049914,159,22.98,242,3.0
1787576362.552027,164,22.26,235,3.0
1787576362.6983094,174,20.96,233,3.0
1787576362.9358685,174,20.96,231,3.0
1787576363.1332114,177,20.6,224,3.0
1787576363.3219917,189,19.26,217,3.0
1787576363.5115166,182,20.02,214,3.0
1787576363.7093694,194,18.76,206,3.0
1787576363.9015849,200,18.18,200,3.0
1787576364.0948908,213,17.04,192,3.0
1787576364.2782238,205,17.73,188,3.0
1787576364.4137137,209,17.38,182,3.0
1787576364.611502,131,27.98,182,3.0
1787576364.7840014,120,30.0,182,3.0
1787576364.9417,153,23.89,179,3.0
1787576365.1228619,192,18.96,170,3.0
1787576365.2964766,206,17.64,171,3.0
1787576365.455875,224,16.19,164,3.0
1787576365.6260953,224,16.19,157,3.0
1787576365.8404589,244,14.83,159,3.0
1787576366.0037084,193,18.85,164,3.0
1787576366.121931,149,24.55,164,3.0
1787576366.2751555,152,24.05,170,3.0
1787576366.421691,156,23.43,188,3.0
1787576366.602349,152,24.05,194,3.0
1787576366.7644958,145,25.24,174,3.0
1787576366.9204156,121,30.0,176,3.0
1787576367.069266,109,30.0,194,3.0
1787576367.2470112,154,23.74,205,3.0
1787576367.401093,117,30.0,285,3.0
1787576367.5845923,133,27.55,164,3.0
1787576367.7638235,132,27.76,171,3.0
1787576367.9551494,162,22.54,420,3.0
1787576368.1033125,135,27.14,495,7.1
1787576368.2608109,120,30.0,601,5.77
1787576368.404667,113,30.0,728,4.69
1787576368.5854154,112,30.0,721,4.74
1787576368.7775502,122,30.0,485,7.25
1787576368.952549,131,27.98,394,9.02
1787576369.0934904,151,24.22,316,11.35
1787576369.3142889,165,22.13,241,15.02
1787576369.508774,351,10.18,198,18.37
1787576369.6860478,299,12.02,215,16.88
1787576369.9458227,278,12.96,234,15.48
1787576370.1069314,398,8.93,240,15.08
1787576370.3245394,165,22.13,275,13.11
1787576370.747069,188,19.37,194,18.76
1787576370.9387462,53,30.0,182,20.02
1787576371.1526794,283,12.72,158,23.12
1787576371.3567445,254,14.23,146,25.06
1787576371.562037,254,14.23,164,22.26
1787576371.7839541,259,13.94,169,21.59
1787576371.9822137,260,13.89,176,20.72
1787576372.1454413,253,14.28,165,22.13
1787576372.3580127,257,14.05,153,23.89
1787576372.5277426,245,14.76,157,23.27
1787576372.7214205,230,15.75,166,21.99
1787576372.9103932,44,30.0,173,21.08
1787576373.107501,219,16.57,162,22.54
1787576373.2949276,252,14.34,164,22.26
1787576373.4855032,261,13.83,182,20.02
1787576373.685886,221,16.41,174,20.96
1787576373.8628137,163,22.4,158,23.12
1787576374.0243526,160,22.83,194,18.76
1787576374.1965132,227,15.97,217,16.72
1787576374.4191124,243,14.89,264,13.67
1787576374.6376011,237,15.28,322,11.13
1787576574.5398304,245,14.76,139,26.34
1787576574.7156389,242,14.95,140,26.15
1787576574.8487167,242,14.95,135,27.14
1787576575.107882,268,13.46,140,26.15
1787576575.2391493,245,14.76,139,26.34
1787576575.5383668,243,14.89,144,25.41
1787576575.7595077,246,14.7,140,26.15
1787576575.9187052,242,14.95,133,27.55
1787576576.0544739,242,14.95,141,25.96
1787576576.374461,238,15.21,140,26.15
1787576576.5325346,242,14.95,140,26.15
1787576579.6552477,,-1.0,,-1.0
1787576579.7709112,,-1.0,,-1.0
1787576579.8789494,,-1.0,,-1.0
1787576579.9835105,,-1.0,,-1.0
1787576580.0948727,,-1.0,,-1.0
1787576580.1980488,,-1.0,,-1.0
1787576580.3023076,,-1.0,,-1.0
1787576580.4152339,,-1.0,,-1.0
1787576580.5337348,,-1.0,,-1.0
1787576580.6493833,,-1.0,,-1.0
1787576580.75558,,-1.0,,-1.0
1787576580.8651638,,-1.0,,-1.0
1787576580.9660616,,-1.0,,-1.0
1787576581.0746086,,-1.0,,-1.0
1787576581.1854875,,-1.0,,-1.0
1787576581.2943716,,-1.0,,-1.0
1787576581.4048824,,-1.0,,-1.0
1787576581.5084867,,-1.0,,-1.0
1787576581.6126583,,-1.0,,-1.0
1787576581.7180784,,-1.0,,-1.0
1787576581.827824,,-1.0,,-1.0
1787576581.9421544,,-1.0,,-1.0
1787576582.0461679,,-1.0,,-1.0
1787576582.1558542,,-1.0,,-1.0
1787576582.2612107,,-1.0,,-1.0
1787576582.3633587,,-1.0,,-1.0
1787576582.4694421,,-1.0,,-1.0
1787576582.5806108,,-1.0,,-1.0
1787576582.6907427,,-1.0,,-1.0
1787576582.7925837,,-1.0,,-1.0
1787576582.9102623,,-1.0,,-1.0
1787576583.0179634,,-1.0,,-1.0
1787576583.119078,,-1.0,,-1.0
1787576583.2328308,,-1.0,,-1.0
1787576583.3442943,,-1.0,,-1.0
1787576583.446039,,-1.0,,-1.0
1787576583.5543704,,-1.0,,-1.0
1787576583.6715982,,-1.0,,-1.0
1787576583.780031,,-1.0,,-1.0
1787576583.887411,,-1.0,,-1.0
1787576583.9906063,,-1.0,,-1.0
1787576584.1012626,,-1.0,,-1.0
1787576584.2081695,,-1.0,,-1.0
1787576584.3191237,,-1.0,,-1.0
1787576584.4314792,,-1.0,,-1.0
1787576584.5397243,,-1.0,,-1.0
1787576584.6589258,,-1.0,,-1.0
1787576584.7684925,,-1.0,,-1.0
1787576584.876988,,-1.0,,-1.0
1787576584.9897532,,-1.0,,-1.0
1787576585.0987122,,-1.0,,-1.0
1787576585.2113254,,-1.0,,-1.0
1787576585.3274434,,-1.0,,-1.0
1787576585.432175,,-1.0,,-1.0
1787576585.5373318,,-1.0,,-1.0
1787576585.6478462,,-1.0,,-1.0
1787576585.7516448,,-1.0,,-1.0
1787576585.8555322,,-1.0,,-1.0
1787576585.9629846,,-1.0,,-1.0
1787576586.064867,,-1.0,,-1.0
1787576586.1719434,,-1.0,,-1.0
1787576586.287161,,-1.0,,-1.0
1787576586.3989112,,-1.0,,-1.0
1787576586.5239115,,-1.0,,-1.0
1787576586.6280792,,-1.0,,-1.0
1787576586.7371335,,-1.0,,-1.0
1787576586.8418407,,-1.0,,-1.0
1787576586.945062,,-1.0,,-1.0
1787576587.059661,,-1.0,,-1.0
1787576587.1776795,,-1.0,,-1.0
1787576587.2809596,,-1.0,,-1.0
1787576587.3829777,,-1.0,,-1.0
1787576587.489931,,-1.0,,-1.0
1787576587.591655,,-1.0,,-1.0
1787576587.6933014,,-1.0,,-1.0
1787576587.797009,,-1.0,,-1.0
1787576587.9062724,,-1.0,,-1.0
1787576588.0162818,,-1.0,,-1.0
1787576588.1196778,,-1.0,,-1.0
1787576588.2306902,,-1.0,,-1.0
1787576588.3450756,,-1.0,,-1.0
1787576588.4528184,,-1.0,,-1.0
1787576588.566429,,-1.0,,-1.0
1787576588.6681123,,-1.0,,-1.0
1787576588.7711053,,-1.0,,-1.0
1787576588.883637,,-1.0,,-1.0
1787576588.9893382,,-1.0,,-1.0
1787576589.091292,,-1.0,,-1.0
1787576589.1946888,,-1.0,,-1.0
1787576589.3005476,,-1.0,,-1.0
1787576589.403595,,-1.0,,-1.0
1787576589.5073936,,-1.0,,-1.0
1787576589.609389,,-1.0,,-1.0
1787576589.7105637,,-1.0,,-1.0
1787576589.8159928,,-1.0,,-1.0
1787576589.926304,,-1.0,,-1.0
1787576590.037011,,-1.0,,-1.0
1787576590.1392224,,-1.0,,-1.0
1787576590.2425308,,-1.0,,-1.0
1787576590.3451917,,-1.0,,-1.0
1787576590.4573789,,-1.0,,-1.0
1787576590.567513,,-1.0,,-1.0
1787576590.6707642,,-1.0,,-1.0
1787576590.774449,,-1.0,,-1.0
1787576590.8854916,,-1.0,,-1.0
1787576590.989484,,-1.0,,-1.0
1787576591.1003,,-1.0,,-1.0
1787576591.211482,,-1.0,,-1.0
1787576591.31351,,-1.0,,-1.0
1787576591.4197283,,-1.0,,-1.0
1787576591.5277894,,-1.0,,-1.0
1787576591.6314094,,-1.0,,-1.0
1787576591.7454178,,-1.0,,-1.0
1787576591.847104,,-1.0,,-1.0
1787576591.954069,,-1.0,,-1.0
1787576592.0713,,-1.0,,-1.0
1787576592.1744199,,-1.0,,-1.0
1787576592.2847664,,-1.0,,-1.0
1787576592.3899102,,-1.0,,-1.0
1787576592.5028815,,-1.0,,-1.0
1787576592.605518,,-1.0,,-1.0
1787576592.7082148,,-1.0,,-1.0
1787576592.8221598,,-1.0,,-1.0
1787576592.932735,,-1.0,,-1.0
1787576593.0415545,,-1.0,,-1.0
1787576593.143058,,-1.0,,-1.0
1787576593.2509594,,-1.0,,-1.0
1787576593.3586137,,-1.0,,-1.0
1787576593.4666579,,-1.0,,-1.0
1787576593.5804768,,-1.0,,-1.0
1787576593.683604,,-1.0,,-1.0
1787576593.7860773,,-1.0,,-1.0
1787576593.8890946,,-1.0,,-1.0
1787576593.9925888,,-1.0,,-1.0
1787576594.1012235,,-1.0,,-1.0
1787576594.2028394,,-1.0,,-1.0
1787576594.307483,,-1.0,,-1.0
1787576594.4105084,,-1.0,,-1.0
1787576594.5152802,,-1.0,,-1.0
1787576594.626464,,-1.0,,-1.0
1787576594.7381837,,-1.0,,-1.0
1787576594.8422568,,-1.0,,-1.0
1787576594.9507763,,-1.0,,-1.0
1787576595.057365,,-1.0,,-1.0
1787576595.159173,,-1.0,,-1.0
1787576595.2659104,,-1.0,,-1.0
1787576595.381541,,-1.0,,-1.0
1787576595.4941807,,-1.0,,-1.0
1787576595.5977657,,-1.0,,-1.0
1787576595.7018096,,-1.0,,-1.0
1787576595.8030858,,-1.0,,-1.0
1787576595.9184835,,-1.0,,-1.0
1787576596.0207274,,-1.0,,-1.0
1787576596.1253166,,-1.0,,-1.0
1787576596.2393079,,-1.0,,-1.0
1787576596.3511722,,-1.0,,-1.0
1787576596.4524062,,-1.0,,-1.0
1787576596.5563986,,-1.0,,-1.0
1787576596.663323,,-1.0,,-1.0
1787576596.765461,,-1.0,,-1.0
1787576596.8676124,,-1.0,,-1.0
1787576596.9703937,,-1.0,,-1.0
1787576597.0771663,,-1.0,,-1.0
1787576597.1801531,,-1.0,,-1.0
1787576597.2928603,,-1.0,,-1.0
1787576597.394986,,-1.0,,-1.0
1787576597.4991746,,-1.0,,-1.0
1787576597.6050274,,-1.0,,-1.0
1787576597.7081423,,-1.0,,-1.0
1787576597.811008,,-1.0,,-1.0
1787576597.9169545,,-1.0,,-1.0
1787576598.0308201,,-1.0,,-1.0
1787576598.1343002,,-1.0,,-1.0
1787576598.2359738,,-1.0,,-1.0
1787576598.34236,,-1.0,,-1.0
1787576598.453179,,-1.0,,-1.0
1787576598.5646634,,-1.0,,-1.0
1787576598.6744676,,-1.0,,-1.0
1787576598.7803657,,-1.0,,-1.0
1787576598.8915064,,-1.0,,-1.0
1787576599.001533,,-1.0,,-1.0
1787576599.1028855,,-1.0,,-1.0
1787576599.2078953,,-1.0,,-1.0
1787576599.3150284,,-1.0,,-1.0
1787576599.4246953,,-1.0,,-1.0
1787576599.5265813,,-1.0,,-1.0
1787576599.6320505,,-1.0,,-1.0
1787576599.7348032,,-1.0,,-1.0
1787576599.8408,,-1.0,,-1.0
1787576599.945376,,-1.0,,-1.0
1787576600.058948,,-1.0,,-1.0
1787576600.1691222,,-1.0,,-1.0
1787576600.2721913,,-1.0,,-1.0
1787576600.378763,,-1.0,,-1.0
1787576600.489279,,-1.0,,-1.0
1787576600.5930638,,-1.0,,-1.0
1787576600.698143,,-1.0,,-1.0
1787576600.7989354,,-1.0,,-1.0
1787576600.9026592,,-1.0,,-1.0
1787576601.0068967,,-1.0,,-1.0
1787576601.1115093,,-1.0,,-1.0
1787576601.2143438,,-1.0,,-1.0
1787576601.3192246,,-1.0,,-1.0
1787576601.422465,,-1.0,,-1.0
1787576601.5422065,,-1.0,,-1.0
1787576601.64546,,-1.0,,-1.0
1787576601.748361,,-1.0,,-1.0
1787576601.8493934,,-1.0,,-1.0
1787576601.9521718,,-1.0,,-1.0
1787576602.0612638,,-1.0,,-1.0
1787576602.167888,,-1.0,,-1.0
1787576602.2695649,,-1.0,,-1.0
1787576602.3767548,,-1.0,,-1.0
1787576602.4874032,,-1.0,,-1.0
1787576602.5991802,,-1.0,,-1.0
1787576602.7139523,,-1.0,,-1.0
1787576602.8206632,,-1.0,,-1.0
1787576602.9223049,,-1.0,,-1.0
1787576603.0241582,,-1.0,,-1.0
1787576603.1314168,,-1.0,,-1.0
1787576603.2366884,,-1.0,,-1.0
1787576603.3386867,,-1.0,,-1.0
1787576603.446764,,-1.0,,-1.0
1787576603.5592346,,-1.0,,-1.0
1787576603.6683955,,-1.0,,-1.0
1787576603.7771251,,-1.0,,-1.0
1787576603.881499,,-1.0,,-1.0
1787576603.9855223,,-1.0,,-1.0
1787576604.1024318,,-1.0,,-1.0
1787576604.2098465,,-1.0,,-1.0
1787576604.3131466,,-1.0,,-1.0
1787576604.4182131,,-1.0,,-1.0
1787576604.5261714,,-1.0,,-1.0
1787576604.630434,,-1.0,,-1.0
1787576604.7339072,,-1.0,,-1.0
1787576604.8386338,,-1.0,,-1.0
1787576604.946279,,-1.0,,-1.0
1787576605.0577414,,-1.0,,-1.0
1787576605.1637514,,-1.0,,-1.0
1787576605.2718341,,-1.0,,-1.0
1787576605.3753402,,-1.0,,-1.0
1787576605.4797432,,-1.0,,-1.0
1787576605.5915458,,-1.0,,-1.0
1787576605.6941013,,-1.0,,-1.0
1787576605.8066576,,-1.0,,-1.0
1787576605.9087796,,-1.0,,-1.0
1787576606.0144823,,-1.0,,-1.0
1787576606.1306782,,-1.0,,-1.0
1787576606.2379153,,-1.0,,-1.0
1787576606.3486302,,-1.0,,-1.0
1787576606.459362,,-1.0,,-1.0
1787576606.5604358,,-1.0,,-1.0
1787576606.6643116,,-1.0,,-1.0
1787576606.777285,,-1.0,,-1.0
1787576606.8813813,,-1.0,,-1.0
1787576606.9834058,,-1.0,,-1.0
1787576607.0882175,,-1.0,,-1.0
1787576607.195477,,-1.0,,-1.0
1787576607.3040452,,-1.0,,-1.0
1787576607.4124722,,-1.0,,-1.0
1787576607.5200322,,-1.0,,-1.0
1787576607.6360648,,-1.0,,-1.0
1787576607.739552,,-1.0,,-1.0
1787576607.8505647,,-1.0,,-1.0
1787576607.9648483,,-1.0,,-1.0
1787576608.074347,,-1.0,,-1.0
1787576608.1781852,,-1.0,,-1.0
1787576608.2834756,,-1.0,,-1.0
1787576608.389518,,-1.0,,-1.0
1787576608.492854,,-1.0,,-1.0
1787576608.5951023,,-1.0,,-1.0
1787576608.699253,,-1.0,,-1.0
1787576608.8038943,,-1.0,,-1.0
1787576608.907547,,-1.0,,-1.0
1787576609.012075,,-1.0,,-1.0
1787576609.1170404,,-1.0,,-1.0
1787576609.2214313,,-1.0,,-1.0
1787576609.3318892,,-1.0,,-1.0
1787576609.435707,,-1.0,,-1.0
1787576609.5405395,,-1.0,,-1.0
1787576609.6446922,,-1.0,,-1.0
1787576609.7521057,,-1.0,,-1.0
1787576609.859354,,-1.0,,-1.0
1787576609.9629314,,-1.0,,-1.0
1787576610.067096,,-1.0,,-1.0
1787576610.1720726,,-1.0,,-1.0
1787576610.2851493,,-1.0,,-1.0
1787576610.3873346,,-1.0,,-1.0
1787576610.4915006,,-1.0,,-1.0
1787576610.6067846,,-1.0,,-1.0
1787576610.7198522,,-1.0,,-1.0
1787576610.8257627,,-1.0,,-1.0
1787576610.9317605,,-1.0,,-1.0
1787576611.0350864,,-1.0,,-1.0
1787576611.1367471,,-1.0,,-1.0
1787576611.2412426,,-1.0,,-1.0
1787576611.3559995,,-1.0,,-1.0
1787576611.4694448,,-1.0,,-1.0
1787576611.5828805,,-1.0,,-1.0
1787576611.696787,,-1.0,,-1.0
1787576611.8027453,,-1.0,,-1.0
1787576611.906405,,-1.0,,-1.0
1787576612.0191,,-1.0,,-1.0
1787576612.1325874,,-1.0,,-1.0
1787576612.2456217,,-1.0,,-1.0
1787576612.3476183,,-1.0,,-1.0
1787576612.457015,,-1.0,,-1.0
1787576612.5734918,,-1.0,,-1.0
1787576612.6776922,,-1.0,,-1.0
1787576674.8673604,239,15.14,134,27.34
1787576675.079116,258,14.0,134,27.34
1787576675.2743528,242,14.95,135,27.14
1787576675.4692109,245,14.76,134,27.34
1787576675.6081963,245,14.76,141,25.96
1787576675.8919544,243,14.89,135,27.14
1787576676.0927348,246,14.7,139,26.34
1787576676.2930777,243,14.89,140,26.15
1787576676.468105,243,14.89,139,26.34
1787576679.6154637,244,14.83,,-1.0
1787576679.716832,,-1.0,,-1.0
1787576679.8211753,,-1.0,,-1.0
1787576679.9222784,,-1.0,,-1.0
1787576680.0292895,,-1.0,,-1.0
1787576680.1333475,,-1.0,,-1.0
1787576680.2424386,,-1.0,,-1.0
1787576680.3440714,,-1.0,,-1.0
1787576680.4477232,,-1.0,,-1.0
1787576680.551876,,-1.0,,-1.0
1787576680.655979,,-1.0,,-1.0
1787576680.7594283,,-1.0,,-1.0
1787576680.8612776,,-1.0,,-1.0
1787576680.9724984,,-1.0,,-1.0
1787576681.0875614,,-1.0,,-1.0
1787576681.1996806,,-1.0,,-1.0
1787576681.3078558,,-1.0,,-1.0
1787576681.418478,,-1.0,,-1.0
1787576681.525244,,-1.0,,-1.0
1787576681.629509,,-1.0,,-1.0
1787576681.7395916,,-1.0,,-1.0
1787576681.8515325,,-1.0,,-1.0
1787576681.9556458,,-1.0,,-1.0
1787576682.0656521,,-1.0,,-1.0
1787576682.172845,,-1.0,,-1.0
1787576682.2832253,,-1.0,,-1.0
1787576682.391178,,-1.0,,-1.0
1787576682.4969707,,-1.0,,-1.0
1787576682.6019766,,-1.0,,-1.0
1787576682.7130792,,-1.0,,-1.0
1787576682.8241715,,-1.0,,-1.0
1787576682.9366927,,-1.0,,-1.0
1787576683.0389931,,-1.0,,-1.0
1787576683.1474102,,-1.0,,-1.0
1787576683.2568114,,-1.0,,-1.0
1787576683.3626423,,-1.0,,-1.0
1787576683.4640973,,-1.0,,-1.0
1787576683.570331,,-1.0,,-1.0
1787576683.675517,,-1.0,,-1.0
1787576683.7887337,,-1.0,,-1.0
1787576683.890097,,-1.0,,-1.0
1787576684.0067592,,-1.0,,-1.0
1787576684.1088579,,-1.0,,-1.0
1787576684.2130413,,-1.0,,-1.0
1787576684.330738,,-1.0,,-1.0
1787576684.4324818,,-1.0,,-1.0
1787576684.5374064,,-1.0,,-1.0
1787576684.6395483,,-1.0,,-1.0
1787576684.7467587,,-1.0,,-1.0
1787576684.8530996,,-1.0,,-1.0
1787576684.9555175,,-1.0,,-1.0
1787576685.0601282,,-1.0,,-1.0
1787576685.1709049,,-1.0,,-1.0
1787576685.281563,,-1.0,,-1.0
1787576685.3855796,,-1.0,,-1.0
1787576685.4906034,,-1.0,,-1.0
1787576685.600943,,-1.0,,-1.0
1787576685.7129052,,-1.0,,-1.0
1787576685.815272,,-1.0,,-1.0
1787576685.9183795,,-1.0,,-1.0
1787576686.0201933,,-1.0,,-1.0
1787576686.123074,,-1.0,,-1.0
1787576686.2263546,,-1.0,,-1.0
1787576686.328062,,-1.0,,-1.0
1787576686.4326353,,-1.0,,-1.0
1787576686.5428126,,-1.0,,-1.0
1787576686.656906,,-1.0,,-1.0
1787576686.7604973,,-1.0,,-1.0
1787576686.8617675,,-1.0,,-1.0
1787576686.9660113,,-1.0,,-1.0
1787576687.080502,,-1.0,,-1.0
1787576687.18195,,-1.0,,-1.0
1787576687.2908626,,-1.0,,-1.0
1787576687.4131823,,-1.0,,-1.0
1787576687.5196366,,-1.0,,-1.0
1787576687.6233828,,-1.0,,-1.0
1787576687.7260342,,-1.0,,-1.0
1787576687.8368926,,-1.0,,-1.0
1787576687.9449954,,-1.0,,-1.0
1787576688.0491884,,-1.0,,-1.0
1787576688.1621995,,-1.0,,-1.0
1787576688.2742186,,-1.0,,-1.0
1787576688.3767803,,-1.0,,-1.0
1787576688.48068,,-1.0,,-1.0
1787576688.5934448,,-1.0,,-1.0
1787576688.6952245,,-1.0,,-1.0
1787576688.8123443,,-1.0,,-1.0
1787576688.922194,,-1.0,,-1.0
1787576689.023424,,-1.0,,-1.0
1787576689.1274905,,-1.0,,-1.0
1787576689.2299836,,-1.0,,-1.0
1787576689.3421197,,-1.0,,-1.0
1787576689.4563124,,-1.0,,-1.0
1787576689.5578074,,-1.0,,-1.0
1787576689.6629136,,-1.0,,-1.0
1787576689.7644763,,-1.0,,-1.0
1787576689.8765824,,-1.0,,-1.0
1787576689.9801614,,-1.0,,-1.0
1787576690.0871074,,-1.0,,-1.0
1787576690.188736,,-1.0,,-1.0
1787576690.2931151,,-1.0,,-1.0
1787576690.4066849,,-1.0,,-1.0
1787576690.5085921,,-1.0,,-1.0
1787576690.6114771,,-1.0,,-1.0
1787576690.7156768,,-1.0,,-1.0
1787576690.826777,,-1.0,,-1.0
1787576690.9280434,,-1.0,,-1.0
1787576691.0432186,,-1.0,,-1.0
1787576691.1480548,,-1.0,,-1.0
1787576691.2543693,,-1.0,,-1.0
1787576691.3619282,,-1.0,,-1.0
1787576691.4737573,,-1.0,,-1.0
1787576691.5783217,,-1.0,,-1.0
1787576691.682465,,-1.0,,-1.0
1787576691.795382,,-1.0,,-1.0
1787576691.8978777,,-1.0,,-1.0
1787576692.0039818,,-1.0,,-1.0
1787576692.1098466,,-1.0,,-1.0
1787576692.2262616,,-1.0,,-1.0
1787576692.3289773,,-1.0,,-1.0
1787576692.4323702,,-1.0,,-1.0
1787576692.544543,,-1.0,,-1.0
1787576692.657878,,-1.0,,-1.0
1787576692.7654498,,-1.0,,-1.0
1787576692.8709242,,-1.0,,-1.0
1787576692.9818635,,-1.0,,-1.0
1787576693.084157,,-1.0,,-1.0
1787576693.1889825,,-1.0,,-1.0
1787576693.2931285,,-1.0,,-1.0
1787576693.4007983,,-1.0,,-1.0
1787576693.5030475,,-1.0,,-1.0
1787576693.618766,,-1.0,,-1.0
1787576693.7254105,,-1.0,,-1.0
1787576693.8300662,,-1.0,,-1.0
1787576693.9315834,,-1.0,,-1.0
1787576694.0353189,,-1.0,,-1.0
1787576694.140782,,-1.0,,-1.0
1787576694.24764,,-1.0,,-1.0
1787576694.3489182,,-1.0,,-1.0
1787576694.4637668,,-1.0,,-1.0
1787576694.5651293,,-1.0,,-1.0
1787576694.6676133,,-1.0,,-1.0
1787576694.7705975,,-1.0,,-1.0
1787576694.8747663,,-1.0,,-1.0
1787576694.9797218,,-1.0,,-1.0
1787576695.0834813,,-1.0,,-1.0
1787576695.1976373,,-1.0,,-1.0
1787576695.3096929,,-1.0,,-1.0
1787576695.4214108,,-1.0,,-1.0
1787576695.5243592,,-1.0,,-1.0
1787576695.6293576,,-1.0,,-1.0
1787576695.7414112,,-1.0,,-1.0
1787576695.858834,,-1.0,,-1.0
1787576695.9645321,,-1.0,,-1.0
1787576696.0690572,,-1.0,,-1.0
1787576696.1728227,,-1.0,,-1.0
1787576696.2772236,,-1.0,,-1.0
1787576696.3781815,,-1.0,,-1.0
1787576696.4869993,,-1.0,,-1.0
1787576696.5929506,,-1.0,,-1.0
1787576696.703907,,-1.0,,-1.0
1787576696.8052833,,-1.0,,-1.0
1787576696.9186757,,-1.0,,-1.0
1787576697.0200372,,-1.0,,-1.0
1787576697.124894,,-1.0,,-1.0
1787576697.2298186,,-1.0,,-1.0
1787576697.3405583,,-1.0,,-1.0
1787576697.4474356,,-1.0,,-1.0
1787576697.5576046,,-1.0,,-1.0
1787576697.663167,,-1.0,,-1.0
1787576697.7735908,,-1.0,,-1.0
1787576697.8823361,,-1.0,,-1.0
1787576697.9855702,,-1.0,,-1.0
1787576698.0891845,,-1.0,,-1.0
1787576698.1949403,,-1.0,,-1.0
1787576698.3052096,,-1.0,,-1.0
1787576698.4094124,,-1.0,,-1.0
1787576698.5141015,,-1.0,,-1.0
1787576698.619438,,-1.0,,-1.0
1787576698.7231026,,-1.0,,-1.0
1787576698.8259368,,-1.0,,-1.0
1787576698.9307294,,-1.0,,-1.0
1787576699.0349004,,-1.0,,-1.0
1787576699.1382852,,-1.0,,-1.0
1787576699.2441385,,-1.0,,-1.0
1787576699.3474452,,-1.0,,-1.0
1787576699.4506373,,-1.0,,-1.0
1787576699.5550652,,-1.0,,-1.0
1787576699.659146,,-1.0,,-1.0
1787576699.7631235,,-1.0,,-1.0
1787576699.8679578,,-1.0,,-1.0
1787576699.9727447,,-1.0,,-1.0
1787576700.0762477,,-1.0,,-1.0
1787576700.1794024,,-1.0,,-1.0
1787576700.291223,,-1.0,,-1.0
1787576700.405687,,-1.0,,-1.0
1787576700.515746,,-1.0,,-1.0
1787576700.6198413,,-1.0,,-1.0
1787576700.7213628,,-1.0,,-1.0
1787576700.828913,,-1.0,,-1.0
1787576700.9444287,,-1.0,,-1.0
1787576701.0483375,,-1.0,,-1.0
1787576701.152824,,-1.0,,-1.0
1787576701.2557216,,-1.0,,-1.0
1787576701.3665776,,-1.0,,-1.0
1787576701.477765,,-1.0,,-1.0
1787576701.5837781,,-1.0,,-1.0
1787576701.688174,,-1.0,,-1.0
1787576701.8011217,,-1.0,,-1.0
1787576701.9023798,,-1.0,,-1.0
1787576702.0168295,,-1.0,,-1.0
1787576702.1237693,,-1.0,,-1.0
1787576702.227746,,-1.0,,-1.0
1787576702.3408608,,-1.0,,-1.0
1787576702.4600897,,-1.0,,-1.0
1787576702.5736341,,-1.0,,-1.0
1787576702.6868324,,-1.0,,-1.0
1787576702.7909622,,-1.0,,-1.0
1787576791.215829,253,14.28,135,27.14
1787576791.5978665,256,14.11,135,27.14
1787576791.7366655,245,14.76,134,27.34
1787576792.0005205,244,14.83,135,27.14
1787576792.4174922,257,14.05,133,27.55
1787576792.5525236,243,14.89,135,27.14
1787576792.823,248,14.58,134,27.34
1787576792.9528143,244,14.83,134,27.34
1787576793.1894772,243,14.89,135,27.14
1787576796.3057306,,-1.0,,-1.0
1787576796.4097395,,-1.0,,-1.0
1787576796.514108,,-1.0,,-1.0
1787576796.6163156,,-1.0,,-1.0
1787576796.7223737,,-1.0,,-1.0
1787576796.8271024,,-1.0,,-1.0
1787576796.930642,,-1.0,,-1.0
1787576797.043384,,-1.0,,-1.0
1787576797.1469142,,-1.0,,-1.0
1787576797.25039,,-1.0,,-1.0
1787576797.355032,,-1.0,,-1.0
1787576797.4648857,,-1.0,,-1.0
1787576797.5698028,,-1.0,,-1.0
1787576797.681736,,-1.0,,-1.0
1787576797.7937624,,-1.0,,-1.0
1787576797.895352,,-1.0,,-1.0
1787576797.997668,,-1.0,,-1.0
1787576798.1141648,,-1.0,,-1.0
1787576798.2163663,,-1.0,,-1.0
1787576798.319926,,-1.0,,-1.0
1787576798.4208612,,-1.0,,-1.0
1787576798.5273702,,-1.0,,-1.0
1787576798.6379108,,-1.0,,-1.0
1787576798.7528944,,-1.0,,-1.0
1787576798.8610456,,-1.0,,-1.0
1787576798.967673,,-1.0,,-1.0
1787576799.0788,,-1.0,,-1.0
1787576799.188122,,-1.0,,-1.0
1787576799.3030035,,-1.0,,-1.0
1787576799.411849,,-1.0,,-1.0
1787576799.5222454,,-1.0,,-1.0
1787576799.6331367,,-1.0,,-1.0
1787576799.7442513,,-1.0,,-1.0
1787576799.8573537,,-1.0,,-1.0
1787576799.9585576,,-1.0,,-1.0
1787576800.072662,,-1.0,,-1.0
1787576800.18305,,-1.0,,-1.0
1787576800.2846243,,-1.0,,-1.0
1787576800.3985946,,-1.0,,-1.0
1787576800.5073051,,-1.0,,-1.0
1787576800.6104133,,-1.0,,-1.0
1787576800.72112,,-1.0,,-1.0
1787576800.8262088,,-1.0,,-1.0
1787576800.9314525,,-1.0,,-1.0
1787576801.0430472,,-1.0,,-1.0
1787576801.1465926,,-1.0,,-1.0
1787576801.2584295,,-1.0,,-1.0
1787576801.3605256,,-1.0,,-1.0
1787576801.4753048,,-1.0,,-1.0
1787576801.586497,,-1.0,,-1.0
1787576801.6970644,,-1.0,,-1.0
1787576801.8077528,,-1.0,,-1.0
1787576801.9090931,,-1.0,,-1.0
1787576802.0226707,,-1.0,,-1.0
1787576802.1252427,,-1.0,,-1.0
1787576802.229286,,-1.0,,-1.0
1787576802.3482296,,-1.0,,-1.0
1787576802.4503634,,-1.0,,-1.0
1787576802.5593543,,-1.0,,-1.0
1787576802.6614895,,-1.0,,-1.0
1787576802.7716157,,-1.0,,-1.0
1787576802.875113,,-1.0,,-1.0
1787576802.97771,,-1.0,,-1.0
1787576803.0831242,,-1.0,,-1.0
1787576803.186286,,-1.0,,-1.0
1787576803.299932,,-1.0,,-1.0
1787576803.4111269,,-1.0,,-1.0
1787576803.521752,,-1.0,,-1.0
1787576803.633273,,-1.0,,-1.0
1787576803.7435334,,-1.0,,-1.0
1787576803.8477561,,-1.0,,-1.0
1787576803.9522574,,-1.0,,-1.0
1787576804.054133,,-1.0,,-1.0
1787576804.159216,,-1.0,,-1.0
1787576804.2635756,,-1.0,,-1.0
1787576804.3667183,,-1.0,,-1.0
1787576804.4688332,,-1.0,,-1.0
1787576804.5754588,,-1.0,,-1.0
1787576804.67968,,-1.0,,-1.0
1787576804.784692,,-1.0,,-1.0
1787576804.8891153,,-1.0,,-1.0
1787576804.9948888,,-1.0,,-1.0
1787576805.0972314,,-1.0,,-1.0
1787576805.199975,,-1.0,,-1.0
1787576805.3048532,,-1.0,,-1.0
1787576805.4061258,,-1.0,,-1.0
1787576805.5175283,,-1.0,,-1.0
1787576805.6239197,,-1.0,,-1.0
1787576805.729312,,-1.0,,-1.0
1787576805.8332508,,-1.0,,-1.0
1787576805.9369292,,-1.0,,-1.0
1787576806.0406277,,-1.0,,-1.0
1787576806.14475,,-1.0,,-1.0
1787576806.2481198,,-1.0,,-1.0
1787576806.353042,,-1.0,,-1.0
1787576806.4580073,,-1.0,,-1.0
1787576806.5614665,,-1.0,,-1.0
1787576806.665022,,-1.0,,-1.0
1787576806.7780452,,-1.0,,-1.0
1787576806.8825316,,-1.0,,-1.0
1787576806.9847262,,-1.0,,-1.0
1787576807.0911262,,-1.0,,-1.0
1787576807.1950336,,-1.0,,-1.0
1787576807.297937,,-1.0,,-1.0
1787576807.4008584,,-1.0,,-1.0
1787576807.5093718,,-1.0,,-1.0
1787576807.6150544,,-1.0,,-1.0
1787576807.720227,,-1.0,,-1.0
1787576807.8332353,,-1.0,,-1.0
1787576807.9406912,,-1.0,,-1.0
1787576808.0512328,,-1.0,,-1.0
1787576808.1548417,,-1.0,,-1.0
1787576808.2620544,,-1.0,,-1.0
1787576808.3775518,,-1.0,,-1.0
1787576808.4892144,,-1.0,,-1.0
1787576808.6034467,,-1.0,,-1.0
1787577169.806305,248,14.58,134,27.34
1787577169.9382503,248,14.58,135,27.14
1787577170.0958393,247,14.64,133,27.55
1787577170.303228,260,13.89,135,27.14
1787577170.4276972,252,14.34,134,27.34
1787577170.8043642,244,14.83,134,27.34
1787577171.0252163,247,14.64,134,27.34
1787577171.2085967,256,14.11,135,27.14
1787577171.3806565,252,14.34,134,27.34
1787577171.5552454,263,13.72,134,27.34
1787577171.7679625,249,14.52,133,27.55
1787577171.9357219,244,14.83,135,27.14
1787577172.1221056,245,14.76,138,26.54
1787577172.2678475,254,14.23,133,27.55
1787577172.4068894,244,14.83,129,28.42
1787577172.546317,237,15.28,134,27.34
1787577172.6847138,236,15.34,129,28.42
1787577172.8445196,238,15.21,135,27.14
1787577172.990463,219,16.57,134,27.34
1787577173.13193,210,17.29,135,27.14
1787577173.3270483,200,18.18,151,24.22
1787577173.5008504,176,20.72,145,25.24
1787577173.6462028,118,30.0,151,24.22
1787577173.778285,33,30.0,158,23.12
1787577173.9556184,96,30.0,164,22.26
1787577174.1004622,117,30.0,174,20.96
1787577174.2603722,134,27.34,176,20.72
1787577174.3777354,139,26.34,188,19.37
1787577174.5530078,145,25.24,207,17.55
1787577174.729846,151,24.22,223,16.26
1787577174.8927033,141,25.96,241,15.02
1787577175.0792372,150,24.38,259,13.94
1787577175.2803512,144,25.41,296,12.15
1787577175.433692,144,25.41,304,11.82
1787577175.6333706,142,25.78,314,11.43
1787577175.8055074,148,24.72,321,11.17
1787577176.0011356,149,24.55,327,10.96
1787577176.2059464,162,22.54,327,10.96
1787577176.402338,150,24.38,326,10.99
1787577176.573635,144,25.41,328,10.92
1787577176.7011437,149,24.55,326,10.99
1787577176.816139,147,24.89,326,10.99
1787577177.0194187,157,23.27,321,11.17
1787577177.2272837,230,15.75,229,15.82
1787577177.4490054,104,30.0,303,11.86
1787577177.638412,253,14.28,385,9.24
1787577177.8437684,246,14.7,391,9.09
1787577178.047948,147,24.89,385,9.24
1787577178.2502098,146,25.06,385,9.24
1787577178.4562476,159,22.98,383,9.29
1787577178.6630986,164,22.26,388,9.17
1787577178.8511035,176,20.72,384,9.27
1787577179.0314066,149,24.55,391,9.09
1787577179.2257993,143,25.59,384,9.27
1787577179.3860214,164,22.26,383,9.29
1787577179.5874314,216,16.8,363,9.83
1787577179.7607229,244,14.83,344,10.39
1787577179.9483597,205,17.73,328,10.92
1787577180.1463387,161,22.69,304,11.82
1787577180.2934148,165,22.13,326,10.99
1787577180.4998846,181,20.13,315,11.39
1787577180.6689317,312,11.5,286,12.59
1787577180.9206753,420,8.44,263,13.72
1787577181.0995471,192,18.96,245,14.76
1787577181.2570238,198,18.37,222,16.34
1787577181.4531097,197,18.46,206,17.64
1787577181.611062,215,16.88,183,19.91
1787577181.8232825,219,16.57,171,21.33
1787577182.0155654,236,15.34,157,23.27
1787577182.1607473,262,13.78,152,24.05
1787577182.3127024,265,13.62,153,23.89
1787577182.4727762,267,13.51,154,23.74
1787577182.6173959,282,12.77,146,25.06
1787577182.7940102,283,12.72,145,25.24
1787577182.9571078,289,12.45,147,24.89
1787577183.1583104,285,12.63,146,25.06
1787577183.28067,288,12.5,152,24.05
1787577183.4722898,286,12.59,201,18.09
1787580496.296973,214,16.96,240,15.08
1787580496.4298923,213,17.04,241,15.02
1787580496.9034007,211,17.21,249,14.52
1787580497.1117575,211,17.21,244,14.83
1787580497.314309,214,16.96,239,15.14
1787580497.4387047,214,16.96,241,15.02
1787580497.6888409,215,16.88,244,14.83
1787580497.8494503,215,16.88,249,14.52
1787580498.1062307,220,16.49,243,14.89
1787580498.340575,213,17.04,241,15.02
1787580498.548475,213,17.04,246,14.7
1787580498.7086172,217,16.72,238,15.21
1787580498.951973,213,17.04,241,15.02
1787580499.1683755,221,16.41,248,14.58
1787580499.3631575,214,16.96,236,15.34
1787580499.571856,215,16.88,248,14.58
1787580499.7649653,214,16.96,243,14.89
1787580499.971724,212,17.13,256,14.11
1787580500.131541,215,16.88,242,14.95
1787580500.5851815,213,17.04,241,15.02
1787580500.7980483,222,16.34,242,14.95
1787580500.9888825,223,16.26,252,14.34
1787580501.1967447,213,17.04,250,14.46
1787580501.4107287,210,17.29,241,15.02
1787580501.6182797,217,16.72,241,15.02
1787580501.8089857,213,17.04,248,14.58
1787580502.0278153,215,16.88,242,14.95
1787580502.2318609,215,16.88,245,14.76
1787580502.4368298,213,17.04,241,15.02
1787580502.639048,216,16.8,238,15.21
1787580503.048366,210,17.29,241,15.02
1787580503.208213,222,16.34,241,15.02
1787580503.4597352,213,17.04,241,15.02
1787580503.5894558,210,17.29,249,14.52
1787580503.7277741,214,16.96,237,15.28
1787580504.0907748,214,16.96,240,15.08
1787580504.2770283,213,17.04,241,15.02
1787580504.4096081,221,16.41,241,15.02
1787580504.5476878,215,16.88,245,14.76
1787580504.670044,215,16.88,237,15.28
1787580504.8932693,216,16.8,242,14.95
1787580505.098009,214,16.96,241,15.02
1787580505.2292666,213,17.04,241,15.02
1787580505.370514,213,17.04,241,15.02
1787580505.702715,214,16.96,246,14.7
1787580505.9160647,216,16.8,243,14.89
1787580506.0488906,213,17.04,251,14.4
1787580506.336497,213,17.04,242,14.95
1787580506.5292125,219,16.57,243,14.89
1787580506.7283885,324,11.06,304,11.82
1787580506.9510536,281,12.82,563,6.19
1787580507.145357,260,13.89,525,6.67
1787580507.346198,188,19.37,518,6.76
1787580507.561557,182,20.02,513,6.83
1787580507.6807644,176,20.72,519,6.75
1787580507.825239,210,17.29,516,6.79
1787580508.271117,183,19.91,518,6.76
1787580508.5768313,193,18.85,517,6.78
1787580508.7298741,184,19.8,512,6.85
1787580508.9865587,181,20.13,514,6.82
1787580509.1939669,187,19.47,522,6.71
1787580509.4085526,182,20.02,513,6.83
1787580509.5677345,188,19.37,514,6.82
1787580509.7527556,191,19.06,521,6.72
1787580509.9091284,183,19.91,513,6.83
1787580510.2136862,185,19.69,512,6.85
1787580510.3456914,219,16.57,512,6.85
1787580510.6173282,277,13.01,518,6.76
1787580510.8463998,283,12.72,513,6.83
1787580511.0288568,311,11.54,512,6.85
1787580644.1539142,250,14.46,239,15.14
1787580644.3694139,235,15.41,235,15.41
1787580644.549919,231,15.68,236,15.34
1787580644.6902387,237,15.28,236,15.34
1787580644.8278024,231,15.68,234,15.48
1787580645.1936948,232,15.61,235,15.41
1787580645.3838024,231,15.68,239,15.14
1787580645.5088582,232,15.61,235,15.41
1787580645.667685,229,15.82,232,15.61
1787580645.9977257,231,15.68,235,15.41
1787580646.1957679,231,15.68,239,15.14
1787580646.403727,239,15.14,234,15.48
1787580646.5496726,240,15.08,235,15.41
1787580646.8134127,230,15.75,235,15.41
1787580647.021558,234,15.48,234,15.48
1787580647.2271068,232,15.61,244,14.83
1787580674.3162844,233,15.55,236,15.34
1787580674.4556377,231,15.68,236,15.34
1787580674.6564474,231,15.68,241,15.02
1787580674.8791106,236,15.34,234,15.48
1787580675.0666401,230,15.75,235,15.41
1787580675.1916473,238,15.21,232,15.61
1787580675.5103219,230,15.75,235,15.41
1787580675.6499708,232,15.61,235,15.41
1787580675.887684,231,15.68,244,14.83
1787580676.0651011,233,15.55,242,14.95
1787580676.2053573,234,15.48,238,15.21
1787580676.7185106,228,15.9,242,14.95
1787580676.9340794,231,15.68,236,15.34
1787580677.1289396,229,15.82,235,15.41
1787580677.330323,239,15.14,244,14.83
1787580677.5380707,228,15.9,235,15.41
1787580677.7538302,230,15.75,235,15.41
1787580694.1278844,233,15.55,235,15.41
1787580694.3299837,231,15.68,236,15.34
1787580694.5428395,252,14.34,233,15.55
1787580694.7463648,227,15.97,238,15.21
1787580694.8756824,231,15.68,232,15.61
1787580695.147583,236,15.34,244,14.83
1787580695.2722106,230,15.75,232,15.61
1787580695.5575664,231,15.68,238,15.21
1787580695.765795,236,15.34,246,14.7
1787580696.1618936,231,15.68,236,15.34
1787580696.3782952,232,15.61,236,15.34
1787580696.5842605,232,15.61,238,15.21
1787580696.7368221,232,15.61,235,15.41
1787580696.994156,230,15.75,246,14.7
1787580697.1951501,230,15.75,234,15.48
1787580697.415264,230,15.75,238,15.21
1787580736.5233085,235,15.41,235,15.41
1787580736.7193213,231,15.68,239,15.14
1787580737.122005,231,15.68,231,15.68
1787580737.253761,227,15.97,234,15.48
1787580737.543689,234,15.48,237,15.28
1787580737.7521942,231,15.68,235,15.41
1787580737.8734713,253,14.28,237,15.28
1787580738.16609,232,15.61,235,15.41
1787580738.2893567,230,15.75,241,15.02
1787580738.5590417,232,15.61,235,15.41
1787580738.9669554,236,15.34,235,15.41
1787580739.1558049,234,15.48,245,14.76
1787580739.390625,228,15.9,231,15.68
1787580739.7935808,231,15.68,238,15.21
1787580739.9995973,233,15.55,241,15.02
1787580740.16885,230,15.75,235,15.41
1787580740.4106572,231,15.68,236,15.34
1787580740.5398054,232,15.61,237,15.28
1787580740.822043,231,15.68,235,15.41
1787580741.0221899,231,15.68,233,15.55
1787580741.1684825,231,15.68,238,15.21
1787580741.4339485,231,15.68,236,15.34
1787580741.6338406,231,15.68,237,15.28
1787580741.7730813,228,15.9,237,15.28
1787580741.9128916,230,15.75,234,15.48
1787580742.175082,231,15.68,226,16.04
1787580742.4503787,230,15.75,235,15.41
1787580742.6678681,232,15.61,240,15.08
1787580742.86411,230,15.75,238,15.21
1787580743.071225,231,15.68,232,15.61
1787580743.2732997,231,15.68,237,15.28
1787580743.412655,260,13.89,235,15.41
1787580743.6843748,231,15.68,236,15.34
1787580743.8902106,231,15.68,235,15.41
1787580744.0152345,231,15.68,236,15.34
1787580744.1551797,227,15.97,233,15.55
1787580744.5020385,231,15.68,234,15.48
1787580744.6332605,230,15.75,235,15.41
1787580744.9133642,240,15.08,246,14.7
1787580745.1258903,238,15.21,244,14.83
1787580745.3216968,240,15.08,242,14.95
1787580745.5183914,230,15.75,246,14.7
1787580745.7318113,231,15.68,245,14.76
1787580745.939394,231,15.68,235,15.41
1787580746.1484306,231,15.68,248,14.58
1787580746.348991,230,15.75,245,14.76
1787580746.5497847,231,15.68,235,15.41
1787580746.6959913,240,15.08,246,14.7
1787580746.9659045,246,14.7,310,11.58
1787580747.1677566,352,10.15,407,8.72
1787580747.29302,285,12.63,558,6.25
1787580747.5772889,288,12.5,397,8.95
1787580747.7923205,182,20.02,558,6.25
1787580747.9882083,188,19.37,558,6.25
1787580748.1904068,211,17.21,558,6.25
1787580748.3943946,183,19.91,558,6.25
1787580748.6128714,188,19.37,557,6.26
1787580748.8143013,190,19.16,558,6.25
1787580749.1896114,198,18.37,558,6.25
1787580749.4344873,182,20.02,561,6.21
1787580749.5703607,188,19.37,558,6.25
1787580749.7235389,211,17.21,557,6.26
1787580750.1989677,188,19.37,558,6.25
1787580750.445159,192,18.96,563,6.19
1787580750.6468182,186,19.58,558,6.25
1787580750.8554783,243,14.89,558,6.25
1787580751.0585515,251,14.4,563,6.19
1787580751.2056456,182,20.02,562,6.2
1787580751.4645452,182,20.02,580,5.99
1787580751.659032,212,17.13,585,5.94
1787580751.8847938,237,15.28,573,6.07
1787580752.0698802,229,15.82,442,8.0
1787580752.2847297,195,18.66,375,9.5
1787580752.4917245,284,12.68,447,7.9
1787580752.6323812,291,12.36,497,7.06
1787580765.6522813,222,16.34,241,15.02
1787580765.8120036,230,15.75,235,15.41
1787580765.955075,225,16.11,235,15.41
1787580766.133042,226,16.04,235,15.41
1787580766.2766244,253,14.28,235,15.41
1787580766.455153,233,15.55,235,15.41
1787580766.737502,217,16.72,235,15.41
1787580766.9084408,231,15.68,232,15.61
1787580767.0536332,225,16.11,235,15.41
1787580767.206108,228,15.9,230,15.75
1787580767.4042165,225,16.11,235,15.41
1787580767.5965452,231,15.68,235,15.41
1787580767.7550128,230,15.75,234,15.48
1787580767.8945503,225,16.11,246,14.7
1787580768.0310733,222,16.34,246,14.7
1787580768.2474527,233,15.55,236,15.34
1787580768.4321976,231,15.68,238,15.21
1787580768.6567492,230,15.75,235,15.41
1787580768.8034513,223,16.26,244,14.83
1787580768.9552517,232,15.61,237,15.28
1787580769.094717,225,16.11,235,15.41
1787580769.233082,225,16.11,235,15.41
1787580769.372646,231,15.68,247,14.64
1787580769.5046241,225,16.11,250,14.46
1787580769.655376,240,15.08,235,15.41
1787580769.8033633,231,15.68,237,15.28
1787580769.954423,231,15.68,235,15.41
1787580770.103599,226,16.04,231,15.68
1787580770.5041773,225,16.11,234,15.48
1787580770.7110465,224,16.19,235,15.41
1787580770.922927,222,16.34,245,14.76
1787580771.1207976,231,15.68,235,15.41
1787580771.3191645,232,15.61,241,15.02
1787580771.5052116,226,16.04,231,15.68
1787580771.7437363,229,15.82,236,15.34
1787580771.94929,226,16.04,241,15.02
1787580772.1016614,231,15.68,238,15.21
1787580772.358246,231,15.68,234,15.48
1787580772.5263813,230,15.75,230,15.75
1787580772.7681932,225,16.11,235,15.41
1787580772.9699337,231,15.68,235,15.41
1787580773.1046343,230,15.75,235,15.41
1787580773.3814032,228,15.9,240,15.08
1787580773.5802848,226,16.04,237,15.28
1787580773.7789636,230,15.75,235,15.41
1787580773.9861138,229,15.82,234,15.48
1787580774.1941783,228,15.9,238,15.21
1787580774.4046679,235,15.41,237,15.28
1787580774.5985482,225,16.11,235,15.41
1787580774.8082004,224,16.19,238,15.21
1787580775.0240324,225,16.11,247,14.64
1787580775.2214072,226,16.04,242,14.95
1787580775.3509717,222,16.34,233,15.55
1787580775.5496786,232,15.61,235,15.41
1787580775.7588086,231,15.68,246,14.7
1787580776.038489,238,15.21,281,12.82
1787580776.2477698,284,12.68,402,8.83
1787580776.444924,284,12.68,563,6.19
1787580776.6550477,237,15.28,277,13.01
1787580776.7882543,182,20.02,556,6.27
1787580777.0647242,182,20.02,551,6.33
1787580777.4781885,211,17.21,558,6.25
1787580777.6918516,182,20.02,569,6.12
1787580777.825359,188,19.37,580,5.99
1787580778.2974346,189,19.26,579,6.0
1787580778.502617,194,18.76,586,5.93
1787580778.6946106,185,19.69,584,5.95
1787580778.8240983,183,19.91,585,5.94
1787580779.1178539,182,20.02,584,5.95
1787580779.3114238,196,18.56,584,5.95
1787580779.5183563,189,19.26,573,6.07
1787580779.9324517,182,20.02,584,5.95
1787580780.1334624,181,20.13,579,6.0
1787580780.2613378,180,20.25,580,5.99
1787580780.5406997,186,19.58,580,5.99
1787580780.7491055,188,19.37,587,5.92
1787580780.9450355,190,19.16,580,5.99
1787580781.1592224,182,20.02,579,6.0
1787580781.289647,182,20.02,579,6.0
1787580781.5745146,189,19.26,584,5.95
1787580781.7603009,186,19.58,579,6.0
1787580891.9589581,241,15.02,249,14.52
1787580892.093836,219,16.57,247,14.64
1787580892.3642132,228,15.9,245,14.76
1787580892.4955704,217,16.72,241,15.02
1787580892.774553,221,16.41,241,15.02
1787580892.9129236,219,16.57,240,15.08
1787580893.0520875,222,16.34,236,15.34
1787580893.3555672,222,16.34,246,14.7
1787580893.596513,219,16.57,249,14.52
1787580893.7875357,217,16.72,247,14.64
1787580894.0016782,219,16.57,241,15.02
1787580894.3571842,219,16.57,241,15.02
1787580894.6204774,220,16.49,243,14.89
1787580894.8212988,219,16.57,241,15.02
1787580895.220878,228,15.9,242,14.95
1787580895.438984,228,15.9,241,15.02
1787580895.594652,221,16.41,244,14.83
1787580896.0504994,220,16.49,241,15.02
1787580896.195573,223,16.26,241,15.02
1787580896.3710706,220,16.49,245,14.76
1787580896.669055,242,14.95,244,14.83
1787580896.7941034,226,16.04,244,14.83
1787580897.0780058,217,16.72,243,14.89
1787580897.2934926,219,16.57,240,15.08
1787580897.474801,219,16.57,246,14.7
1787580897.897443,220,16.49,251,14.4
1787580898.1123781,217,16.72,242,14.95
1787580898.3079097,217,16.72,242,14.95
1787580898.7169302,219,16.57,240,15.08
1787580898.9266045,219,16.57,239,15.14
1787580899.1259274,241,15.02,241,15.02
1787580899.321574,220,16.49,241,15.02
1787580899.473573,216,16.8,243,14.89
1787580899.736758,225,16.11,248,14.58
1787580899.9522567,219,16.57,248,14.58
1787580900.09217,216,16.8,241,15.02
1787580900.557458,217,16.72,248,14.58
1787580900.7576902,219,16.57,243,14.89
1787580900.8970344,220,16.49,246,14.7
1787580901.0845912,219,16.57,238,15.21
1787580901.2746654,225,16.11,234,15.48
1787580901.4690185,252,14.34,237,15.28
1787580901.6891582,258,14.0,245,14.76
1787580901.8548205,281,12.82,235,15.41
1787580902.0225008,57,30.0,234,15.48
1787580902.2446883,167,21.86,229,15.82
1787580902.3915215,123,30.0,226,16.04
1787580902.5357566,143,25.59,238,15.21
1787580902.7158575,159,22.98,235,15.41
1787580902.914177,151,24.22,306,11.74
1787580903.099461,162,22.54,259,13.94
1787580903.266948,399,8.9,276,13.06
1787580903.438119,410,8.65,343,10.43
1787580903.597044,318,11.28,669,5.14
1787580903.746911,120,30.0,653,5.28
1787580903.8936596,138,26.54,652,5.29
1787580904.0863054,212,17.13,653,5.28
1787580904.2431705,192,18.96,656,5.25
1787580904.4074383,147,24.89,519,6.75
1787580904.5518308,138,26.54,636,5.43
1787580904.6954916,216,16.8,637,5.42
1787580904.8669035,147,24.89,637,5.42
1787580905.060747,179,20.36,606,5.72
1787580905.2128434,153,23.89,601,5.77
1787580905.3739533,149,24.55,529,6.61
1787580905.5012598,214,16.96,513,6.83
1787580905.693263,189,19.26,619,5.59
1787580905.894802,158,23.12,628,5.5
1787580906.0332258,141,25.96,622,5.56
1787580906.1892662,155,23.58,601,5.77
1787580906.3900228,151,24.22,637,5.42
1787580906.5346477,163,22.4,653,5.28
1787580906.7114155,148,24.72,657,5.24
1787580906.8964005,169,21.59,661,5.21
1787580907.0491247,173,21.08,658,5.23
1787580907.1940196,181,20.13,657,5.24
1787580907.3686774,206,17.64,659,5.22
1787580907.5636613,158,23.12,657,5.24
1787580907.7239332,163,22.4,658,5.23
1787580907.8747072,149,24.55,657,5.24
1787580908.1140068,169,21.59,658,5.23
1787580908.3118834,153,23.89,658,5.23
1787580908.497578,147,24.89,657,5.24
1787580908.7329037,143,25.59,658,5.23
1787580908.9209678,135,27.14,660,5.22
1787580909.1143672,157,23.27,648,5.32
1787580909.2750552,129,28.42,658,5.23
1787580909.4324892,129,28.42,659,5.22
1787580909.5867665,135,27.14,659,5.22
1787580909.7850015,142,25.78,663,5.19
1787580909.938905,137,26.73,667,5.16
1787580910.1372983,152,24.05,596,5.82
1787580910.3199685,123,30.0,223,3.0
1787580910.4744222,129,28.42,241,3.0
1787580910.614275,111,30.0,252,3.0
1787580910.767025,143,25.59,156,3.0
1787580910.9607632,152,24.05,304,3.0
1787580911.1493638,155,23.58,633,5.46
1787580911.344072,174,20.96,643,5.37
1787580911.5858283,144,25.41,636,5.43
1787580911.7970543,135,27.14,642,5.37
1787580911.9213247,127,28.87,631,5.48
1787580912.1294816,130,28.2,642,5.37
1787580912.4230204,134,27.34,637,5.42
1787580912.6399007,140,26.15,642,5.37
1787580912.8470948,113,30.0,647,5.33
1787580913.048974,185,19.69,651,5.29
1787580913.2753398,181,20.13,356,3.0
1787580913.4597397,231,15.68,406,3.0
1787580913.666385,172,21.21,618,5.6
1787580913.8680081,225,16.11,651,5.29
1787580914.0755668,283,12.72,642,5.37
1787580914.2791102,266,13.56,632,5.47
1787580914.4164393,159,22.98,626,5.52
1787580914.8625288,153,23.89,627,5.51
1787580915.0069916,174,20.96,631,5.48
1787580915.2959177,193,18.85,627,5.51
1787580915.4262004,201,18.09,631,5.48
1787580915.700571,177,20.6,627,5.51
1787580915.9195113,183,19.91,632,5.47
1787580916.0506134,188,19.37,625,5.53
1787580916.1939104,261,13.83,605,5.73
1787580916.365495,284,12.68,574,6.06
1787580916.5420697,291,12.36,617,5.61
1787580916.7694125,495,7.1,632,5.47
1787580916.9505932,712,4.8,631,5.48
1787580917.109605,731,4.67,627,5.51
1787580917.2550533,703,4.87,629,5.49
1787580917.4642053,662,5.2,627,5.51
1787580917.6026728,725,4.71,622,5.56
1787580917.7960637,714,4.79,474,7.43
1787580917.9711416,580,5.99,497,7.06
1787580918.36601,533,6.56,524,6.68
1787580918.5355828,535,6.53,486,7.23
1787580918.7767704,730,4.68,496,7.08
1787580918.910677,731,4.67,637,5.42
1787580919.2005346,655,5.26,580,5.99
1787580919.4004,381,3.0,617,5.61
1787580919.553909,272,3.0,532,6.57
1787580919.8109617,199,3.0,475,7.41
1787580920.0117207,231,3.0,668,5.15
1787580920.2205155,226,3.0,457,7.72
1787580920.412278,249,3.0,451,7.83
1787580920.6542962,329,3.0,547,6.38
1787580920.8277693,284,3.0,366,9.74
1787580921.0384293,278,3.0,458,7.7
1787580921.246906,270,3.0,327,10.96
1787580921.4355254,277,3.0,356,10.03
1787580921.6473837,283,3.0,434,8.15
1787580921.7894351,268,3.0,536,6.52
1787580922.0648081,260,3.0,547,6.38
1787580922.2678003,271,3.0,547,6.38
1787580922.4681067,278,3.0,552,6.32
1787580922.6925771,272,3.0,536,6.52
1787580949.2998898,170,21.46,469,7.51
1787580949.5006034,185,19.69,431,8.21
1787580949.64718,170,21.46,436,8.11
1787580949.905382,166,21.99,438,8.07
1787580950.030242,169,21.59,446,7.92
1787580950.3217905,180,20.25,459,7.68
1787580950.4523282,194,18.76,463,7.61
1787580950.7407558,201,18.09,469,7.51
1787580950.9041123,200,18.18,474,7.43
1787580951.0996177,205,17.73,491,7.16
1787580951.2507854,200,18.18,480,7.33
1787580951.391381,194,18.76,491,7.16
1787580951.5436938,206,17.64,486,7.23
1787580951.757613,195,18.66,491,7.16
1787580951.9118276,186,19.58,486,7.23
1787580952.1672158,188,19.37,489,7.19
1787580952.3697126,194,18.76,480,7.33
1787580952.5913305,193,18.85,480,7.33
1787580952.7784245,196,18.56,480,7.33
1787580952.931995,189,19.26,480,7.33
1787580953.384562,194,18.76,477,7.38
1787580953.599189,186,19.58,480,7.33
1787580953.7278986,188,19.37,474,7.43
1787580953.9245415,184,19.8,481,7.31
1787580954.2145042,195,18.66,479,7.35
1787580954.4127748,188,19.37,481,7.31
1787580954.625031,183,19.91,479,7.35
1787580954.8150845,193,18.85,487,7.22
1787580955.236458,194,18.76,475,7.41
1787580955.4444902,182,20.02,479,7.35
1787580955.6534367,189,19.26,479,7.35
1787580955.7787547,188,19.37,480,7.33
1787580955.9242744,178,20.48,481,7.31
1787580956.2730782,182,20.02,482,7.3
1787580956.4323816,184,19.8,480,7.33
1787580956.5730066,188,19.37,481,7.31
1787580956.7157478,182,20.02,485,7.25
1787580956.8671758,196,18.56,475,7.41
1787580957.0839965,204,17.82,480,7.33
1787580957.2148132,184,19.8,480,7.33
1787580957.4245434,188,19.37,480,7.33
1787580957.575945,185,19.69,480,7.33
1787580957.9000776,189,19.26,479,7.35
1787580958.1045039,183,19.91,480,7.33
1787580958.2785962,182,20.02,480,7.33
1787580958.4720309,188,19.37,390,9.12
1787580958.6318293,185,19.69,258,14.0
1787580958.7722232,163,22.4,260,13.89
1787580958.9515924,161,22.69,256,14.11
1787580959.1288784,157,23.27,263,13.72
1787580959.3329782,159,22.98,253,14.28
1787580959.541142,159,22.98,250,14.46
1787580959.7445073,161,22.69,259,13.94
1787580959.9347076,164,22.26,241,15.02
1787580960.141551,219,16.57,246,14.7
1787580960.3604536,269,13.41,441,8.02
1787580960.5637798,278,12.96,391,9.09
1787580960.7655463,266,13.56,391,9.09
1787580960.971738,254,14.23,397,8.95
1787580961.1110413,248,14.58,390,9.12
1787580961.392502,281,12.82,396,8.97
1787580961.5977156,255,14.17,396,8.97
1787580961.745298,266,13.56,379,9.4
1787580961.9218693,274,13.16,379,9.4
1787580962.0915189,272,13.26,391,9.09
1787580962.4071932,277,13.01,318,11.28
1787580962.613119,278,12.96,260,13.89
1787580962.8113182,290,12.41,270,13.36
1787580963.1254275,277,13.01,274,13.16
1787580963.4299362,277,13.01,259,13.94
1787580963.8400805,278,12.96,379,9.4
1787580964.0134573,304,11.82,354,10.09
1787580964.2489815,277,13.01,351,10.18
1787580964.3745146,285,12.63,385,9.24
1787580964.6692584,278,12.96,385,9.24
1787580964.8556926,285,12.63,380,9.37
1787580965.0153573,284,12.68,388,9.17
1787580965.1545684,272,13.26,390,9.12
1787580965.479669,280,12.87,390,9.12
1787580965.6812797,272,13.26,425,8.33
1787580965.810104,284,12.68,468,7.53
1787580966.0004938,231,15.68,377,9.45
1787580966.2900038,265,13.62,229,15.82
1787580966.4343145,225,16.11,194,18.76
1787580977.3952448,218,16.64,194,18.76
1787580977.554566,216,16.8,194,18.76
1787580977.672433,219,16.57,210,17.29
1787580977.9568484,240,15.08,191,19.06
1787580978.0958142,220,16.49,203,17.91
1787580978.3794837,237,15.28,198,18.37
1787580978.5810502,224,16.19,188,19.37
1787580978.714247,227,15.97,192,18.96
1787580978.9500864,220,16.49,185,19.69
1787580979.1019313,219,16.57,193,18.85
1787580979.35242,220,16.49,189,19.26
1787580979.804124,217,16.72,195,18.66
1787580979.962894,220,16.49,193,18.85
1787580980.2201421,220,16.49,199,18.27
1787580980.427588,218,16.64,195,18.66
1787580980.6286917,219,16.57,192,18.96
1787580980.8376386,216,16.8,194,18.76
1787580981.0388942,219,16.57,195,18.66
1787580981.193851,215,16.88,191,19.06
1787580981.657436,219,16.57,190,19.16
1787580981.8600972,220,16.49,202,18.0
1787580982.04766,217,16.72,192,18.96
1787580982.2690456,222,16.34,195,18.66
1787580982.4106383,220,16.49,189,19.26
1787580982.6915393,224,16.19,205,17.73
1787580982.8860126,220,16.49,188,19.37
1787580983.1769533,225,16.11,198,18.37
1787580983.510505,216,16.8,190,19.16
1787580983.7052414,220,16.49,193,18.85
1787580983.907184,249,14.52,195,18.66
1787580984.115107,219,16.57,196,18.56
1787580984.3230166,219,16.57,198,18.37
1787580984.5244508,219,16.57,198,18.37
1787580984.7234762,241,15.02,194,18.76
1787580984.934721,227,15.97,202,18.0
1787580985.152718,224,16.19,209,17.38
1787580985.2915332,219,16.57,188,19.37
1787580985.5452971,219,16.57,192,18.96
1787580985.676235,219,16.57,188,19.37
1787580985.955494,219,16.57,193,18.85
1787580986.166361,220,16.49,186,19.58
1787580986.3675275,217,16.72,187,19.47
1787580986.5729587,222,16.34,189,19.26
1787580986.7595186,229,15.82,194,18.76
1787580986.9579844,220,16.49,191,19.06
1787580987.1182258,218,16.64,187,19.47
1787580987.2754474,224,16.19,191,19.06
1787580987.4402523,223,16.26,190,19.16
1787580987.5939195,223,16.26,190,19.16
1787580987.7737708,45,30.0,188,19.37
1787580987.9348826,155,23.58,187,19.47
1787580988.0926538,165,22.13,206,17.64
1787580988.2375011,182,20.02,230,15.75
1787580988.3731177,160,22.83,245,14.76
1787580988.531578,153,23.89,264,13.67
1787580988.6765828,188,19.37,304,11.82
1787580988.9964678,254,14.23,327,10.96
1787580989.1297097,175,20.84,339,10.55
1787580989.4407372,176,20.72,341,10.49
1787580989.5729535,178,20.48,333,10.75
1787580989.850375,185,19.69,333,10.75
1787580990.0286343,194,18.76,284,12.68
1787580990.4618502,115,30.0,578,6.02
1787580990.6758132,259,13.94,524,6.68
1787580990.8707144,283,12.72,513,6.83
1787580990.9981244,278,12.96,508,6.9
1787580991.276933,260,13.89,507,6.92
1787580991.48793,254,14.23,508,6.9
1787580991.6553051,253,14.28,507,6.92
1787580991.793387,254,14.23,502,6.99
1787580991.9863563,290,12.41,508,6.9
1787580992.197025,283,12.72,558,6.25
1787580992.376802,155,23.58,490,7.17
1787580992.511531,74,30.0,496,7.08
1787580992.6963446,80,30.0,497,7.06
1787580992.8568919,97,30.0,485,7.25
1787580993.0427856,98,30.0,524,6.68
1787580993.2201908,105,30.0,507,6.92
1787580993.3653476,105,30.0,492,7.14
1787580993.5424402,135,27.14,452,7.81
1787580993.6866765,114,30.0,425,8.33
1787580993.8451486,111,30.0,401,8.86
1787580993.9886742,110,30.0,431,8.21
1787580994.1413262,123,30.0,469,7.51
1787580994.3631043,340,10.52,496,7.08
1787580994.5426228,166,21.99,491,7.16
1787580994.74222,177,20.6,284,12.68
1787580994.900526,207,17.55,262,13.78
1787580995.062976,234,15.48,251,14.4
1787580995.2832093,289,12.45,221,16.41
1787580995.4357886,408,8.7,215,16.88
1787580995.5972962,528,6.63,217,16.72
1787580995.7915041,655,5.26,191,19.06
1787580996.067341,656,5.25,199,18.27
1787580996.4040902,633,5.46,194,18.76
1787580996.606075,650,5.3,209,17.38
1787580997.0106342,595,5.83,192,18.96
1787580997.2233407,301,3.0,230,15.75
1787580997.4252908,296,3.0,225,16.11
1787580997.6263957,295,3.0,223,16.26
1787580997.8346636,302,3.0,223,16.26
1787580998.0303314,295,3.0,227,15.97
1787580998.2582178,301,3.0,223,16.26
1787580998.4426143,322,3.0,218,16.64
1787580998.6540976,302,3.0,223,16.26
1787580998.798361,301,3.0,251,14.4
1787580999.0544634,302,3.0,246,14.7
1787580999.2707214,298,3.0,242,14.95
1787580999.38769,301,3.0,230,15.75
1787581047.407977,176,20.72,223,16.26
1787581047.5993664,182,20.02,224,16.19
1787581047.7304184,183,19.91,220,16.49
1787581048.0153437,181,20.13,226,16.04
1787581048.216832,181,20.13,232,15.61
1787581048.4182448,183,19.91,223,16.26
1787581048.6371317,191,19.06,228,15.9
1787581048.7663987,185,19.69,223,16.26
1787581049.0064638,187,19.47,220,16.49
1787581049.1971183,186,19.58,230,15.75
1787581049.4442022,189,19.26,229,15.82
1787581049.598269,182,20.02,219,16.57
1787581050.0165355,182,20.02,224,16.19
1787581050.2726502,187,19.47,221,16.41
1787581050.4674163,181,20.13,223,16.26
1787581050.5886233,182,20.02,224,16.19
1787581050.874919,182,20.02,222,16.34
1787581051.014277,179,20.36,231,15.68
1787581051.482561,183,19.91,227,15.97
1787581051.6114926,180,20.25,226,16.04
1787581051.902382,183,19.91,227,15.97
1787581052.1064112,182,20.02,224,16.19
1787581052.2323446,182,20.02,223,16.26
1787581052.5150092,186,19.58,223,16.26
1787581052.7229295,183,19.91,223,16.26
1787581052.8553045,192,18.96,229,15.82
1787581053.0317879,186,19.58,231,15.68
1787581053.3278596,182,20.02,222,16.34
1787581053.5423486,187,19.47,223,16.26
1787581053.674426,194,18.76,228,15.9
1787581054.0362878,176,20.72,227,15.97
1787581054.3468227,181,20.13,223,16.26
1787581054.5635188,182,20.02,224,16.19
1787581054.768772,179,20.36,221,16.41
1787581055.0438309,180,20.25,221,16.41
1787581055.174848,182,20.02,234,15.48
1787581055.3830125,182,20.02,224,16.19
1787581055.5784264,174,20.96,223,16.26
1787581055.7936692,182,20.02,231,15.68
1787581055.9884782,207,17.55,223,16.26
1787581056.199472,187,19.47,225,16.11
1787581056.3344274,192,18.96,224,16.19
1787581056.6135433,182,20.02,230,15.75
1787581056.8244197,176,20.72,223,16.26
1787581056.95165,184,19.8,223,16.26
1787581057.2254744,183,19.91,226,16.04
1787581057.354941,191,19.06,227,15.97
1787581057.6264203,179,20.36,224,16.19
1787581057.8375192,357,10.0,229,15.82
1787581058.0555935,256,14.11,431,8.21
1787581058.2506483,170,21.46,425,8.33
1787581058.4523935,277,13.01,434,8.15
1787581058.666655,265,13.62,419,8.46
1787581058.8193789,266,13.56,419,8.46
1787581059.078037,267,13.51,422,8.4
1787581059.3740633,254,14.23,414,8.57
1787581059.5142276,182,20.02,418,8.48
1787581059.6423833,164,22.26,419,8.46
1787581059.8159761,165,22.13,418,8.48
1787581060.2997313,189,19.26,419,8.46
1787581060.505166,260,13.89,413,8.59
1787581060.700321,255,14.17,412,8.61
1787581060.875556,265,13.62,419,8.46
1787581061.0770664,255,14.17,413,8.59
1787581061.3190095,258,14.0,419,8.46
1787581061.528004,256,14.11,413,8.59
1787581061.73023,255,14.17,419,8.46
1787581061.8679044,239,15.14,419,8.46
1787581062.0763686,259,13.94,413,8.59
1787581062.350824,243,14.89,414,8.57
1787581062.5523255,219,16.57,412,8.61
1787581062.7616067,255,14.17,426,8.31
1787581062.8821595,272,13.26,430,8.23
1787581063.0899713,270,13.36,424,8.35
1787581063.37066,260,13.89,396,8.97
1787581063.492426,203,17.91,228,15.9
1787581073.4062166,201,18.09,209,17.38
1787581073.6072035,210,17.29,213,17.04
1787581073.811321,194,18.76,212,17.13
1787581074.0123692,199,18.27,215,16.88
1787581074.227266,194,18.76,220,16.49
1787581074.4290085,199,18.27,211,17.21
1787581074.635889,200,18.18,216,16.8
1787581074.7740004,195,18.66,206,17.64
1787581074.9913862,200,18.18,211,17.21
1787581075.2258015,201,18.09,212,17.13
1787581075.45095,199,18.27,211,17.21
1787581075.6751134,214,16.96,218,16.64
1787581075.8625495,200,18.18,211,17.21
1787581076.0116699,202,18.0,215,16.88
1787581076.2721221,194,18.76,223,16.26
1787581076.4832368,202,18.0,213,17.04
1787581076.675034,202,18.0,211,17.21
1787581076.88388,200,18.18,203,17.91
1787581077.09226,195,18.66,218,16.64
1787581077.2262905,200,18.18,219,16.57
1787581077.38281,200,18.18,210,17.29
1787581077.706823,216,16.8,212,17.13
1787581077.9209344,194,18.76,224,16.19
1787581078.1175706,203,17.91,210,17.29
1787581078.3109272,195,18.66,209,17.38
1787581078.5339797,200,18.18,206,17.64
1787581078.7283869,200,18.18,212,17.13
1787581078.9351363,204,17.82,214,16.96
1787581079.137148,209,17.38,223,16.26
1787581079.341399,202,18.0,223,16.26
1787581079.549029,200,18.18,205,17.73
1787581079.7330155,200,18.18,206,17.64
1787581079.956375,201,18.09,214,16.96
1787581080.1707377,197,18.46,216,16.8
1787581080.3111064,203,17.91,211,17.21
1787581080.7734706,216,16.8,212,17.13
1787581080.9149852,223,16.26,211,17.21
1787581081.1736465,210,17.29,210,17.29
1787581081.392867,195,18.66,208,17.46
1787581081.59404,211,17.21,212,17.13
1787581081.802369,200,18.18,212,17.13
1787581082.0073638,207,17.55,211,17.21
1787581082.14043,192,18.96,210,17.29
1787581082.4129097,207,17.55,204,17.82
1787581082.622349,203,17.91,212,17.13
1787581082.7958758,198,18.37,221,16.41
1787581082.9634242,208,17.46,210,17.29
1787581083.1140788,207,17.55,206,17.64
1787581083.2821066,219,16.57,200,18.18
1787581083.4837656,231,15.68,190,19.16
1787581083.6429455,252,14.34,183,19.91
1787581083.8298538,237,15.28,177,20.6
1787581083.982604,117,30.0,184,19.8
1787581084.1531422,117,30.0,181,20.13
1787581084.293289,138,26.54,194,18.76
1787581084.454222,146,25.06,194,18.76
1787581084.6537983,156,23.43,194,18.76
1787581084.8632946,140,26.15,200,18.18
1787581085.093659,243,14.89,212,17.13
1787581085.2751472,450,7.85,224,16.19
1787581085.406731,545,6.41,221,16.41
1787581085.685636,507,6.92,221,16.41
1787581085.8990924,428,8.27,217,16.72
1787581086.3016112,379,9.4,607,5.71
1787581086.5107808,146,25.06,574,6.06
1787581086.719024,195,18.66,552,6.32
1787581086.934663,278,12.96,470,7.49
1787581087.1007595,271,13.31,457,7.72
1787581087.526589,283,12.72,457,7.72
1787581087.7408366,231,15.68,453,7.79
1787581087.912904,226,16.04,458,7.7
1787581088.0827582,130,28.2,508,6.9
1787581088.3278205,158,23.12,374,9.53
1787581088.5130036,278,12.96,349,10.24
1787581088.66481,116,30.0,357,10.0
1787581088.8427508,287,12.54,419,8.46
1787581089.0177135,149,24.55,447,7.9
1787581089.1749806,110,30.0,410,8.65
1787581089.3295634,100,30.0,485,7.25
1787581089.489686,260,13.89,519,6.75
1787581089.639597,639,5.4,512,6.85
1787581089.8122077,102,30.0,485,7.25
1787581090.1135793,111,30.0,408,8.7
1787581090.4119651,124,30.0,424,8.35
1787581090.6056378,144,25.41,475,7.41
1787581090.7549238,124,30.0,436,8.11
1787581090.8919208,129,28.42,230,15.75
1787581091.1165025,328,10.92,264,13.67
1787581091.4243515,307,11.7,248,14.58
1787581091.6284142,335,10.68,218,16.64
1787581091.8364818,326,10.99,250,14.46
1787581092.038164,324,11.06,293,12.28
1787581092.2460155,335,10.68,265,13.62
1787581092.656206,324,11.06,312,11.5
1787581092.8549113,330,10.85,305,11.78
1787581093.0573215,330,10.85,313,11.46
1787581093.258618,330,10.85,308,11.66
1787581093.6757975,336,10.65,305,11.78
1787581116.6316416,182,20.02,217,16.72
1787581116.753351,185,19.69,228,15.9
1787581117.0239263,183,19.91,218,16.64
1787581117.2148974,183,19.91,218,16.64
1787581117.3532884,183,19.91,217,16.72
1787581117.6390967,184,19.8,215,16.88
1787581117.7693803,182,20.02,218,16.64
1787581118.2240245,183,19.91,218,16.64
1787581118.4496667,186,19.58,218,16.64
1787581118.5933235,185,19.69,217,16.72
1787581119.0740445,182,20.02,217,16.72
1787581119.2358296,188,19.37,218,16.64
1787581119.3747206,183,19.91,217,16.72
1787581119.6867528,178,20.48,220,16.49
1787581119.8950672,193,18.85,217,16.72
1787581120.113494,180,20.25,228,15.9
1787581120.299577,182,20.02,222,16.34
1787581120.422698,182,20.02,217,16.72
1787581120.9195845,181,20.13,217,16.72
1787581121.1182544,181,20.13,223,16.26
1787581121.3287861,182,20.02,217,16.72
1787581121.455751,203,17.91,223,16.26
1787581121.7357888,187,19.47,226,16.04
1787581121.9428453,178,20.48,223,16.26
1787581122.1514382,182,20.02,221,16.41
1787581122.4491832,179,20.36,217,16.72
1787581122.7616775,181,20.13,217,16.72
1787581122.9624119,183,19.91,219,16.57
1787581123.1721563,183,19.91,225,16.11
1787581123.3108325,182,20.02,219,16.57
1787581123.5887074,182,20.02,217,16.72
1787581123.783147,182,20.02,218,16.64
1787581124.1910012,183,19.91,220,16.49
1787581124.386228,186,19.58,225,16.11
1787581124.526956,183,19.91,215,16.88
1787581124.8106747,193,18.85,226,16.04
1787581124.9320922,206,17.64,227,15.97
1787581125.2202814,192,18.96,218,16.64
1787581125.3743958,184,19.8,217,16.72
1787581125.83136,184,19.8,220,16.49
1787581126.026239,181,20.13,226,16.04
1787581126.2106438,190,19.16,221,16.41
1787581126.4028494,191,19.06,219,16.57
1787581126.5737116,206,17.64,210,17.29
1787581126.7434368,235,15.41,208,17.46
1787581126.9216394,232,15.61,187,19.47
1787581127.1021879,212,17.13,194,18.76
1787581127.2631648,156,23.43,190,19.16
1787581127.4624417,119,30.0,184,19.8
1787581127.6279132,136,26.93,183,19.91
1787581127.8578773,157,23.27,183,19.91
1787581128.0031016,140,26.15,188,19.37
1787581128.2825158,147,24.89,183,19.91
1787581128.4148655,148,24.72,179,20.36
1787581128.6806574,148,24.72,183,19.91
1787581128.809141,158,23.12,183,19.91
1787581129.1113544,164,22.26,211,17.21
1787581129.2759333,104,30.0,408,8.7
1787581129.5188944,266,13.56,472,7.46
1787581129.7341712,293,12.28,462,7.63
1787581129.9276686,200,18.18,419,8.46
1787581130.1296284,221,16.41,413,8.59
1787581130.2824724,283,12.72,413,8.59
1787581130.5519772,335,10.68,356,10.03
1787581130.6921446,347,10.3,362,9.86
1787581130.9265103,243,14.89,309,11.62
1787581131.1169882,164,22.26,418,8.48
1787581131.3097622,135,27.14,413,8.59
1787581131.4765494,156,23.43,452,7.81
1787581131.622126,140,26.15,497,7.06
1787581131.8448355,133,27.55,501,7.01
1787581132.069137,142,25.78,535,6.53
1787581132.2566369,153,23.89,539,6.48
1787581132.580524,164,22.26,535,6.53
1787581132.7981026,171,21.33,533,6.56
1787581132.9500892,170,21.46,551,6.33
1787581133.211633,162,22.54,530,6.6
1787581133.3996394,165,22.13,535,6.53
1787581133.6030867,166,21.99,524,6.68
1787581133.8157513,171,21.33,536,6.52
1787581133.9762764,166,21.99,535,6.53
1787581134.3020868,164,22.26,535,6.53
1787581134.4346733,172,21.21,537,6.51
1787581134.6368508,167,21.86,536,6.52
1787581134.8355548,162,22.54,540,6.47
1787581134.9643276,182,20.02,537,6.51
1787581135.2453208,173,21.08,537,6.51
1787581135.4540992,165,22.13,536,6.52
1787581135.96809,166,21.99,534,6.55
1787581160.8744354,182,20.02,416,8.52
1787581161.0035293,184,19.8,406,8.74
1787581161.2613318,184,19.8,413,8.59
1787581161.3956351,186,19.58,406,8.74
1787581161.6664398,183,19.91,413,8.59
1787581161.8823934,189,19.26,413,8.59
1787581162.0143118,182,20.02,412,8.61
1787581162.287801,187,19.47,408,8.7
1787581162.4604876,181,20.13,410,8.65
1787581162.714115,182,20.02,411,8.63
1787581162.8620431,182,20.02,413,8.59
1787581163.1128726,178,20.48,401,8.86
1787581163.4787848,182,20.02,419,8.46
1787581163.6105163,182,20.02,408,8.7
1787581163.9231036,179,20.36,408,8.7
1787581164.3215625,182,20.02,414,8.57
1787581164.4816542,180,20.25,406,8.74
1787581164.736203,183,19.91,413,8.59
1787581164.972826,183,19.91,401,8.86
1787581165.3529594,182,20.02,408,8.7
1787581165.481803,181,20.13,408,8.7
1787581165.7652757,189,19.26,407,8.72
1787581165.9352543,187,19.47,414,8.57
1787581166.1867933,183,19.91,404,8.79
1787581166.3940787,182,20.02,407,8.72
1787581166.5119596,193,18.85,414,8.57
1787581166.7920618,182,20.02,413,8.59
1787581166.996457,182,20.02,408,8.7
1787581167.2010574,186,19.58,413,8.59
1787581167.3339903,190,19.16,407,8.72
1787581167.6101604,182,20.02,408,8.7
1787581167.8124132,182,20.02,407,8.72
1787581168.033253,181,20.13,412,8.61
1787581168.2245815,182,20.02,402,8.83
1787581168.5139024,185,19.69,398,8.93
1787581168.8466635,182,20.02,396,8.97
1787581168.9716117,183,19.91,405,8.77
1787581169.248737,179,20.36,396,8.97
1787581169.4515328,182,20.02,397,8.95
1787581169.6021228,192,18.96,397,8.95
1787581169.8521183,182,20.02,393,9.05
1787581169.9923275,183,19.91,389,9.14
1787581170.132651,202,18.0,390,9.12
1787581170.3672009,179,20.36,321,11.17
1787581170.520833,188,19.37,182,20.02
1787581170.672905,202,18.0,188,19.37
1787581170.84573,214,16.96,187,19.47
1787581171.013225,228,15.9,194,18.76
1787581171.15903,244,14.83,179,20.36
1787581171.3459399,243,14.89,183,19.91
1787581171.4948695,152,24.05,182,20.02
1787581171.7053072,123,30.0,192,18.96
1787581171.90773,141,25.96,192,18.96
1787581172.0819604,161,22.69,200,18.18
1787581172.313959,170,21.46,199,18.27
1787581172.442645,147,24.89,188,19.37
1787581172.9362376,157,23.27,188,19.37
1787581173.1382835,147,24.89,193,18.85
1787581173.3440993,165,22.13,193,18.85
1787581173.537846,230,15.75,213,17.04
1787581173.7556472,109,30.0,497,7.06
1787581173.95663,270,13.36,386,9.22
1787581174.1652205,293,12.28,310,11.58
1787581174.2901785,254,14.23,275,13.11
1787581174.5882049,248,14.58,425,8.33
1787581174.7326505,260,13.89,394,9.02
1787581174.9820378,266,13.56,305,11.78
1787581175.1508298,255,14.17,516,6.79
1787581175.3121336,266,13.56,519,6.75
1787581175.5117545,262,13.78,345,10.36
1787581175.665365,320,11.21,454,7.77
1787581175.8312094,125,29.34,442,8.0
1787581175.9994106,141,25.96,178,20.48
1787581176.1718369,144,25.41,730,4.68
1787581176.3409698,122,30.0,727,4.7
1787581176.524034,124,30.0,726,4.7
1787581176.7022445,127,28.87,590,5.89
1787581177.2274537,132,27.76,386,3.0
1787581177.449649,141,25.96,659,5.22
1787581177.595191,135,27.14,662,5.2
1787581178.0321748,138,26.54,661,5.21
1787581178.260829,135,27.14,652,5.29
1787581178.4634273,140,26.15,654,5.27
1787581178.671659,139,26.34,652,5.29
1787581178.81165,136,26.93,651,5.29
1787581179.0959635,135,27.14,647,5.33
1787581179.2843406,135,27.14,642,5.37
1787581179.4750936,135,27.14,642,5.37
1787581179.6940436,138,26.54,636,5.43
1787581179.914415,133,27.55,647,5.33
1787581180.1010003,132,27.76,634,5.45
1787581180.3030164,134,27.34,642,5.37
1787581180.5101554,156,23.43,642,5.37
1787581180.651622,135,27.14,637,5.42
1787581181.1245282,134,27.34,643,5.37
1787581195.8937728,179,20.36,187,19.47
1787581196.068581,190,19.16,183,19.91
1787581196.2939594,178,20.48,187,19.47
1787581196.4682398,182,20.02,181,20.13
1787581196.689405,181,20.13,183,19.91
1787581196.898245,182,20.02,182,20.02
1787581197.1165757,183,19.91,186,19.58
1787581197.315265,194,18.76,182,20.02
1787581197.46578,182,20.02,181,20.13
1787581197.6755297,192,18.96,180,20.25
1787581197.9160023,182,20.02,173,21.08
1787581198.077709,183,19.91,183,19.91
1787581198.3280823,182,20.02,183,19.91
1787581198.47438,185,19.69,182,20.02
1787581198.6131673,182,20.02,182,20.02
1787581198.939008,185,19.69,186,19.58
1787581199.1480193,186,19.58,194,18.76
1787581199.343751,186,19.58,183,19.91
1787581199.560626,183,19.91,191,19.06
1787581199.6898263,186,19.58,182,20.02
1787581199.9618654,183,19.91,184,19.8
1787581200.1739585,183,19.91,182,20.02
1787581200.3686507,182,20.02,182,20.02
1787581200.5813627,207,17.55,188,19.37
1787581200.787298,181,20.13,182,20.02
1787581200.9945602,179,20.36,186,19.58
1787581201.195989,182,20.02,192,18.96
1787581201.4038975,182,20.02,183,19.91
1787581201.6068456,181,20.13,191,19.06
1787581201.8080993,182,20.02,182,20.02
1787581202.0171726,182,20.02,181,20.13
1787581202.2101326,182,20.02,182,20.02
1787581202.4245589,191,19.06,184,19.8
1787581202.5710075,182,20.02,191,19.06
1787581203.0354328,186,19.58,192,18.96
1787581203.1750772,186,19.58,182,20.02
1787581203.505019,183,19.91,181,20.13
1787581203.8616917,182,20.02,183,19.91
1787581203.9939141,187,19.47,187,19.47
1787581204.1686347,191,19.06,182,20.02
1787581204.5210836,181,20.13,194,18.76
1787581204.8708115,203,17.91,183,19.91
1787581205.0838306,182,20.02,183,19.91
1787581205.2755544,181,20.13,182,20.02
1787581205.532274,188,19.37,188,19.37
1787581205.7097335,200,18.18,184,19.8
1787581205.869835,205,17.73,199,18.27
1787581206.0360324,213,17.04,197,18.46
1787581206.2034388,50,30.0,181,20.13
1787581206.3617818,129,28.42,205,17.73
1787581206.509588,127,28.87,200,18.18
1787581206.660363,168,21.72,200,18.18
1787581206.8827274,139,26.34,191,19.06
1787581207.1340969,166,21.99,195,18.66
1787581207.3358839,139,26.34,194,18.76
1787581207.467283,154,23.74,195,18.66
1787581207.9533587,150,24.38,194,18.76
1787581208.169432,174,20.96,204,17.82
1787581208.3755918,173,21.08,552,6.32
1787581208.5575173,129,28.42,652,5.29
1787581208.9799926,192,18.96,585,5.94
1787581209.1530893,276,13.06,568,6.13
1787581209.3858135,277,13.01,578,6.02
1787581209.51205,277,13.01,579,6.0
1787581209.7984366,302,11.9,579,6.0
1787581209.9378636,272,13.26,584,5.95
1787581210.155794,272,13.26,585,5.94
1787581210.356456,277,13.01,537,6.51
1787581210.5426915,347,10.3,402,8.83
1787581210.7649267,135,27.14,458,7.7
1787581210.9877274,171,21.33,253,14.28
1787581211.153462,110,30.0,452,7.81
1787581211.3198893,110,30.0,224,16.19
1787581211.4734912,118,30.0,706,4.85
1787581211.6124995,119,30.0,367,3.0
1787581211.757472,123,30.0,595,5.83
1787581212.050939,129,28.42,607,5.71
1787581212.2637577,133,27.55,601,5.77
1787581212.4579809,129,28.42,608,5.7
1787581212.6666675,129,28.42,606,5.72
1787581212.8698692,128,28.64,613,5.65
1787581213.01363,129,28.42,601,5.77
1787581213.2841914,129,28.42,608,5.7
1787581213.4866066,121,30.0,584,5.95
1787581213.7126307,130,28.2,580,5.99
1787581213.8891466,127,28.87,584,5.95
1787581214.1103482,123,30.0,585,5.94
1787581214.3054261,122,30.0,579,6.0
1787581214.59889,129,28.42,586,5.93
1787581214.937209,118,30.0,208,3.0
1787581215.1127424,131,27.98,248,3.0
1787581215.3355806,132,27.76,247,3.0
1787581215.5332174,121,30.0,248,3.0
1787581215.7267444,133,27.55,242,3.0
1787581215.943228,133,27.55,167,3.0
1787581234.7729065,175,20.84,197,18.46
1787581234.9839008,164,22.26,185,19.69
1787581235.1519997,164,22.26,188,19.37
1787581235.406726,170,21.46,188,19.37
1787581235.5270824,164,22.26,189,19.26
1787581235.8051476,169,21.59,195,18.66
1787581235.9338,166,21.99,188,19.37
1787581236.209599,165,22.13,194,18.76
1787581236.4086132,165,22.13,198,18.37
1787581236.6071522,172,21.21,198,18.37
1787581236.8192065,171,21.33,186,19.58
1787581237.0312867,162,22.54,188,19.37
1787581237.2529325,171,21.33,188,19.37
1787581237.4209204,161,22.69,187,19.47
1787581237.5743575,165,22.13,188,19.37
1787581237.8503594,169,21.59,200,18.18
1787581238.057987,164,22.26,194,18.76
1787581238.2598293,164,22.26,186,19.58
1787581238.392781,173,21.08,189,19.26
1787581238.677466,170,21.46,199,18.27
1787581238.8149867,165,22.13,188,19.37
1787581239.084949,166,21.99,188,19.37
1787581239.229789,164,22.26,187,19.47
1787581239.447642,164,22.26,188,19.37
1787581239.7070377,163,22.4,192,18.96
1787581239.9134822,165,22.13,187,19.47
1787581240.107248,167,21.86,188,19.37
1787581240.2328625,171,21.33,191,19.06
1787581240.4434597,165,22.13,188,19.37
1787581240.723797,163,22.4,187,19.47
1787581240.9270487,165,22.13,189,19.26
1787581241.1345956,165,22.13,190,19.16
1787581241.3365357,163,22.4,187,19.47
1787581241.5441537,183,19.91,197,18.46
1787581241.672249,166,21.99,188,19.37
1787581241.9731197,165,22.13,187,19.47
1787581242.1527638,165,22.13,188,19.37
1787581242.371862,165,22.13,190,19.16
1787581242.5650785,165,22.13,188,19.37
1787581242.690069,165,22.13,188,19.37
1787581242.9817019,164,22.26,197,18.46
1787581243.167143,186,19.58,188,19.37
1787581243.384257,165,22.13,196,18.56
1787581243.7950883,173,21.08,188,19.37
1787581243.9802258,165,22.13,189,19.26
1787581244.1542907,167,21.86,182,20.02
1787581244.3464699,179,20.36,176,20.72
1787581244.5308108,200,18.18,182,20.02
1787581244.676319,209,17.38,171,21.33
1787581244.8977406,226,16.04,165,22.13
1787581245.0716221,153,23.89,164,22.26
1787581245.215522,117,30.0,165,22.13
1787581245.3938537,123,30.0,158,23.12
1787581245.6346042,128,28.64,152,24.05
1787581245.842633,152,24.05,152,24.05
1787581246.252764,143,25.59,153,23.89
1787581246.447546,179,20.36,152,24.05
1787581246.5788128,155,23.58,153,23.89
1787581246.8741996,183,19.91,105,30.0
1787581247.273828,114,30.0,152,24.05
1787581247.4119444,253,14.28,177,20.6
1787581247.6823273,272,13.26,176,20.72
1787581247.8908515,272,13.26,177,20.6
1787581248.0922523,260,13.89,180,20.25
1787581248.301923,272,13.26,177,20.6
1787581248.4532359,254,14.23,180,20.25
1787581248.6550217,219,16.57,177,20.6
1787581248.8160782,299,12.02,171,21.33
1787581248.9822848,278,12.96,170,21.46
1787581249.2030098,149,24.55,182,20.02
1787581249.3733363,141,25.96,202,18.0
1787581249.5297647,136,26.93,217,16.72
1787581249.683609,142,25.78,230,15.75
1787581249.8743575,129,28.42,248,14.58
1787581250.1518393,129,28.42,322,11.13
1787581250.3476338,128,28.64,373,9.55
1787581250.5086985,133,27.55,339,10.55
1787581250.7590027,121,30.0,339,10.55
1787581250.9671633,125,29.34,344,10.39
1787581251.1474178,124,30.0,344,10.39
1787581251.3728216,123,30.0,347,10.3
1787581251.5770037,126,29.1,344,10.39
1787581251.726727,123,30.0,345,10.36
1787581252.1888645,121,30.0,345,10.36
1787581252.397775,135,27.14,344,10.39
1787581252.6008632,123,30.0,346,10.33
1787581252.797894,121,30.0,353,10.12
1787581253.0049682,120,30.0,344,10.39
1787581253.150007,123,30.0,346,10.33
1787581253.4304397,124,30.0,345,10.36
1787581253.623894,145,25.24,344,10.39
1787581253.8294363,122,30.0,344,10.39
1787581254.035262,127,28.87,345,10.36
1787581285.1630464,211,17.21,184,19.8
1787581285.364602,221,16.41,182,20.02
1787581285.5733864,220,16.49,182,20.02
1787581285.7616549,213,17.04,181,20.13
1787581285.893231,214,16.96,186,19.58
1787581286.185132,214,16.96,178,20.48
1787581286.3818738,214,16.96,191,19.06
1787581286.6016695,214,16.96,182,20.02
1787581286.7624726,214,16.96,182,20.02
1787581286.9882414,214,16.96,183,19.91
1787581287.203688,215,16.88,188,19.37
1787581287.4153757,213,17.04,186,19.58
1787581287.5523138,213,17.04,183,19.91
1787581287.7752457,213,17.04,182,20.02
1787581288.0317812,213,17.04,185,19.69
1787581288.233969,214,16.96,192,18.96
1787581288.4376435,219,16.57,181,20.13
1787581288.6406827,213,17.04,182,20.02
1787581288.8496714,214,16.96,183,19.91
1787581289.0621302,213,17.04,185,19.69
1787581289.204317,213,17.04,181,20.13
1787581289.4634523,214,16.96,180,20.25
1787581289.6637743,210,17.29,179,20.36
1787581290.0782452,215,16.88,184,19.8
1787581290.281884,215,16.88,181,20.13
1787581290.412721,212,17.13,179,20.36
1787581290.7892907,220,16.49,182,20.02
1787581291.0948706,222,16.34,185,19.69
1787581291.3074176,213,17.04,182,20.02
1787581291.510227,214,16.96,183,19.91
1787581291.7185194,213,17.04,193,18.85
1787581291.9337523,213,17.04,182,20.02
1787581292.127277,222,16.34,182,20.02
1787581292.5370831,220,16.49,186,19.58
1787581292.674802,212,17.13,182,20.02
1787581292.935706,221,16.41,207,17.55
1787581293.0721948,214,16.96,187,19.47
1787581293.211242,211,17.21,189,19.26
1787581293.5655308,213,17.04,184,19.8
1787581293.692579,210,17.29,183,19.91
1787581293.9680185,214,16.96,198,18.37
1787581294.1718938,213,17.04,183,19.91
1787581294.3924391,218,16.64,181,20.13
1787581294.5723374,214,16.96,182,20.02
1787581294.7549005,216,16.8,183,19.91
1787581294.9610484,200,18.18,194,18.76
1787581295.1272953,213,17.04,212,17.13
1787581295.2801273,175,20.84,223,16.26
1787581295.441445,161,22.69,242,14.95
1787581295.614372,111,30.0,288,12.5
1787581295.7677999,155,23.58,281,12.82
1787581295.9362934,153,23.89,300,11.98
1787581296.2240713,141,25.96,315,11.39
1787581296.3446035,138,26.54,321,11.17
1787581296.6327896,147,24.89,322,11.13
1787581296.8146503,153,23.89,316,11.35
1787581297.0411522,206,17.64,320,11.21
1787581297.1700037,153,23.89,321,11.17
1787581297.4461687,160,22.83,299,12.02
1787581297.6012707,101,30.0,194,18.76
1787581297.8221452,173,21.08,458,7.7
1787581298.0583663,279,12.91,338,10.59
1787581298.189238,277,13.01,293,12.28
1787581298.4675925,283,12.72,293,12.28
1787581298.681363,277,13.01,286,12.59
1787581298.8324928,271,13.31,287,12.54
1787581299.0729756,271,13.31,293,12.28
1787581299.2754264,297,12.11,314,11.43
1787581299.4904373,288,12.5,300,11.98
1787581299.6544712,283,12.72,197,18.46
1787581299.7943454,410,8.65,200,18.18
1787581299.9526746,185,19.69,40,30.0
1787581300.1127977,169,21.59,330,10.85
1787581300.2940054,158,23.12,310,11.58
1787581300.453076,169,21.59,333,10.75
1787581300.6365132,164,22.26,344,10.39
1787581300.7635548,165,22.13,327,10.96
1787581300.9279482,170,21.46,317,11.32
1787581301.133056,173,21.08,320,11.21
1787581301.3286185,164,22.26,317,11.32
1787581301.46711,185,19.69,316,11.35
1787581301.7449129,170,21.46,320,11.21
1787581301.8905132,165,22.13,320,11.21
1787581302.1623933,191,19.06,319,11.24
1787581302.3635018,177,20.6,316,11.35
1787581302.5714588,175,20.84,316,11.35
1787581302.7721431,168,21.72,321,11.17
1787581302.9809403,164,22.26,319,11.24
1787581303.1929762,174,20.96,315,11.39
1787581303.3828316,165,22.13,314,11.43
1787581303.8008246,164,22.26,316,11.35
1787581304.0049748,164,22.26,320,11.21
1787581304.4108822,165,22.13,316,11.35
1787581304.633057,164,22.26,314,11.43
1787581304.825557,164,22.26,314,11.43
1787581324.4829805,238,15.21,178,20.48
1787581324.6764364,205,17.73,182,20.02
1787581324.8945916,218,16.64,182,20.02
1787581325.0965166,214,16.96,193,18.85
1787581325.3107164,226,16.04,194,18.76
1787581325.506549,216,16.8,186,19.58
1787581325.634563,214,16.96,183,19.91
1787581325.8806994,214,16.96,185,19.69
1787581326.121711,219,16.57,182,20.02
1787581326.2877526,214,16.96,185,19.69
1787581326.7297316,214,16.96,188,19.37
1787581326.89459,214,16.96,183,19.91
1787581327.3526523,213,17.04,183,19.91
1787581327.4906545,207,17.55,183,19.91
1787581327.7638779,213,17.04,179,20.36
1787581327.9595346,213,17.04,180,20.25
1787581328.1666381,214,16.96,190,19.16
1787581328.3729758,216,16.8,182,20.02
1787581328.5183868,210,17.29,180,20.25
1787581328.7847302,232,15.61,183,19.91
1787581328.972703,206,17.64,190,19.16
1787581329.1173754,215,16.88,185,19.69
1787581329.4120073,211,17.21,182,20.02
1787581329.6165755,212,17.13,182,20.02
1787581329.8104458,204,17.82,190,19.16
1787581330.012031,211,17.21,184,19.8
1787581330.153795,205,17.73,185,19.69
1787581330.4106467,212,17.13,182,20.02
1787581330.6194649,208,17.46,188,19.37
1787581330.8319218,211,17.21,183,19.91
1787581331.0540504,213,17.04,187,19.47
1787581331.2427185,212,17.13,182,20.02
1787581331.6432652,229,15.82,182,20.02
1787581331.858303,209,17.38,178,20.48
1787581332.0024228,213,17.04,183,19.91
1787581332.2680788,204,17.82,185,19.69
1787581332.3934755,206,17.64,183,19.91
1787581332.677961,211,17.21,186,19.58
1787581332.8820624,228,15.9,182,20.02
1787581333.0891144,221,16.41,188,19.37
1787581333.289029,210,17.29,186,19.58
1787581333.4905083,214,16.96,182,20.02
1787581333.6855178,209,17.38,182,20.02
1787581333.8856332,213,17.04,183,19.91
1787581334.0534093,213,17.04,188,19.37
1787581334.2079291,206,17.64,194,18.76
1787581334.4341185,195,18.66,211,17.21
1787581334.5947154,159,22.98,247,14.64
1787581334.7629998,134,27.34,264,13.67
1787581334.9410172,158,23.12,293,12.28
1787581335.0970438,146,25.06,310,11.58
1787581335.2346003,166,21.99,322,11.13
1787581335.536797,172,21.21,330,10.85
1787581335.670447,172,21.21,333,10.75
1787581335.8135293,168,21.72,333,10.75
1787581336.1110356,171,21.33,333,10.75
1787581336.3492265,150,24.38,328,10.92
1787581336.515027,148,24.72,209,17.38
1787581336.955832,143,25.59,170,21.46
1787581337.0796833,271,13.31,186,19.58
1787581337.3873048,271,13.31,183,19.91
1787581337.504638,277,13.01,183,19.91
1787581337.7846353,260,13.89,182,20.02
1787581337.9592984,271,13.31,182,20.02
1787581338.1509013,284,12.68,183,19.91
1787581338.3339968,272,13.26,181,20.13
1787581338.4616854,249,14.52,189,19.26
1787581338.677158,289,12.45,199,18.27
1787581338.8653736,244,14.83,205,17.73
1787581339.031243,189,19.26,243,14.89
1787581339.1923654,175,20.84,260,13.89
1787581339.3362641,158,23.12,293,12.28
1787581339.5423982,153,23.89,333,10.75
1787581339.727695,147,24.89,354,10.09
1787581339.886843,155,23.58,364,9.8
1787581340.046321,142,25.78,368,9.69
1787581340.2613897,143,25.59,430,8.23
1787581340.4589617,142,25.78,385,9.24
1787581340.6697388,162,22.54,385,9.24
1787581340.8673368,144,25.41,386,9.22
1787581341.0585885,145,25.24,385,9.24
1787581341.2191677,146,25.06,384,9.27
1787581341.4859924,138,26.54,383,9.29
1787581341.683473,137,26.73,385,9.24
1787581341.891928,163,22.4,385,9.24
1787581342.032312,141,25.96,379,9.4
1787581342.301411,141,25.96,379,9.4
1787581342.4953074,141,25.96,378,9.42
1787581342.7033389,141,25.96,374,9.53
1787581342.9122744,141,25.96,375,9.5
1787581343.1204698,141,25.96,373,9.55
1787581343.2665462,142,25.78,376,9.47
1787581343.41208,141,25.96,373,9.55
1787581343.9186502,148,24.72,373,9.55
1787581363.3960729,206,17.64,198,18.37
1787581363.6109877,206,17.64,195,18.66
1787581363.8276865,202,18.0,187,19.47
1787581364.0067914,206,17.64,186,19.58
1787581364.215821,206,17.64,188,19.37
1787581364.422469,216,16.8,188,19.37
1787581364.625102,206,17.64,194,18.76
1787581364.8175793,206,17.64,193,18.85
1787581365.0144827,227,15.97,188,19.37
1787581365.2314863,206,17.64,189,19.26
1787581365.3606637,207,17.55,188,19.37
1787581365.645557,216,16.8,188,19.37
1787581365.8431692,214,16.96,188,19.37
1787581366.0755076,205,17.73,201,18.09
1787581366.2639654,206,17.64,195,18.66
1787581366.4615712,200,18.18,189,19.26
1787581366.66464,200,18.18,188,19.37
1787581366.8537164,212,17.13,190,19.16
1787581367.2861586,206,17.64,189,19.26
1787581367.4068153,213,17.04,189,19.26
1787581367.595465,206,17.64,195,18.66
1787581367.8499615,206,17.64,188,19.37
1787581368.1106677,221,16.41,189,19.26
1787581368.51339,216,16.8,196,18.56
1787581368.70207,206,17.64,194,18.76
1787581368.832325,206,17.64,194,18.76
1787581369.1312113,206,17.64,189,19.26
1787581369.3462996,217,16.72,198,18.37
1787581369.540363,207,17.55,194,18.76
1787581369.672414,206,17.64,188,19.37
1787581369.8756638,211,17.21,189,19.26
1787581370.1578362,205,17.73,201,18.09
1787581370.3123271,202,18.0,188,19.37
1787581370.559101,215,16.88,200,18.18
1787581370.685013,206,17.64,188,19.37
1787581370.8700829,203,17.91,194,18.76
1787581371.1701171,209,17.38,188,19.37
1787581371.3809829,203,17.91,189,19.26
1787581371.5808802,200,18.18,187,19.47
1787581371.8745818,203,17.91,187,19.47
1787581372.1978533,206,17.64,188,19.37
1787581372.3466332,228,15.9,190,19.16
1787581372.4919457,206,17.64,192,18.96
1787581372.6534803,206,17.64,194,18.76
1787581372.811341,203,17.91,200,18.18
1787581372.965412,204,17.82,211,17.21
1787581373.1864069,177,20.6,242,14.95
1787581373.3543267,141,25.96,276,13.06
1787581373.5208886,147,24.89,292,12.32
1787581373.6923282,158,23.12,321,11.17
1787581373.894534,165,22.13,344,10.39
1787581374.039857,183,19.91,357,10.0
1787581374.4533236,185,19.69,349,10.24
1787581374.6735678,183,19.91,357,10.0
1787581374.8298693,177,20.6,357,10.0
1787581374.9764702,177,20.6,353,10.12
1787581375.269599,251,14.4,276,13.06
1787581375.4912832,156,23.43,424,8.35
1787581375.6797776,233,15.55,377,9.45
1787581375.8879297,297,12.11,295,12.19
1787581376.0894947,283,12.72,287,12.54
1787581376.3064568,271,13.31,286,12.59
1787581376.5140355,225,16.11,286,12.59
1787581376.7061143,236,15.34,288,12.5
1787581376.874791,225,16.11,293,12.28
1787581377.05375,231,15.68,304,11.82
1787581377.1863565,238,15.21,268,13.46
1787581377.3538263,284,12.68,134,27.34
1787581377.4996507,417,8.5,206,17.64
1787581377.6723988,188,19.37,56,30.0
1787581377.8329308,170,21.46,345,10.36
1787581377.999427,165,22.13,350,10.21
1787581378.2132533,161,22.69,351,10.18
1787581378.4074457,159,22.98,334,10.72
1787581378.6287029,165,22.13,292,12.32
1787581378.951988,164,22.26,282,12.77
1787581379.1630375,164,22.26,287,12.54
1787581379.5742831,159,22.98,281,12.82
1787581379.7759988,170,21.46,281,12.82
1787581379.9402223,164,22.26,281,12.82
1787581380.0959835,164,22.26,287,12.54
1787581380.4150271,164,22.26,281,12.82
1787581380.5977728,175,20.84,288,12.5
1787581380.8036993,169,21.59,282,12.77
1787581380.9490948,165,22.13,281,12.82
1787581381.2135193,164,22.26,285,12.63
1787581381.4159002,175,20.84,279,12.91
1787581381.6220226,171,21.33,275,13.11
1787581381.817559,162,22.54,281,12.82
1787581382.021745,173,21.08,299,12.02
1787581382.2242875,188,19.37,241,15.02
1787581382.4385152,177,20.6,182,20.02
1787581382.5621731,165,22.13,128,28.64
1787581409.880489,224,16.19,105,30.0
1787581410.006253,225,16.11,93,30.0
1787581410.279246,225,16.11,102,30.0
1787581410.4951913,225,16.11,96,30.0
1787581410.7162888,225,16.11,93,30.0
1787581411.1071222,226,16.04,99,30.0
1787581411.2830746,235,15.41,96,30.0
1787581411.508644,234,15.48,109,30.0
1787581411.680602,230,15.75,111,30.0
1787581411.8971229,233,15.55,102,30.0
1787581412.0410726,224,16.19,94,30.0
1787581412.2944984,227,15.97,99,30.0
1787581412.5425718,234,15.48,106,30.0
1787581412.7439415,225,16.11,104,30.0
1787581412.9511588,233,15.55,93,30.0
1787581413.1695886,224,16.19,109,30.0
1787581413.3564923,224,16.19,99,30.0
1787581413.5711663,224,16.19,103,30.0
1787581413.7763155,225,16.11,99,30.0
1787581413.92101,225,16.11,103,30.0
1787581414.0732572,226,16.04,100,30.0
1787581414.312626,225,16.11,93,30.0
1787581414.4529612,227,15.97,100,30.0
1787581414.7990654,227,15.97,107,30.0
1787581415.001461,245,14.76,99,30.0
1787581415.1324937,224,16.19,94,30.0
1787581415.320853,225,16.11,90,30.0
1787581415.6184266,225,16.11,99,30.0
1787581415.819219,225,16.11,99,30.0
1787581416.027784,228,15.9,105,30.0
1787581416.3215945,225,16.11,98,30.0
1787581416.6391943,230,15.75,104,30.0
1787581416.8466327,225,16.11,101,30.0
1787581417.0527751,225,16.11,98,30.0
1787581417.2571294,225,16.11,99,30.0
1787581417.4922316,228,15.9,105,30.0
1787581417.6623816,225,16.11,93,30.0
1787581417.8693092,229,15.82,90,30.0
1787581418.076137,225,16.11,91,30.0
1787581418.2592227,224,16.19,89,30.0
1787581418.4863977,226,16.04,93,30.0
1787581418.679058,225,16.11,95,30.0
1787581418.9092784,239,15.14,111,30.0
1787581419.1044865,233,15.55,97,30.0
1787581419.255311,221,16.41,98,30.0
1787581419.4093976,200,18.18,176,20.72
1787581419.6064746,221,16.41,188,19.37
1787581419.7509067,207,17.55,194,18.76
1787581419.8882282,209,17.38,201,18.09
1787581420.0546508,200,18.18,205,17.73
1787581420.2282953,184,19.8,230,15.75
1787581420.3961685,170,21.46,242,14.95
1787581420.5327392,130,28.2,270,13.36
1787581420.6720476,149,24.55,260,13.89
1787581420.861279,142,25.78,259,13.94
1787581421.1351821,147,24.89,253,14.28
1787581421.3743992,161,22.69,253,14.28
1787581421.5754485,155,23.58,252,14.34
1787581421.756151,153,23.89,254,14.23
1787581421.8874352,158,23.12,253,14.28
1787581422.1594355,156,23.43,244,14.83
1787581422.3809521,118,30.0,164,22.26
1787581422.5791793,171,21.33,463,7.61
1787581422.7020288,284,12.68,379,9.4
1787581423.1859398,260,13.89,402,8.83
1787581423.372235,249,14.52,413,8.59
1787581423.6038666,260,13.89,406,8.74
1787581423.81105,255,14.17,414,8.57
1787581423.9571636,262,13.78,413,8.59
1787581424.121929,267,13.51,339,10.55
1787581424.3226974,272,13.26,259,13.94
1787581424.4779997,307,11.7,117,30.0
1787581424.651707,282,12.77,168,21.72
1787581425.024677,260,13.89,171,21.33
1787581425.2382548,269,13.41,170,21.46
1787581425.4496567,257,14.05,171,21.33
1787581425.5677476,250,14.46,173,21.08
1787581425.8742707,244,14.83,171,21.33
1787581426.033078,248,14.58,172,21.21
1787581426.2560236,248,14.58,168,21.72
1787581426.494429,250,14.46,164,22.26
1787581426.6719377,257,14.05,170,21.46
1787581426.8940058,248,14.58,170,21.46
1787581427.0818477,249,14.52,175,20.84
1787581427.229591,249,14.52,174,20.96
1787581427.4001195,248,14.58,169,21.59
1787581427.7012558,245,14.76,168,21.72
1787581427.9030793,266,13.56,171,21.33
1787581428.1034706,249,14.52,172,21.21
1787581428.3109593,249,14.52,172,21.21
1787581428.5167887,248,14.58,171,21.33
1787581428.7142048,254,14.23,159,22.98
1787581428.8546655,261,13.83,141,25.96
1787581429.1495082,259,13.94,337,10.62
1787581441.8230348,290,12.41,339,10.55
1787581442.0377293,291,12.36,339,10.55
1787581442.232935,302,11.9,343,10.43
1787581442.648497,289,12.45,183,19.91
1787581442.864215,289,12.45,155,23.58
1787581442.9934282,281,12.82,169,21.59
1787581443.2609446,288,12.5,159,22.98
1787581443.392146,290,12.41,180,20.25
1787581443.6485472,295,12.19,176,20.72
1787581443.8736775,301,11.94,354,10.09
1787581444.0110624,295,12.19,327,10.96
1787581444.4334671,295,12.19,324,11.06
1787581444.7045891,289,12.45,333,10.75
1787581444.9054234,289,12.45,332,10.78
1787581445.1053317,309,11.62,334,10.72
1787581445.2998948,290,12.41,333,10.75
1787581445.5165997,289,12.45,333,10.75
1787581445.6397667,289,12.45,327,10.96
1787581445.9303222,289,12.45,339,10.55
1787581446.1351836,284,12.68,333,10.75
1787581446.3197713,284,12.68,332,10.78
1787581446.4475236,279,12.91,333,10.75
1787581446.9479618,289,12.45,337,10.62
1787581447.1559882,284,12.68,347,10.3
1787581447.3576772,283,12.72,341,10.49
1787581447.5646074,305,11.78,332,10.78
1787581447.9756718,282,12.77,332,10.78
1787581448.1759486,284,12.68,338,10.59
1787581448.3846433,284,12.68,324,11.06
1787581448.586947,283,12.72,338,10.59
1787581448.7930999,290,12.41,327,10.96
1787581449.0095015,283,12.72,339,10.55
1787581449.2044084,284,12.68,333,10.75
1787581449.394916,284,12.68,339,10.55
1787581449.6138408,286,12.59,333,10.75
1787581449.814464,284,12.68,329,10.89
1787581450.030097,284,12.68,336,10.65
1787581450.423358,283,12.72,333,10.75
1787581450.6379387,304,11.82,326,10.99
1787581450.8492353,295,12.19,333,10.75
1787581451.039339,302,11.9,335,10.68
1787581451.2265606,238,15.21,173,21.08
1787581451.4291112,190,19.16,206,17.64
1787581451.5931227,188,19.37,215,16.88
1787581451.7597756,188,19.37,220,16.49
1787581451.9329221,215,16.88,227,15.97
1787581452.0721068,206,17.64,223,16.26
1787581452.2597282,214,16.96,220,16.49
1787581452.4139385,159,22.98,218,16.64
1787581452.5691535,174,20.96,206,17.64
1787581452.7100747,139,26.34,201,18.09
1787581452.853717,134,27.34,188,19.37
1787581453.0863764,146,25.06,174,20.96
1787581453.2948816,147,24.89,170,21.46
1787581453.433166,152,24.05,173,21.08
1787581453.8667464,141,25.96,174,20.96
1787581454.117082,132,27.76,168,21.72
1787581454.251008,105,30.0,149,24.55
1787581454.490977,141,25.96,389,9.14
1787581454.9401603,237,15.28,287,12.54
1787581455.0705838,277,13.01,281,12.82
1787581455.3460782,297,12.11,281,12.82
1787581455.5150547,273,13.21,292,12.32
1787581455.6746175,283,12.72,287,12.54
1787581455.9842274,278,12.96,261,13.83
1787581456.162889,309,11.62,171,21.33
1787581456.308518,278,12.96,135,27.14
1787581456.5011215,288,12.5,140,26.15
1787581456.667886,269,13.41,194,18.76
1787581456.8274362,255,14.17,195,18.66
1787581456.9737227,242,14.95,200,18.18
1787581457.1068344,237,15.28,212,17.13
1787581457.2755501,224,16.19,223,16.26
1787581457.4622061,214,16.96,241,15.02
1787581457.5986686,208,17.46,247,14.64
1787581457.7951684,209,17.38,253,14.28
1787581458.0110104,200,18.18,258,14.0
1787581458.1539187,194,18.76,267,13.51
1787581458.4174747,194,18.76,258,14.0
1787581458.5659485,205,17.73,263,13.72
1787581458.820082,192,18.96,260,13.89
1787581459.0416052,196,18.56,286,12.59
1787581459.2373934,203,17.91,294,12.23
1787581459.4526522,193,18.85,311,11.54
1787581459.6482713,192,18.96,338,10.59
1787581459.7928147,210,17.29,425,8.33
1787581460.031696,200,18.18,436,8.11
1787581460.257572,200,18.18,437,8.09
1787581460.4633925,202,18.0,439,8.05
1787581460.6127949,211,17.21,436,8.11
1787581460.7504952,200,18.18,436,8.11
1787581461.0778415,199,18.27,436,8.11
1787581461.2297688,200,18.18,436,8.11
1787581461.4879718,206,17.64,436,8.11
1787581470.908957,268,13.46,158,23.12
1787581471.1056623,270,13.36,164,22.26
1787581471.3154764,272,13.26,171,21.33
1787581471.5222275,271,13.31,170,21.46
1787581471.730959,271,13.31,159,22.98
1787581471.9227438,272,13.26,158,23.12
1787581472.0650008,273,13.21,158,23.12
1787581472.5584953,270,13.36,165,22.13
1787581472.7104557,271,13.31,167,21.86
1787581472.8448062,271,13.31,159,22.98
1787581473.3714752,280,12.87,167,21.86
1787581473.5678604,272,13.26,164,22.26
1787581473.779588,272,13.26,86,30.0
1787581473.9914534,272,13.26,87,30.0
1787581474.389716,271,13.31,93,30.0
1787581474.5910003,273,13.21,86,30.0
1787581474.8007767,273,13.21,97,30.0
1787581475.0084014,272,13.26,164,22.26
1787581475.2212338,271,13.31,157,23.27
1787581475.425859,272,13.26,168,21.72
1787581475.5913143,272,13.26,161,22.69
1787581475.824759,272,13.26,164,22.26
1787581476.027961,273,13.21,156,23.43
1787581476.236486,270,13.36,162,22.54
1787581476.434413,268,13.46,160,22.83
1787581476.5852275,272,13.26,164,22.26
1787581476.8562963,271,13.31,160,22.83
1787581477.0422513,280,12.87,170,21.46
1787581477.2502367,271,13.31,167,21.86
1787581477.591726,299,12.02,162,22.54
1787581477.7312808,278,12.96,159,22.98
1787581478.0724366,278,12.96,165,22.13
1787581478.2816792,283,12.72,168,21.72
1787581478.4332933,278,12.96,171,21.33
1787581478.583381,273,13.21,171,21.33
1787581478.9000893,278,12.96,162,22.54
1787581479.02089,277,13.01,162,22.54
1787581479.2894256,278,12.96,164,22.26
1787581479.532725,274,13.16,177,20.6
1787581479.7196605,271,13.31,167,21.86
1787581479.9188328,268,13.46,158,23.12
1787581480.116559,278,12.96,158,23.12
1787581480.306624,278,12.96,165,22.13
1787581480.498458,269,13.41,143,25.59
1787581480.6853654,237,15.28,178,20.48
1787581480.882419,227,15.97,171,21.33
1787581481.049455,219,16.57,177,20.6
1787581481.2470162,200,18.18,193,18.85
1787581481.4404552,182,20.02,212,17.13
1787581481.6317146,93,30.0,259,13.94
1787581481.8241794,168,21.72,294,12.23
1787581482.049057,159,22.98,332,10.78
1787581482.3860302,187,19.47,403,8.81
1787581482.5819352,170,21.46,396,8.97
1787581482.7901533,178,20.48,403,8.81
1787581482.9192762,183,19.91,402,8.83
1787581483.19354,176,20.72,401,8.86
1787581483.323317,224,16.19,349,10.24
1787581483.4804862,129,28.42,247,14.64
1787581483.8149893,131,27.98,74,30.0
1787581483.9593797,271,13.31,158,23.12
1787581484.221448,272,13.26,164,22.26
1787581484.365879,277,13.01,164,22.26
1787581484.6431472,271,13.31,164,22.26
1787581484.8391023,276,13.06,165,22.13
1787581485.0247328,266,13.56,165,22.13
1787581485.193832,284,12.68,163,22.4
1787581485.3852623,243,14.89,171,21.33
1787581485.5708702,280,12.87,186,19.58
1787581485.7607334,182,20.02,206,17.64
1787581485.9456635,157,23.27,247,14.64
1787581486.1773038,135,27.14,293,12.28
1787581486.3540585,134,27.34,374,9.53
1787581486.5428402,149,24.55,452,7.81
1787581486.8827076,138,26.54,546,6.39
1787581487.0877473,128,28.64,649,5.31
1787581487.30256,123,30.0,656,5.25
1787581487.4990196,125,29.34,658,5.23
1787581487.646697,121,30.0,663,5.19
1787581488.1142733,127,28.87,664,5.18
1787581488.3109322,122,30.0,662,5.2
1787581488.5252128,120,30.0,669,5.14
1787581488.7191362,129,28.42,669,5.14
1787581488.9264016,122,30.0,669,5.14
1787581489.0790558,133,27.55,669,5.14
1787581489.3445632,123,30.0,668,5.15
1787581489.6635401,134,27.34,669,5.14
1787581489.9469573,129,28.42,667,5.16
1787581490.1528833,128,28.64,674,5.1
1787581490.2812765,128,28.64,669,5.14
1787581490.572409,116,30.0,668,5.15
1787581490.7709801,124,30.0,668,5.15
1787581490.9786372,125,29.34,669,5.14
1787581491.175699,123,30.0,667,5.16
1787581515.9655266,233,15.55,258,14.0
1787581516.174004,214,16.96,242,14.95
1787581516.3823416,214,16.96,214,16.96
1787581516.5631647,215,16.88,219,16.57
1787581516.6875517,222,16.34,219,16.57
1787581516.993334,213,17.04,209,17.38
1787581517.1928265,214,16.96,210,17.29
1787581517.3961167,210,17.29,206,17.64
1787581517.5607862,213,17.04,217,16.72
1787581517.7617488,214,16.96,209,17.38
1787581518.0092845,206,17.64,200,18.18
1787581518.220976,211,17.21,205,17.73
1787581518.4159174,224,16.19,204,17.82
1787581518.5756798,234,15.48,200,18.18
1787581518.8476386,214,16.96,204,17.82
1787581519.041163,214,16.96,200,18.18
1787581519.4484093,214,16.96,201,18.09
1787581519.6548936,208,17.46,205,17.73
1787581519.84817,214,16.96,200,18.18
1787581520.065549,214,16.96,202,18.0
1787581520.2209764,224,16.19,202,18.0
1787581520.4707112,212,17.13,200,18.18
1787581520.6874125,218,16.64,199,18.27
1787581520.883473,211,17.21,207,17.55
1787581521.0247207,217,16.72,200,18.18
1787581521.2909868,214,16.96,208,17.46
1787581521.4938717,212,17.13,202,18.0
1787581521.6322439,214,16.96,203,17.91
1787581521.8945525,222,16.34,200,18.18
1787581522.1088986,213,17.04,208,17.46
1787581522.3254256,210,17.29,201,18.09
1787581522.5205324,212,17.13,200,18.18
1787581522.7222831,214,16.96,206,17.64
1787581522.9302087,211,17.21,204,17.82
1787581523.1353972,222,16.34,199,18.27
1787581523.329593,212,17.13,197,18.46
1787581523.4712582,215,16.88,200,18.18
1787581523.6032786,216,16.8,201,18.09
1787581523.9501722,211,17.21,210,17.29
1787581524.090346,235,15.41,205,17.73
1787581524.270898,214,16.96,196,18.56
1787581524.5599895,223,16.26,212,17.13
1787581524.7661898,217,16.72,200,18.18
1787581524.977888,215,16.88,200,18.18
1787581525.1805496,214,16.96,211,17.21
1787581525.3667834,218,16.64,206,17.64
1787581525.558197,213,17.04,205,17.73
1787581525.804502,219,16.57,194,18.76
1787581525.957831,232,15.61,191,19.06
1787581526.0895853,231,15.68,195,18.66
1787581526.2511535,252,14.34,195,18.66
1787581526.4023876,134,27.34,204,17.82
1787581526.5699048,120,30.0,200,18.18
1787581526.727192,135,27.14,205,17.73
1787581526.9216409,142,25.78,212,17.13
1787581527.2245739,165,22.13,223,16.26
1787581527.4355109,174,20.96,224,16.19
1787581527.6318946,161,22.69,224,16.19
1787581527.8461475,161,22.69,223,16.26
1787581528.0478876,165,22.13,223,16.26
1787581528.2556083,158,23.12,199,18.27
1787581528.4611554,110,30.0,188,19.37
1787581528.6379156,164,22.26,568,6.13
1787581528.8661673,278,12.96,299,12.02
1787581529.075038,277,13.01,288,12.5
1787581529.2110474,254,14.23,436,8.11
1787581529.4845302,266,13.56,435,8.13
1787581529.637014,251,14.4,437,8.09
1787581529.7818148,236,15.34,402,8.83
1787581529.928871,231,15.68,416,8.52
1787581530.1105416,249,14.52,357,10.0
1787581530.2986205,229,15.82,233,15.55
1787581530.449003,389,9.14,189,19.26
1787581530.6367676,177,20.6,194,18.76
1787581530.8169117,154,23.74,224,16.19
1787581530.9830656,155,23.58,259,13.94
1787581531.158234,147,24.89,310,11.58
1787581531.3219986,153,23.89,344,10.39
1787581531.532571,158,23.12,378,9.42
1787581531.6655512,159,22.98,395,9.0
1787581531.942703,169,21.59,402,8.83
1787581532.0672188,163,22.4,396,8.97
1787581532.3523579,170,21.46,396,8.97
1787581532.5409412,165,22.13,400,8.88
1787581532.7614133,158,23.12,395,9.0
1787581533.1707294,165,22.13,396,8.97
1787581533.3728738,156,23.43,317,11.32
1787581533.5880213,156,23.43,267,13.51
1787581533.7823339,165,22.13,295,12.19
1787581533.9256136,164,22.26,365,9.77
1787581534.198783,169,21.59,298,12.06
1787581534.3266373,159,22.98,298,12.06
1787581534.60653,159,22.98,305,11.78
1787581535.013901,156,23.43,299,12.02
1787581535.1443992,159,22.98,304,11.82
1787581549.5708108,302,11.9,233,15.55
1787581549.7544522,296,12.15,235,15.41
1787581549.9633791,296,12.15,231,15.68
1787581550.0894535,301,11.94,223,16.26
1787581550.3701875,303,11.86,223,16.26
1787581550.579065,299,12.02,234,15.48
1787581550.7110403,302,11.9,233,15.55
1787581550.977885,320,11.21,233,15.55
1787581551.1563654,301,11.94,234,15.48
1787581551.3982906,303,11.86,223,16.26
1787581551.5258212,299,12.02,222,16.34
1787581551.8032396,301,11.94,229,15.82
1787581552.0118542,306,11.74,241,15.02
1787581552.1686485,289,12.45,227,15.97
1787581552.4190283,301,11.94,227,15.97
1787581552.6196394,313,11.46,223,16.26
1787581552.8283713,300,11.98,223,16.26
1787581552.961968,307,11.7,225,16.11
1787581553.1715174,306,11.74,229,15.82
1787581553.4380128,301,11.94,240,15.08
1787581553.6509707,301,11.94,217,16.72
1787581553.8489184,306,11.74,239,15.14
1787581554.0560987,303,11.86,240,15.08
1787581554.1874259,306,11.74,230,15.75
1787581554.461956,307,11.7,233,15.55
1787581554.6745973,326,10.99,229,15.82
1787581554.8767793,307,11.7,224,16.19
1787581555.085219,308,11.66,233,15.55
1787581555.2862065,300,11.98,230,15.75
1787581555.4905775,305,11.78,229,15.82
1787581555.61825,307,11.7,232,15.61
1787581555.9112792,330,10.85,229,15.82
1787581556.1055195,322,11.13,406,8.74
1787581556.4110842,330,10.85,315,11.39
1787581556.719447,339,10.55,301,11.94
1787581557.120697,337,10.62,309,11.62
1787581557.3353071,335,10.68,269,13.41
1787581557.5497692,336,10.65,422,8.4
1787581557.7443318,330,10.85,310,11.58
1787581557.8696444,335,10.68,263,13.72
1787581558.1335442,340,10.52,299,12.02
1787581558.3605115,336,10.65,230,15.75
1787581558.5643222,312,11.5,226,16.04
1787581558.765987,284,12.68,217,16.72
1787581558.9925663,266,13.56,199,18.27
1787581559.169196,231,15.68,151,24.22
1787581559.3289323,206,17.64,195,18.66
1787581559.55992,214,16.96,200,18.18
1787581559.7299902,203,17.91,206,17.64
1787581559.8913875,194,18.76,211,17.21
1787581560.056583,188,19.37,220,16.49
1787581560.2092242,191,19.06,236,15.34
1787581560.4409268,50,30.0,257,14.05
1787581560.633598,150,24.38,246,14.7
1787581560.7696488,133,27.55,241,15.02
1787581561.0190628,147,24.89,241,15.02
1787581561.225129,158,23.12,235,15.41
1787581561.4314756,146,25.06,235,15.41
1787581561.646977,162,22.54,235,15.41
1787581561.8366268,146,25.06,234,15.48
1787581562.047692,138,26.54,227,15.97
1787581562.2553995,132,27.76,184,19.8
1787581562.3893495,147,24.89,589,5.9
1787581562.6605165,255,14.17,327,3.0
1787581562.8629508,214,16.96,310,3.0
1787581563.070585,213,17.04,327,3.0
1787581563.2428408,227,15.97,360,3.0
1787581563.4804916,213,17.04,361,3.0
1787581563.8016975,242,14.95,304,3.0
1787581563.9867947,249,14.52,344,3.0
1787581564.204168,225,16.11,216,3.0
1787581564.376193,301,11.94,164,3.0
1787581564.5980916,225,16.11,150,3.0
1787581564.7638998,226,16.04,152,3.0
1787581564.9384308,216,16.8,169,3.0
1787581565.0908937,231,15.68,164,3.0
1787581565.2597663,255,14.17,177,3.0
1787581565.527545,301,11.94,183,3.0
1787581565.7274706,348,10.27,201,3.0
1787581565.9518,340,10.52,201,3.0
1787581566.1398664,340,10.52,195,3.0
1787581566.3472056,340,10.52,195,3.0
1787581566.5533679,341,10.49,194,3.0
1787581566.7559776,340,10.52,194,3.0
1787581566.9571435,344,10.39,204,3.0
1787581567.1671696,341,10.49,200,3.0
1787581567.3687112,341,10.49,197,3.0
1787581567.5768087,341,10.49,197,3.0
1787581567.7785373,342,10.46,199,3.0
1787581567.97447,341,10.49,191,3.0
1787581568.2918704,343,10.43,139,3.0
1787581568.6009605,341,10.49,146,3.0
1787581568.8048356,339,10.55,185,3.0
1787581569.00669,341,10.49,185,3.0
1787581569.2154484,337,10.62,191,3.0
1787581569.4201257,333,10.75,183,3.0
1787581592.16994,200,18.18,256,14.11
1787581592.304604,200,18.18,260,13.89
1787581592.566047,201,18.09,249,14.52
1787581592.747722,205,17.73,253,14.28
1787581592.9686956,203,17.91,254,14.23
1787581593.1767101,206,17.64,257,14.05
1787581593.309422,207,17.55,249,14.52
1787581593.5738335,200,18.18,247,14.64
1787581593.7045736,201,18.09,250,14.46
1787581593.9969547,200,18.18,247,14.64
1787581594.1243694,207,17.55,253,14.28
1787581594.2684972,200,18.18,253,14.28
1787581594.7659955,200,18.18,235,15.41
1787581595.0236845,201,18.09,249,14.52
1787581595.217854,221,16.41,235,15.41
1787581595.4224002,200,18.18,241,15.02
1787581595.6384432,201,18.09,242,14.95
1787581595.8362274,200,18.18,249,14.52
1787581596.0363274,199,18.27,236,15.34
1787581596.450929,199,18.27,242,14.95
1787581596.657714,209,17.38,242,14.95
1787581596.857358,199,18.27,239,15.14
1787581596.9822228,203,17.91,234,15.48
1787581597.2715402,200,18.18,237,15.28
1787581597.4888735,202,18.0,244,14.83
1787581597.680501,200,18.18,239,15.14
1787581598.0869815,200,18.18,241,15.02
1787581598.3025184,198,18.37,247,14.64
1787581598.4983268,204,17.82,253,14.28
1787581598.78164,200,18.18,239,15.14
1787581599.1143367,199,18.27,244,14.83
1787581599.3293517,201,18.09,235,15.41
1787581599.728333,200,18.18,241,15.02
1787581599.8699965,200,18.18,240,15.08
1787581600.1340005,206,17.64,247,14.64
1787581600.343779,200,18.18,250,14.46
1787581600.547794,205,17.73,255,14.17
1787581600.767119,200,18.18,245,14.76
1787581600.957874,200,18.18,242,14.95
1787581601.160712,222,16.34,242,14.95
1787581601.3639498,200,18.18,235,15.41
1787581601.491129,200,18.18,237,15.28
1787581601.661512,196,18.56,229,15.82
1787581601.8099964,203,17.91,196,18.56
1787581602.0353878,194,18.76,210,17.29
1787581602.2251935,193,18.85,205,17.73
1787581602.3916118,190,19.16,207,17.55
1787581602.559207,214,16.96,212,17.13
1787581602.7744148,201,18.09,212,17.13
1787581602.947239,200,18.18,212,17.13
1787581603.1898453,206,17.64,206,17.64
1787581603.3925383,222,16.34,202,18.0
1787581603.5465896,225,16.11,196,18.56
1787581603.7065148,231,15.68,194,18.76
1787581603.8852623,231,15.68,189,19.26
1787581604.0729723,236,15.34,187,19.47
1787581604.2690558,231,15.68,189,19.26
1787581604.4331577,220,16.49,189,19.26
1787581604.5897431,26,30.0,188,19.37
1787581604.7882793,118,30.0,194,18.76
1787581604.9563653,123,30.0,202,18.0
1787581605.181743,128,28.64,196,18.56
1787581605.3558302,135,27.14,199,18.27
1787581605.6613245,143,25.59,201,18.09
1787581605.854721,146,25.06,206,17.64
1787581605.9882164,155,23.58,206,17.64
1787581606.280615,146,25.06,212,17.13
1787581606.487787,141,25.96,203,17.91
1787581606.7000315,176,20.72,198,18.37
1787581606.8641691,141,25.96,171,21.33
1787581607.0975227,165,22.13,87,30.0
1787581607.5082078,294,12.23,122,30.0
1787581607.7304523,266,13.56,123,30.0
1787581607.918697,283,12.72,122,30.0
1787581608.3074436,277,13.01,122,30.0
1787581608.4869258,283,12.72,130,28.2
1787581608.6783588,296,12.15,122,30.0
1787581608.8507855,278,12.96,122,30.0
1787581609.0160458,225,16.11,129,28.42
1787581609.2371502,243,14.89,129,28.42
1787581609.4261243,428,8.27,129,28.42
1787581609.5713556,328,10.92,133,27.55
1787581609.796884,287,12.54,140,26.15
1787581609.960059,225,16.11,140,26.15
1787581610.1727343,204,17.82,140,26.15
1787581610.3586504,175,20.84,152,24.05
1787581610.4782045,146,25.06,152,24.05
1787581610.6286826,151,24.22,152,24.05
1787581610.7672179,132,27.76,183,19.91
1787581610.967177,123,30.0,193,18.85
1787581611.0966852,117,30.0,199,18.27
1787581611.2894228,119,30.0,218,16.64
1787581611.4801638,113,30.0,259,13.94
1787581611.6604695,107,30.0,351,10.18
1787581611.858141,126,29.1,435,8.13
1787581612.023989,98,30.0,605,5.73
1787581612.223153,99,30.0,700,4.89
1787581612.424906,99,30.0,730,4.68
1787581612.6298296,110,30.0,697,4.92
1787581612.8343928,100,30.0,699,4.9
1787581613.0402167,98,30.0,700,4.89
1787581613.2306464,95,30.0,696,4.92
1787581613.4515293,94,30.0,695,4.93
1787581613.6472266,106,30.0,694,4.94
1787581613.8717027,110,30.0,693,4.95
1787581614.271225,97,30.0,693,4.95
1787581614.411121,99,30.0,697,4.92
1787581614.6754756,109,30.0,696,4.92
1787581614.8778698,99,30.0,696,4.92
1787581615.0884767,103,30.0,696,4.92
1787581615.2839692,102,30.0,694,4.94
1787581615.4979656,102,30.0,695,4.93
1787581615.6907682,106,30.0,695,4.93
1787581615.9364116,93,30.0,695,4.93
1787581616.0916696,106,30.0,694,4.94
1787581616.24975,103,30.0,695,4.93
1787581636.80917,341,10.49,159,22.98
1787581637.0014117,342,10.46,169,21.59
1787581637.2058914,341,10.49,168,21.72
1787581637.4006848,348,10.27,164,22.26
1787581637.6310506,340,10.52,158,23.12
1787581637.817269,342,10.46,164,22.26
1787581638.0179224,342,10.46,161,22.69
1787581638.2193973,342,10.46,165,22.13
1787581638.3785079,335,10.68,164,22.26
1787581638.6447256,341,10.49,158,23.12
1787581638.8375468,341,10.49,158,23.12
1787581639.254942,341,10.49,165,22.13
1787581639.4554107,341,10.49,168,21.72
1787581639.8648837,341,10.49,159,22.98
1787581640.0708587,333,10.75,166,21.99
1787581640.2880864,341,10.49,166,21.99
1787581640.4884548,341,10.49,165,22.13
1787581640.8897078,342,10.46,157,23.27
1787581641.0204363,341,10.49,164,22.26
1787581641.308918,341,10.49,164,22.26
1787581641.5043082,340,10.52,161,22.69
1787581641.6401844,342,10.46,169,21.59
1787581641.7974188,341,10.49,159,22.98
1787581642.1222816,341,10.49,165,22.13
1787581642.2472672,341,10.49,167,21.86
1787581642.4273524,341,10.49,167,21.86
1787581642.731822,341,10.49,165,22.13
1787581642.8634791,342,10.46,167,21.86
1787581643.0060303,337,10.62,161,22.69
1787581643.3505824,337,10.62,164,22.26
1787581643.552212,342,10.46,175,20.84
1787581643.7671688,342,10.46,164,22.26
1787581643.964536,344,10.39,165,22.13
1787581644.1636555,361,9.88,156,23.43
1787581644.3779078,364,9.8,164,22.26
1787581644.5887737,340,10.52,168,21.72
1787581644.7818635,341,10.49,169,21.59
1787581644.908899,341,10.49,167,21.86
1787581645.0484636,362,9.86,164,22.26
1787581645.3893955,341,10.49,161,22.69
1787581645.5938492,340,10.52,157,23.27
1787581645.7256272,336,10.65,158,23.12
1787581646.0175598,336,10.65,158,23.12
1787581646.161778,341,10.49,163,22.4
1787581646.3228738,341,10.49,164,22.26
1787581646.5027697,330,10.85,158,23.12
1787581646.670979,318,11.28,164,22.26
1787581646.8427389,301,11.94,164,22.26
1787581647.0312781,289,12.45,164,22.26
1787581647.2752366,272,13.26,170,21.46
1787581647.4652107,243,14.89,171,21.33
1787581647.6253788,226,16.04,176,20.72
1787581647.7695296,194,18.76,182,20.02
1787581647.9995012,39,30.0,191,19.06
1787581648.1923935,147,24.89,195,18.66
1787581648.4388747,182,20.02,212,17.13
1787581648.6617672,178,20.48,234,15.48
1787581648.8775375,182,20.02,270,13.36
1787581649.0213788,176,20.72,281,12.82
1787581649.2227354,179,20.36,303,11.86
1787581649.396304,182,20.02,322,11.13
1787581649.6954937,183,19.91,350,10.21
1787581649.903422,184,19.8,370,9.63
1787581650.0257869,171,21.33,374,9.53
1787581650.3149593,176,20.72,373,9.55
1787581650.4818938,182,20.02,373,9.55
1787581650.7199197,185,19.69,373,9.55
1787581650.927817,199,18.27,315,11.39
1787581651.130805,133,27.55,232,15.61
1787581651.3495421,260,13.89,169,21.59
1787581651.4894497,254,14.23,158,23.12
1787581651.7453854,254,14.23,164,22.26
1787581651.9504704,254,14.23,164,22.26
1787581652.0762184,254,14.23,168,21.72
1787581652.3501518,248,14.58,164,22.26
1787581652.535889,243,14.89,164,22.26
1787581652.7035825,250,14.46,160,22.83
1787581652.8962038,260,13.89,164,22.26
1787581653.0656192,250,14.46,165,22.13
1787581653.2105434,206,17.64,178,20.48
1787581653.3493707,206,17.64,168,21.72
1787581653.482368,209,17.38,179,20.36
1787581653.8011234,213,17.04,171,21.33
1787581653.9949906,217,16.72,171,21.33
1787581654.2039015,218,16.64,171,21.33
1787581654.328142,221,16.41,177,20.6
1787581654.474063,205,17.73,177,20.6
1787581654.6305923,210,17.29,180,20.25
1787581654.823452,215,16.88,177,20.6
1787581655.0290887,220,16.49,171,21.33
1787581655.225295,206,17.64,175,20.84
1787581655.4392238,213,17.04,171,21.33
1787581655.6405768,232,15.61,177,20.6
1787581655.8360078,202,18.0,171,21.33
1787581656.251114,206,17.64,180,20.25
1787581656.4650948,213,17.04,172,21.21
1787581657.0690117,233,15.55,171,21.33
1787581657.275558,239,15.14,171,21.33
1787581657.474087,206,17.64,170,21.46
1787581657.6866617,213,17.04,167,21.86
1787581674.8805718,235,15.41,192,18.96
1787581675.090224,233,15.55,177,20.6
1787581675.2291408,237,15.28,182,20.02
1787581675.4991746,236,15.34,176,20.72
1787581675.7078598,245,14.76,186,19.58
1787581675.9089038,231,15.68,177,20.6
1787581676.048251,239,15.14,183,19.91
1787581676.3110812,238,15.21,181,20.13
1787581676.4454622,230,15.75,176,20.72
1787581676.7329297,237,15.28,176,20.72
1787581676.8646634,237,15.28,184,19.8
1787581677.1389458,233,15.55,175,20.84
1787581677.2836115,233,15.55,173,21.08
1787581677.555573,255,14.17,198,18.37
1787581677.76928,237,15.28,182,20.02
1787581677.9706469,237,15.28,177,20.6
1787581678.3018048,226,16.04,174,20.96
1787581678.5696778,230,15.75,185,19.69
1787581678.699059,238,15.21,187,19.47
1787581678.9843645,234,15.48,184,19.8
1787581679.1032238,233,15.55,181,20.13
1787581679.311,231,15.68,182,20.02
1787581679.6020324,237,15.28,180,20.25
1787581680.0060403,245,14.76,176,20.72
1787581680.2142048,237,15.28,183,19.91
1787581680.415541,236,15.34,179,20.36
1787581680.623343,237,15.28,184,19.8
1787581680.8250487,235,15.41,185,19.69
1787581681.2348468,237,15.28,184,19.8
1787581681.4424825,238,15.21,179,20.36
1787581681.6397934,236,15.34,193,18.85
1787581681.8473485,237,15.28,176,20.72
1787581682.055254,240,15.08,173,21.08
1787581682.2303522,231,15.68,189,19.26
1787581682.6755679,231,15.68,190,19.16
1787581682.796661,230,15.75,182,20.02
1787581683.0868888,230,15.75,176,20.72
1787581683.324173,246,14.7,183,19.91
1787581683.4913461,258,14.0,182,20.02
1787581683.7089813,231,15.68,190,19.16
1787581683.885159,239,15.14,182,20.02
1787581684.0483217,237,15.28,183,19.91
1787581684.1915028,237,15.28,176,20.72
1787581684.3588886,237,15.28,177,20.6
1787581684.5268762,238,15.21,183,19.91
1787581684.6994483,238,15.21,186,19.58
1787581684.8526433,232,15.61,179,20.36
1787581685.032893,238,15.21,185,19.69
1787581685.2054431,229,15.82,189,19.26
1787581685.348292,226,16.04,188,19.37
1787581685.5501583,219,16.57,203,17.91
1787581685.7882102,213,17.04,198,18.37
1787581685.9359944,183,19.91,201,18.09
1787581686.15015,39,30.0,206,17.64
1787581686.2895713,130,28.2,220,16.49
1787581686.46562,137,26.73,224,16.19
1787581686.6502783,149,24.55,223,16.26
1787581686.8443713,135,27.14,226,16.04
1787581687.0686443,135,27.14,235,15.41
1787581687.3634677,145,25.24,243,14.89
1787581687.58507,140,26.15,241,15.02
1787581687.7896342,147,24.89,240,15.08
1787581687.9951975,172,21.21,242,14.95
1787581688.130041,151,24.22,241,15.02
1787581688.3635077,129,28.42,242,14.95
1787581688.60483,115,30.0,201,18.09
1787581688.8097024,153,23.89,158,23.12
1787581689.0251503,285,12.63,141,25.96
1787581689.3736846,283,12.72,137,26.73
1787581689.5004933,282,12.77,135,27.14
1787581689.8232527,283,12.72,134,27.34
1787581690.0404515,290,12.41,135,27.14
1787581690.1681309,286,12.59,134,27.34
1787581690.331761,309,11.62,140,26.15
1787581690.534273,290,12.41,133,27.55
1787581690.705323,269,13.41,137,26.73
1787581690.8581276,254,14.23,140,26.15
1787581691.0103772,255,14.17,141,25.96
1787581691.1480966,288,12.5,146,25.06
1787581691.3105628,375,9.5,151,24.22
1787581691.488133,301,11.94,152,24.05
1787581691.6569085,260,13.89,152,24.05
1787581691.8592498,237,15.28,164,22.26
1787581692.0489235,220,16.49,154,23.74
1787581692.2188265,200,18.18,170,21.46
1787581692.3948157,188,19.37,171,21.33
1787581692.6402836,176,20.72,175,20.84
1787581692.83692,164,22.26,182,20.02
1787581693.036053,168,21.72,195,18.66
1787581693.2701948,153,23.89,211,17.21
1787581693.4434805,148,24.72,230,15.75
1787581693.631973,145,25.24,253,14.28
1787581693.8252854,130,28.2,276,13.06
1787581693.9702082,129,28.42,293,12.28
1787581694.1320522,125,29.34,321,11.17
1787581694.2604384,123,30.0,312,11.5
1787581694.4208179,132,27.76,315,11.39
1787581694.7673357,129,28.42,312,11.5
1787581694.955586,132,27.76,316,11.35
1787581695.1677217,123,30.0,315,11.39
1787581695.4253309,135,27.14,315,11.39
1787581695.7880673,124,30.0,315,11.39
1787581695.9792016,131,27.98,315,11.39
1787581696.1845841,123,30.0,315,11.39
1787581696.3855484,132,27.76,314,11.43
1787581696.6003714,122,30.0,316,11.35
1787581696.7930157,125,29.34,316,11.35
1787581697.2037373,133,27.55,315,11.39
1787581697.4155476,125,29.34,316,11.35
1787581697.620157,134,27.34,315,11.39
1787581697.81334,134,27.34,316,11.35
1787581868.2118413,188,19.37,228,15.9
1787581868.4127233,190,19.16,217,16.72
1787581868.6060462,188,19.37,216,16.8
1787581868.8336523,188,19.37,218,16.64
1787581869.0353117,189,19.26,225,16.11
1787581869.1675456,189,19.26,213,17.04
1787581869.444105,189,19.26,225,16.11
1787581869.6215177,190,19.16,218,16.64
1787581869.8478425,208,17.46,218,16.64
1787581869.9885225,198,18.37,217,16.72
1787581870.2631748,188,19.37,218,16.64
1787581870.6323304,189,19.26,224,16.19
1787581870.8819046,188,19.37,217,16.72
1787581871.083467,189,19.26,218,16.64
1787581871.284864,188,19.37,221,16.41
1787581871.491848,209,17.38,225,16.11
1787581871.645224,187,19.47,222,16.34
1787581872.0967531,187,19.47,217,16.72
1787581872.2486415,188,19.37,218,16.64
1787581872.5153246,188,19.37,218,16.64
1787581872.7217536,188,19.37,217,16.72
1787581872.9239588,188,19.37,218,16.64
1787581873.128966,190,19.16,218,16.64
1787581873.346745,185,19.69,219,16.57
1787581873.5352356,188,19.37,213,17.04
1787581873.7430258,196,18.56,217,16.72
1787581873.8647559,209,17.38,218,16.64
1787581874.159661,189,19.26,218,16.64
1787581874.284235,194,18.76,218,16.64
1787581874.5619948,185,19.69,221,16.41
1787581874.7643027,190,19.16,219,16.57
1787581874.9887695,188,19.37,217,16.72
1787581875.1800256,198,18.37,232,15.61
1787581875.3264463,185,19.69,216,16.8
1787581875.5804124,188,19.37,221,16.41
1787581875.7972221,193,18.85,217,16.72
1787581875.9455104,189,19.26,225,16.11
1787581876.2013073,191,19.06,218,16.64
1787581876.3475058,196,18.56,228,15.9
1787581876.6184402,187,19.47,216,16.8
1787581876.809117,190,19.16,225,16.11
1787581877.0204263,194,18.76,215,16.88
1787581877.2080483,185,19.69,217,16.72
1787581877.4249234,189,19.26,217,16.72
1787581877.5687325,188,19.37,221,16.41
1787581877.7524056,198,18.37,218,16.64
1787581877.9165156,194,18.76,211,17.21
1787581878.1381133,220,16.49,212,17.13
1787581878.29936,206,17.64,212,17.13
1787581878.4657483,213,17.04,206,17.64
1787581878.6686115,219,16.57,200,18.18
1787581878.8347766,232,15.61,202,18.0
1787581879.005685,231,15.68,195,18.66
1787581879.2150214,237,15.28,190,19.16
1787581879.3555915,257,14.05,192,18.96
1787581879.5123928,237,15.28,182,20.02
1787581879.6560068,232,15.61,189,19.26
1787581879.8723812,56,30.0,188,19.37
1787581880.0800233,141,25.96,181,20.13
1787581880.2622993,127,28.87,182,20.02
1787581880.5008452,110,30.0,183,19.91
1787581880.694219,115,30.0,182,20.02
1787581880.8732438,141,25.96,182,20.02
1787581881.1162643,130,28.2,182,20.02
1787581881.3099802,130,28.2,183,19.91
1787581881.5268214,138,26.54,182,20.02
1787581881.6729584,129,28.42,182,20.02
1787581881.8839378,127,28.87,178,20.48
1787581882.139439,129,28.42,188,19.37
1787581882.5475876,117,30.0,116,30.0
1787581882.6858752,237,15.28,158,23.12
1787581882.9576118,237,15.28,328,10.92
1787581883.0823176,248,14.58,327,10.96
1787581883.3667884,248,14.58,345,10.36
1787581883.575483,267,13.51,338,10.59
1787581883.7831929,249,14.52,333,10.75
1787581883.9458272,249,14.52,299,12.02
1787581884.137855,234,15.48,153,23.89
1787581884.3245456,237,15.28,146,25.06
1787581884.5327659,246,14.7,146,25.06
1787581884.7548711,318,11.28,144,25.41
1787581884.9225101,364,9.8,150,24.38
1787581885.0888095,312,11.5,153,23.89
1787581885.2539487,283,12.72,158,23.12
1787581885.4065425,262,13.78,156,23.43
1787581885.5817673,245,14.76,154,23.74
1787581885.7676556,239,15.14,162,22.54
1787581885.9344404,225,16.11,161,22.69
1787581886.125796,209,17.38,158,23.12
1787581886.2615216,207,17.55,164,22.26
1787581886.504047,193,18.85,174,20.96
1787581886.69633,173,21.08,186,19.58
1787581886.861515,178,20.48,186,19.58
1787581887.0220025,170,21.46,195,18.66
1787581887.1671116,159,22.98,200,18.18
1787581887.32644,151,24.22,209,17.38
1787581887.6707122,157,23.27,224,16.19
1787581887.80104,129,28.42,257,14.05
1787581888.0736277,134,27.34,267,13.51
1787581888.2154558,121,30.0,270,13.36
1787581888.484419,111,30.0,270,13.36
1787581888.694855,139,26.34,264,13.67
1787581888.86671,124,30.0,265,13.62
1787581889.0048285,123,30.0,268,13.46
1787581889.3162804,150,24.38,259,13.94
1787581889.5295658,140,26.15,261,13.83
1787581889.714067,133,27.55,253,14.28
1787581889.9212537,135,27.14,253,14.28
1787581890.129962,135,27.14,248,14.58
1787581890.3412306,135,27.14,239,15.14
1787581890.5385408,139,26.34,245,14.76
1787581890.6573458,143,25.59,240,15.08
1787581890.946257,141,25.96,235,15.41
1787581891.1507945,142,25.78,235,15.41
1787581891.5605683,141,25.96,241,15.02
1787581891.7346408,141,25.96,252,14.34
1787581891.865624,138,26.54,247,14.64
1787581892.1704676,142,25.78,251,14.4
1787581892.3026857,141,25.96,238,15.21
1787581892.586374,142,25.78,241,15.02
1787581892.725019,134,27.34,241,15.02
1787581893.0019515,140,26.15,241,15.02
1787581893.2052474,142,25.78,241,15.02
1787581893.5733242,134,27.34,241,15.02
1787581893.6983495,140,26.15,247,14.64
1787581894.0589411,143,25.59,241,15.02
1787581918.4059346,204,17.82,182,20.02
1787581918.5869834,198,18.37,180,20.25
1787581918.7219872,210,17.29,182,20.02
1787581919.0003939,206,17.64,182,20.02
1787581919.2086625,208,17.46,185,19.69
1787581919.4171224,202,18.0,186,19.58
1787581919.6189518,206,17.64,182,20.02
1787581919.8184204,238,15.21,178,20.48
1787581919.9873736,206,17.64,183,19.91
1787581920.116192,206,17.64,183,19.91
1787581920.4101954,206,17.64,186,19.58
1787581920.6384027,207,17.55,179,20.36
1787581920.8470113,206,17.64,183,19.91
1787581921.0492306,207,17.55,183,19.91
1787581921.1806362,206,17.64,178,20.48
1787581921.6665518,206,17.64,182,20.02
1787581921.862095,206,17.64,180,20.25
1787581922.066716,206,17.64,191,19.06
1787581922.2752542,207,17.55,182,20.02
1787581922.477799,229,15.82,182,20.02
1787581922.6884258,213,17.04,184,19.8
1787581922.81879,206,17.64,189,19.26
1787581923.0146945,243,14.89,181,20.13
1787581923.3142903,206,17.64,185,19.69
1787581923.4312634,208,17.46,181,20.13
1787581923.5799365,204,17.82,183,19.91
1787581923.91639,207,17.55,187,19.47
1787581924.3265593,205,17.73,193,18.85
1787581924.5205631,214,16.96,183,19.91
1787581924.662294,214,16.96,194,18.76
1787581925.0203016,207,17.55,182,20.02
1787581925.353963,212,17.13,191,19.06
1787581925.5640337,230,15.75,183,19.91
1787581925.7147179,216,16.8,180,20.25
1787581925.965344,207,17.55,182,20.02
1787581926.1687498,207,17.55,185,19.69
1787581926.368625,206,17.64,181,20.13
1787581926.5000482,207,17.55,178,20.48
1787581926.978797,206,17.64,182,20.02
1787581927.1969137,207,17.55,194,18.76
1787581927.6036608,206,17.64,183,19.91
1787581927.805685,216,16.8,183,19.91
1787581928.000894,214,16.96,186,19.58
1787581928.2191186,200,18.18,200,18.18
1787581928.4245172,206,17.64,201,18.09
1787581928.5826936,204,17.82,194,18.76
1787581928.8325016,220,16.49,205,17.73
1787581928.9642577,221,16.41,195,18.66
1787581929.243718,200,18.18,191,19.06
1787581929.4438148,231,15.68,176,20.72
1787581929.6520345,241,15.02,177,20.6
1787581929.8598018,242,14.95,327,10.96
1787581930.0420742,153,23.89,247,14.64
1787581930.269752,158,23.12,225,16.11
1787581930.472252,159,22.98,148,24.72
1787581930.6787343,153,23.89,200,18.18
1787581930.8722684,152,24.05,188,19.37
1787581931.0477922,153,23.89,206,17.64
1787581931.3025768,169,21.59,167,21.86
1787581931.5062008,153,23.89,220,16.49
1787581931.902309,174,20.96,201,18.09
1787581932.0690577,162,22.54,193,18.85
1787581932.2002444,153,23.89,199,18.27
1787581932.3459122,147,24.89,208,17.46
1787581932.4987009,154,23.74,210,17.29
1787581932.7218404,153,23.89,194,18.76
1787581932.936468,167,21.86,194,18.76
1787581933.1349585,174,20.96,6,30.0
1787581933.3392,179,20.36,195,18.66
1787581933.5416055,173,21.08,260,13.89
1787581933.7628403,195,18.66,276,13.06
1787581933.9022443,255,14.17,275,13.11
1787581934.0444722,306,11.74,267,13.51
1787581934.5682845,312,11.5,270,13.36
1787581934.7765288,330,10.85,269,13.41
1787581934.977407,312,11.5,270,13.36
1787581935.180315,306,11.74,270,13.36
1787581935.3830273,312,11.5,267,13.51
1787581935.5812445,318,11.28,270,13.36
1787581935.7837918,308,11.66,270,13.36
1787581936.0550456,312,11.5,270,13.36
1787581936.4111326,312,11.5,268,13.46
1787581936.6179805,324,11.06,264,13.67
1787581949.343775,225,16.11,185,19.69
1787581949.5300384,226,16.04,176,20.72
1787581949.723721,229,15.82,173,21.08
1787581949.9204137,229,15.82,173,21.08
1787581950.1287565,225,16.11,177,20.6
1787581950.343332,225,16.11,180,20.25
1787581950.5379903,225,16.11,172,21.21
1787581950.743454,230,15.75,177,20.6
1787581950.9672503,225,16.11,176,20.72
1787581951.158093,231,15.68,176,20.72
1787581951.3227956,223,16.26,186,19.58
1787581951.58782,222,16.34,176,20.72
1787581951.7789173,226,16.04,176,20.72
1787581951.962789,229,15.82,177,20.6
1787581952.1779964,239,15.14,181,20.13
1787581952.3225052,225,16.11,173,21.08
1787581952.587039,231,15.68,173,21.08
1787581952.7914648,231,15.68,176,20.72
1787581952.9343307,226,16.04,176,20.72
1787581953.1956131,233,15.55,176,20.72
1787581953.415067,224,16.19,176,20.72
1787581953.607222,232,15.61,175,20.84
1787581953.7458434,225,16.11,177,20.6
1787581953.9664102,224,16.19,176,20.72
1787581954.0996366,222,16.34,179,20.36
1787581954.4300568,260,13.89,179,20.36
1787581954.6412766,231,15.68,183,19.91
1787581954.9617012,226,16.04,176,20.72
1787581955.2529688,231,15.68,179,20.36
1787581955.3770447,231,15.68,172,21.21
1787581955.8634422,225,16.11,173,21.08
1787581955.9882395,231,15.68,177,20.6
1787581956.2744734,231,15.68,177,20.6
1787581956.4050379,228,15.9,176,20.72
1787581956.6813939,230,15.75,176,20.72
1787581956.8990748,240,15.08,173,21.08
1787581957.0839674,226,16.04,176,20.72
1787581957.2938416,226,16.04,177,20.6
1787581957.5034535,225,16.11,176,20.72
1787581957.6459568,243,14.89,188,19.37
1787581957.9044719,225,16.11,180,20.25
1787581958.1198277,229,15.82,173,21.08
1787581958.5181038,231,15.68,182,20.02
1787581958.730664,225,16.11,180,20.25
1787581958.9068081,225,16.11,183,19.91
1787581959.074672,225,16.11,171,21.33
1787581959.275383,225,16.11,183,19.91
1787581959.4970047,219,16.57,183,19.91
1787581959.7170446,213,17.04,184,19.8
1787581959.885224,206,17.64,191,19.06
1787581960.053833,201,18.09,188,19.37
1787581960.2120664,195,18.66,195,18.66
1787581960.414248,210,17.29,204,17.82
1787581960.5572162,191,19.06,212,17.13
1787581960.7614255,177,20.6,218,16.64
1787581960.9597404,175,20.84,235,15.41
1787581961.129041,160,22.83,245,14.76
1787581961.2726014,95,30.0,252,14.34
1787581961.42555,64,30.0,260,13.89
1787581961.6460166,105,30.0,270,13.36
1787581961.8239546,123,30.0,259,13.94
1787581961.996219,120,30.0,256,14.11
1787581962.1404157,149,24.55,264,13.67
1787581962.407559,132,27.76,268,13.46
1787581962.615981,136,26.93,269,13.41
1787581962.764132,141,25.96,269,13.41
1787581963.008332,148,24.72,274,13.16
1787581963.2376857,141,25.96,269,13.41
1787581963.4461405,147,24.89,268,13.46
1787581963.5921333,140,26.15,262,13.78
1787581963.8463025,140,26.15,224,16.19
1787581964.015198,147,24.89,99,30.0
1787581964.2651253,261,13.83,146,25.06
1787581964.468353,266,13.56,128,28.64
1787581964.6744692,272,13.26,128,28.64
1787581964.873712,249,14.52,128,28.64
1787581964.9975138,260,13.89,128,28.64
1787581965.2862017,260,13.89,127,28.87
1787581965.4684997,272,13.26,129,28.42
1787581965.5916076,259,13.94,135,27.14
1787581965.7509558,261,13.83,126,29.1
1787581965.9393513,264,13.67,134,27.34
1787581966.112593,266,13.56,134,27.34
1787581966.28696,283,12.72,128,28.64
1787581966.439278,313,11.46,134,27.34
1787581966.6059318,284,12.68,137,26.73
1787581966.7435849,364,9.8,134,27.34
1787581966.9038782,370,9.63,140,26.15
1787581967.0895185,350,10.21,140,26.15
1787581967.2233067,290,12.41,141,25.96
1787581967.4036305,272,13.26,158,23.12
1787581967.5985055,254,14.23,152,24.05
1787581967.7785158,236,15.34,152,24.05
1787581967.940483,228,15.9,155,23.58
1787581968.0856292,214,16.96,164,22.26
1787581968.2846062,201,18.09,171,21.33
1787581968.4470115,209,17.38,176,20.72
1787581968.6570826,177,20.6,182,20.02
1787581968.8060942,165,22.13,194,18.76
1787581968.9541993,160,22.83,199,18.27
1787581969.143804,153,23.89,206,17.64
1787581969.3193083,159,22.98,218,16.64
1787581969.5886126,141,25.96,235,15.41
1787581969.7952156,130,28.2,269,13.41
1787581969.9932303,131,27.98,286,12.59
1787581970.2020774,118,30.0,299,12.02
1787581970.3422196,157,23.27,313,11.46
1787581970.6263402,133,27.55,304,11.82
1787581970.8157206,103,30.0,298,12.06
1787581971.0207202,90,30.0,301,11.94
1787581971.2263913,80,30.0,301,11.94
1787581971.4323206,106,30.0,299,12.02
1787581971.6323254,105,30.0,293,12.28
1787581971.7768788,117,30.0,288,12.5
1787581972.0435095,122,30.0,286,12.59
1787581972.2637887,141,25.96,275,13.11
1787581972.464606,135,27.14,270,13.36
1787581972.6557155,131,27.98,271,13.31
1787581972.8482625,140,26.15,267,13.51
1787581973.0696747,135,27.14,284,12.68
1787581973.2848115,133,27.55,270,13.36
1787581973.4796085,140,26.15,267,13.51
1787581973.6045802,160,22.83,268,13.46
1787581973.8867364,140,26.15,273,13.21
1787581974.0928273,136,26.93,269,13.41
1787581974.2892234,137,26.73,274,13.16
1787581974.7037315,135,27.14,265,13.62
1787581974.9250767,136,26.93,275,13.11
1787581975.1238418,158,23.12,277,13.01
1787582030.1972022,165,22.13,445,7.94
1787582030.4128888,157,23.27,456,7.74
1787582030.544611,157,23.27,442,8.0
1787582030.8185031,153,23.89,441,8.02
1787582031.0270853,164,22.26,441,8.02
1787582031.2329128,157,23.27,447,7.9
1787582031.3758876,162,22.54,438,8.07
1787582031.6215703,179,20.36,435,8.13
1787582031.7767556,164,22.26,448,7.88
1787582032.0369506,168,21.72,492,7.14
1787582032.256719,153,23.89,444,7.96
1787582032.617446,155,23.58,443,7.98
1787582032.874116,158,23.12,436,8.11
1787582033.000768,145,25.24,441,8.02
1787582033.2722127,159,22.98,444,7.96
1787582033.476666,151,24.22,442,8.0
1787582033.6198845,154,23.74,447,7.9
1787582033.8866706,148,24.72,449,7.87
1787582034.0189853,147,24.89,442,8.0
1787582034.30419,156,23.43,442,8.0
1787582034.5259619,153,23.89,436,8.11
1787582034.707844,162,22.54,442,8.0
1787582034.9152117,144,25.41,447,7.9
1787582035.3246675,153,23.89,436,8.11
1787582035.6318092,152,24.05,441,8.02
1787582036.135641,145,25.24,442,8.0
1787582036.2832613,151,24.22,443,7.98
1787582036.5540354,156,23.43,442,8.0
1787582036.9674795,161,22.69,436,8.11
1787582037.186309,149,24.55,440,8.03
1787582037.3650372,152,24.05,435,8.13
1787582037.5799246,169,21.59,445,7.94
1787582037.7831912,152,24.05,446,7.92
1787582038.0064974,148,24.72,441,8.02
1787582038.1997843,150,24.38,436,8.11
1787582038.4006457,152,24.05,440,8.03
1787582038.6242926,146,25.06,442,8.0
1787582038.7530124,153,23.89,442,8.0
1787582039.0259068,153,23.89,436,8.11
1787582039.205342,153,23.89,441,8.02
1787582039.3975413,159,22.98,468,7.53
1787582039.5684497,295,12.19,396,8.97
1787582039.768773,290,12.41,158,23.12
1787582039.9212997,206,17.64,203,17.91
1787582040.0819688,221,16.41,208,17.46
1787582040.2199273,204,17.82,200,18.18
1787582040.3660288,206,17.64,206,17.64
1787582040.5154693,206,17.64,206,17.64
1787582040.6698549,206,17.64,206,17.64
1787582040.830113,206,17.64,208,17.46
1787582041.0322464,206,17.64,209,17.38
1787582041.2065015,206,17.64,206,17.64
1787582041.3971007,207,17.55,206,17.64
1787582041.5862708,206,17.64,206,17.64
1787582041.741194,206,17.64,210,17.29
1787582041.8858936,214,16.96,205,17.73
1787582042.0325575,218,16.64,206,17.64
1787582042.2125561,213,17.04,209,17.38
1787582042.404014,203,17.91,205,17.73
1787582042.5741506,200,18.18,206,17.64
1787582042.7622056,63,30.0,208,17.46
1787582042.944384,81,30.0,188,19.37
1787582043.104241,92,30.0,199,18.27
1787582043.2727275,88,30.0,200,18.18
1787582043.420688,92,30.0,200,18.18
1787582043.5648189,102,30.0,204,17.82
1787582043.9278195,104,30.0,201,18.09
1787582044.1252425,105,30.0,199,18.27
1787582044.338084,105,30.0,200,18.18
1787582044.5387926,128,28.64,200,18.18
1787582044.70775,105,30.0,207,17.55
1787582044.9489064,83,30.0,211,17.21
1787582045.1551917,126,29.1,164,22.26
1787582045.3590977,173,21.08,205,17.73
1787582045.5670843,231,15.68,128,28.64
1787582045.719904,278,12.96,134,27.34
1787582045.9764829,278,12.96,128,28.64
1787582046.3857841,278,12.96,133,27.55
1787582046.5836818,272,13.26,128,28.64
1787582046.7563798,278,12.96,129,28.42
1787582046.9223173,272,13.26,128,28.64
1787582047.0880365,284,12.68,132,27.76
1787582047.2752972,301,11.94,131,27.98
1787582047.4974754,301,11.94,128,28.64
1787582047.6590676,329,10.89,144,25.41
1787582047.8196077,335,10.68,135,27.14
1787582047.982573,490,7.17,156,23.43
1787582048.160424,428,8.27,146,25.06
1787582048.3466325,431,8.21,152,24.05
1787582048.506797,390,9.12,144,25.41
1787582048.6620283,353,10.12,140,26.15
1787582048.838508,329,10.89,140,26.15
1787582049.0432627,305,11.78,140,26.15
1787582049.2394474,284,12.68,147,24.89
1787582049.6618469,268,13.46,156,23.43
1787582049.864912,220,16.49,164,22.26
1787582050.0658286,195,18.66,176,20.72
1787582050.2806704,192,18.96,182,20.02
1787582050.4826417,193,18.85,182,20.02
1787582050.688333,196,18.56,176,20.72
1787582050.893513,213,17.04,176,20.72
1787582051.0955346,192,18.96,177,20.6
1787582051.2269456,191,19.06,172,21.21
1787582051.5054233,198,18.37,175,20.84
1787582051.7119954,200,18.18,172,21.21
1787582051.9197917,207,17.55,174,20.96
1787582052.3233504,216,16.8,164,22.26
1787582052.5277312,214,16.96,158,23.12
1787582052.7262657,240,15.08,169,21.59
1787582052.9346135,225,16.11,169,21.59
1787582053.1415727,225,16.11,158,23.12
1787582053.3511221,225,16.11,167,21.86
1787582053.5585957,224,16.19,170,21.46
1787582053.760436,218,16.64,168,21.72
1787582054.1602972,223,16.26,158,23.12
1787582054.385227,219,16.57,161,22.69
1787582054.5699356,220,16.49,158,23.12
1787582054.6991246,223,16.26,158,23.12
1787582054.986247,228,15.9,162,22.54
1787582055.1132073,219,16.57,158,23.12
1787582085.0925999,206,17.64,195,18.66
1787582085.297586,206,17.64,194,18.76
1787582085.686954,206,17.64,195,18.66
1787582085.9220424,214,16.96,203,17.91
1787582086.1169455,202,18.0,194,18.76
1787582086.312466,206,17.64,191,19.06
1787582086.6961029,205,17.73,198,18.37
1787582086.9447367,202,18.0,196,18.56
1787582087.1412559,207,17.55,204,17.82
1787582087.2853973,216,16.8,191,19.06
1787582087.5469143,207,17.55,193,18.85
1787582087.6936257,213,17.04,204,17.82
1787582088.1650875,203,17.91,194,18.76
1787582088.361264,206,17.64,194,18.76
1787582088.5686374,204,17.82,200,18.18
1787582088.7001925,206,17.64,201,18.09
1787582088.984264,204,17.82,194,18.76
1787582089.1882987,228,15.9,192,18.96
1787582089.3942735,205,17.73,194,18.76
1787582089.597009,206,17.64,194,18.76
1787582089.7964356,208,17.46,194,18.76
1787582090.0066276,206,17.64,191,19.06
1787582090.2202392,207,17.55,195,18.66
1787582090.421441,202,18.0,194,18.76
1787582090.5394244,215,16.88,194,18.76
1787582090.7144182,210,17.29,199,18.27
1787582091.0373201,205,17.73,197,18.46
1787582091.2375987,206,17.64,194,18.76
1787582091.3800967,210,17.29,195,18.66
1787582091.6438675,203,17.91,195,18.66
1787582091.8529203,205,17.73,193,18.85
1787582091.9843755,206,17.64,195,18.66
1787582092.2503042,206,17.64,196,18.56
1787582092.4636297,203,17.91,192,18.96
1787582092.6650317,222,16.34,195,18.66
1787582092.873919,212,17.13,205,17.73
1787582093.0806208,206,17.64,201,18.09
1787582093.2823327,205,17.73,205,17.73
1787582093.4775543,205,17.73,194,18.76
1787582093.6925933,223,16.26,193,18.85
1787582094.1030302,208,17.46,196,18.56
1787582094.3100429,205,17.73,195,18.66
1787582094.490045,211,17.21,195,18.66
1787582094.6145551,203,17.91,205,17.73
1787582094.8038168,206,17.64,200,18.18
1787582094.963851,206,17.64,203,17.91
1787582095.115481,203,17.91,196,18.56
1787582095.323041,201,18.09,204,17.82
1787582095.4770763,200,18.18,206,17.64
1787582095.6227653,200,18.18,216,16.8
1787582095.7635443,200,18.18,212,17.13
1787582095.9535086,200,18.18,212,17.13
1787582096.212272,201,18.09,227,15.97
1787582096.3326838,201,18.09,217,16.72
1787582096.479303,207,17.55,218,16.64
1787582096.6463237,207,17.55,211,17.21
1787582096.8040555,218,16.64,208,17.46
1787582096.9330373,226,16.04,212,17.13
1787582097.117267,216,16.8,210,17.29
1787582097.2827826,141,25.96,212,17.13
1787582097.4726992,109,30.0,199,18.27
1787582097.6232562,86,30.0,194,18.76
1787582097.7701945,92,30.0,195,18.66
1787582097.9268298,86,30.0,194,18.76
1787582098.090966,98,30.0,194,18.76
1787582098.2413936,110,30.0,195,18.66
1787582098.6018887,115,30.0,192,18.96
1787582098.7968247,110,30.0,195,18.66
1787582098.9269388,102,30.0,191,19.06
1787582099.2335145,108,30.0,201,18.09
1787582099.3904018,86,30.0,188,19.37
1787582099.5105233,147,24.89,181,20.13
1787582099.8030446,162,22.54,159,22.98
1787582100.0420048,237,15.28,129,28.42
1787582100.2470355,214,16.96,128,28.64
1787582100.4488752,214,16.96,128,28.64
1787582100.576328,219,16.57,128,28.64
1787582100.8004897,214,16.96,128,28.64
1787582101.0757751,219,16.57,129,28.42
1787582101.2324214,214,16.96,132,27.76
1787582101.4418464,214,16.96,139,26.34
1787582101.5885773,216,16.8,128,28.64
1787582101.7618582,266,13.56,136,26.93
1787582101.9283426,278,12.96,128,28.64
1787582102.0934126,260,13.89,128,28.64
1787582102.2738347,324,11.06,134,27.34
1787582102.4270325,507,6.92,134,27.34
1787582102.5937595,495,7.1,140,26.15
1787582102.77909,456,7.74,135,27.14
1787582102.9233696,540,6.47,134,27.34
1787582103.1647155,499,7.03,134,27.34
1787582103.3185241,431,8.21,134,27.34
1787582103.4622211,388,9.17,135,27.14
1787582103.7460027,357,10.0,139,26.34
1787582103.943757,376,9.47,134,27.34
1787582104.1357598,394,9.02,149,24.55
1787582104.3432903,405,8.77,143,25.59
1787582104.5473323,422,8.4,134,27.34
1787582104.7538893,423,8.37,135,27.14
1787582104.9492488,427,8.29,135,27.14
1787582105.162864,428,8.27,133,27.55
1787582105.3647926,422,8.4,131,27.98
1787582105.572018,416,8.52,138,26.54
1787582105.7733853,436,8.11,136,26.93
1787582105.9819431,410,8.65,139,26.34
1787582106.1827402,405,8.77,133,27.55
1787582106.4051607,409,8.68,134,27.34
1787582106.7998257,405,8.77,146,25.06
1787582106.9441352,405,8.77,134,27.34
1787582107.2052891,404,8.79,146,25.06
1787582107.6205888,412,8.61,135,27.14
1787582107.8233974,405,8.77,139,26.34
1787582108.0301518,405,8.77,134,27.34
1787582108.2433887,405,8.77,145,25.24
1787582108.6327593,406,8.74,134,27.34
1787582108.7933385,407,8.72,134,27.34
1787582108.9368849,405,8.77,135,27.14
1787582109.2547705,405,8.77,134,27.34
1787582109.3853517,404,8.79,132,27.76
1787582214.4595916,242,14.95,179,20.36
1787582214.726409,239,15.14,176,20.72
1787582214.8779507,238,15.21,176,20.72
1787582215.0306687,242,14.95,176,20.72
1787582215.3289473,242,14.95,177,20.6
1787582215.5499427,244,14.83,183,19.91
1787582215.9582837,242,14.95,180,20.25
1787582216.1601324,242,14.95,176,20.72
1787582216.3563304,243,14.89,177,20.6
1787582216.5713985,240,15.08,185,19.69
1787582216.7692022,242,14.95,181,20.13
1787582216.9811096,242,14.95,178,20.48
1787582217.1828265,242,14.95,176,20.72
1787582217.3624265,242,14.95,177,20.6
1787582217.5921063,250,14.46,177,20.6
1787582217.78907,242,14.95,176,20.72
1787582218.0016992,242,14.95,176,20.72
1787582218.1686547,242,14.95,182,20.02
1787582218.344154,243,14.89,176,20.72
1787582218.8232517,243,14.89,177,20.6
1787582219.0431774,243,14.89,176,20.72
1787582219.35694,242,14.95,185,19.69
1787582219.6548743,243,14.89,176,20.72
1787582219.8486874,245,14.76,177,20.6
1787582220.0569086,242,14.95,173,21.08
1787582220.2581012,239,15.14,174,20.96
1787582220.4660997,243,14.89,177,20.6
1787582220.6727455,243,14.89,177,20.6
1787582220.861732,243,14.89,181,20.13
1787582221.0768604,245,14.76,183,19.91
1787582221.2722251,242,14.95,176,20.72
1787582221.5002375,245,14.76,173,21.08
1787582221.688645,243,14.89,176,20.72
1787582221.8208275,243,14.89,178,20.48
1787582222.304707,251,14.4,176,20.72
1787582222.5071564,243,14.89,176,20.72
1787582222.7163265,249,14.52,177,20.6
1787582222.9175115,238,15.21,183,19.91
1787582223.124962,242,14.95,185,19.69
1787582223.3131158,240,15.08,173,21.08
1787582223.5256596,242,14.95,181,20.13
1787582223.7385037,243,14.89,176,20.72
1787582223.9596498,239,15.14,177,20.6
1787582224.1460497,251,14.4,179,20.36
1787582224.2928376,249,14.52,177,20.6
1787582224.4704165,242,14.95,176,20.72
1787582224.7016563,247,14.64,188,19.37
1787582224.9329875,242,14.95,176,20.72
1787582225.0980895,238,15.21,176,20.72
1787582225.2793527,240,15.08,176,20.72
1787582225.4302921,230,15.75,182,20.02
1787582225.598758,225,16.11,182,20.02
1787582225.783409,219,16.57,189,19.26
1787582225.9977405,214,16.96,189,19.26
1787582226.1829348,194,18.76,193,18.85
1787582226.3433833,51,30.0,201,18.09
1787582226.544016,103,30.0,206,17.64
1787582226.7256658,111,30.0,220,16.49
1787582226.9185052,111,30.0,229,15.82
1787582227.087151,111,30.0,233,15.55
1787582227.2852998,118,30.0,235,15.41
1787582227.40911,125,29.34,257,14.05
1787582227.6259105,127,28.87,246,14.7
1787582227.8255754,131,27.98,253,14.28
1787582228.038645,129,28.42,253,14.28
1787582228.2428265,129,28.42,254,14.23
1787582228.3895485,133,27.55,260,13.89
1787582228.8531408,120,30.0,244,14.83
1787582229.0628088,152,24.05,133,27.55
1787582229.2012122,260,13.89,129,28.42
1787582229.3900168,257,14.05,123,30.0
1787582229.5219724,226,16.04,123,30.0
1787582229.673295,230,15.75,123,30.0
1787582229.8734186,237,15.28,122,30.0
1787582230.0809271,225,16.11,128,28.64
1787582230.2879958,230,15.75,129,28.42
1787582230.482009,222,16.34,129,28.42
1787582230.6359384,241,15.02,132,27.76
1787582230.7797103,265,13.62,133,27.55
1787582231.0148714,301,11.94,129,28.42
1787582231.1812117,238,15.21,142,25.78
1787582231.3478298,261,13.83,135,27.14
1787582231.506597,300,11.98,141,25.96
1787582231.6746852,295,12.19,140,26.15
1787582231.8514981,292,12.32,146,25.06
1787582232.062509,266,13.56,159,22.98
1787582232.2312877,231,15.68,164,22.26
1787582232.398602,206,17.64,153,23.89
1787582232.5546505,198,18.37,182,20.02
1787582232.718266,177,20.6,182,20.02
1787582232.9072514,174,20.96,188,19.37
1787582233.1023276,156,23.43,219,16.57
1787582233.3767326,141,25.96,247,14.64
1787582233.5696561,141,25.96,242,14.95
1787582233.770881,141,25.96,227,15.97
1787582233.978777,142,25.78,223,16.26
1787582234.1800845,141,25.96,223,16.26
1787582234.381114,146,25.06,219,16.57
1787582234.5958886,154,23.74,211,17.21
1787582234.998817,154,23.74,211,17.21
1787582235.2209203,146,25.06,218,16.64
1787582235.4082615,147,24.89,218,16.64
1787582235.8165133,156,23.43,218,16.64
1787582236.0362654,147,24.89,224,16.19
1787582236.2237592,144,25.41,218,16.64
1787582236.3674912,151,24.22,224,16.19
1787582236.63811,139,26.34,223,16.26
1787582236.85305,154,23.74,224,16.19
1787582237.0480773,147,24.89,238,15.21
1787582237.256386,147,24.89,224,16.19
1787582237.4086452,155,23.58,224,16.19
1787582237.6598175,146,25.06,231,15.68
1787582237.8616061,154,23.74,230,15.75
1787582238.0782187,147,24.89,222,16.34
1787582238.4136028,168,21.72,223,16.26
1787582238.6922083,157,23.27,222,16.34
1787582464.1694148,272,13.26,164,22.26
1787582464.3754299,273,13.21,162,22.54
1787582464.5789585,272,13.26,164,22.26
1787582464.7675903,267,13.51,165,22.13
1787582464.9880867,275,13.11,164,22.26
1787582465.1903832,292,12.32,163,22.4
1787582465.3981142,279,12.91,164,22.26
1787582465.6066213,293,12.28,165,22.13
1787582465.767677,271,13.31,169,21.59
1787582465.9142456,274,13.16,165,22.13
1787582466.2180712,272,13.26,168,21.72
1787582466.4103243,272,13.26,162,22.54
1787582466.5581963,293,12.28,164,22.26
1787582466.79357,270,13.36,165,22.13
1787582467.0373137,272,13.26,165,22.13
1787582467.2377322,270,13.36,165,22.13
1787582467.447467,279,12.91,164,22.26
1787582467.639321,272,13.26,164,22.26
1787582467.8447173,293,12.28,165,22.13
1787582468.0591917,274,13.16,167,21.86
1787582468.2589562,275,13.11,168,21.72
1787582468.4654777,272,13.26,164,22.26
1787582468.5946891,272,13.26,170,21.46
1787582468.795035,273,13.21,162,22.54
1787582469.0704012,269,13.41,174,20.96
1787582469.2299118,280,12.87,169,21.59
1787582469.489406,271,13.31,167,21.86
1787582469.6141155,292,12.32,167,21.86
1787582469.8016517,267,13.51,161,22.69
1787582470.1061854,269,13.41,169,21.59
1787582470.515879,269,13.41,163,22.4
1787582470.642952,272,13.26,161,22.69
1787582470.776899,280,12.87,162,22.54
1787582471.1402738,272,13.26,162,22.54
1787582471.3345523,272,13.26,156,23.43
1787582471.535559,272,13.26,165,22.13
1787582471.7448943,271,13.31,165,22.13
1787582471.8707752,273,13.21,164,22.26
1787582472.151476,275,13.11,164,22.26
1787582472.3507273,272,13.26,165,22.13
1787582472.5713925,272,13.26,160,22.83
1787582472.7659204,293,12.28,161,22.69
1787582472.9800682,277,13.01,162,22.54
1787582473.1754298,277,13.01,161,22.69
1787582473.2999835,264,13.67,162,22.54
1787582473.589019,272,13.26,164,22.26
1787582473.7814233,272,13.26,160,22.83
1787582473.994986,272,13.26,176,20.72
1787582474.1740391,269,13.41,164,22.26
1787582474.3807893,272,13.26,163,22.4
1787582474.5638418,277,13.01,159,22.98
1787582474.7235992,277,13.01,159,22.98
1787582474.8842819,283,12.72,159,22.98
1787582475.0508716,285,12.63,158,23.12
1787582475.2715025,291,12.36,163,22.4
1787582475.438945,311,11.54,163,22.4
1787582475.5730333,294,12.23,165,22.13
1787582475.7618432,299,12.02,156,23.43
1787582475.9297214,300,11.98,158,23.12
1787582476.120568,301,11.94,158,23.12
1787582476.2787333,301,11.94,157,23.27
1787582476.43211,266,13.56,163,22.4
1787582476.633156,45,30.0,165,22.13
1787582476.82058,92,30.0,153,23.89
1787582476.9776921,93,30.0,158,23.12
1787582477.1393385,99,30.0,152,24.05
1787582477.2801116,98,30.0,158,23.12
1787582477.4221394,107,30.0,164,22.26
1787582477.6142035,105,30.0,157,23.27
1787582477.8830557,111,30.0,160,22.83
1787582478.0917723,112,30.0,162,22.54
1787582478.2989223,111,30.0,165,22.13
1787582478.4998674,111,30.0,158,23.12
1787582478.7079284,111,30.0,157,23.27
1787582478.9007812,89,30.0,156,23.43
1787582479.3204825,114,30.0,164,22.26
1787582479.5418553,296,12.15,141,25.96
1787582479.7303412,266,13.56,134,27.34
1787582479.9386466,282,12.77,141,25.96
1787582480.3413758,259,13.94,135,27.14
1787582480.5591674,255,14.17,140,26.15
1787582480.7502446,259,13.94,141,25.96
1787582480.8982322,296,12.15,140,26.15
1787582481.0770676,313,11.46,137,26.73
1787582481.243702,323,11.1,141,25.96
1787582481.423303,399,8.9,146,25.06
1787582481.625606,353,10.12,144,25.41
1787582481.7994337,324,11.06,144,25.41
1787582481.9679155,299,12.02,147,24.89
1787582482.1621149,341,10.49,147,24.89
1787582482.3564556,319,11.24,147,24.89
1787582482.5438104,327,10.96,145,25.24
1787582482.7357757,295,12.19,153,23.89
1787582482.8674407,283,12.72,158,23.12
1787582483.2088587,272,13.26,158,23.12
1787582483.4159207,277,13.01,156,23.43
1787582483.624933,281,12.82,159,22.98
1787582483.8328717,272,13.26,160,22.83
1787582484.0344896,276,13.06,158,23.12
1787582484.237255,278,12.96,157,23.27
1787582484.4398873,277,13.01,159,22.98
1787582484.652719,277,13.01,163,22.4
1787582484.8466628,298,12.06,158,23.12
1787582485.0548265,277,13.01,158,23.12
1787582485.2635376,278,12.96,162,22.54
1787582485.4679446,278,12.96,158,23.12
1787582485.5915813,285,12.63,159,22.98
1787582485.8483365,278,12.96,157,23.27
1787582486.0725849,277,13.01,157,23.27
1787582486.220837,278,12.96,159,22.98
1787582486.3490443,299,12.02,162,22.54
1787582486.7007577,278,12.96,158,23.12
1787582486.896518,278,12.96,158,23.12
1787582487.1033952,277,13.01,154,23.74
1787582487.3202705,278,12.96,162,22.54
1787582487.4559348,301,11.94,159,22.98
1787582487.7141323,273,13.21,158,23.12
1787582487.9305258,277,13.01,158,23.12
1787582488.0618951,276,13.06,168,21.72
1787582488.334194,278,12.96,158,23.12
1787582488.5388272,277,13.01,158,23.12
