1787633972.6396408,198,18.37,176,20.72
1787633972.779597,193,18.85,198,18.37
1787633973.0389097,194,18.76,157,23.27
1787633973.22954,190,19.16,182,20.02
1787633973.35893,203,17.91,194,18.76
1787633973.6520653,194,18.76,173,21.08
1787633973.8514805,194,18.76,223,16.26
1787633973.978767,197,18.46,146,25.06
1787633974.4628272,215,16.88,194,18.76
1787633974.6408637,193,18.85,80,30.0
1787633974.8117864,203,17.91,63,30.0
1787633974.9722004,207,17.55,75,30.0
1787633975.1577895,188,19.37,99,30.0
1787633975.3243477,187,19.47,206,17.64
1787633975.4985256,192,18.96,209,17.38
1787633975.6645167,176,20.72,227,15.97
1787633975.837876,177,20.6,215,16.88
1787633976.0603282,180,20.25,185,19.69
1787633976.2497053,170,21.46,199,18.27
1787633976.4407606,170,21.46,176,20.72
1787633976.6329355,166,21.99,222,16.34
1787633976.8823514,172,21.21,171,21.33
1787633977.0799015,196,18.56,217,16.72
1787633977.2498085,164,22.26,206,17.64
1787633977.372007,161,22.69,217,16.72
1787633977.5332448,172,21.21,190,19.16
1787633977.7406795,183,19.91,225,16.11
1787633977.9335372,163,22.4,191,19.06
1787633978.1400065,156,23.43,194,18.76
1787633978.2779632,158,23.12,195,18.66
1787633978.4376712,158,23.12,274,13.16
1787633978.6123228,157,23.27,203,17.91
1787633978.7622542,159,22.98,202,18.0
1787633978.970775,149,24.55,242,14.95
1787633979.1498287,157,23.27,181,20.13
1787633979.330565,150,24.38,191,19.06
1787633979.52251,152,24.05,202,18.0
1787633979.7024252,160,22.83,152,24.05
1787633979.8923197,151,24.22,184,19.8
1787633980.0396457,181,20.13,176,20.72
1787633980.2005424,187,19.47,146,25.06
1787633980.4017293,217,16.72,135,27.14
1787633980.5905213,205,17.73,137,26.73
1787633980.7305532,225,16.11,83,30.0
1787633980.954966,242,14.95,146,25.06
1787633981.1374238,266,13.56,158,23.12
1787633981.2922482,289,12.45,121,30.0
1787633981.440489,312,11.5,134,27.34
1787633981.644834,340,10.52,151,24.22
1787633981.8025792,393,9.05,134,27.34
1787633981.9967918,444,7.96,152,24.05
1787633982.139702,465,7.58,164,22.26
1787633982.2995296,422,8.4,153,23.89
1787633982.459661,404,8.79,165,22.13
1787633982.6116316,404,8.79,170,21.46
1787633982.7997348,393,9.05,161,22.69
1787633982.9904268,393,9.05,146,25.06
1787633983.1383667,385,9.24,211,17.21
1787633983.2513897,374,9.53,182,20.02
1787633983.3975077,375,9.5,176,20.72
1787633983.5574243,368,9.69,179,20.36
1787633983.749999,357,10.0,206,17.64
1787633983.9121313,352,10.15,181,20.13
1787633984.0905797,355,10.06,189,19.26
1787633984.281536,341,10.49,224,16.19
1787633984.4709117,340,10.52,203,17.91
1787633984.6563141,329,10.89,264,13.67
1787633984.7933805,357,10.0,230,15.75
1787633984.9802742,399,8.9,202,18.0
1787633985.1331336,404,8.79,134,27.34
1787633985.3117087,439,8.05,204,17.82
1787633985.510725,346,10.33,182,20.02
1787633985.6825068,283,12.72,170,21.46
1787633985.8376787,242,14.95,176,20.72
1787633986.0562804,235,15.41,211,17.21
1787633986.2402663,219,16.57,200,18.18
1787633986.3776336,216,16.8,147,24.89
1787633986.5581584,207,17.55,186,19.58
1787633986.8104274,206,17.64,223,16.26
1787633987.0033433,191,19.06,208,17.46
1787633987.1707118,198,18.37,223,16.26
1787633987.3742733,188,19.37,158,23.12
1787633987.552501,182,20.02,152,24.05
1787634044.7105744,182,20.02,207,17.55
1787634044.9108243,181,20.13,205,17.73
1787634045.120086,203,17.91,170,21.46
1787634045.3215444,190,19.16,186,19.58
1787634045.4742453,181,20.13,178,20.48
1787634045.9385042,201,18.09,164,22.26
1787634046.1581638,182,20.02,198,18.37
1787634046.3443894,180,20.25,217,16.72
1787634046.5587633,181,20.13,214,16.96
1787634046.6768117,181,20.13,194,18.76
1787634046.8326633,182,20.02,214,16.96
1787634047.002504,182,20.02,211,17.21
1787634047.1620657,182,20.02,205,17.73
1787634047.3348575,177,20.6,189,19.26
1787634047.5183644,181,20.13,224,16.19
1787634047.6754303,184,19.8,191,19.06
1787634047.841774,182,20.02,240,15.08
1787634048.0121322,179,20.36,205,17.73
1787634048.2005725,183,19.91,221,16.41
1787634048.3707078,183,19.91,216,16.8
1787634048.5504153,187,19.47,194,18.76
1787634048.7420752,188,19.37,189,19.26
1787634048.87645,188,19.37,223,16.26
1787634049.0532749,186,19.58,228,15.9
1787634049.2319121,188,19.37,185,19.69
1787634049.4204779,190,19.16,229,15.82
1787634049.5558536,191,19.06,180,20.25
1787634049.7504416,194,18.76,157,23.27
1787634049.9658422,192,18.96,217,16.72
1787634050.1580677,199,18.27,184,19.8
1787634050.3803053,193,18.85,177,20.6
1787634050.571292,195,18.66,183,19.91
1787634050.7580361,213,17.04,147,24.89
1787634050.949671,210,17.29,194,18.76
1787634051.0971308,200,18.18,191,19.06
1787634051.3103735,199,18.27,140,26.15
1787634051.4609842,204,17.82,144,25.41
1787634051.6606073,184,19.8,134,27.34
1787634051.8523133,224,16.19,132,27.76
1787634052.0204961,254,14.23,126,29.1
1787634052.2098832,283,12.72,134,27.34
1787634052.4107585,312,11.5,135,27.14
1787634052.5944777,358,9.97,149,24.55
1787634052.7717526,428,8.27,171,21.33
1787634052.911514,428,8.27,165,22.13
1787634053.0706565,400,8.88,177,20.6
1787634053.2516358,388,9.17,201,18.09
1787634053.4105597,352,10.15,152,24.05
1787634053.561951,347,10.3,194,18.76
1787634053.7507975,306,11.74,179,20.36
1787634053.9220986,289,12.45,187,19.47
1787634054.1207616,307,11.7,200,18.18
1787634054.3120434,369,9.66,197,18.46
1787634054.5007544,449,7.87,175,20.84
1787634054.65689,485,7.25,263,13.72
1787634054.8198872,444,7.96,220,16.49
1787634054.9975429,427,8.29,204,17.82
1787634055.1823397,410,8.65,247,14.64
1787634055.3726392,386,9.22,206,17.64
1787634055.5564733,374,9.53,195,18.66
1787634055.7723806,360,9.91,174,20.96
1787634055.9220777,341,10.49,212,17.13
1787634056.1120977,317,11.32,177,20.6
1787634056.3414803,377,9.45,218,16.64
1787634056.5220199,312,11.5,188,19.37
1787634056.71042,271,13.31,172,21.21
1787634056.8846157,236,15.34,224,16.19
1787634057.0605006,261,13.83,183,19.91
1787634057.1995642,236,15.34,201,18.09
1787634057.3904815,237,15.28,236,15.34
1787634057.562117,234,15.48,188,19.37
1787634057.7503388,226,16.04,183,19.91
1787634057.945287,224,16.19,191,19.06
1787634058.1313808,228,15.9,178,20.48
1787634145.8963017,188,19.37,230,15.75
1787634146.0818172,197,18.46,241,15.02
1787634146.2115445,191,19.06,217,16.72
1787634146.481405,189,19.26,231,15.68
1787634146.7171476,188,19.37,202,18.0
1787634146.90484,188,19.37,187,19.47
1787634147.113024,189,19.26,188,19.37
1787634147.2503216,188,19.37,217,16.72
1787634147.4937928,188,19.37,169,21.59
1787634147.720545,188,19.37,133,27.55
1787634147.8518026,198,18.37,169,21.59
1787634147.9953253,188,19.37,128,28.64
1787634148.1311986,188,19.37,175,20.84
1787634148.2906191,188,19.37,140,26.15
1787634148.4533894,191,19.06,165,22.13
1787634148.5917096,187,19.47,206,17.64
1787634148.7375627,181,20.13,162,22.54
1787634148.87599,182,20.02,246,14.7
1787634149.015742,182,20.02,199,18.27
1787634149.154233,178,20.48,194,18.76
1787634149.2920067,181,20.13,259,13.94
1787634149.4505951,173,21.08,188,19.37
1787634149.6366313,170,21.46,215,16.88
1787634149.7908018,183,19.91,203,17.91
1787634149.9502988,187,19.47,178,20.48
1787634150.139671,192,18.96,200,18.18
1787634150.3144238,187,19.47,205,17.73
1787634150.4558227,186,19.58,200,18.18
1787634150.5937338,182,20.02,223,16.26
1787634150.7705562,183,19.91,194,18.76
1787634150.9104102,181,20.13,187,19.47
1787634151.0896726,206,17.64,183,19.91
1787634151.236208,191,19.06,200,18.18
1787634151.3959763,182,20.02,171,21.33
1787634151.535215,179,20.36,200,18.18
1787634151.69571,183,19.91,196,18.56
1787634151.8351989,186,19.58,228,15.9
1787634151.996702,182,20.02,182,20.02
1787634152.1508605,191,19.06,182,20.02
1787634152.296432,179,20.36,153,23.89
1787634152.4535193,179,20.36,176,20.72
1787634152.6441426,180,20.25,197,18.46
1787634152.7929747,194,18.76,152,24.05
1787634152.9574728,201,18.09,137,26.73
1787634153.1127958,214,16.96,140,26.15
1787634153.2769272,219,16.57,122,30.0
1787634153.4306064,227,15.97,140,26.15
1787634153.5907493,244,14.83,139,26.34
1787634153.730306,246,14.7,164,22.26
1787634153.9167387,263,13.72,158,23.12
1787634154.0757349,270,13.36,129,28.42
1787634154.2131581,283,12.72,187,19.47
1787634154.3528163,295,12.19,171,21.33
1787634154.5021045,319,11.24,140,26.15
1787634154.661592,325,11.03,153,23.89
1787634154.810687,340,10.52,187,19.47
1787634154.9956696,357,10.0,170,21.46
1787634155.1558845,387,9.19,203,17.91
1787634155.2920403,345,10.36,212,17.13
1787634155.452351,300,11.98,183,19.91
1787634155.6360238,280,12.87,188,19.37
1787634155.7905848,296,12.15,228,15.9
1787634155.9367063,312,11.5,194,18.76
1787634156.0956402,335,10.68,210,17.29
1787634156.2504404,357,10.0,212,17.13
1787634156.393596,380,9.37,211,17.21
1787634156.5520158,352,10.15,239,15.14
1787634156.6960018,301,11.94,188,19.37
1787634156.832127,291,12.36,170,21.46
1787634156.996906,301,11.94,231,15.68
1787634157.1364746,311,11.54,223,16.26
1787634157.3160913,335,10.68,193,18.85
1787634157.4761915,363,9.83,211,17.21
1787634157.6168246,394,9.02,193,18.85
1787634157.7522025,372,9.58,177,20.6
1787634157.9322326,316,11.35,178,20.48
1787634158.0724828,272,13.26,194,18.76
1787634158.2113998,308,11.66,141,25.96
1787634158.3759415,283,12.72,183,19.91
1787634158.5354939,273,13.21,200,18.18
1787634158.6735897,267,13.51,176,20.72
1787634158.814031,260,13.89,166,21.99
1787634158.9739323,273,13.21,199,18.27
1787634159.135763,251,14.4,200,18.18
1787634159.292659,243,14.89,200,18.18
1787634159.4764626,235,15.41,188,19.37
1787634159.6367695,236,15.34,182,20.02
1787634159.7703605,234,15.48,177,20.6
1787634390.8297195,295,12.19,224,16.19
1787634391.0197577,295,12.19,185,19.69
1787634391.1499324,301,11.94,178,20.48
1787634391.4333713,296,12.15,182,20.02
1787634391.6355426,294,12.23,219,16.57
1787634391.7739463,296,12.15,235,15.41
1787634392.0454743,301,11.94,179,20.36
1787634392.2496824,295,12.19,239,15.14
1787634392.430253,296,12.15,176,20.72
1787634392.6303828,295,12.19,223,16.26
1787634396.3906167,,-1.0,177,20.6
1787634402.5218682,,-1.0,,-1.0
1787634410.339684,,-1.0,,-1.0
1787634416.450826,,-1.0,,-1.0
1787634829.285828,226,16.04,116,30.0
1787634829.489252,231,15.68,64,30.0
1787634829.6971073,233,15.55,111,30.0
1787634829.846595,253,14.28,51,30.0
1787634830.307573,232,15.61,97,30.0
1787634830.7171557,231,15.68,52,30.0
1787634830.83699,231,15.68,70,30.0
1787634831.1276739,231,15.68,108,30.0
1787634831.2781615,233,15.55,57,30.0
1787634831.4458644,225,16.11,123,30.0
1787634831.567887,225,16.11,67,30.0
1787634831.7173696,227,15.97,64,30.0
1787634831.8670413,225,16.11,62,30.0
1787634832.008569,224,16.19,28,30.0
1787634832.148149,230,15.75,40,30.0
1787634832.3278253,225,16.11,27,30.0
1787634832.498335,229,15.82,28,30.0
1787634832.647431,228,15.9,27,30.0
1787634832.7881148,221,16.41,34,30.0
1787634832.9404755,238,15.21,51,30.0
1787634833.1185398,236,15.34,63,30.0
1787634833.307685,263,13.72,52,30.0
1787634833.4569814,237,15.28,51,30.0
1787634833.617179,230,15.75,165,22.13
1787634833.78712,231,15.68,6,30.0
1787634833.9292514,230,15.75,6,30.0
1787634834.1670856,230,15.75,6,30.0
1787634834.3570867,231,15.68,33,30.0
1787634834.5471206,238,15.21,205,17.73
1787634834.7869494,233,15.55,138,26.54
1787634834.9863114,231,15.68,201,18.09
1787634835.1574085,230,15.75,6,30.0
1787634835.3571532,234,15.48,6,30.0
1787634835.5480828,235,15.41,6,30.0
1787634835.787492,274,13.16,6,30.0
1787634835.9281137,301,11.94,6,30.0
1787634836.1289563,289,12.45,6,30.0
1787634836.2881708,213,17.04,116,30.0
1787634836.4575884,239,15.14,152,24.05
1787634836.6578774,266,13.56,147,24.89
1787634836.8675456,295,12.19,122,30.0
1787634837.0572023,343,10.43,116,30.0
1787634837.237357,396,8.97,10,30.0
1787634837.4275827,427,8.29,39,30.0
1787634837.6277096,461,7.65,40,30.0
1787634837.8090494,472,7.46,11,30.0
1787634837.9921467,472,7.46,22,30.0
1787634838.177464,455,7.76,123,30.0
1787634838.367361,417,8.5,205,17.73
1787634838.6133997,393,9.05,263,13.72
1787634838.7481165,318,11.28,223,16.26
1787634838.8876119,284,12.68,275,13.11
1787634839.0282989,262,13.78,253,14.28
1787634839.2287645,243,14.89,215,16.88
1787634839.417648,219,16.57,253,14.28
1787634839.6070902,228,15.9,210,17.29
1787634839.807141,183,19.91,293,12.28
1787634839.9480207,172,21.21,217,16.72
1787634840.097729,166,21.99,173,21.08
1787634840.288662,159,22.98,165,22.13
1787634840.488412,155,23.58,256,14.11
1787634840.6580374,141,25.96,193,18.85
1787634840.8562052,139,26.34,229,15.82
1787634841.1113794,131,27.98,242,14.95
1787634841.2970822,108,30.0,136,26.93
1787634841.48459,137,26.73,147,24.89
1787634841.6872635,118,30.0,140,26.15
1787634841.85853,105,30.0,105,30.0
1787634842.0410848,111,30.0,194,18.76
1787634842.237211,115,30.0,247,14.64
1787634842.427264,141,25.96,211,17.21
1787634842.6070848,170,21.46,199,18.27
1787634842.8106945,189,19.26,246,14.7
1787634842.9476004,183,19.91,164,22.26
1787634843.1076193,156,23.43,219,16.57
1787634843.3093324,79,30.0,194,18.76
1787634843.478068,73,30.0,236,15.34
1787634843.628404,99,30.0,123,30.0
1787634843.7684743,138,26.54,187,19.47
1787634843.9376209,143,25.59,171,21.33
1787634844.1873415,147,24.89,129,28.42
1787634844.3772178,162,22.54,158,23.12
1787634844.5676782,175,20.84,172,21.21
1787634844.7681596,203,17.91,155,23.58
1787634844.937136,254,14.23,177,20.6
1787634845.1502237,312,11.5,210,17.29
1787634845.327094,238,15.21,179,20.36
1787634845.46764,16,30.0,173,21.08
1787634845.6682017,163,22.4,206,17.64
1787634845.8674428,295,12.19,217,16.72
1787634846.00767,299,12.02,218,16.64
1787634846.20708,300,11.98,158,23.12
1787634846.388109,199,18.27,159,22.98
1787634846.547084,154,23.74,185,19.69
1787634846.7378469,139,26.34,194,18.76
1787634846.9077642,152,24.05,151,24.22
1787634847.0995884,164,22.26,166,21.99
1787634847.2879589,170,21.46,83,30.0
1787634847.4871864,156,23.43,41,30.0
1787634847.6823761,289,12.45,111,30.0
1787634847.847453,148,24.72,139,26.34
1787634847.9956381,230,15.75,153,23.89
1787634848.1670208,13,30.0,52,30.0
1787634848.3475566,241,15.02,70,30.0
1787634848.5438209,190,19.16,51,30.0
1787634848.787654,123,30.0,117,30.0
1787634890.7270892,283,12.72,63,30.0
1787634890.8676906,283,12.72,243,14.89
1787634891.1290846,283,12.72,95,30.0
1787634891.2677405,283,12.72,13,30.0
1787634891.53854,282,12.77,6,30.0
1787634891.6874676,290,12.41,93,30.0
1787634891.9472444,283,12.72,140,26.15
1787634892.157737,284,12.68,241,15.02
1787634892.337373,283,12.72,45,30.0
1787634892.5736856,283,12.72,189,19.26
1787634892.7086313,280,12.87,46,30.0
1787634892.899564,277,13.01,6,30.0
1787634893.0485747,283,12.72,52,30.0
1787634893.187395,288,12.5,45,30.0
1787634893.3306286,283,12.72,34,30.0
1787634893.468535,289,12.45,10,30.0
1787634893.6293006,285,12.63,52,30.0
1787634893.8508856,284,12.68,17,30.0
1787634894.0070627,289,12.45,6,30.0
1787634894.1544785,286,12.59,170,21.46
1787634894.3273764,284,12.68,6,30.0
1787634894.5873055,289,12.45,8,30.0
1787634894.7772856,289,12.45,45,30.0
1787634894.9674773,289,12.45,102,30.0
1787634895.1574051,295,12.19,154,23.74
1787634895.3122828,288,12.5,164,22.26
1787634895.4678543,296,12.15,6,30.0
1787634895.6378424,292,12.32,7,30.0
1787634895.7881653,288,12.5,6,30.0
1787634895.9771094,288,12.5,72,30.0
1787634896.187977,289,12.45,6,30.0
1787634896.4260666,318,11.28,6,30.0
1787634896.62813,330,10.85,4,30.0
1787634896.8071349,324,11.06,152,24.05
1787634896.9872448,322,11.13,6,30.0
1787634897.1273186,343,10.43,6,30.0
1787634897.2938933,317,11.32,6,30.0
1787634897.4759374,313,11.46,6,30.0
1787634897.6681414,325,11.03,6,30.0
1787634897.9266055,304,11.82,6,30.0
1787634898.0974183,301,11.94,5,30.0
1787634898.2482555,300,11.98,6,30.0
1787634898.3870213,292,12.32,6,30.0
1787634898.5241408,301,11.94,205,17.73
1787634898.6805034,295,12.19,6,30.0
1787634898.8771245,288,12.5,170,21.46
1787634899.0983489,294,12.23,169,21.59
1787634899.3075912,283,12.72,110,30.0
1787634899.4874496,277,13.01,165,22.13
1787634899.6573408,278,12.96,99,30.0
1787634899.8676372,277,13.01,116,30.0
1787634900.0271947,270,13.36,70,30.0
1787634900.2069497,266,13.56,200,18.18
1787634900.3979154,266,13.56,241,15.02
1787634900.587797,268,13.46,22,30.0
1787634900.757249,268,13.46,6,30.0
1787634900.9023864,260,13.89,6,30.0
1787634901.0975041,255,14.17,6,30.0
1787634901.2781374,255,14.17,7,30.0
1787634901.4288156,254,14.23,6,30.0
1787634901.5686634,249,14.52,6,30.0
1787634901.76756,276,13.06,116,30.0
1787634901.957168,249,14.52,6,30.0
1787634902.127598,248,14.58,6,30.0
1787634902.2879503,248,14.58,6,30.0
1787634902.4336703,259,13.94,6,30.0
1787634902.5874527,269,13.41,6,30.0
1787634902.783218,267,13.51,190,19.16
1787634903.007863,283,12.72,213,17.04
1787634903.157549,291,12.36,164,22.26
1787634903.3379552,300,11.98,135,27.14
1787634903.5275474,307,11.7,146,25.06
1787634903.7175848,318,11.28,156,23.43
1787634903.9279253,330,10.85,164,22.26
1787634904.087623,337,10.62,155,23.58
1787634904.2291002,358,9.97,82,30.0
1787634904.3869603,364,9.8,88,30.0
1787634904.5369356,386,9.22,6,30.0
1787634904.7090676,386,9.22,97,30.0
1787634904.9269347,381,9.34,6,30.0
1787634905.117318,369,9.66,86,30.0
1787634905.2669022,357,10.0,206,17.64
1787634905.4354525,352,10.15,212,17.13
1787634905.6170752,304,11.82,242,14.95
1787634905.8272119,283,12.72,203,17.91
1787634905.9674299,267,13.51,253,14.28
1787634906.107999,256,14.11,188,19.37
1787634906.2669408,251,14.4,206,17.64
1787634906.4341428,242,14.95,222,16.34
1787634906.6272616,237,15.28,236,15.34
1787634906.8179567,222,16.34,218,16.64
1787634907.028919,214,16.96,240,15.08
1787634907.1971588,204,17.82,229,15.82
1787634907.347485,199,18.27,235,15.41
1787634907.4977658,204,17.82,218,16.64
1787634907.6776662,188,19.37,221,16.41
1787634907.8676283,182,20.02,230,15.75
1787634908.0370975,184,19.8,223,16.26
1787634908.2138252,170,21.46,194,18.76
1787634908.4079065,163,22.4,174,20.96
1787634908.6073344,159,22.98,253,14.28
1787634908.767388,158,23.12,224,16.19
1787634908.947283,155,23.58,269,13.41
1787634909.087385,146,25.06,226,16.04
1787634909.3277247,153,23.89,259,13.94
1787634909.5178668,142,25.78,250,14.46
1787634909.687114,144,25.41,200,18.18
1787634909.847835,134,27.34,208,17.46
1787634910.0272477,130,28.2,255,14.17
1787634910.1672993,129,28.42,242,14.95
1787634910.3071256,126,29.1,268,13.46
1787634910.4677358,120,30.0,211,17.21
1787634910.6571782,123,30.0,240,15.08
1787634910.8374896,123,30.0,200,18.18
1787634911.0071702,116,30.0,225,16.11
1787634911.1476083,139,26.34,229,15.82
1787634911.3482049,125,29.34,224,16.19
1787634911.5079904,107,30.0,199,18.27
1787634911.6573615,110,30.0,217,16.72
1787634911.7874587,121,30.0,232,15.61
1787634911.9476788,116,30.0,224,16.19
1787634912.148082,97,30.0,146,25.06
1787634912.3384018,83,30.0,173,21.08
1787634912.4974158,102,30.0,188,19.37
1787634912.727833,104,30.0,169,21.59
1787634912.8977385,111,30.0,176,20.72
1787634913.077145,104,30.0,165,22.13
1787634913.2482562,109,30.0,187,19.47
1787634913.4077559,103,30.0,224,16.19
1787634913.5900156,110,30.0,228,15.9
1787634913.747401,122,30.0,235,15.41
1787634913.907346,118,30.0,241,15.02
1787634914.0473697,126,29.1,233,15.55
1787634914.1873472,132,27.76,248,14.58
1787634914.3468745,133,27.55,275,13.11
1787634914.5174174,152,24.05,258,14.0
1787634914.6831784,157,23.27,212,17.13
1787634914.836357,176,20.72,242,14.95
1787634915.018289,181,20.13,211,17.21
1787634915.2208292,201,18.09,264,13.67
1787634915.458442,204,17.82,223,16.26
1787634915.6372638,192,18.96,182,20.02
1787634915.828154,166,21.99,199,18.27
1787634916.029102,132,27.76,224,16.19
1787634916.1981275,93,30.0,181,20.13
1787634916.387963,66,30.0,229,15.82
1787634916.563432,57,30.0,201,18.09
1787634916.7477875,80,30.0,195,18.66
1787634916.9289427,97,30.0,110,30.0
1787634917.083979,133,27.55,223,16.26
1787634917.2373645,123,30.0,216,16.8
1787634917.4340863,141,25.96,227,15.97
1787634917.612268,248,14.58,169,21.59
1787634917.7970097,257,14.05,164,22.26
1787634917.9570541,250,14.46,150,24.38
1787634918.1673145,254,14.23,123,30.0
1787634978.9902973,279,12.91,158,23.12
1787634979.1269653,283,12.72,77,30.0
1787634979.3893445,283,12.72,58,30.0
1787634979.8116293,276,13.06,206,17.64
1787634979.9433796,278,12.96,77,30.0
1787634980.2186975,278,12.96,45,30.0
1787634980.3977559,283,12.72,84,30.0
1787634980.5267048,283,12.72,64,30.0
1787634980.7973323,284,12.68,14,30.0
1787634980.9252522,286,12.59,64,30.0
1787634981.1073513,278,12.96,34,30.0
1787634981.297568,282,12.77,26,30.0
1787634981.5054476,284,12.68,6,30.0
1787634981.686975,283,12.72,6,30.0
1787634981.8388052,283,12.72,8,30.0
1787634982.0068812,283,12.72,87,30.0
1787634982.1454053,284,12.68,6,30.0
1787634982.29967,283,12.72,10,30.0
1787634982.4432492,282,12.77,30,30.0
1787634982.6371636,283,12.72,45,30.0
1787634982.8177106,283,12.72,6,30.0
1787634983.0069566,289,12.45,34,30.0
1787634983.1672642,309,11.62,80,30.0
1787634983.3870533,289,12.45,84,30.0
1787634983.5774267,290,12.41,70,30.0
1787634983.7730043,288,12.5,6,30.0
1787634983.958171,286,12.59,6,30.0
1787634984.157252,302,11.9,6,30.0
1787634984.3271139,301,11.94,6,30.0
1787634984.528688,363,9.83,152,24.05
1787634984.7093472,347,10.3,6,30.0
1787634984.8870203,328,10.92,6,30.0
1787634985.0872133,312,11.5,6,30.0
1787634985.3268886,300,11.98,6,30.0
1787634985.515491,296,12.15,6,30.0
1787634985.7075944,308,11.66,6,30.0
1787634985.8926632,277,13.01,5,30.0
1787634986.0401876,277,13.01,6,30.0
1787634986.2262552,266,13.56,6,30.0
1787634986.447634,264,13.67,287,12.54
1787634986.5975995,251,14.4,7,30.0
1787634986.7432976,244,14.83,6,30.0
1787634986.9168358,250,14.46,92,30.0
1787634987.097156,236,15.34,158,23.12
1787634987.287072,239,15.14,152,24.05
1787634987.4579618,231,15.68,122,30.0
1787634987.606865,233,15.55,188,19.37
1787634987.7876256,220,16.49,141,25.96
1787634987.9871652,213,17.04,117,30.0
1787634988.1480742,216,16.8,177,20.6
1787634988.3073409,205,17.73,6,30.0
1787634988.4670796,207,17.55,6,30.0
1787634988.6264856,200,18.18,6,30.0
1787634988.7642767,193,18.85,6,30.0
1787634988.902295,194,18.76,6,30.0
1787634989.0669124,195,18.66,6,30.0
1787634989.2274966,186,19.58,6,30.0
1787634989.3872852,182,20.02,6,30.0
1787634989.577762,182,20.02,322,11.13
1787634989.697266,182,20.02,4,30.0
1787634989.8672192,191,19.06,6,30.0
1787634990.04777,184,19.8,6,30.0
1787634990.1920218,172,21.21,6,30.0
1787634990.3820758,176,20.72,6,30.0
1787634990.5772817,193,18.85,6,30.0
1787634990.697896,184,19.8,137,26.73
1787634990.8687842,194,18.76,177,20.6
1787634991.0254707,200,18.18,222,16.34
1787634991.1628883,206,17.64,207,17.55
1787634991.3110971,214,16.96,194,18.76
1787634991.484162,220,16.49,205,17.73
1787634991.6276865,224,16.19,198,18.37
1787634991.817305,247,14.64,138,26.54
1787634992.0196323,236,15.34,160,22.83
1787634992.188847,248,14.58,158,23.12
1787634992.3576148,252,14.34,10,30.0
1787634992.558039,264,13.67,11,30.0
1787634992.7422948,290,12.41,6,30.0
1787634992.917651,283,12.72,34,30.0
1787634993.0571997,296,12.15,153,23.89
1787634993.2572002,301,11.94,46,30.0
1787634993.437242,316,11.35,63,30.0
1787634993.628166,331,10.82,6,30.0
1787634993.7658021,347,10.3,103,30.0
1787634993.9482813,361,9.88,70,30.0
1787634994.1431994,386,9.22,34,30.0
1787634994.387969,399,8.9,65,30.0
1787634994.5243177,398,8.93,232,15.61
1787634994.7245536,358,9.97,153,23.89
1787634994.9474237,357,10.0,196,18.56
1787634995.0848916,330,10.85,182,20.02
1787634995.2175403,301,11.94,206,17.64
1787634995.3833754,302,11.9,206,17.64
1787634995.5415227,291,12.36,246,14.7
1787634995.7934906,283,12.72,192,18.96
1787634996.0212193,271,13.31,152,24.05
1787634996.1840553,260,13.89,165,22.13
1787634996.3847845,254,14.23,168,21.72
1787634996.538235,267,13.51,135,27.14
1787634996.6768444,245,14.76,177,20.6
1787634996.8674963,252,14.34,146,25.06
1787634997.0233805,239,15.14,170,21.46
1787634997.190544,231,15.68,223,16.26
1787634997.3825684,219,16.57,160,22.83
1787634997.5469735,222,16.34,223,16.26
1787634997.6869743,231,15.68,223,16.26
1787634997.9474459,227,15.97,149,24.55
1787634998.1369088,200,18.18,212,17.13
1787634998.298047,194,18.76,171,21.33
1787634998.4936516,222,16.34,165,22.13
1787634998.6870816,187,19.47,117,30.0
1787634998.8572683,182,20.02,237,15.28
1787634999.0581772,182,20.02,248,14.58
1787634999.2668717,178,20.48,123,30.0
1787634999.4390738,176,20.72,203,17.91
1787634999.6457624,170,21.46,125,29.34
1787634999.879582,182,20.02,205,17.73
1787635000.088164,134,27.34,229,15.82
1787635000.3276427,161,22.69,160,22.83
1787635000.494911,157,23.27,144,25.41
1787635000.6471493,145,25.24,54,30.0
1787635000.84696,137,26.73,210,17.29
1787635001.0179603,126,29.1,170,21.46
1787635001.1679916,123,30.0,162,22.54
1787635001.3275473,117,30.0,230,15.75
1787635001.5177205,120,30.0,234,15.48
1787635001.7094169,111,30.0,339,10.55
1787635001.9079244,110,30.0,331,10.82
1787635002.1071377,122,30.0,390,9.12
1787635002.3041308,128,28.64,253,14.28
1787635002.4802413,107,30.0,193,18.85
1787635002.7074542,111,30.0,301,11.94
1787635002.9591384,108,30.0,6,30.0
1787635003.1281705,119,30.0,104,30.0
1787635003.3183208,128,28.64,108,30.0
1787635003.4453433,137,26.73,110,30.0
1787635003.5852535,150,24.38,116,30.0
1787635003.7525647,160,22.83,109,30.0
1787635003.9272404,171,21.33,117,30.0
1787635004.097102,182,20.02,165,22.13
1787635004.24688,188,19.37,260,13.89
1787635004.4373896,183,19.91,269,13.41
1787635004.5954914,163,22.4,214,16.96
1787635004.7373672,158,23.12,315,11.39
1787635004.9070392,103,30.0,232,15.61
1787635005.0470026,63,30.0,258,14.0
1787635005.267567,57,30.0,245,14.76
1787635005.4471152,80,30.0,154,23.74
1787635005.6680698,122,30.0,142,25.78
1787635005.8451834,128,28.64,52,30.0
1787635006.0140326,147,24.89,95,30.0
1787635006.19727,168,21.72,144,25.41
1787635006.3659496,165,22.13,237,15.28
1787635006.5127187,175,20.84,232,15.61
1787635006.7051568,202,18.0,224,16.19
1787635006.9396389,270,13.36,266,13.56
1787635007.0859716,386,9.22,412,8.61
1787635007.2472289,444,7.96,441,8.02
1787635007.4262326,507,6.92,332,10.78
1787635007.5871668,550,6.34,303,11.86
1787635007.75211,556,6.27,277,13.01
1787635007.9671757,564,6.18,339,10.55
1787635008.1484404,518,6.76,333,10.75
1787635008.3473227,387,9.19,356,10.03
1787635008.523318,283,12.72,402,8.83
1787635008.6949587,142,25.78,335,10.68
1787635008.8628345,134,27.34,230,15.75
1787635009.0226657,132,27.76,230,15.75
1787635009.1906064,126,29.1,243,14.89
1787635009.3626013,124,30.0,116,30.0
1787635009.522518,128,28.64,253,14.28
1787635009.6579971,143,25.59,219,16.57
1787635009.8373168,126,29.1,251,14.4
1787635010.067926,122,30.0,304,11.82
1787635010.2054024,134,27.34,87,30.0
1787635010.33701,154,23.74,315,11.39
1787635010.5001092,129,28.42,90,30.0
1787635010.6473958,126,29.1,70,30.0
1787635071.1477172,190,19.16,10,30.0
1787635071.2854583,194,18.76,165,22.13
1787635071.4587822,195,18.66,22,30.0
1787635071.7646286,194,18.76,125,29.34
1787635071.9674325,200,18.18,85,30.0
1787635072.167747,197,18.46,123,30.0
1787635072.3776586,190,19.16,65,30.0
1787635072.5248146,199,18.27,63,30.0
1787635072.7597702,201,18.09,5,30.0
1787635072.9078634,194,18.76,235,15.41
1787635073.0876284,201,18.09,58,30.0
1787635073.2674415,193,18.85,6,30.0
1787635073.4236283,196,18.56,6,30.0
1787635073.5639603,199,18.27,5,30.0
1787635073.707036,197,18.46,6,30.0
1787635073.8466358,202,18.0,17,30.0
1787635073.9870968,208,17.46,94,30.0
1787635074.127172,206,17.64,8,30.0
1787635074.3068314,206,17.64,7,30.0
1787635074.4459608,210,17.29,6,30.0
1787635074.5870852,206,17.64,6,30.0
1787635074.7169802,214,16.96,100,30.0
1787635074.8602684,235,15.41,6,30.0
1787635075.0053005,213,17.04,100,30.0
1787635075.1878817,213,17.04,6,30.0
1787635075.3268795,219,16.57,6,30.0
1787635075.487155,219,16.57,9,30.0
1787635075.627159,218,16.64,46,30.0
1787635075.7874966,221,16.41,172,21.21
1787635075.9472432,225,16.11,5,30.0
1787635076.1071782,223,16.26,6,30.0
1787635076.286865,224,16.19,6,30.0
1787635076.4172645,231,15.68,6,30.0
1787635076.5643513,231,15.68,6,30.0
1787635076.7025762,231,15.68,6,30.0
1787635076.857121,247,14.64,3,30.0
1787635077.0036316,255,14.17,6,30.0
1787635077.1455789,260,13.89,6,30.0
1787635077.306934,251,14.4,6,30.0
1787635077.4577532,254,14.23,6,30.0
1787635077.604534,254,14.23,10,30.0
1787635077.7455697,260,13.89,229,15.82
1787635077.9046,271,13.31,6,30.0
1787635078.0650146,262,13.78,6,30.0
1787635078.2046144,292,12.32,6,30.0
1787635078.3857865,291,12.36,6,30.0
1787635078.5254977,284,12.68,6,30.0
1787635078.6639018,287,12.54,6,30.0
1787635078.805879,292,12.32,121,30.0
1787635078.9576106,283,12.72,91,30.0
1787635079.117411,290,12.41,191,19.06
1787635079.2571387,290,12.41,142,25.78
1787635079.4272425,296,12.15,205,17.73
1787635079.5858045,301,11.94,82,30.0
1787635079.7256417,301,11.94,87,30.0
1787635079.8857093,306,11.74,72,30.0
1787635080.0574207,315,11.39,129,28.42
1787635080.2171357,322,11.13,8,30.0
1787635080.4067857,324,11.06,253,14.28
1787635080.5670452,328,10.92,6,30.0
1787635080.7045922,334,10.72,214,16.96
1787635080.844933,340,10.52,10,30.0
1787635081.0067673,352,10.15,6,30.0
1787635081.1656702,358,9.97,6,30.0
1787635081.3074353,364,9.8,8,30.0
1787635081.4369304,375,9.5,128,28.64
1787635081.585107,388,9.17,122,30.0
1787635081.7411125,393,9.05,99,30.0
1787635081.9028003,400,8.88,6,30.0
1787635082.0378308,409,8.68,33,30.0
1787635082.1818898,416,8.52,6,30.0
1787635082.3244114,428,8.27,175,20.84
1787635082.4568162,433,8.17,187,19.47
1787635082.6168115,444,7.96,49,30.0
1787635082.7571864,450,7.85,23,30.0
1787635082.9017222,456,7.74,6,30.0
1787635083.0847743,424,8.35,200,18.18
1787635083.2230444,400,8.88,224,16.19
1787635083.3638508,462,7.63,200,18.18
1787635083.5069015,512,6.85,184,19.8
1787635083.6430538,586,5.93,197,18.46
1787635083.8074675,649,5.31,216,16.8
1787635083.9847274,722,4.73,176,20.72
1787635084.1241317,728,4.69,199,18.27
1787635084.2849343,684,5.02,168,21.72
1787635084.425426,672,5.12,158,23.12
1787635084.557212,668,5.15,121,30.0
1787635084.7467546,654,5.27,70,30.0
1787635084.8870087,628,5.5,26,30.0
1787635085.0667634,590,5.89,128,28.64
1787635085.2074568,555,6.28,64,30.0
1787635129.1063628,307,11.7,71,30.0
1787635129.317614,289,12.45,62,30.0
1787635129.51328,289,12.45,119,30.0
1787635129.6452005,291,12.36,74,30.0
1787635129.9295506,284,12.68,162,22.54
1787635130.1305954,289,12.45,146,25.06
1787635130.345272,288,12.5,12,30.0
1787635130.5488708,294,12.23,58,30.0
1787635130.6769135,289,12.45,71,30.0
1787635130.8856678,289,12.45,93,30.0
1787635131.0268598,295,12.19,15,30.0
1787635131.2244136,285,12.63,6,30.0
1787635131.419103,311,11.54,52,30.0
1787635131.5682614,295,12.19,13,30.0
1787635131.7279456,300,11.98,52,30.0
1787635131.8673675,300,11.98,6,30.0
1787635132.104364,300,11.98,111,30.0
1787635132.2650728,314,11.43,8,30.0
1787635132.417005,322,11.13,6,30.0
1787635132.5606267,323,11.1,211,17.21
1787635132.7049747,330,10.85,205,17.73
1787635132.8632686,339,10.55,240,15.08
1787635133.0056374,351,10.18,107,30.0
1787635133.14686,358,9.97,6,30.0
1787635133.3041046,369,9.66,40,30.0
1787635133.4466956,375,9.5,101,30.0
1787635133.6267471,395,9.0,6,30.0
1787635133.7618933,400,8.88,6,30.0
1787635133.927096,406,8.74,112,30.0
1787635134.1208243,410,8.65,129,28.42
1787635134.256973,416,8.52,11,30.0
1787635134.4169555,422,8.4,206,17.64
1787635134.563022,421,8.42,326,10.99
1787635134.7840195,422,8.4,28,30.0
1787635135.0068102,433,8.17,10,30.0
1787635135.1843452,423,8.37,6,30.0
1787635135.3229394,421,8.42,6,30.0
1787635135.4635904,417,8.5,6,30.0
1787635135.597411,415,8.54,6,30.0
1787635135.7394402,416,8.52,6,30.0
1787635135.8864336,405,8.77,135,27.14
1787635136.036921,404,8.79,6,30.0
1787635136.1974936,394,9.02,6,30.0
1787635136.3669744,387,9.19,6,30.0
1787635136.501293,381,9.34,10,30.0
1787635136.6462212,368,9.69,6,30.0
1787635136.786874,364,9.8,6,30.0
1787635136.9249039,355,10.06,6,30.0
1787635137.067051,341,10.49,6,30.0
1787635137.2268114,336,10.65,7,30.0
1787635137.362068,329,10.89,6,30.0
1787635137.5175254,336,10.65,127,28.87
1787635137.6867425,313,11.46,178,20.48
1787635137.8469226,312,11.5,235,15.41
1787635137.996918,307,11.7,129,28.42
1787635138.1575077,306,11.74,176,20.72
1787635138.2992342,326,10.99,188,19.37
1787635138.465494,306,11.74,100,30.0
1787635138.6047971,310,11.58,63,30.0
1787635138.7667673,310,11.58,6,30.0
1787635138.9167979,308,11.66,6,30.0
1787635139.0606508,332,10.78,6,30.0
1787635139.2012746,312,11.5,99,30.0
1787635139.3482056,318,11.28,6,30.0
1787635139.4985325,317,11.32,6,30.0
1787635139.6424165,318,11.28,6,30.0
1787635139.7868197,329,10.89,6,30.0
1787635139.9268968,329,10.89,6,30.0
1787635140.0856242,336,10.65,8,30.0
1787635140.247513,341,10.49,7,30.0
1787635140.4012802,346,10.33,6,30.0
1787635140.5457566,351,10.18,6,30.0
1787635140.6871152,358,9.97,6,30.0
1787635140.8271518,347,10.3,6,30.0
1787635140.9768906,312,11.5,6,30.0
1787635141.1371148,301,11.94,158,23.12
1787635141.3068058,331,10.82,167,21.86
1787635141.4407153,330,10.85,168,21.72
1787635141.6081495,357,10.0,140,26.15
1787635141.7633252,375,9.5,188,19.37
1787635141.9069643,398,8.93,188,19.37
1787635142.0881336,434,8.15,183,19.91
1787635142.2447195,485,7.25,164,22.26
1787635142.376916,501,7.01,147,24.89
1787635142.537531,545,6.41,165,22.13
1787635142.7074008,579,6.0,134,27.34
1787635142.8760564,636,5.43,134,27.34
1787635143.0169485,688,4.99,40,30.0
1787635143.177756,728,4.69,6,30.0
1787635143.336925,728,4.69,11,30.0
1787635143.4768288,730,4.68,70,30.0
1787635143.6661143,730,4.68,44,30.0
1787635143.826894,731,4.67,6,30.0
1787635143.9672348,730,4.68,39,30.0
1787635144.1271942,730,4.68,108,30.0
1787635144.265676,718,4.76,6,30.0
1787635144.4368532,639,5.4,39,30.0
1787635144.624758,579,6.0,88,30.0
1787635144.7659898,550,6.34,75,30.0
1787635144.917068,551,6.33,6,30.0
1787635145.068822,540,6.47,129,28.42
1787635145.2177148,490,7.17,33,30.0
1787635145.385411,467,7.55,50,30.0
1787635145.5468588,466,7.56,242,14.95
1787635145.6978304,456,7.74,114,30.0
1787635145.8571024,490,7.17,140,26.15
1787635146.005191,462,7.63,128,28.64
1787635146.1429935,467,7.55,182,20.02
1787635146.277551,458,7.7,217,16.72
1787635146.423077,397,8.95,178,20.48
1787635146.5971167,358,9.97,206,17.64
1787635146.7670054,335,10.68,205,17.73
1787635146.9405525,386,9.22,170,21.46
1787635147.0856726,352,10.15,147,24.89
1787635147.2215238,375,9.5,206,17.64
1787635147.3652525,362,9.86,223,16.26
1787635147.5012002,406,8.74,241,15.02
1787635147.6455588,346,10.33,212,17.13
1787635147.7776666,351,10.18,248,14.58
1787635147.9532073,341,10.49,234,15.48
1787635148.0980961,335,10.68,206,17.64
1787635148.2476346,324,11.06,99,30.0
1787635148.4041884,353,10.12,99,30.0
1787635148.537146,336,10.65,211,17.21
1787635148.683203,295,12.19,170,21.46
1787635148.8255427,502,6.99,292,12.32
1787635148.9778192,324,11.06,188,19.37
1787635149.1655772,324,11.06,92,30.0
1787635149.297317,340,10.52,90,30.0
1787635149.4669538,363,9.83,146,25.06
1787635149.6220908,377,9.45,200,18.18
1787635149.7671537,352,10.15,149,24.55
1787635149.9005067,347,10.3,262,13.78
1787635150.0617185,370,9.63,147,24.89
1787635150.2213323,351,10.18,117,30.0
1787635150.362468,301,11.94,206,17.64
1787635150.542782,359,9.94,235,15.41
1787635150.6828754,330,10.85,205,17.73
1787635150.826316,336,10.65,259,13.94
1787635150.9643629,338,10.59,218,16.64
1787635151.125282,306,11.74,166,21.99
1787635151.2857604,329,10.89,166,21.99
1787635151.439341,318,11.28,188,19.37
1787635151.5859041,329,10.89,140,26.15
1787635151.7456815,312,11.5,156,23.43
1787635151.8852234,298,12.06,148,24.72
1787635152.044698,731,4.67,141,25.96
1787635152.239433,728,4.69,182,20.02
1787635152.4015975,730,4.68,146,25.06
1787635152.5673184,730,4.68,110,30.0
1787635152.7171934,673,5.11,192,18.96
1787635152.877735,617,5.61,148,24.72
1787635153.0234954,540,6.47,181,20.13
1787635153.1574593,462,7.63,164,22.26
1787635153.34558,400,8.88,217,16.72
1787635153.4855547,347,10.3,133,27.55
1787635153.6177855,317,11.32,111,30.0
1787635153.7769988,282,12.77,152,24.05
1787635153.9389477,263,13.72,164,22.26
1787635154.0972958,248,14.58,161,22.69
1787635154.2669117,236,15.34,147,24.89
1787635154.4456966,232,15.61,104,30.0
1787635154.627614,220,16.49,171,21.33
1787635154.7655163,215,16.88,128,28.64
1787635154.917074,200,18.18,121,30.0
1787635155.0779157,200,18.18,195,18.66
1787635155.2180514,204,17.82,186,19.58
1787635155.3856568,188,19.37,85,30.0
1787635155.5455103,179,20.36,107,30.0
1787635155.7012827,177,20.6,120,30.0
1787635155.8371916,177,20.6,128,28.64
1787635156.0021734,172,21.21,123,30.0
1787635156.1468167,171,21.33,128,28.64
1787635205.696846,268,13.46,39,30.0
1787635206.107221,257,14.05,161,22.69
1787635206.3071291,260,13.89,96,30.0
1787635206.5238428,260,13.89,51,30.0
1787635206.7242033,260,13.89,121,30.0
1787635206.9272048,260,13.89,45,30.0
1787635207.1336715,259,13.94,276,13.06
1787635207.3071516,259,13.94,206,17.64
1787635207.5173235,260,13.89,181,20.13
1787635207.6871667,256,14.11,177,20.6
1787635207.8232238,260,13.89,58,30.0
1787635207.9669936,253,14.28,177,20.6
1787635208.1078835,254,14.23,85,30.0
1787635208.2453463,254,14.23,134,27.34
1787635208.3638926,254,14.23,177,20.6
1787635208.5069578,255,14.17,163,22.4
1787635208.6624315,270,13.36,153,23.89
1787635208.8016582,274,13.16,28,30.0
1787635208.9368575,254,14.23,14,30.0
1787635209.106918,260,13.89,117,30.0
1787635209.2470899,255,14.17,98,30.0
1787635209.3770163,256,14.11,87,30.0
1787635209.524662,251,14.4,139,26.34
1787635209.6616075,274,13.16,6,30.0
1787635209.7966514,249,14.52,134,27.34
1787635209.957272,254,14.23,34,30.0
1787635210.101196,254,14.23,6,30.0
1787635210.285931,250,14.46,64,30.0
1787635210.4173522,254,14.23,158,23.12
1787635210.5768576,253,14.28,46,30.0
1787635210.727008,254,14.23,6,30.0
1787635210.868053,253,14.28,4,30.0
1787635211.0254745,253,14.28,11,30.0
1787635211.177051,254,14.23,57,30.0
1787635211.3467903,254,14.23,6,30.0
1787635211.4977217,259,13.94,6,30.0
1787635211.6665385,254,14.23,6,30.0
1787635211.8516572,251,14.4,6,30.0
1787635212.0176682,254,14.23,6,30.0
1787635212.1654024,254,14.23,6,30.0
1787635212.3036647,261,13.83,211,17.21
1787635212.436901,261,13.83,206,17.64
1787635212.585782,260,13.89,6,30.0
1787635212.7403781,260,13.89,6,30.0
1787635212.8849804,254,14.23,6,30.0
1787635213.0200777,252,14.34,6,30.0
1787635213.183317,291,12.36,6,30.0
1787635213.3453772,275,13.11,6,30.0
1787635213.476955,267,13.51,5,30.0
1787635213.666726,271,13.31,163,22.4
1787635213.8013537,271,13.31,209,17.38
1787635213.9469125,278,12.96,6,30.0
1787635214.107004,278,12.96,170,21.46
1787635214.2455697,277,13.01,6,30.0
1787635214.4070702,285,12.63,6,30.0
1787635214.5859442,284,12.68,6,30.0
1787635214.7671714,284,12.68,6,30.0
1787635214.9251666,289,12.45,14,30.0
1787635215.0866928,289,12.45,6,30.0
1787635215.2457201,295,12.19,6,30.0
1787635215.437986,295,12.19,174,20.96
1787635215.606973,297,12.11,99,30.0
1787635215.7455575,301,11.94,134,27.34
1787635215.87783,301,11.94,123,30.0
1787635216.0305512,308,11.66,153,23.89
1787635216.163139,306,11.74,183,19.91
1787635216.3066998,312,11.5,111,30.0
1787635216.4874046,308,11.66,150,24.38
1787635216.6268337,323,11.1,111,30.0
1787635216.7871737,324,11.06,34,30.0
1787635216.9598906,324,11.06,6,30.0
1787635217.100981,340,10.52,6,30.0
1787635217.2449553,335,10.68,6,30.0
1787635217.3975916,340,10.52,10,30.0
1787635217.5671427,366,9.74,6,30.0
1787635217.7270765,352,10.15,6,30.0
1787635217.9072268,358,9.97,57,30.0
1787635218.0773077,370,9.63,148,24.72
1787635218.2649784,381,9.34,6,30.0
1787635218.3972242,382,9.32,6,30.0
1787635218.5690532,394,9.02,9,30.0
1787635218.7453537,397,8.95,93,30.0
1787635218.877554,405,8.77,6,30.0
1787635219.0434039,412,8.61,10,30.0
1787635219.18501,411,8.63,8,30.0
1787635219.326777,406,8.74,6,30.0
1787635219.4681587,347,10.3,205,17.73
1787635219.6261573,363,9.83,181,20.13
1787635219.7669249,399,8.9,180,20.25
1787635219.922042,455,7.76,152,24.05
1787635220.0667675,478,7.36,183,19.91
1787635220.2070842,512,6.85,205,17.73
1787635220.3847904,568,6.13,204,17.82
1787635220.5467246,627,5.51,199,18.27
1787635220.6842253,699,4.9,159,22.98
1787635220.82133,730,4.68,164,22.26
1787635220.967024,713,4.8,181,20.13
1787635221.1032274,729,4.68,142,25.78
1787635221.2641873,727,4.7,51,30.0
1787635221.4067078,730,4.68,22,30.0
1787635221.5669374,730,4.68,189,19.26
1787635221.7176433,728,4.69,5,30.0
1787635221.8633134,726,4.7,162,22.54
1787635221.997114,720,4.75,188,19.37
1787635222.1640713,683,5.03,243,14.89
1787635222.3068388,649,5.31,64,30.0
1787635222.4571376,611,5.67,182,20.02
1787635222.606741,567,6.14,22,30.0
1787635258.137158,245,14.76,223,16.26
1787635258.331667,243,14.89,40,30.0
1787635258.4573598,237,15.28,68,30.0
1787635258.5984674,237,15.28,112,30.0
1787635259.1484141,237,15.28,14,30.0
1787635259.281398,237,15.28,6,30.0
1787635259.7423263,237,15.28,5,30.0
1787635259.9667518,236,15.34,63,30.0
1787635260.0974956,236,15.34,147,24.89
1787635260.2452865,236,15.34,22,30.0
1787635260.38415,236,15.34,6,30.0
1787635260.5646765,245,14.76,11,30.0
1787635260.7038326,236,15.34,93,30.0
1787635260.8426774,249,14.52,39,30.0
1787635260.9815392,246,14.7,150,24.38
1787635261.1200545,241,15.02,157,23.27
1787635261.2801528,243,14.89,6,30.0
1787635261.4186106,249,14.52,156,23.43
1787635261.5640693,248,14.58,22,30.0
1787635261.7104454,248,14.58,6,30.0
1787635261.8446152,248,14.58,8,30.0
1787635261.9773042,256,14.11,5,30.0
1787635262.1205487,258,14.0,26,30.0
1787635262.2594333,253,14.28,117,30.0
1787635262.402779,258,14.0,17,30.0
1787635262.5434327,259,13.94,27,30.0
1787635262.6824589,259,13.94,22,30.0
1787635262.8217804,265,13.62,6,30.0
1787635262.9621015,270,13.36,6,30.0
1787635263.0997472,266,13.56,6,30.0
1787635263.244249,278,12.96,17,30.0
1787635263.3837814,272,13.26,73,30.0
1787635263.51782,271,13.31,6,30.0
1787635263.665296,278,12.96,6,30.0
1787635263.8028545,297,12.11,10,30.0
1787635263.9611607,273,13.21,6,30.0
1787635264.1042724,290,12.41,120,30.0
1787635264.2398844,281,12.82,6,30.0
1787635264.384708,287,12.54,6,30.0
1787635264.522134,289,12.45,6,30.0
1787635264.6630287,294,12.23,6,30.0
1787635264.8038204,289,12.45,76,30.0
1787635264.9638312,296,12.15,6,30.0
1787635265.1176894,294,12.23,7,30.0
1787635265.2651167,299,12.02,5,30.0
1787635265.4179726,303,11.86,6,30.0
1787635265.5571682,301,11.94,8,30.0
1787635279.6268291,246,14.7,298,12.06
1787635279.8278074,219,16.57,64,30.0
1787635279.9577987,240,15.08,58,30.0
1787635280.2430193,243,14.89,39,30.0
1787635280.446768,224,16.19,275,13.11
1787635280.5836112,226,16.04,33,30.0
1787635280.85777,222,16.34,171,21.33
1787635280.997678,225,16.11,70,30.0
1787635281.2672708,230,15.75,134,27.34
1787635281.3975866,225,16.11,7,30.0
1787635281.5412872,230,15.75,265,13.62
1787635281.6770532,225,16.11,6,30.0
1787635281.8370376,244,14.83,6,30.0
1787635281.9970937,231,15.68,127,28.87
1787635282.1384122,225,16.11,134,27.34
1787635282.287103,227,15.97,28,30.0
1787635282.4169552,244,14.83,230,15.75
1787635282.5613256,224,16.19,57,30.0
1787635282.7223651,225,16.11,69,30.0
1787635282.8972197,224,16.19,74,30.0
1787635283.0827818,220,16.49,85,30.0
1787635283.2428405,226,16.04,52,30.0
1787635283.3773148,225,16.11,17,30.0
1787635283.5628262,221,16.41,101,30.0
1787635283.7054858,225,16.11,51,30.0
1787635283.842867,225,16.11,7,30.0
1787635284.0031462,225,16.11,6,30.0
1787635284.1624913,231,15.68,213,17.04
1787635284.3222618,230,15.75,113,30.0
1787635284.482347,241,15.02,39,30.0
1787635284.6470742,231,15.68,40,30.0
1787635284.801552,227,15.97,87,30.0
1787635284.9606678,232,15.61,27,30.0
1787635285.1222553,230,15.75,134,27.34
1787635285.2579753,230,15.75,154,23.74
1787635285.4199045,230,15.75,6,30.0
1787635285.5580482,237,15.28,6,30.0
1787635285.708476,237,15.28,6,30.0
1787635285.8639896,236,15.34,21,30.0
1787635286.0003755,231,15.68,6,30.0
1787635286.1869214,230,15.75,6,30.0
1787635286.3569093,242,14.95,51,30.0
1787635286.543385,236,15.34,6,30.0
1787635286.7034688,237,15.28,64,30.0
1787635286.8373945,237,15.28,6,30.0
1787635287.0239134,236,15.34,122,30.0
1787635287.2244322,235,15.41,373,9.55
1787635287.3769326,256,14.11,6,30.0
1787635287.5201812,264,13.67,92,30.0
1787635287.657388,242,14.95,72,30.0
1787635287.8415794,243,14.89,22,30.0
1787635287.982134,243,14.89,6,30.0
1787635288.1222758,249,14.52,6,30.0
1787635288.284949,248,14.58,6,30.0
1787635288.4367425,257,14.05,6,30.0
1787635288.597243,246,14.7,6,30.0
1787635288.7618012,245,14.76,218,16.64
1787635288.942368,257,14.05,96,30.0
1787635289.1169214,256,14.11,140,26.15
1787635289.2579181,259,13.94,152,24.05
1787635289.402325,260,13.89,148,24.72
1787635289.5642054,269,13.41,135,27.14
1787635289.7022893,265,13.62,123,30.0
1787635289.85687,285,12.63,118,30.0
1787635290.0174348,263,13.72,152,24.05
1787635290.1636806,271,13.31,6,30.0
1787635290.3267193,272,13.26,176,20.72
1787635290.4772468,284,12.68,22,30.0
1787635290.6375537,279,12.91,6,30.0
1787635290.777953,277,13.01,6,30.0
1787635290.962605,283,12.72,10,30.0
1787635291.0976653,295,12.19,22,30.0
1787635291.2421052,289,12.45,125,29.34
1787635291.3770077,295,12.19,6,30.0
1787635291.538451,301,11.94,286,12.59
1787635291.6821463,301,11.94,274,13.16
1787635291.8377645,307,11.7,247,14.64
1787635292.0232644,312,11.5,93,30.0
1787635292.182834,311,11.54,34,30.0
1787635292.3217697,338,10.59,64,30.0
1787635292.457682,318,11.28,7,30.0
1787635292.6477923,358,9.97,6,30.0
1787635292.798622,266,13.56,170,21.46
1787635292.9410362,296,12.15,6,30.0
1787635293.0881007,355,10.06,6,30.0
1787635293.263326,364,9.8,116,30.0
1787635293.4171681,411,8.63,146,25.06
1787635293.5776582,467,7.55,156,23.43
1787635293.7422893,541,6.46,223,16.26
1787635293.8791685,583,5.96,17,30.0
1787635294.0232937,655,5.26,138,26.54
1787635294.1575325,730,4.68,39,30.0
1787635294.3172112,730,4.68,6,30.0
1787635294.503219,731,4.67,6,30.0
1787635294.6412609,732,4.66,6,30.0
1787635294.787221,728,4.69,6,30.0
1787635294.9174435,731,4.67,108,30.0
1787635295.0768979,730,4.68,10,30.0
1787635295.2624557,688,4.99,184,19.8
1787635295.4214032,627,5.51,70,30.0
1787635295.5571384,574,6.06,93,30.0
1787635295.7181938,539,6.48,34,30.0
1787635295.8770826,545,6.41,17,30.0
1787635296.0180514,501,7.01,6,30.0
1787635296.1567144,472,7.46,33,30.0
1787635296.3169274,433,8.17,103,30.0
1787635296.4831533,434,8.15,77,30.0
1787635296.6392286,381,9.34,124,30.0
1787635296.797467,387,9.19,152,24.05
1787635296.9573586,399,8.9,140,26.15
1787635297.0978842,369,9.66,146,25.06
1787635297.2834826,358,9.97,134,27.34
1787635351.9396393,258,14.0,203,17.91
1787635352.080083,251,14.4,172,21.21
1787635352.3366468,271,13.31,234,15.48
1787635352.5273256,259,13.94,14,30.0
1787635352.657047,254,14.23,34,30.0
1787635352.8168075,254,14.23,111,30.0
1787635353.1487,257,14.05,84,30.0
1787635353.3567595,254,14.23,6,30.0
1787635353.4768136,254,14.23,28,30.0
1787635353.761923,256,14.11,88,30.0
1787635353.896953,254,14.23,251,14.4
1787635354.0380106,262,13.78,75,30.0
1787635354.178263,254,14.23,75,30.0
1787635354.3169112,260,13.89,162,22.54
1787635354.4767377,259,13.94,6,30.0
1787635354.6206808,260,13.89,7,30.0
1787635354.7599854,260,13.89,14,30.0
1787635354.8988433,276,13.06,14,30.0
1787635355.0419326,266,13.56,210,17.29
1787635355.1973164,279,12.91,39,30.0
1787635355.3412473,273,13.21,21,30.0
1787635355.4998956,265,13.62,4,30.0
1787635355.640904,266,13.56,13,30.0
1787635355.7969282,269,13.41,6,30.0
1787635355.9666123,270,13.36,17,30.0
1787635356.12176,277,13.01,236,15.34
1787635356.2568789,272,13.26,6,30.0
1787635356.4168174,285,12.63,6,30.0
1787635356.5568178,283,12.72,6,30.0
1787635356.70174,280,12.87,7,30.0
1787635356.8379421,279,12.91,6,30.0
1787635356.981591,290,12.41,187,19.47
1787635357.1171134,290,12.41,158,23.12
1787635357.261833,295,12.19,136,26.93
1787635357.419332,295,12.19,176,20.72
1787635357.5769024,301,11.94,68,30.0
1787635357.7231245,301,11.94,88,30.0
1787635357.8567643,306,11.74,6,30.0
1787635358.001971,300,11.98,4,30.0
1787635358.1566706,375,9.5,10,30.0
1787635358.2979136,369,9.66,6,30.0
1787635358.4369175,355,10.06,34,30.0
1787635358.5967531,346,10.33,45,30.0
1787635358.76209,329,10.89,6,30.0
1787635358.9206629,311,11.54,262,13.78
1787635359.0819252,277,13.01,99,30.0
1787635359.2428594,260,13.89,188,19.37
1787635359.4017305,254,14.23,6,30.0
1787635359.5387285,255,14.17,6,30.0
1787635359.6868012,248,14.58,6,30.0
1787635359.8389323,248,14.58,125,29.34
1787635359.9975808,243,14.89,6,30.0
1787635360.1366801,243,14.89,10,30.0
1787635360.2969918,236,15.34,147,24.89
1787635360.4767148,240,15.08,22,30.0
1787635360.6170356,232,15.61,8,30.0
1787635360.8020723,228,15.9,178,20.48
1787635360.9808612,226,16.04,62,30.0
1787635361.1407964,221,16.41,164,22.26
1787635361.2804189,225,16.11,276,13.06
1787635361.439328,219,16.57,135,27.14
1787635361.576731,219,16.57,172,21.21
1787635361.7200987,220,16.49,150,24.38
1787635361.8629103,222,16.34,158,23.12
1787635362.0223994,228,15.9,6,30.0
1787635362.1624987,214,16.96,269,13.41
1787635362.2970674,220,16.49,6,30.0
1787635362.4565992,213,17.04,5,30.0
1787635362.642002,206,17.64,6,30.0
1787635362.7801335,208,17.46,6,30.0
1787635362.9385853,214,16.96,6,30.0
1787635363.1020794,205,17.73,8,30.0
1787635363.241861,206,17.64,6,30.0
1787635363.396621,206,17.64,6,30.0
1787635363.5418487,200,18.18,6,30.0
1787635363.6817224,188,19.37,6,30.0
1787635363.8418226,195,18.66,6,30.0
1787635363.9823446,171,21.33,6,30.0
1787635364.156663,184,19.8,6,30.0
1787635364.3005888,199,18.27,6,30.0
1787635364.442404,206,17.64,6,30.0
1787635364.5828834,227,15.97,6,30.0
1787635364.7224743,230,15.75,6,30.0
1787635364.8832712,231,15.68,7,30.0
1787635365.0213687,247,14.64,52,30.0
1787635365.1824267,247,14.64,194,18.76
1787635365.3435142,260,13.89,174,20.96
1787635365.4810288,272,13.26,121,30.0
1787635365.6673539,283,12.72,8,30.0
1787635365.8204253,301,11.94,6,30.0
1787635365.9809518,306,11.74,6,30.0
1787635366.1172857,324,11.06,10,30.0
1787635366.2824435,343,10.43,10,30.0
1787635366.4370778,381,9.34,45,30.0
1787635366.597787,423,8.37,6,30.0
1787635366.7379448,432,8.19,146,25.06
1787635366.8812711,467,7.55,43,30.0
1787635367.0171063,491,7.16,51,30.0
1787635367.2022674,495,7.1,58,30.0
1787635367.3624492,506,6.93,7,30.0
1787635367.4971025,496,7.08,52,30.0
1787635367.6625884,484,7.27,170,21.46
1787635367.8018188,439,8.05,215,16.88
1787635367.9624748,421,8.42,45,30.0
1787635368.1185098,387,9.19,218,16.64
1787635368.279234,357,10.0,211,17.21
1787635368.4390888,338,10.59,170,21.46
1787635368.5832405,301,11.94,130,28.2
1787635368.7226021,284,12.68,110,30.0
1787635368.883162,277,13.01,82,30.0
1787635369.037855,265,13.62,122,30.0
1787635369.1971393,254,14.23,58,30.0
1787635369.383014,251,14.4,211,17.21
1787635369.5377772,236,15.34,33,30.0
1787635369.7025573,237,15.28,264,13.67
1787635369.8616495,223,16.26,368,9.69
1787635369.9986298,222,16.34,5,30.0
1787635370.1424315,217,16.72,218,16.64
1787635370.3023982,226,16.04,272,13.26
1787635370.480143,199,18.27,64,30.0
1787635370.6390626,194,18.76,102,30.0
1787635370.8043451,188,19.37,234,15.48
1787635370.9576328,185,19.69,123,30.0
1787635371.1180177,183,19.91,228,15.9
1787635371.257379,175,20.84,223,16.26
1787635371.4425352,183,19.91,224,16.19
1787635371.6017325,170,21.46,237,15.28
1787635371.7375765,174,20.96,188,19.37
1787635371.8975236,168,21.72,271,13.31
1787635372.0438597,163,22.4,219,16.57
1787635372.2269444,169,21.59,225,16.11
1787635372.3818915,150,24.38,211,17.21
1787635372.5829778,163,22.4,197,18.46
1787635372.7577462,154,23.74,188,19.37
1787635372.9217982,141,25.96,203,17.91
1787635373.101045,129,28.42,232,15.61
1787635373.2367964,113,30.0,204,17.82
1787635373.3833802,117,30.0,229,15.82
1787635373.516993,125,29.34,210,17.29
1787635373.702931,118,30.0,222,16.34
1787635373.8823504,108,30.0,244,14.83
1787635374.0206234,110,30.0,225,16.11
1787635374.166055,112,30.0,217,16.72
1787635374.3419976,102,30.0,268,13.46
1787635374.502361,102,30.0,200,18.18
1787635374.6641095,108,30.0,216,16.8
1787635374.7967577,108,30.0,235,15.41
1787635374.9567118,112,30.0,235,15.41
1787635375.0975606,107,30.0,211,17.21
1787635375.2570052,114,30.0,244,14.83
1787635375.4172175,123,30.0,219,16.57
1787635375.5569582,129,28.42,170,21.46
1787635375.7177746,143,25.59,263,13.72
1787635375.9021702,141,25.96,226,16.04
1787635376.0402534,152,24.05,222,16.34
1787635376.1814325,162,22.54,253,14.28
1787635376.3198547,170,21.46,218,16.64
1787635376.4568331,172,21.21,239,15.14
1787635376.6194935,188,19.37,272,13.26
1787635376.7623916,188,19.37,264,13.67
1787635376.9030147,198,18.37,229,15.82
1787635377.0378757,195,18.66,212,17.13
1787635377.202689,175,20.84,223,16.26
1787635377.3788352,158,23.12,218,16.64
1787635377.5187917,140,26.15,199,18.27
1787635377.6766953,110,30.0,188,19.37
1787635377.8609207,86,30.0,212,17.13
1787635378.0207667,68,30.0,264,13.67
1787635378.1568406,67,30.0,222,16.34
1787635378.2988136,75,30.0,177,20.6
1787635378.44216,86,30.0,154,23.74
1787635378.5781755,104,30.0,171,21.33
1787635378.7368824,117,30.0,125,29.34
1787635378.9233794,127,28.87,186,19.58
1787635379.0817375,129,28.42,195,18.66
1787635379.2368665,134,27.34,194,18.76
1787635379.3781147,141,25.96,90,30.0
1787635379.5187318,141,25.96,133,27.55
1787635379.6629322,147,24.89,176,20.72
1787635379.8020668,158,23.12,141,25.96
1787635379.9631245,152,24.05,170,21.46
1787635380.121701,152,24.05,129,28.42
1787635380.257169,157,23.27,183,19.91
1787635380.416882,159,22.98,133,27.55
1787635380.5768821,156,23.43,205,17.73
1787635380.7373102,170,21.46,188,19.37
1787635380.897581,186,19.58,163,22.4
1787635381.0577447,200,18.18,92,30.0
1787635381.2179582,213,17.04,155,23.58
1787635381.377809,239,15.14,171,21.33
1787635381.5189755,254,14.23,164,22.26
1787635381.657616,283,12.72,153,23.89
1787635381.8179457,306,11.74,176,20.72
1787635381.979073,295,12.19,157,23.27
1787635382.1230044,265,13.62,207,17.55
1787635382.2576625,230,15.75,373,9.55
1787635382.4182098,172,21.21,253,14.28
1787635382.5772235,16,30.0,212,17.13
1787635382.7613862,64,30.0,247,14.64
1787635382.9336429,225,16.11,260,13.89
1787635383.0770319,286,12.59,462,7.63
1787635430.477847,242,14.95,176,20.72
1787635430.7673194,243,14.89,138,26.54
1787635430.9478705,242,14.95,39,30.0
1787635431.177012,241,15.02,176,20.72
1787635431.3816376,262,13.78,109,30.0
1787635431.500893,245,14.76,70,30.0
1787635431.7975144,241,15.02,8,30.0
1787635431.9171305,243,14.89,147,24.89
1787635432.1796231,243,14.89,6,30.0
1787635432.3170538,242,14.95,10,30.0
1787635432.4587648,244,14.83,70,30.0
1787635432.6275146,249,14.52,79,30.0
1787635432.777744,248,14.58,217,16.72
1787635432.922438,254,14.23,6,30.0
1787635433.0621276,259,13.94,6,30.0
1787635433.2007663,268,13.46,6,30.0
1787635433.339574,269,13.41,6,30.0
1787635433.4789696,271,13.31,39,30.0
1787635433.6166148,283,12.72,6,30.0
1787635433.7569866,293,12.28,6,30.0
1787635433.9168653,296,12.15,6,30.0
1787635434.0568388,301,11.94,6,30.0
1787635434.1969774,307,11.7,90,30.0
1787635434.3365586,318,11.28,213,17.04
1787635434.4970174,348,10.27,200,18.18
1787635434.6385734,347,10.3,267,13.51
1787635434.7983236,375,9.5,213,17.04
1787635434.9414563,398,8.93,136,26.93
1787635435.1013718,428,8.27,84,30.0
1787635435.2384393,443,7.98,146,25.06
1787635435.3966522,460,7.67,97,30.0
1787635435.5373952,490,7.17,57,30.0
1787635435.720108,506,6.93,6,30.0
1787635435.9167597,517,6.78,6,30.0
1787635436.0600815,462,7.63,5,30.0
1787635436.2571392,472,7.46,6,30.0
1787635436.3772168,492,7.14,10,30.0
1787635436.5171862,478,7.36,6,30.0
1787635436.7645397,472,7.46,6,30.0
1787635436.9373684,472,7.46,115,30.0
1787635437.097818,456,7.74,6,30.0
1787635437.2413535,450,7.85,6,30.0
1787635437.3973796,432,8.19,11,30.0
1787635437.5572453,422,8.4,141,25.96
1787635437.6807604,405,8.77,6,30.0
1787635437.8570879,386,9.22,6,30.0
1787635438.0006082,364,9.8,105,30.0
1787635438.142374,365,9.77,6,30.0
1787635438.2781906,330,10.85,663,5.19
1787635438.4382253,318,11.28,270,3.0
1787635438.5808706,307,11.7,233,3.0
1787635438.7375867,302,11.9,6,30.0
1787635438.8818932,306,11.74,212,17.13
1787635439.02235,326,10.99,195,18.66
1787635439.2298205,307,11.7,223,16.26
1787635439.3768868,306,11.74,6,30.0
1787635439.5369186,307,11.7,272,13.26
1787635439.6770146,312,11.5,128,28.64
1787635439.896722,318,11.28,22,30.0
1787635440.1488268,319,11.24,6,30.0
1787635440.3204362,328,10.92,6,30.0
1787635440.5325942,341,10.49,6,30.0
1787635440.6768131,347,10.3,6,30.0
1787635440.8184252,363,9.83,6,30.0
1787635440.9599876,386,9.22,6,30.0
1787635441.1179116,361,9.88,6,30.0
1787635441.2580657,362,9.86,6,30.0
1787635441.399636,358,9.97,6,30.0
1787635441.5368145,352,10.15,6,30.0
1787635441.67815,318,11.28,6,30.0
1787635441.818874,317,11.32,6,30.0
1787635441.9624703,335,10.68,6,30.0
1787635442.1381555,352,10.15,6,30.0
1787635442.2779195,381,9.34,6,30.0
1787635442.4571662,421,8.42,6,30.0
1787635442.5991492,461,7.65,6,30.0
1787635442.7579265,496,7.08,6,30.0
1787635442.9171567,557,6.26,6,30.0
1787635443.1000295,590,5.89,6,30.0
1787635443.2406158,633,5.46,76,30.0
1787635443.3772235,673,5.11,22,30.0
1787635443.5677788,713,4.8,270,13.36
1787635443.720632,732,4.66,315,11.39
1787635443.8780997,730,4.68,120,30.0
1787635444.0170474,727,4.7,195,18.66
1787635444.1769779,731,4.67,8,30.0
1787635444.3269737,727,4.7,104,30.0
1787635444.457241,730,4.68,196,18.56
1787635444.6169765,730,4.68,194,18.76
1787635444.7579844,723,4.73,189,19.26
1787635444.9010231,730,4.68,192,18.96
1787635445.0615497,731,4.67,152,24.05
1787635445.2001395,731,4.67,231,15.68
1787635445.3588765,709,4.83,227,15.97
1787635445.496854,689,4.98,224,16.19
1787635445.6571054,655,5.26,194,18.76
1787635445.8241158,602,5.76,223,16.26
1787635445.9575634,539,6.48,235,15.41
1787635446.1174908,512,6.85,212,17.13
1787635446.2776368,474,7.43,232,15.61
1787635446.4212863,427,8.29,232,15.61
1787635446.5815136,399,8.9,243,14.89
1787635446.7418358,364,9.8,234,15.48
1787635446.8980384,329,10.89,184,19.8
1787635447.03693,311,11.54,190,19.16
1787635447.1767383,301,11.94,214,16.96
1787635447.3369372,300,11.98,253,14.28
1787635447.4971812,295,12.19,247,14.64
1787635447.6571364,290,12.41,218,16.64
1787635447.857166,283,12.72,244,14.83
1787635447.9980772,282,12.77,275,13.11
1787635448.1371942,284,12.68,280,12.87
1787635448.2767017,284,12.68,134,27.34
1787635448.4608872,284,12.68,110,30.0
1787635448.5978382,286,12.59,215,16.88
1787635448.7791066,287,12.54,224,16.19
1787635448.9377205,292,12.32,235,15.41
1787635449.0979154,295,12.19,191,19.06
1787635449.2369285,301,11.94,216,16.8
1787635449.376837,300,11.98,223,16.26
1787635449.5389993,307,11.7,185,19.69
1787635449.6979198,315,11.39,69,30.0
1787635449.8570652,318,11.28,141,25.96
1787635450.0378807,323,11.1,81,30.0
1787635450.1833637,334,10.72,111,30.0
1787635450.3577216,346,10.33,171,21.33
1787635450.4977255,358,9.97,128,28.64
1787635450.6569633,369,9.66,107,30.0
1787635450.8014712,387,9.19,99,30.0
1787635450.9392703,399,8.9,180,20.25
1787635451.0990272,411,8.63,106,30.0
1787635451.236912,403,8.81,180,20.25
1787635451.421911,400,8.88,152,24.05
1787635451.5979352,400,8.88,168,21.72
1787635451.7376385,399,8.9,147,24.89
1787635451.899034,394,9.02,111,30.0
1787635452.0610652,381,9.34,270,13.36
1787635452.2407703,358,9.97,236,15.34
1787635452.3813276,262,13.78,242,14.95
1787635452.5413196,295,12.19,268,13.46
1787635452.7353652,301,11.94,207,17.55
1787635452.8773332,293,12.28,223,16.26
1787635453.016716,278,12.96,181,20.13
1787635453.1607049,264,13.67,111,30.0
1787635453.3181016,264,13.67,229,15.82
1787635453.4769206,248,14.58,216,16.8
1787635453.616686,243,14.89,146,25.06
1787635453.7567415,239,15.14,159,22.98
1787635453.9166908,236,15.34,159,22.98
1787635454.0773208,231,15.68,204,17.82
1787635454.237524,221,16.41,155,23.58
1787635454.4215903,225,16.11,147,24.89
1787635454.5577123,222,16.34,128,28.64
1787635454.7419484,219,16.57,175,20.84
1787635454.898865,225,16.11,212,17.13
1787635455.036932,226,16.04,193,18.85
1787635455.20302,219,16.57,171,21.33
1787635455.35722,222,16.34,70,30.0
1787635455.4978747,220,16.49,76,30.0
1787635455.6575675,220,16.49,98,30.0
1787635455.802485,226,16.04,84,30.0
1787635455.9810758,224,16.19,247,14.64
1787635456.1423512,225,16.11,128,28.64
1787635456.2773027,232,15.61,206,17.64
1787635456.4412665,229,15.82,102,30.0
1787635456.601302,233,15.55,200,18.18
1787635456.7618716,237,15.28,157,23.27
1787635456.8976624,251,14.4,161,22.69
1787635457.0406442,241,15.02,182,20.02
1787635457.1868374,249,14.52,246,14.7
1787636156.5482655,381,9.34,176,20.72
1787636156.752347,381,9.34,206,17.64
1787636156.9692426,381,9.34,212,17.13
1787636157.163563,381,9.34,246,14.7
1787636157.385785,381,9.34,223,16.26
1787636157.5872567,380,9.37,205,17.73
1787636157.777316,381,9.34,241,15.02
1787636158.0053716,401,8.86,235,15.41
1787636158.1909523,381,9.34,200,18.18
1787636158.3905356,381,9.34,182,20.02
1787636158.5318055,382,9.32,177,20.6
1787636158.682448,381,9.34,183,19.91
1787636158.8304322,376,9.47,187,19.47
1787636158.9694476,375,9.5,190,19.16
1787636159.1291316,375,9.5,210,17.29
1787636159.2683828,370,9.63,135,27.14
1787636159.4132254,368,9.69,158,23.12
1787636159.5535762,364,9.8,168,21.72
1787636159.691894,382,9.32,165,22.13
1787636159.8353179,357,10.0,161,22.69
1787636160.0138292,358,9.97,225,16.11
1787636160.1698663,351,10.18,228,15.9
1787636160.3299098,352,10.15,164,22.26
1787636160.461494,366,9.74,183,19.91
1787636160.6252284,346,10.33,188,19.37
1787636160.784263,338,10.59,194,18.76
1787636160.9740813,340,10.52,152,24.05
1787636161.1535845,334,10.72,134,27.34
1787636161.2904756,333,10.75,144,25.41
1787636161.4341319,323,11.1,204,17.82
1787636161.5743015,318,11.28,213,17.04
1787636161.7015917,300,11.98,206,17.64
1787636161.8939364,290,12.41,206,17.64
1787636162.0305965,296,12.15,194,18.76
1787636162.183701,286,12.59,188,19.37
1787636162.3309863,274,13.16,113,30.0
1787636162.4702547,271,13.31,210,17.29
1787636162.611351,265,13.62,189,19.26
1787636162.770549,260,13.89,140,26.15
1787636162.932797,256,14.11,166,21.99
1787636163.0894878,243,14.89,161,22.69
1787636163.2338555,231,15.68,152,24.05
1787636163.3920188,219,16.57,224,16.19
1787636163.5341737,214,16.96,206,17.64
1787636163.6828532,200,18.18,248,14.58
1787636163.8431437,188,19.37,188,19.37
1787636164.0098217,172,21.21,240,15.08
1787636164.1691759,167,21.86,225,16.11
1787636164.3127165,148,24.72,287,12.54
1787636164.4401073,129,28.42,199,18.27
1787636164.6120067,123,30.0,253,14.28
1787636164.7610712,116,30.0,187,19.47
1787636164.9530797,100,30.0,199,18.27
1787636165.0899854,99,30.0,229,15.82
1787636165.2553086,92,30.0,216,16.8
1787636165.414618,104,30.0,215,16.88
1787636165.5606403,101,30.0,139,26.34
1787636165.722019,121,30.0,146,25.06
1787636165.9132721,129,28.42,146,25.06
1787636166.0722735,141,25.96,87,30.0
1787636166.2007692,185,19.69,99,30.0
1787636166.3689713,189,19.26,128,28.64
1787636166.513589,168,21.72,251,14.4
1787636166.650722,197,18.46,170,21.46
1787636166.7840495,180,20.25,197,18.46
1787636166.948409,191,19.06,207,17.55
1787636167.07981,204,17.82,193,18.85
1787636167.2235968,255,14.17,206,17.64
1787636167.3726108,241,15.02,202,18.0
1787636167.5115523,262,13.78,192,18.96
1787636167.6696703,263,13.72,207,17.55
1787636167.8137925,260,13.89,194,18.76
1787636167.9698536,243,14.89,202,18.0
1787636168.1304998,254,14.23,206,17.64
1787636168.2738287,249,14.52,188,19.37
1787636168.4531987,258,14.0,254,14.23
1787636168.5799506,254,14.23,211,17.21
1787636168.771749,266,13.56,209,17.38
1787636168.9006367,245,14.76,229,15.82
1787636169.0729556,260,13.89,241,15.02
1787636169.2055302,254,14.23,205,17.73
1787636169.3933783,248,14.58,235,15.41
1787636169.532024,266,13.56,246,14.7
1787636169.7244627,272,13.26,243,14.89
1787636169.8929355,267,13.51,218,16.64
1787636170.0314775,291,12.36,237,15.28
1787636170.1617582,266,13.56,234,15.48
1787636170.3529942,271,13.31,232,15.61
1787636170.5094032,276,13.06,252,14.34
1787636170.6691864,259,13.94,237,15.28
1787636170.81369,273,13.21,227,15.97
1787636170.9729397,266,13.56,251,14.4
1787636171.1118913,280,12.87,253,14.28
1787636171.242033,280,12.87,249,14.52
1787636171.4001093,272,13.26,264,13.67
1787636171.5446904,294,12.23,217,16.72
1787636171.6880968,271,13.31,216,16.8
1787636171.8323002,287,12.54,224,16.19
1787636171.9728081,265,13.62,206,17.64
1787636172.1343684,277,13.01,204,17.82
1787636172.2740645,265,13.62,206,17.64
1787636172.4224272,281,12.82,181,20.13
1787636172.616845,271,13.31,182,20.02
1787636172.759744,265,13.62,158,23.12
1787636172.9183927,247,14.64,141,25.96
1787636173.0729778,268,13.46,102,30.0
1787636173.214923,523,6.69,112,30.0
1787636173.3918836,522,6.71,105,30.0
1787636173.5325403,313,11.46,81,30.0
1787636173.6863291,104,30.0,78,30.0
1787636173.829878,7,30.0,76,30.0
1787636173.973577,127,28.87,46,30.0
1787636174.112032,271,13.31,34,30.0
1787636174.2610183,278,12.96,35,30.0
1787636174.4214551,264,13.67,31,30.0
1787636174.5854855,266,13.56,28,30.0
1787636174.7729235,273,13.21,34,30.0
1787636174.931427,301,11.94,28,30.0
1787636175.1047907,266,13.56,33,30.0
1787636175.2527478,271,13.31,27,30.0
1787636175.4133003,254,14.23,28,30.0
1787636175.553669,261,13.83,27,30.0
1787636175.712499,261,13.83,22,30.0
1787636175.8599434,266,13.56,34,30.0
1787636176.032196,274,13.16,21,30.0
1787636176.1915698,260,13.89,28,30.0
1787636176.3398387,283,12.72,28,30.0
1787636176.5325494,259,13.94,22,30.0
1787636176.6697197,278,12.96,39,30.0
1787636176.8336327,289,12.45,36,30.0
1787636176.9700854,277,13.01,17,30.0
1787636177.153408,289,12.45,81,30.0
1787636177.313294,260,13.89,14,30.0
1787636177.4418638,272,13.26,17,30.0
1787636177.5924509,258,14.0,17,30.0
1787636177.77189,289,12.45,17,30.0
1787636177.920917,248,14.58,17,30.0
1787636206.7403927,353,10.12,237,15.28
1787636206.9422948,352,10.15,199,18.27
1787636207.0735803,371,9.61,187,19.47
1787636207.3382587,351,10.18,205,17.73
1787636207.4696465,352,10.15,204,17.82
1787636207.7618825,351,10.18,235,15.41
1787636207.8933895,352,10.15,177,20.6
1787636208.1584413,354,10.09,203,17.91
1787636208.3029008,353,10.12,179,20.36
1787636208.575535,353,10.12,188,19.37
1787636208.7062767,351,10.18,223,16.26
1787636208.8519728,353,10.12,171,21.33
1787636208.9936316,352,10.15,182,20.02
1787636209.1471157,351,10.18,193,18.85
1787636209.2894466,363,9.83,175,20.84
1787636209.427947,351,10.18,177,20.6
1787636209.5734286,352,10.15,201,18.09
1787636209.712605,353,10.12,181,20.13
1787636209.8517706,352,10.15,218,16.64
1787636209.9908643,356,10.03,200,18.18
1787636210.1512015,373,9.55,217,16.72
1787636210.2812781,353,10.12,173,21.08
1787636210.4381287,352,10.15,171,21.33
1787636210.5980833,352,10.15,204,17.82
1787636210.7412107,352,10.15,182,20.02
1787636210.9319181,352,10.15,140,26.15
1787636211.128619,352,10.15,176,20.72
1787636211.2656128,342,10.46,195,18.66
1787636211.4107537,347,10.3,218,16.64
1787636211.5529284,343,10.43,146,25.06
1787636211.7145908,347,10.3,206,17.64
1787636211.841805,346,10.33,134,27.34
1787636212.0023406,347,10.3,146,25.06
1787636212.171207,341,10.49,152,24.05
1787636212.3300147,365,9.77,164,22.26
1787636212.4580543,340,10.52,152,24.05
1787636212.6327856,342,10.46,192,18.96
1787636212.7622435,336,10.65,116,30.0
1787636212.921352,312,11.5,201,18.09
1787636213.1126666,307,11.7,173,21.08
1787636213.290842,326,10.99,170,21.46
1787636213.4223523,307,11.7,205,17.73
1787636213.5944176,305,11.78,156,23.43
1787636213.7398338,302,11.9,165,22.13
1787636213.8995152,306,11.74,140,26.15
1787636214.085098,301,11.94,202,18.0
1787636214.2535408,301,11.94,183,19.91
1787636214.3924112,294,12.23,201,18.09
1787636214.5204818,299,12.02,211,17.21
1787636214.6608183,298,12.06,231,15.68
1787636214.8008142,296,12.15,217,16.72
1787636214.992938,288,12.5,229,15.82
1787636215.1313455,290,12.41,195,18.66
1787636215.27355,277,13.01,175,20.84
1787636215.409191,279,12.91,200,18.18
1787636215.551435,277,13.01,182,20.02
1787636215.7091653,271,13.31,182,20.02
1787636215.8410847,265,13.62,195,18.66
1787636216.0324194,266,13.56,183,19.91
1787636216.171527,260,13.89,167,21.86
1787636216.3112497,254,14.23,218,16.64
1787636216.4484272,255,14.17,215,16.88
1787636216.5860875,243,14.89,229,15.82
1787636216.7318382,243,14.89,178,20.48
1787636216.8717334,231,15.68,163,22.4
1787636217.0093145,231,15.68,168,21.72
1787636217.137672,239,15.14,227,15.97
1787636217.3128357,214,16.96,171,21.33
1787636217.4611442,206,17.64,199,18.27
1787636217.6454182,205,17.73,190,19.16
1787636217.7898993,198,18.37,224,16.19
1787636217.9317417,193,18.85,270,13.36
1787636218.0604303,214,16.96,182,20.02
1787636218.2018712,171,21.33,253,14.28
1787636218.3486216,168,21.72,217,16.72
1787636218.4775937,172,21.21,252,14.34
1787636218.631626,177,20.6,228,15.9
1787636218.7920022,177,20.6,198,18.37
1787636218.9204757,170,21.46,185,19.69
1787636219.0910811,172,21.21,170,21.46
1787636219.2196777,164,22.26,206,17.64
1787636219.3940942,175,20.84,197,18.46
1787636219.5513606,158,23.12,151,24.22
1787636219.6879578,150,24.38,217,16.72
1787636219.8377414,146,25.06,229,15.82
1787636219.9853015,140,26.15,226,16.04
1787636220.1307476,154,23.74,197,18.46
1787636220.2587266,126,29.1,183,19.91
1787636220.423051,129,28.42,247,14.64
1787636220.5921931,117,30.0,233,15.55
1787636220.7516956,110,30.0,238,15.21
1787636220.8796864,113,30.0,200,18.18
1787636221.0897946,103,30.0,239,15.14
1787636221.232683,102,30.0,231,15.68
1787636221.392967,92,30.0,188,19.37
1787636221.5532439,118,30.0,200,18.18
1787636221.6807761,105,30.0,176,20.72
1787636221.8408697,111,30.0,155,23.58
1787636222.0020695,114,30.0,106,30.0
1787636222.1524212,135,27.14,89,30.0
1787636222.2894413,204,17.82,123,30.0
1787636222.4324105,139,26.34,129,28.42
1787636222.5895953,135,27.14,161,22.69
1787636222.768074,151,24.22,164,22.26
1787636222.9116888,143,25.59,189,19.26
1787636223.0725234,138,26.54,218,16.64
1787636223.211349,144,25.41,212,17.13
1787636223.3611622,158,23.12,212,17.13
1787636223.5177665,220,16.49,264,13.67
1787636223.6925924,239,15.14,231,15.68
1787636223.8387492,278,12.96,219,16.57
1787636224.0301754,269,13.41,241,15.02
1787636224.1890855,254,14.23,200,18.18
1787636224.3316329,249,14.52,226,16.04
1787636224.470079,238,15.21,241,15.02
1787636224.6214552,249,14.52,194,18.76
1787636224.7653177,242,14.95,201,18.09
1787636224.904314,255,14.17,193,18.85
1787636225.077248,251,14.4,158,23.12
1787636225.2009394,238,15.21,166,21.99
1787636225.3520956,252,14.34,176,20.72
1787636225.4879608,254,14.23,185,19.69
1787636225.6304693,260,13.89,178,20.48
1787636225.772056,248,14.58,179,20.36
1787636225.911696,241,15.02,182,20.02
1787636226.0511987,248,14.58,177,20.6
1787636226.1891894,260,13.89,174,20.96
1787636226.3286796,243,14.89,192,18.96
1787636226.4878953,249,14.52,188,19.37
1787636226.6423945,254,14.23,146,25.06
1787636226.7846806,267,13.51,194,18.76
1787636226.93725,248,14.58,177,20.6
1787636227.0821562,254,14.23,218,16.64
1787636227.2719789,242,14.95,223,16.26
1787636227.4312046,246,14.7,247,14.64
1787636227.572187,260,13.89,188,19.37
1787636227.7315714,263,13.72,229,15.82
1787636227.868092,271,13.31,235,15.41
1787636228.0268981,266,13.56,235,15.41
1787636228.1711118,284,12.68,202,18.0
1787636228.2989988,267,13.51,251,14.4
1787636228.4901338,278,12.96,219,16.57
1787636228.6500967,272,13.26,254,14.23
1787636228.7934628,266,13.56,241,15.02
1787636228.9723754,268,13.46,208,17.46
1787636229.151607,274,13.16,252,14.34
1787636229.2793941,254,14.23,229,15.82
1787636229.4387908,274,13.16,248,14.58
1787636229.591449,256,14.11,211,17.21
1787636229.7513285,283,12.72,223,16.26
1787636229.882949,277,13.01,211,17.21
1787636230.0524344,283,12.72,229,15.82
1787636230.2101054,254,14.23,265,13.62
1787636230.3518124,266,13.56,241,15.02
1787636230.487562,261,13.83,234,15.48
1787636230.631563,262,13.78,217,16.72
1787636230.771572,277,13.01,204,17.82
1787636230.905661,272,13.26,200,18.18
1787636231.0725327,264,13.67,205,17.73
1787636231.2035792,283,12.72,204,17.82
1787636231.3465376,284,12.68,247,14.64
1787636231.4817076,272,13.26,221,16.41
1787636231.6718032,264,13.67,216,16.8
1787636231.8113897,274,13.16,226,16.04
1787636231.965873,278,12.96,228,15.9
1787636232.1111493,268,13.46,247,14.64
1787636232.2394066,276,13.06,228,15.9
1787636327.975762,341,10.49,193,18.85
1787636328.1687226,341,10.49,183,19.91
1787636328.371364,339,10.55,192,18.96
1787636328.584823,340,10.52,222,16.34
1787636328.7933016,341,10.49,205,17.73
1787636328.9986036,359,9.94,200,18.18
1787636329.1269498,339,10.55,199,18.27
1787636329.5909622,339,10.55,234,15.48
1787636329.8076746,338,10.59,237,15.28
1787636329.9448857,340,10.52,212,17.13
1787636330.0922985,341,10.49,214,16.96
1787636330.2677429,341,10.49,188,19.37
1787636330.4109678,346,10.33,208,17.46
1787636330.570837,341,10.49,176,20.72
1787636330.710147,341,10.49,232,15.61
1787636330.8489602,341,10.49,158,23.12
1787636330.9875903,344,10.39,217,16.72
1787636331.1471765,340,10.52,217,16.72
1787636331.307842,341,10.49,177,20.6
1787636331.4437428,341,10.49,174,20.96
1787636331.5902476,341,10.49,187,19.47
1787636331.7427452,341,10.49,122,30.0
1787636331.8796194,340,10.52,152,24.05
1787636332.038094,340,10.52,140,26.15
1787636332.1980073,336,10.65,117,30.0
1787636332.364052,336,10.65,205,17.73
1787636332.5018122,334,10.72,182,20.02
1787636332.6918857,335,10.68,212,17.13
1787636332.8288236,335,10.68,195,18.66
1787636332.9822075,336,10.65,135,27.14
1787636333.1416483,329,10.89,131,27.98
1787636333.2855754,329,10.89,117,30.0
1787636333.4415965,330,10.85,172,21.21
1787636333.589366,329,10.89,140,26.15
1787636333.7305896,323,11.1,130,28.2
1787636333.8699923,318,11.28,171,21.33
1787636334.0019157,319,11.24,123,30.0
1787636334.168331,300,11.98,148,24.72
1787636334.3173773,295,12.19,105,30.0
1787636334.4943454,301,11.94,126,29.1
1787636334.6496778,294,12.23,170,21.46
1787636334.8109384,301,11.94,202,18.0
1787636334.9438286,296,12.15,171,21.33
1787636335.0954304,295,12.19,158,23.12
1787636335.2474537,295,12.19,177,20.6
1787636335.4020731,289,12.45,219,16.57
1787636335.5535553,296,12.15,176,20.72
1787636335.6924999,295,12.19,194,18.76
1787636335.8213298,307,11.7,207,17.55
1787636335.9902122,308,11.66,209,17.38
1787636336.1178193,289,12.45,170,21.46
1787636336.2894661,283,12.72,188,19.37
1787636336.4510124,283,12.72,207,17.55
1787636336.6072984,283,12.72,238,15.21
1787636336.768249,284,12.68,211,17.21
1787636336.9427657,277,13.01,143,25.59
1787636337.0921507,278,12.96,202,18.0
1787636337.2386627,275,13.11,175,20.84
1787636337.380317,272,13.26,213,17.04
1787636337.5590806,271,13.31,194,18.76
1787636337.7510755,265,13.62,222,16.34
1787636337.8777058,265,13.62,188,19.37
1787636338.0372467,265,13.62,218,16.64
1787636338.230061,260,13.89,176,20.72
1787636338.370163,259,13.94,240,15.08
1787636338.5274007,253,14.28,182,20.02
1787636338.6696165,249,14.52,212,17.13
1787636338.80671,249,14.52,165,22.13
1787636338.949637,243,14.89,160,22.83
1787636339.0924215,262,13.78,176,20.72
1787636339.2172165,237,15.28,181,20.13
1787636339.402249,241,15.02,238,15.21
1787636339.546418,237,15.28,206,17.64
1787636339.6815195,232,15.61,185,19.69
1787636339.8250513,225,16.11,216,16.8
1787636339.9657757,239,15.14,229,15.82
1787636340.1101787,242,14.95,211,17.21
1787636340.2594807,254,14.23,235,15.41
1787636340.417372,259,13.94,194,18.76
1787636340.6124756,266,13.56,223,16.26
1787636340.7874706,278,12.96,181,20.13
1787636340.9270372,284,12.68,229,15.82
1787636341.0702372,289,12.45,254,14.23
1787636341.230846,301,11.94,224,16.19
1787636341.3856525,291,12.36,212,17.13
1787636341.5295134,317,11.32,230,15.75
1787636341.6576135,322,11.13,217,16.72
1787636341.8187108,329,10.89,222,16.34
1787636341.9699135,341,10.49,219,16.57
1787636342.1313193,371,9.61,224,16.19
1787636342.2917068,364,9.8,235,15.41
1787636342.4174058,380,9.37,212,17.13
1787636342.5774913,394,9.02,223,16.26
1787636342.736884,411,8.63,226,16.04
1787636342.9024863,428,8.27,206,17.64
1787636343.0621572,446,7.92,188,19.37
1787636343.2051802,461,7.65,208,17.46
1787636343.3464468,479,7.35,233,15.55
1787636343.4872932,495,7.1,217,16.72
1787636343.6291158,517,6.78,177,20.6
1787636343.772682,540,6.47,218,16.64
1787636343.909747,550,6.34,206,17.64
1787636344.0436475,579,6.0,224,16.19
1787636344.1874187,622,5.56,219,16.57
1787636344.347425,627,5.51,225,16.11
1787636344.4908051,655,5.26,177,20.6
1787636344.6185431,673,5.11,194,18.76
1787636344.7814858,688,4.99,206,17.64
1787636344.9187298,717,4.77,227,15.97
1787636345.083053,729,4.68,188,19.37
1787636345.2423515,728,4.69,194,18.76
1787636345.4009986,728,4.69,189,19.26
1787636345.547466,725,4.71,218,16.64
1787636345.7076206,730,4.68,256,14.11
1787636345.8630989,728,4.69,203,17.91
1787636346.0077393,730,4.68,199,18.27
1787636346.1387424,730,4.68,234,15.48
1787636346.3302755,730,4.68,224,16.19
1787636346.4560757,748,4.55,218,16.64
1787636346.619157,716,4.78,212,17.13
1787636346.7786274,729,4.68,204,17.82
1787636346.9477582,720,4.75,224,16.19
1787636347.0982025,694,4.94,233,15.55
1787636347.291048,702,4.88,219,16.57
1787636347.4703493,672,5.12,194,18.76
1787636347.6102307,683,5.03,236,15.34
1787636347.7696133,638,5.41,231,15.68
1787636347.909876,668,5.15,206,17.64
1787636348.0697994,655,5.26,200,18.18
1787636348.2316973,655,5.26,183,19.91
1787636348.368234,678,5.07,235,15.41
1787636348.496656,669,5.14,230,15.75
1787636348.67114,705,4.86,221,16.41
1787636348.8200727,703,4.87,200,18.18
1787636348.9893453,722,4.73,235,15.41
1787636349.1211677,726,4.7,219,16.57
1787636349.310709,730,4.68,223,16.26
1787636349.448395,729,4.68,223,16.26
1787636349.5893893,730,4.68,246,14.7
1787636349.7306066,730,4.68,267,13.51
1787636349.8851752,727,4.7,204,17.82
1787636350.028886,730,4.68,276,13.06
1787636350.1566794,727,4.7,224,16.19
1787636350.3206506,556,6.27,228,15.9
1787636350.4573696,466,7.56,217,16.72
1787636350.629078,601,5.77,212,17.13
1787636350.7909184,500,7.02,221,16.41
1787636350.9244263,534,6.55,247,14.64
1787636351.0688038,439,8.05,223,16.26
1787636351.2441902,382,9.32,200,18.18
1787636351.377177,320,11.21,199,18.27
1787636351.5520315,284,12.68,270,13.36
1787636351.7123513,254,14.23,233,15.55
1787636351.8680885,230,15.75,231,15.68
1787636352.0120761,200,18.18,235,15.41
1787636352.1394176,186,19.58,293,12.28
1787636352.303288,169,21.59,287,12.54
1787636352.4914718,158,23.12,275,13.11
1787636352.6194506,147,24.89,193,18.85
1787636352.8099053,147,24.89,212,17.13
1787636352.9457576,140,26.15,206,17.64
1787636353.089696,164,22.26,195,18.66
1787636353.2174582,151,24.22,263,13.72
1787636353.3904257,177,20.6,200,18.18
1787636353.5713973,198,18.37,222,16.34
1787636353.7313118,214,16.96,206,17.64
1787636353.8618274,182,20.02,209,17.38
1787636354.0098155,137,26.73,290,12.41
1787636354.137189,86,30.0,235,15.41
1787636354.2959552,68,30.0,250,14.46
1787636354.4630673,108,30.0,230,15.75
1787636354.6195085,137,26.73,232,15.61
1787636354.7776456,136,26.93,236,15.34
1787636354.9311519,165,22.13,6,30.0
1787636355.0704408,142,25.78,239,15.14
1787636355.2300463,150,24.38,207,17.55
1787636355.3699837,163,22.4,247,14.64
1787636355.5117478,160,22.83,158,23.12
1787636355.6669228,158,23.12,224,16.19
1787636355.8044026,169,21.59,4,30.0
1787636355.968469,175,20.84,17,30.0
1787636356.1241038,182,20.02,121,30.0
1787636356.2788723,194,18.76,230,15.75
1787636356.4398108,214,16.96,218,16.64
1787636356.6317887,217,16.72,182,20.02
1787636356.7670312,225,16.11,367,9.72
1787636356.9091294,242,14.95,205,17.73
1787636357.0503488,273,13.21,267,13.51
1787636357.2307706,273,13.21,298,12.06
1787636357.3832915,290,12.41,230,15.75
1787636357.5355027,299,12.02,235,15.41
1787636357.655795,327,10.96,293,12.28
1787636357.8218598,357,10.0,235,15.41
1787636357.9720726,377,9.45,125,29.34
1787636358.1314607,416,8.52,243,14.89
1787636358.2874968,455,7.76,213,17.04
1787636358.44702,494,7.11,327,10.96
1787636358.5890362,369,9.66,197,18.46
1787636379.1904151,272,13.26,188,19.37
1787636379.3859932,271,13.31,218,16.64
1787636379.504512,271,13.31,217,16.72
1787636379.7730043,273,13.21,241,15.02
1787636379.9875987,271,13.31,190,19.16
1787636380.1965249,271,13.31,214,16.96
1787636380.4042387,272,13.26,230,15.75
1787636380.528876,278,12.96,195,18.66
1787636380.789877,271,13.31,200,18.18
1787636381.012145,275,13.11,212,17.13
1787636381.2146626,268,13.46,171,21.33
1787636381.3546987,271,13.31,201,18.09
1787636381.4872117,277,13.01,211,17.21
1787636381.6527896,272,13.26,224,16.19
1787636381.7886043,268,13.46,158,23.12
1787636381.9324234,264,13.67,164,22.26
1787636382.0713835,266,13.56,229,15.82
1787636382.2098696,260,13.89,182,20.02
1787636382.3488064,255,14.17,140,26.15
1787636382.4927227,249,14.52,171,21.33
1787636382.6372795,254,14.23,202,18.0
1787636382.813484,243,14.89,168,21.72
1787636382.9394858,251,14.4,135,27.14
1787636383.0990489,242,14.95,147,24.89
1787636383.2633119,231,15.68,205,17.73
1787636383.4503603,228,15.9,182,20.02
1787636383.5916586,224,16.19,149,24.55
1787636383.7519844,218,16.64,112,30.0
1787636383.9037516,214,16.96,156,23.43
1787636384.0908384,198,18.37,119,30.0
1787636384.250218,187,19.47,126,29.1
1787636384.410638,183,19.91,128,28.64
1787636384.5480037,176,20.72,182,20.02
1787636384.6898901,176,20.72,183,19.91
1787636384.8324258,167,21.86,175,20.84
1787636385.0097823,173,21.08,122,30.0
1787636385.137454,163,22.4,115,30.0
1787636385.3129683,159,22.98,216,16.8
1787636385.4869184,154,23.74,211,17.21
1787636385.630538,153,23.89,146,25.06
1787636385.7738183,149,24.55,184,19.8
1787636385.901911,146,25.06,165,22.13
1787636386.0635357,150,24.38,177,20.6
1787636386.2072916,159,22.98,194,18.76
1787636386.3510883,141,25.96,229,15.82
1787636386.5048501,144,25.41,184,19.8
1787636386.6728976,129,28.42,163,22.4
1787636386.8298187,136,26.93,182,20.02
1787636386.969415,131,27.98,171,21.33
1787636387.1508715,121,30.0,176,20.72
1787636387.311327,121,30.0,135,27.14
1787636387.445107,137,26.73,164,22.26
1787636387.5911863,117,30.0,200,18.18
1787636387.7472615,137,26.73,182,20.02
1787636387.8901546,110,30.0,176,20.72
1787636388.019415,107,30.0,205,17.73
1787636388.1828623,111,30.0,183,19.91
1787636388.3719127,110,30.0,164,22.26
1787636388.509832,110,30.0,176,20.72
1787636388.6509295,110,30.0,163,22.4
1787636388.8114848,110,30.0,140,26.15
1787636388.9378295,127,28.87,215,16.88
1787636389.1082208,110,30.0,150,24.38
1787636389.2910771,96,30.0,206,17.64
1787636389.4504316,98,30.0,161,22.69
1787636389.5896664,97,30.0,163,22.4
1787636389.7386096,99,30.0,116,30.0
1787636389.9121966,98,30.0,134,27.34
1787636390.0487,101,30.0,164,22.26
1787636390.2382205,100,30.0,163,22.4
1787636390.3612974,96,30.0,149,24.55
1787636390.5333445,95,30.0,185,19.69
1787636390.691633,96,30.0,160,22.83
1787636390.8497326,99,30.0,218,16.64
1787636390.9921093,103,30.0,204,17.82
1787636391.1522188,93,30.0,194,18.76
1787636391.3126764,92,30.0,225,16.11
1787636391.4718962,103,30.0,218,16.64
1787636391.6047108,100,30.0,207,17.55
1787636391.7726364,92,30.0,200,18.18
1787636391.9308534,91,30.0,163,22.4
1787636392.0890863,93,30.0,170,21.46
1787636392.2331154,93,30.0,183,19.91
1787636392.3744123,93,30.0,182,20.02
1787636392.5240185,92,30.0,152,24.05
1787636392.683842,112,30.0,198,18.37
1787636392.8332078,87,30.0,201,18.09
1787636392.9820044,92,30.0,140,26.15
1787636393.1543968,103,30.0,150,24.38
1787636393.3045301,93,30.0,165,22.13
1787636393.446302,92,30.0,191,19.06
1787636393.5897968,87,30.0,200,18.18
1787636393.764608,96,30.0,237,15.28
1787636393.9078798,89,30.0,227,15.97
1787636394.054761,93,30.0,207,17.55
1787636394.1950865,86,30.0,195,18.66
1787636394.3325815,91,30.0,235,15.41
1787636394.4724936,86,30.0,188,19.37
1787636394.631067,89,30.0,224,16.19
1787636394.7647243,83,30.0,69,30.0
1787636394.9031975,87,30.0,14,30.0
1787636395.0766938,86,30.0,14,30.0
1787636395.2344453,92,30.0,23,30.0
1787636395.3882883,95,30.0,21,30.0
1787636395.5349479,85,30.0,22,30.0
1787636395.694227,86,30.0,110,30.0
1787636395.8334932,95,30.0,259,13.94
1787636395.9743114,85,30.0,217,16.72
1787636396.1252875,92,30.0,239,15.14
1787636422.8029938,161,22.69,122,30.0
1787636422.9972732,153,23.89,165,22.13
1787636423.1907825,155,23.58,101,30.0
1787636423.4052467,153,23.89,157,23.27
1787636423.5309546,157,23.27,176,20.72
1787636423.8156135,153,23.89,152,24.05
1787636424.0171323,155,23.58,131,27.98
1787636424.1451697,151,24.22,122,30.0
1787636424.4330933,152,24.05,142,25.78
1787636424.5972471,153,23.89,189,19.26
1787636424.752424,163,22.4,212,17.13
1787636424.91221,154,23.74,177,20.6
1787636425.0548232,147,24.89,144,25.41
1787636425.1914558,147,24.89,136,26.93
1787636425.3449945,154,23.74,182,20.02
1787636425.4938495,166,21.99,167,21.86
1787636425.631814,158,23.12,194,18.76
1787636425.7726471,156,23.43,184,19.8
1787636425.9126482,150,24.38,194,18.76
1787636426.039514,148,24.72,159,22.98
1787636426.1906037,140,26.15,117,30.0
1787636426.3541834,139,26.34,141,25.96
1787636426.4924724,140,26.15,125,29.34
1787636426.619907,140,26.15,170,21.46
1787636426.7924082,135,27.14,182,20.02
1787636426.9537299,133,27.55,163,22.4
1787636427.1044915,130,28.2,182,20.02
1787636427.2536108,128,28.64,143,25.59
1787636427.3917284,137,26.73,122,30.0
1787636427.5308204,123,30.0,153,23.89
1787636427.6742835,123,30.0,206,17.64
1787636427.8342,122,30.0,189,19.26
1787636427.9825494,122,30.0,146,25.06
1787636428.128587,128,28.64,152,24.05
1787636428.272397,120,30.0,182,20.02
1787636428.429657,118,30.0,169,21.59
1787636428.5733087,123,30.0,163,22.4
1787636428.7137198,126,29.1,148,24.72
1787636428.8740962,123,30.0,147,24.89
1787636429.0303307,110,30.0,122,30.0
1787636429.174041,119,30.0,140,26.15
1787636429.3057945,106,30.0,114,30.0
1787636429.4827073,111,30.0,135,27.14
1787636429.6324818,107,30.0,162,22.54
1787636429.7603588,104,30.0,196,18.56
1787636429.903829,107,30.0,218,16.64
1787636430.0503762,112,30.0,144,25.41
1787636430.2176979,109,30.0,188,19.37
1787636430.3854158,105,30.0,142,25.78
1787636430.5228653,100,30.0,169,21.59
1787636430.674276,112,30.0,205,17.73
1787636430.812907,102,30.0,223,16.26
1787636430.9823456,104,30.0,158,23.12
1787636431.1744647,110,30.0,178,20.48
1787636431.3339853,107,30.0,221,16.41
1787636431.4677875,118,30.0,157,23.27
1787636431.6114204,99,30.0,176,20.72
1787636431.7729795,101,30.0,158,23.12
1787636431.9160836,105,30.0,170,21.46
1787636432.0871122,118,30.0,190,19.16
1787636432.2375524,98,30.0,224,16.19
1787636432.3819146,95,30.0,194,18.76
1787636432.5563624,98,30.0,263,13.72
1787636432.7165625,108,30.0,263,13.72
1787636432.8672435,118,30.0,206,17.64
1787636433.0548348,101,30.0,253,14.28
1787636433.1835074,97,30.0,222,16.34
1787636433.3318784,97,30.0,235,15.41
1787636433.4721348,92,30.0,236,15.34
1787636433.63135,93,30.0,253,14.28
1787636433.7880535,92,30.0,242,14.95
1787636433.931206,92,30.0,189,19.26
1787636434.0863333,109,30.0,236,15.34
1787636434.2294364,103,30.0,240,15.08
1787636434.3613532,93,30.0,254,14.23
1787636434.5298824,99,30.0,217,16.72
1787636434.7173195,92,30.0,244,14.83
1787636434.8646176,102,30.0,187,19.47
1787636435.012144,94,30.0,218,16.64
1787636435.1433268,92,30.0,211,17.21
1787636435.3355088,93,30.0,236,15.34
1787636435.476864,118,30.0,241,15.02
1787636435.6339667,89,30.0,200,18.18
1787636435.7619567,104,30.0,229,15.82
1787636435.912192,90,30.0,259,13.94
1787636436.0552866,94,30.0,188,19.37
1787636436.1949906,93,30.0,230,15.75
1787636436.3438818,92,30.0,248,14.58
1787636436.4941213,92,30.0,228,15.9
1787636436.635383,106,30.0,242,14.95
1787636436.79627,86,30.0,247,14.64
1787636436.9350638,87,30.0,240,15.08
1787636437.0709906,108,30.0,224,16.19
1787636437.229942,109,30.0,235,15.41
1787636437.3743403,86,30.0,269,13.41
1787636437.5211465,86,30.0,237,15.28
1787636437.6541574,99,30.0,206,17.64
1787636437.793397,86,30.0,212,17.13
1787636437.9313319,86,30.0,191,19.06
1787636438.0740695,86,30.0,241,15.02
1787636438.2533371,86,30.0,212,17.13
1787636438.3959146,87,30.0,194,18.76
1787636438.5604124,87,30.0,236,15.34
1787636438.6946602,84,30.0,245,14.76
1787636438.8339403,91,30.0,310,11.58
1787636438.9760973,88,30.0,91,30.0
1787636439.1191003,83,30.0,242,14.95
1787636439.2509148,114,30.0,171,21.33
1787636439.3921764,91,30.0,204,17.82
1787636439.5346315,81,30.0,218,16.64
1787636439.6943767,86,30.0,230,15.75
1787636439.8275268,90,30.0,212,17.13
1787636439.9727616,98,30.0,277,13.01
1787636440.1149805,86,30.0,253,14.28
1787636440.2750998,89,30.0,229,15.82
1787636440.4004178,113,30.0,261,13.83
1787636440.5584245,129,28.42,298,12.06
1787636440.6933982,150,24.38,6,30.0
1787636440.8413937,189,19.26,217,16.72
1787636440.9638307,176,20.72,235,15.41
1787636441.116221,175,20.84,202,18.0
1787636441.2707033,196,18.56,235,15.41
1787636441.4356685,206,17.64,248,14.58
1787636441.593011,225,16.11,293,12.28
1787636441.734581,219,16.57,6,30.0
1787636441.8945606,225,16.11,22,30.0
1787636442.0278454,207,17.55,217,16.72
1787636442.1705937,201,18.09,258,14.0
1787636442.3335228,157,23.27,270,13.36
1787636442.4802568,132,27.76,267,13.51
1787636442.6328132,108,30.0,253,14.28
1787636442.7955675,97,30.0,241,15.02
1787636442.9298427,104,30.0,264,13.67
1787636443.0964515,127,28.87,252,14.34
1787636443.284805,125,29.34,211,17.21
1787636443.4036324,135,27.14,222,16.34
1787636443.5791595,128,28.64,6,30.0
1787636443.755623,128,28.64,338,10.59
1787636443.9092565,135,27.14,262,13.78
1787636444.0532649,129,28.42,224,16.19
1787636444.192277,129,28.42,216,16.8
1787636444.3462346,132,27.76,338,10.59
1787636444.494185,131,27.98,6,30.0
1787636444.631728,123,30.0,186,19.58
1787636444.8195443,124,30.0,196,18.56
1787636444.9648697,143,25.59,252,14.34
1787636445.1140308,118,30.0,186,19.58
1787636445.2529206,120,30.0,200,18.18
1787636445.3956814,134,27.34,241,15.02
1787636445.5276282,110,30.0,182,20.02
1787636445.6741452,109,30.0,285,12.63
1787636445.815918,117,30.0,114,30.0
1787636445.9536407,144,25.41,217,16.72
1787636446.0956514,163,22.4,252,14.34
1787636446.2407062,151,24.22,217,16.72
1787636446.4165232,147,24.89,71,30.0
1787636446.5943322,146,25.06,298,12.06
1787636446.75593,143,25.59,229,15.82
1787636446.916678,149,24.55,407,8.72
1787636447.0439122,151,24.22,140,26.15
1787636447.1836853,141,25.96,290,12.41
1787636447.3739717,153,23.89,223,16.26
1787636447.5216224,206,17.64,233,15.55
1787636447.6632464,236,15.34,223,16.26
1787636447.8129594,260,13.89,254,14.23
1787636447.974396,248,14.58,223,16.26
1787636448.153022,248,14.58,259,13.94
1787636448.2937477,263,13.72,51,30.0
1787636448.451322,214,16.96,258,14.0
1787636537.293302,152,24.05,79,30.0
1787636537.4745429,153,23.89,76,30.0
1787636537.6115193,152,24.05,82,30.0
1787636537.8893685,154,23.74,69,30.0
1787636538.007644,164,22.26,102,30.0
1787636538.299489,163,22.4,86,30.0
1787636538.4319468,159,22.98,90,30.0
1787636538.7074556,159,22.98,93,30.0
1787636538.8833475,166,21.99,79,30.0
1787636539.0213075,155,23.58,92,30.0
1787636539.2915933,157,23.27,79,30.0
1787636539.4311383,163,22.4,92,30.0
1787636539.5899785,155,23.58,74,30.0
1787636539.7225065,153,23.89,90,30.0
1787636539.8897924,152,24.05,93,30.0
1787636540.0288646,160,22.83,75,30.0
1787636540.17418,149,24.55,74,30.0
1787636540.3275738,169,21.59,60,30.0
1787636540.4721303,154,23.74,101,30.0
1787636540.611716,147,24.89,89,30.0
1787636540.7714329,156,23.43,101,30.0
1787636540.913692,137,26.73,69,30.0
1787636541.060442,141,25.96,115,30.0
1787636541.2519276,147,24.89,85,30.0
1787636541.4129858,135,27.14,111,30.0
1787636541.5920482,155,23.58,87,30.0
1787636541.7568052,137,26.73,58,30.0
1787636541.9125986,129,28.42,58,30.0
1787636542.0636003,123,30.0,63,30.0
1787636542.2186852,125,29.34,58,30.0
1787636542.4236321,132,27.76,45,30.0
1787636542.566107,118,30.0,52,30.0
1787636542.711642,115,30.0,46,30.0
1787636542.8542464,115,30.0,36,30.0
1787636543.0044253,126,29.1,99,30.0
1787636543.1463835,116,30.0,134,27.34
1787636543.2914064,111,30.0,75,30.0
1787636543.4461918,110,30.0,110,30.0
1787636543.5894442,114,30.0,111,30.0
1787636543.7325513,110,30.0,117,30.0
1787636543.862592,123,30.0,125,29.34
1787636544.044745,115,30.0,134,27.34
1787636544.2034023,108,30.0,146,25.06
1787636544.3652885,103,30.0,140,26.15
1787636544.5390463,124,30.0,181,20.13
1787636544.6984982,101,30.0,111,30.0
1787636544.866635,99,30.0,117,30.0
1787636545.0335631,99,30.0,99,30.0
1787636545.2108552,104,30.0,131,27.98
1787636545.340134,98,30.0,166,21.99
1787636545.5115054,98,30.0,153,23.89
1787636545.6698282,108,30.0,177,20.6
1787636545.8497193,96,30.0,133,27.55
1787636545.992511,106,30.0,170,21.46
1787636546.145246,98,30.0,183,19.91
1787636546.3036146,105,30.0,128,28.64
1787636546.4709673,105,30.0,99,30.0
1787636546.611289,108,30.0,94,30.0
1787636546.7498431,92,30.0,75,30.0
1787636546.8885531,92,30.0,87,30.0
1787636547.0406575,95,30.0,102,30.0
1787636547.1871238,92,30.0,88,30.0
1787636547.3322647,105,30.0,70,30.0
1787636547.4714444,95,30.0,75,30.0
1787636547.6260662,86,30.0,62,30.0
1787636547.770751,87,30.0,52,30.0
1787636547.9444687,87,30.0,57,30.0
1787636548.0961478,87,30.0,52,30.0
1787636548.2497404,86,30.0,45,30.0
1787636548.3827374,86,30.0,52,30.0
1787636548.5475764,89,30.0,46,30.0
1787636548.6871247,87,30.0,63,30.0
1787636548.8328063,94,30.0,64,30.0
1787636548.9702685,86,30.0,71,30.0
1787636549.1041744,86,30.0,87,30.0
1787636549.25227,86,30.0,99,30.0
1787636549.3878963,86,30.0,128,28.64
1787636549.5236719,87,30.0,146,25.06
1787636549.6706192,83,30.0,187,19.47
1787636549.8182871,88,30.0,203,17.91
1787636549.9714909,86,30.0,222,16.34
1787636550.110677,83,30.0,235,15.41
1787636550.2495492,90,30.0,223,16.26
1787636550.3910613,88,30.0,244,14.83
1787636550.5283928,86,30.0,259,13.94
1787636550.672858,103,30.0,263,13.72
1787636550.8123972,89,30.0,238,15.21
1787636550.972082,86,30.0,252,14.34
1787636551.1117423,90,30.0,275,13.11
1787636551.2531877,86,30.0,259,13.94
1787636551.4122455,86,30.0,253,14.28
1787636551.547189,86,30.0,127,28.87
1787636551.686862,87,30.0,87,30.0
1787636551.8325958,86,30.0,197,18.46
1787636551.9709957,89,30.0,205,17.73
1787636552.110968,86,30.0,260,13.89
1787636552.2695138,94,30.0,224,16.19
1787636552.4303236,86,30.0,229,15.82
1787636552.5677187,86,30.0,242,14.95
1787636552.729558,100,30.0,229,15.82
1787636552.8693898,89,30.0,229,15.82
1787636553.0122862,86,30.0,253,14.28
1787636553.1476061,102,30.0,230,15.75
1787636553.2923863,92,30.0,276,13.06
1787636553.4319842,99,30.0,229,15.82
1787636553.5821679,92,30.0,235,15.41
1787636553.712338,99,30.0,246,14.7
1787636553.8722057,98,30.0,273,13.21
1787636554.0326517,93,30.0,226,16.04
1787636554.1873405,92,30.0,224,16.19
1787636554.3313463,90,30.0,246,14.7
1787636554.4911392,92,30.0,211,17.21
1787636554.6311262,92,30.0,247,14.64
1787636554.7698743,93,30.0,254,14.23
1787636554.9050467,92,30.0,257,14.05
1787636555.0918896,108,30.0,221,16.41
1787636555.2508574,147,24.89,261,13.83
1787636555.4098432,177,20.6,208,17.46
1787636555.5597417,173,21.08,241,15.02
1787636555.723077,195,18.66,224,16.19
1787636555.8796551,206,17.64,264,13.67
1787636556.0523872,214,16.96,245,14.76
1787636556.1927915,222,16.34,241,15.02
1787636556.3317385,226,16.04,247,14.64
1787636556.470068,224,16.19,201,18.09
1787636556.6121035,213,17.04,233,15.55
1787636556.7509608,201,18.09,229,15.82
1787636556.91247,179,20.36,185,19.69
1787636557.062824,135,27.14,242,14.95
1787636557.2233038,101,30.0,229,15.82
1787636557.3594923,114,30.0,263,13.72
1787636557.532857,125,29.34,223,16.26
1787636557.6766343,133,27.55,223,16.26
1787636557.8400898,123,30.0,243,14.89
1787636558.0115,151,24.22,229,15.82
1787636558.1980455,142,25.78,224,16.19
1787636558.361142,141,25.96,262,13.78
1787636558.5506647,132,27.76,277,13.01
1787636558.6913333,135,27.14,222,16.34
1787636558.851751,135,27.14,237,15.28
1787636558.991345,136,26.93,240,15.08
1787636559.131841,135,27.14,265,13.62
1787636559.278994,129,28.42,240,15.08
1787636559.4492133,131,27.98,70,30.0
1787636559.5907845,123,30.0,177,20.6
1787636559.733262,123,30.0,229,15.82
1787636559.8909435,123,30.0,291,12.36
1787636560.0340269,116,30.0,70,30.0
1787636560.1919181,117,30.0,182,20.02
1787636560.3313327,140,26.15,183,19.91
1787636560.4721098,164,22.26,185,19.69
1787636560.6113591,180,20.25,159,22.98
1787636560.7482884,160,22.83,187,19.47
1787636586.0185454,189,19.26,233,15.55
1787636586.2217393,188,19.37,200,18.18
1787636586.4252338,188,19.37,224,16.19
1787636586.6127543,209,17.38,218,16.64
1787636586.7511945,188,19.37,194,18.76
1787636587.036434,190,19.16,212,17.13
1787636587.2400553,187,19.47,172,21.21
1787636587.6181107,189,19.26,177,20.6
1787636587.8125825,184,19.8,200,18.18
1787636587.991005,189,19.26,199,18.27
1787636588.1271393,188,19.37,211,17.21
1787636588.2712657,188,19.37,199,18.27
1787636588.4111245,190,19.16,213,17.04
1787636588.5492446,191,19.06,224,16.19
1787636588.7096121,195,18.66,197,18.46
1787636588.8482625,192,18.96,122,30.0
1787636588.9866793,194,18.76,170,21.46
1787636589.126754,200,18.18,206,17.64
1787636589.2713652,207,17.55,182,20.02
1787636589.4304934,196,18.56,182,20.02
1787636589.57643,198,18.37,176,20.72
1787636589.7462282,202,18.0,182,20.02
1787636589.8904152,205,17.73,200,18.18
1787636590.0511332,205,17.73,186,19.58
1787636590.199023,214,16.96,179,20.36
1787636590.389468,216,16.8,150,24.38
1787636590.5191576,227,15.97,158,23.12
1787636590.7110353,225,16.11,152,24.05
1787636590.8660417,250,14.46,209,17.38
1787636591.0314949,230,15.75,126,29.1
1787636591.1710925,230,15.75,168,21.72
1787636591.3175669,229,15.82,200,18.18
1787636591.4914176,242,14.95,116,30.0
1787636591.6367493,243,14.89,131,27.98
1787636591.7936263,250,14.46,183,19.91
1787636591.938043,256,14.11,93,30.0
1787636592.1014829,253,14.28,80,30.0
1787636592.252332,254,14.23,147,24.89
1787636592.382665,268,13.46,140,26.15
1787636592.5439534,249,14.52,147,24.89
1787636592.746055,259,13.94,149,24.55
1787636592.91192,271,13.31,145,25.24
1787636593.0561757,302,11.9,174,20.96
1787636593.2289472,290,12.41,216,16.8
1787636593.3771608,301,11.94,234,15.48
1787636593.5525877,303,11.86,205,17.73
1787636593.711513,318,11.28,216,16.8
1787636593.8560722,330,10.85,253,14.28
1787636594.0101018,346,10.33,211,17.21
1787636594.162782,364,9.8,231,15.68
1787636594.3083735,376,9.47,242,14.95
1787636594.471425,417,8.5,141,25.96
1787636594.6310353,415,8.54,189,19.26
1787636594.7693083,439,8.05,235,15.41
1787636594.9098878,467,7.55,238,15.21
1787636595.0385098,485,7.25,269,13.41
1787636595.2119384,517,6.78,212,17.13
1787636595.3660936,551,6.33,214,16.96
1787636595.530186,601,5.77,221,16.41
1787636595.6718104,650,5.3,233,15.55
1787636595.808575,694,4.94,219,16.57
1787636595.9517267,763,4.46,234,15.48
1787636596.1130335,728,4.69,268,13.46
1787636596.2542434,728,4.69,222,16.34
1787636596.3969076,730,4.68,216,16.8
1787636596.5918384,730,4.68,253,14.28
1787636596.7291849,730,4.68,247,14.64
1787636596.8562229,730,4.68,218,16.64
1787636633.1302888,173,21.08,146,25.06
1787636633.3215737,164,22.26,134,27.34
1787636633.527495,168,21.72,150,24.38
1787636633.7174523,183,19.91,188,19.37
1787636633.938874,165,22.13,194,18.76
1787636634.1407087,160,22.83,165,22.13
1787636634.5434763,166,21.99,205,17.73
1787636634.7242749,173,21.08,171,21.33
1787636634.8459845,167,21.86,174,20.96
1787636635.1239536,164,22.26,166,21.99
1787636635.2889264,195,18.66,177,20.6
1787636635.4187727,162,22.54,230,15.75
1787636635.5866163,170,21.46,180,20.25
1787636635.7303321,165,22.13,203,17.91
1787636635.8698015,171,21.33,40,30.0
1787636636.0295694,171,21.33,45,30.0
1787636636.1685262,173,21.08,46,30.0
1787636636.3073857,170,21.46,45,30.0
1787636636.4732225,177,20.6,39,30.0
1787636636.618627,177,20.6,51,30.0
1787636636.7568665,177,20.6,39,30.0
1787636636.9165916,183,19.91,201,18.09
1787636637.091591,181,20.13,164,22.26
1787636637.22504,193,18.85,242,14.95
1787636637.3688352,213,17.04,130,28.2
1787636637.4973605,196,18.56,146,25.06
1787636637.6901283,194,18.76,190,19.16
1787636637.8516462,194,18.76,146,25.06
1787636637.983276,201,18.09,182,20.02
1787636638.1442244,200,18.18,146,25.06
1787636638.329982,200,18.18,153,23.89
1787636638.4583626,209,17.38,147,24.89
1787636638.6515923,232,15.61,152,24.05
1787636638.7806196,210,17.29,144,25.41
1787636638.939067,200,18.18,158,23.12
1787636639.107751,206,17.64,167,21.86
1787636639.2717195,224,16.19,164,22.26
1787636639.4316108,222,16.34,6,30.0
1787636639.568563,231,15.68,188,19.37
1787636639.7251353,236,15.34,193,18.85
1787636639.8689275,263,13.72,194,18.76
1787636640.0111184,245,14.76,232,15.61
1787636640.169936,256,14.11,230,15.75
1787636640.3111022,260,13.89,211,17.21
1787636640.4380713,266,13.56,238,15.21
1787636640.6046486,277,13.01,239,15.14
1787636640.7717907,289,12.45,248,14.58
1787636640.9248843,301,11.94,256,14.11
1787636641.0858998,307,11.7,215,16.88
1787636641.2311847,324,11.06,247,14.64
1787636641.3723435,341,10.49,167,21.86
1787636641.509214,352,10.15,218,16.64
1787636641.6593976,369,9.66,211,17.21
1787636641.8103383,399,8.9,221,16.41
1787636641.9621015,417,8.5,201,18.09
1787636642.1114547,450,7.85,245,14.76
1787636642.2485352,472,7.46,240,15.08
1787636642.3848608,500,7.02,241,15.02
1787636642.5290778,539,6.48,230,15.75
1787636642.6969843,596,5.82,242,14.95
1787636642.8297203,650,5.3,246,14.7
1787636642.9876926,717,4.77,223,16.26
1787636643.1505866,728,4.69,217,16.72
1787636643.2895012,729,4.68,235,15.41
1787636643.424547,728,4.69,223,16.26
1787636643.5710642,730,4.68,223,16.26
1787636672.6497645,171,21.33,222,16.34
1787636672.8482418,167,21.86,212,17.13
1787636673.2599862,175,20.84,192,18.96
1787636673.472587,179,20.36,204,17.82
1787636673.6633105,186,19.58,158,23.12
1787636673.8735087,176,20.72,206,17.64
1787636674.0738094,177,20.6,177,20.6
1787636674.2738872,167,21.86,205,17.73
1787636674.4710011,176,20.72,214,16.96
1787636674.6127508,190,19.16,206,17.64
1787636674.7507412,173,21.08,201,18.09
1787636674.9103878,174,20.96,177,20.6
1787636675.0522265,204,17.82,182,20.02
1787636675.1904516,196,18.56,185,19.69
1787636675.3758597,173,21.08,169,21.59
1787636675.5139468,183,19.91,183,19.91
1787636675.6487858,182,20.02,218,16.64
1787636675.8025634,202,18.0,197,18.46
1787636675.9478183,182,20.02,211,17.21
1787636676.0778003,190,19.16,218,16.64
1787636676.2307453,205,17.73,208,17.46
1787636676.3587081,198,18.37,227,15.97
1787636676.534012,188,19.37,236,15.34
1787636676.6622708,191,19.06,212,17.13
1787636676.804079,188,19.37,199,18.27
1787636676.961645,195,18.66,196,18.56
1787636677.1455696,190,19.16,169,21.59
1787636677.2898748,192,18.96,146,25.06
1787636677.4325185,198,18.37,123,30.0
1787636677.5725005,203,17.91,40,30.0
1787636677.7142618,200,18.18,33,30.0
1787636677.8415785,208,17.46,34,30.0
1787636678.0116813,210,17.29,47,30.0
1787636678.193813,203,17.91,39,30.0
1787636678.342109,210,17.29,39,30.0
1787636678.5230577,214,16.96,58,30.0
1787636678.6967883,219,16.57,70,30.0
1787636678.8720005,233,15.55,108,30.0
1787636679.0332057,228,15.9,147,24.89
1787636679.1622093,237,15.28,173,21.08
1787636679.314417,237,15.28,180,20.25
1787636679.4430656,242,14.95,187,19.47
1787636679.6115808,243,14.89,152,24.05
1787636679.7714047,249,14.52,197,18.46
1787636679.899497,254,14.23,193,18.85
1787636680.093285,262,13.78,145,25.24
1787636680.2357287,265,13.62,158,23.12
1787636680.3791366,265,13.62,138,26.54
1787636680.5392606,271,13.31,152,24.05
1787636680.702465,279,12.91,177,20.6
1787636680.8714383,276,13.06,162,22.54
1787636681.0030646,289,12.45,165,22.13
1787636681.1417572,295,12.19,164,22.26
1787636681.312807,301,11.94,179,20.36
1787636681.4497876,308,11.66,180,20.25
1787636681.5941765,312,11.5,199,18.27
1787636681.7241197,317,11.32,193,18.85
1787636681.8638217,324,11.06,177,20.6
1787636682.0229416,335,10.68,181,20.13
1787636682.1736834,346,10.33,209,17.38
1787636682.3315892,351,10.18,182,20.02
1787636682.493728,364,9.8,217,16.72
1787636682.6402967,375,9.5,190,19.16
1787636682.824792,385,9.24,188,19.37
1787636682.9620984,404,8.79,203,17.91
1787636683.119301,416,8.52,202,18.0
1787636683.2788177,452,7.81,262,13.78
1787636683.454141,450,7.85,206,17.64
1787636683.6134756,466,7.56,237,15.28
1787636683.7922542,484,7.27,187,19.47
1787636683.9205701,507,6.92,230,15.75
1787636684.1190238,523,6.69,189,19.26
1787636684.261456,556,6.27,218,16.64
1787636684.4526238,585,5.94,223,16.26
1787636684.5902421,614,5.64,243,14.89
1787636684.7836409,638,5.41,241,15.02
1787645538.0306501,227,15.97,188,19.37
1787645538.1554222,231,15.68,189,19.26
1787645538.4321318,232,15.61,164,22.26
1787645538.5641136,231,15.68,152,24.05
1787645538.8558848,231,15.68,176,20.72
1787645538.988174,231,15.68,176,20.72
1787645539.2508636,231,15.68,164,22.26
1787645539.4577987,231,15.68,189,19.26
1787645539.661407,231,15.68,218,16.64
1787645539.8622518,256,14.11,234,15.48
1787645540.0444505,230,15.75,207,17.55
1787645540.1744251,236,15.34,200,18.18
1787645540.3362143,237,15.28,201,18.09
1787645540.4882116,237,15.28,211,17.21
1787645540.62757,237,15.28,205,17.73
1787645540.76608,237,15.28,199,18.27
1787645540.9047775,238,15.21,195,18.66
1787645541.070904,237,15.28,218,16.64
1787645541.1982894,234,15.48,179,20.36
1787645541.3558016,242,14.95,200,18.18
1787645541.5185125,252,14.34,228,15.9
1787645541.6677418,252,14.34,211,17.21
1787645541.8077378,243,14.89,188,19.37
1787645541.9688628,238,15.21,187,19.47
1787645542.1163476,243,14.89,219,16.57
1787645542.2557237,249,14.52,213,17.04
1787645542.417067,248,14.58,199,18.27
1787645542.5778525,249,14.52,212,17.13
1787645542.723707,275,13.11,205,17.73
1787645542.8560436,249,14.52,203,17.91
1787645543.0494523,249,14.52,176,20.72
1787645543.2276266,254,14.23,205,17.73
1787645543.3893006,259,13.94,240,15.08
1787645543.5661063,255,14.17,201,18.09
1787645543.7260847,260,13.89,170,21.46
1787645543.9078124,261,13.83,226,16.04
1787645544.0670624,260,13.89,194,18.76
1787645544.223236,279,12.91,193,18.85
1787645544.3664489,272,13.26,206,17.64
1787645544.5277934,278,12.96,183,19.91
1787645544.65831,277,13.01,218,16.64
1787645544.7939067,277,13.01,170,21.46
1787645544.959391,283,12.72,171,21.33
1787645545.1046865,283,12.72,229,15.82
1787645545.2664986,290,12.41,223,16.26
1787645545.4045632,288,12.5,188,19.37
1787645545.544873,294,12.23,212,17.13
1787645545.6820188,290,12.41,218,16.64
1787645545.8193707,296,12.15,241,15.02
1787645545.9763408,299,12.02,206,17.64
1787645546.1219714,301,11.94,226,16.04
1787645546.265878,301,11.94,235,15.41
1787645546.4047956,302,11.9,217,16.72
1787645546.5676951,307,11.7,223,16.26
1787645546.7289698,312,11.5,206,17.64
1787645546.8556507,343,10.43,206,17.64
1787645547.053319,318,11.28,199,18.27
1787645547.1986787,349,10.24,191,19.06
1787645547.3887875,329,10.89,204,17.82
1787645547.5633798,330,10.85,195,18.66
1787645547.7077482,336,10.65,188,19.37
1787645547.845024,335,10.68,180,20.25
1787645547.993917,344,10.39,140,26.15
1787645548.1460948,347,10.3,152,24.05
1787645548.3013182,353,10.12,176,20.72
1787645548.455058,358,9.97,153,23.89
1787645548.5947475,358,9.97,177,20.6
1787645548.7568061,363,9.83,177,20.6
1787645548.929694,365,9.77,152,24.05
1787645549.086027,375,9.5,151,24.22
1787645549.2255282,373,9.55,170,21.46
1787645549.381043,375,9.5,171,21.33
1787645549.5266657,387,9.19,141,25.96
1787645549.7065508,388,9.17,145,25.24
1787645549.8350458,393,9.05,153,23.89
1787645550.0259235,400,8.88,147,24.89
1787645550.1592023,404,8.79,140,26.15
1787645550.300427,467,7.55,165,22.13
1787645550.4467897,496,7.08,118,30.0
1787645550.5931225,523,6.69,158,23.12
1787645550.7428534,568,6.13,140,26.15
1787645550.9267278,613,5.65,146,25.06
1787645551.0870767,656,5.25,134,27.34
1787645551.2387125,717,4.77,134,27.34
1787645551.3818173,729,4.68,146,25.06
1787645551.5470614,731,4.67,151,24.22
1787645551.68769,730,4.68,140,26.15
1787645551.8374097,730,4.68,141,25.96
1787645552.0270846,729,4.68,158,23.12
1787645552.1731763,695,4.93,140,26.15
1787645552.325197,704,4.86,129,28.42
1787645552.5000508,662,5.2,147,24.89
1787645552.6374128,596,5.82,146,25.06
1787645552.7946217,602,5.76,140,26.15
1787645552.967641,540,6.47,153,23.89
1787645553.128741,518,6.76,158,23.12
1787645553.2886739,490,7.17,165,22.13
1787645553.4352784,461,7.65,174,20.96
1787645553.5974398,405,8.77,140,26.15
1787645553.784083,495,7.1,147,24.89
1787645553.9487617,491,7.16,141,25.96
1787645554.1262195,371,9.61,158,23.12
1787645554.28462,380,9.37,165,22.13
1787645554.4417362,399,8.9,157,23.27
1787645554.6039472,393,9.05,164,22.26
1787645554.7656581,383,9.29,176,20.72
1787645554.9048314,369,9.66,160,22.83
1787645555.0683334,375,9.5,170,21.46
1787645555.2085319,351,10.18,189,19.26
1787645555.3474147,382,9.32,206,17.64
1787645555.4885695,461,7.65,165,22.13
1787645555.6462712,347,10.3,177,20.6
1787645555.7991378,324,11.06,207,17.55
1787645555.9668186,358,9.97,156,23.43
1787645556.1245725,301,11.94,189,19.26
1787645556.2674115,325,11.03,229,15.82
1787645556.4018216,694,4.94,194,18.76
1787645556.5479612,633,5.46,200,18.18
1787645576.2407877,461,7.65,181,20.13
1787645576.5424514,461,7.65,205,17.73
1787645576.7389712,462,7.63,218,16.64
1787645576.864117,462,7.63,217,16.72
1787645577.3507457,461,7.65,189,19.26
1787645577.548321,461,7.65,193,18.85
1787645577.738975,461,7.65,204,17.82
1787645577.8628466,462,7.63,231,15.68
1787645578.1217432,467,7.55,229,15.82
1787645578.2685866,463,7.61,221,16.41
1787645578.4307137,456,7.74,195,18.66
1787645578.573994,479,7.35,233,15.55
1787645578.7050035,454,7.77,212,17.13
1787645578.8439524,450,7.85,217,16.72
1787645578.990281,450,7.85,229,15.82
1787645579.1430767,451,7.83,200,18.18
1787645579.2892985,438,8.07,229,15.82
1787645579.4485748,434,8.15,198,18.37
1787645579.5889971,427,8.29,227,15.97
1787645579.765588,421,8.42,225,16.11
1787645579.9264936,411,8.63,212,17.13
1787645580.0556297,405,8.77,211,17.21
1787645580.2164857,395,9.0,218,16.64
1787645580.377861,382,9.32,196,18.56
1787645580.5366173,370,9.63,240,15.08
1787645580.7018926,364,9.8,253,14.28
1787645580.8518772,352,10.15,209,17.38
1787645581.020837,346,10.33,220,16.49
1787645581.1662855,336,10.65,188,19.37
1787645581.3276455,330,10.85,187,19.47
1787645581.4652314,330,10.85,223,16.26
1787645581.608734,325,11.03,241,15.02
1787645581.7708185,318,11.28,229,15.82
1787645581.9467623,316,11.35,221,16.41
1787645582.1090655,309,11.62,219,16.57
1787645582.271186,301,11.94,187,19.47
1787645582.4491215,301,11.94,253,14.28
1787645582.5917773,302,11.9,223,16.26
1787645582.769525,295,12.19,220,16.49
1787645582.9260964,290,12.41,224,16.19
1787645583.071535,291,12.36,216,16.8
1787645583.2495356,289,12.45,211,17.21
1787645583.38004,291,12.36,236,15.34
1787645583.5420873,290,12.41,239,15.14
1787645583.6881409,284,12.68,237,15.28
1787645583.8464594,283,12.72,206,17.64
1787645583.986397,283,12.72,223,16.26
1787645584.1414287,284,12.68,209,17.38
1787645584.2896566,284,12.68,218,16.64
1787645584.443598,284,12.68,229,15.82
1787645584.5886016,284,12.68,229,15.82
1787645584.766141,290,12.41,235,15.41
1787645584.911497,289,12.45,235,15.41
1787645585.0704818,290,12.41,235,15.41
1787645585.2186723,290,12.41,235,15.41
1787645585.411594,289,12.45,227,15.97
1787645585.5709705,296,12.15,194,18.76
1787645585.7082343,297,12.11,195,18.66
1787645585.8697977,296,12.15,220,16.49
1787645586.0508955,301,11.94,188,19.37
1787645586.1854656,301,11.94,168,21.72
1787645586.3300915,301,11.94,193,18.85
1787645586.4714,327,10.96,171,21.33
1787645586.6195924,308,11.66,138,26.54
1787645586.7794063,312,11.5,170,21.46
1787645586.9400406,313,11.46,146,25.06
1787645587.1011052,318,11.28,149,24.55
1787645587.2691998,324,11.06,148,24.72
1787645587.4119234,325,11.03,151,24.22
1787645587.5349557,335,10.68,151,24.22
1787645587.710343,335,10.68,128,28.64
1787645587.8901997,335,10.68,139,26.34
1787645588.070463,330,10.85,145,25.24
1787645588.2485182,367,9.72,173,21.08
1787645588.3904815,388,9.17,122,30.0
1787645588.5502365,422,8.4,128,28.64
1787645588.6908448,438,8.07,122,30.0
1787645588.839845,472,7.46,122,30.0
1787645589.0290396,507,6.92,154,23.74
1787645589.1902382,579,6.0,141,25.96
1787645589.3496485,592,5.86,129,28.42
1787645589.5104632,639,5.4,158,23.12
1787645589.6719117,687,4.99,158,23.12
1787645589.8334095,727,4.7,129,28.42
1787645589.9870796,730,4.68,148,24.72
1787645590.1580098,730,4.68,152,24.05
1787645590.319914,730,4.68,149,24.55
1787645590.4892893,730,4.68,147,24.89
1787645590.6414618,727,4.7,135,27.14
1787645590.8002887,684,5.02,166,21.99
1787645590.9510922,580,5.99,147,24.89
1787645591.0889237,556,6.27,135,27.14
1787645591.2507396,519,6.75,157,23.27
1787645591.4119797,496,7.08,152,24.05
1787645591.5483065,555,6.28,134,27.34
1787645591.729687,461,7.65,154,23.74
1787645591.863179,421,8.42,161,22.69
1787645592.001508,473,7.44,160,22.83
1787645592.1470752,404,8.79,158,23.12
1787645592.2924635,375,9.5,152,24.05
1787645592.4321747,329,10.89,137,26.73
1787645592.6123214,341,10.49,148,24.72
1787645592.7575943,337,10.62,150,24.38
1787645592.9314854,456,7.74,175,20.84
1787645593.068787,306,11.74,168,21.72
1787645593.210595,359,9.94,159,22.98
1787645593.373689,324,11.06,148,24.72
1787645593.5437875,375,9.5,186,19.58
1787645593.712681,307,11.7,150,24.38
1787645593.870499,622,5.56,161,22.69
1787645594.029197,730,4.68,174,20.96
1787645594.169316,727,4.7,171,21.33
1787645594.3308704,730,4.68,152,24.05
1787645594.5146677,730,4.68,133,27.55
1787645594.6482885,730,4.68,175,20.84
1787645594.7932951,689,4.98,156,23.43
1787645594.9532335,613,5.65,177,20.6
1787645595.1005702,485,7.25,173,21.08
1787645609.130608,302,11.9,14,30.0
1787645609.2958217,301,11.94,34,30.0
1787645609.5072498,299,12.02,39,30.0
1787645609.707012,305,11.78,48,30.0
1787645609.902406,302,11.9,33,30.0
1787645610.0344307,326,10.99,34,30.0
1787645610.3322194,299,12.02,39,30.0
1787645610.5238166,302,11.9,34,30.0
1787645610.7325413,314,11.43,45,30.0
1787645610.9016888,301,11.94,34,30.0
1787645611.1025636,324,11.06,33,30.0
1787645611.2568812,301,11.94,44,30.0
1787645611.4030495,302,11.9,76,30.0
1787645611.5498211,302,11.9,99,30.0
1787645611.693542,301,11.94,105,30.0
1787645611.8317828,303,11.86,100,30.0
1787645611.9706583,326,10.99,104,30.0
1787645612.109963,305,11.78,161,22.69
1787645612.254953,307,11.7,241,15.02
1787645612.3952067,312,11.5,194,18.76
1787645612.536727,311,11.54,240,15.08
1787645612.6938694,313,11.46,188,19.37
1787645612.8349102,319,11.24,231,15.68
1787645613.0127928,324,11.06,187,19.47
1787645613.1743274,353,10.12,194,18.76
1787645613.330522,338,10.59,216,16.8
1787645613.462692,341,10.49,232,15.61
1787645613.6333776,345,10.36,230,15.75
1787645613.8140993,352,10.15,195,18.66
1787645613.9920087,358,9.97,224,16.19
1787645614.1517737,363,9.83,189,19.26
1787645614.336847,371,9.61,189,19.26
1787645614.481895,394,9.02,241,15.02
1787645614.6269078,375,9.5,232,15.61
1787645614.7934973,382,9.32,218,16.64
1787645614.9555383,382,9.32,183,19.91
1787645615.1332827,405,8.77,199,18.27
1787645615.2744021,380,9.37,187,19.47
1787645615.4213595,376,9.47,194,18.76
1787645615.6149325,387,9.19,212,17.13
1787645615.7752361,387,9.19,205,17.73
1787645615.9533136,381,9.34,200,18.18
1787645616.08171,370,9.63,232,15.61
1787645616.242574,364,9.8,205,17.73
1787645616.4144216,358,9.97,221,16.41
1787645616.5539865,353,10.12,210,17.29
1787645616.6973414,346,10.33,247,14.64
1787645616.8462627,341,10.49,229,15.82
1787645616.991284,342,10.46,214,16.96
1787645617.1355088,336,10.65,200,18.18
1787645617.2962167,329,10.89,194,18.76
1787645617.4310713,324,11.06,220,16.49
1787645617.5915976,318,11.28,240,15.08
1787645617.7495751,318,11.28,217,16.72
1787645617.8957844,314,11.43,217,16.72
1787645618.0569584,311,11.54,199,18.27
1787645618.214903,307,11.7,218,16.64
1787645618.343668,309,11.62,207,17.55
1787645618.5017395,306,11.74,251,14.4
1787645618.6627448,307,11.7,218,16.64
1787645618.8373263,306,11.74,194,18.76
1787645618.972523,308,11.66,206,17.64
1787645619.1021008,301,11.94,212,17.13
1787645619.2961566,306,11.74,196,18.56
1787645619.4329803,307,11.7,217,16.72
1787645619.5739815,313,11.46,181,20.13
1787645619.711738,312,11.5,163,22.4
1787645619.8515553,312,11.5,218,16.64
1787645619.9803176,313,11.46,173,21.08
1787645620.1551197,317,11.32,165,22.13
1787645620.3303406,315,11.39,133,27.55
1787645620.4887335,322,11.13,133,27.55
1787645620.65197,333,10.75,120,30.0
1787645620.7961729,335,10.68,147,24.89
1787645620.9585466,335,10.68,158,23.12
1787645621.1071365,343,10.43,123,30.0
1787645621.2963083,347,10.3,151,24.22
1787645621.4573004,346,10.33,152,24.05
1787645621.6368551,358,9.97,135,27.14
1787645621.8139145,433,8.17,145,25.24
1787645621.9750707,462,7.63,151,24.22
1787645622.1548395,496,7.08,122,30.0
1787645622.295144,535,6.53,152,24.05
1787645622.4838903,563,6.19,141,25.96
1787645622.6366904,606,5.72,174,20.96
1787645622.7636406,644,5.36,151,24.22
1787645622.9254377,699,4.9,157,23.27
1787645623.1026056,713,4.8,151,24.22
1787645623.2958362,729,4.68,181,20.13
1787645623.4438806,730,4.68,170,21.46
1787645623.6062057,728,4.69,166,21.99
1787645623.7616327,728,4.69,146,25.06
1787645623.9371867,730,4.68,216,16.8
1787645624.1145687,730,4.68,179,20.36
1787645624.247782,714,4.79,229,15.82
1787645624.3942847,731,4.67,227,15.97
1787645624.5226798,728,4.69,189,19.26
1787645624.7151115,730,4.68,211,17.21
1787645624.871295,730,4.68,256,14.11
1787645625.0335934,730,4.68,229,15.82
1787645625.1909175,729,4.68,196,18.56
1787645625.3752794,730,4.68,212,17.13
1787645625.5356915,728,4.69,219,16.57
1787645625.6910858,728,4.69,225,16.11
1787645625.856434,730,4.68,211,17.21
1787645626.024312,730,4.68,234,15.48
1787645626.1952472,730,4.68,217,16.72
1787645626.3650646,728,4.69,247,14.64
1787645626.5281181,728,4.69,199,18.27
1787645626.6756926,730,4.68,218,16.64
1787645626.8145218,730,4.68,183,19.91
1787645626.9484406,690,4.97,205,17.73
1787645627.0942085,660,5.22,217,16.72
1787645627.272945,644,5.36,206,17.64
1787645627.4334202,574,6.06,270,13.36
1787645627.5776656,534,6.55,209,17.38
1787645627.7136235,501,7.01,189,19.26
1787645627.8536644,479,7.35,212,17.13
1787645628.0129929,450,7.85,217,16.72
1787645628.1486228,422,8.4,218,16.64
1787645628.3360083,399,8.9,224,16.19
1787645628.5105088,369,9.66,253,14.28
1787645628.6510222,347,10.3,242,14.95
1787645628.826722,324,11.06,206,17.64
1787645628.974251,312,11.5,223,16.26
1787645629.113943,307,11.7,270,13.36
1787645629.2552674,296,12.15,248,14.58
1787645629.3833208,284,12.68,251,14.4
1787645629.544078,278,12.96,259,13.94
1787645629.6836114,266,13.56,236,15.34
1787645629.8459914,257,14.05,274,13.16
1787645629.992452,260,13.89,223,16.26
1787645630.135631,278,12.96,275,13.11
1787645630.276483,252,14.34,253,14.28
1787645630.455414,245,14.76,246,14.7
1787645630.6073782,240,15.08,259,13.94
1787645630.776843,247,14.64,246,14.7
1787645630.9101784,243,14.89,244,14.83
1787645631.0536635,244,14.83,194,18.76
1787645631.1971083,234,15.48,200,18.18
1787645631.3966827,237,15.28,205,17.73
1787645631.5347924,230,15.75,165,22.13
1787645631.6764164,231,15.68,188,19.37
1787645631.8349974,228,15.9,171,21.33
1787645631.965084,239,15.14,151,24.22
1787645632.1111414,231,15.68,142,25.78
1787645632.2777693,231,15.68,153,23.89
1787645632.455488,237,15.28,182,20.02
1787645632.6169443,231,15.68,183,19.91
1787645632.7647433,237,15.28,190,19.16
1787645632.9569633,263,13.72,192,18.96
1787645633.1017747,237,15.28,222,16.34
1787645633.247801,242,14.95,253,14.28
1787645633.4118373,237,15.28,213,17.04
1787645633.5962026,261,13.83,215,16.88
1787645633.7301416,285,12.63,190,19.16
1787645633.8846214,275,13.11,216,16.8
1787645634.0464056,295,12.19,188,19.37
1787645634.2064266,272,13.26,224,16.19
1787645634.3623657,262,13.78,226,16.04
1787645634.5557559,266,13.56,201,18.09
1787645634.7143483,266,13.56,225,16.11
1787645634.8662348,265,13.62,199,18.27
1787645635.0276256,271,13.31,207,17.55
1787645635.1828034,271,13.31,200,18.18
1787645635.3276389,272,13.26,177,20.6
1787645635.4914937,273,13.21,187,19.47
1787645635.6366754,283,12.72,213,17.04
1787645635.7746925,278,12.96,276,13.06
1787645635.9369266,283,12.72,170,21.46
1787645636.1160545,279,12.91,247,14.64
1787645636.2700322,289,12.45,225,16.11
1787645636.418185,292,12.32,256,14.11
1787645636.576697,301,11.94,261,13.83
1787645636.7389615,295,12.19,199,18.27
1787645636.8708603,307,11.7,205,17.73
1787645637.0169852,311,11.54,228,15.9
1787645637.1693532,318,11.28,206,17.64
1787645637.3142667,330,10.85,190,19.16
1787645637.4757907,335,10.68,228,15.9
1787645637.6260808,341,10.49,214,16.96
1787645637.7769222,353,10.12,213,17.04
1787645637.9464393,384,9.27,200,18.18
1787645666.2433224,283,12.72,171,21.33
1787645666.429013,278,12.96,162,22.54
1787645666.6508331,277,13.01,156,23.43
1787645666.839066,277,13.01,194,18.76
1787645667.054078,277,13.01,142,25.78
1787645667.2544823,275,13.11,170,21.46
1787645667.3930135,277,13.01,153,23.89
1787645667.6687846,278,12.96,164,22.26
1787645667.8441608,278,12.96,177,20.6
1787645668.038831,281,12.82,175,20.84
1787645668.1933317,283,12.72,168,21.72
1787645668.3356168,284,12.68,226,16.04
1787645668.46491,283,12.72,182,20.02
1787645668.61666,288,12.5,229,15.82
1787645668.754886,295,12.19,202,18.0
1787645668.914801,295,12.19,200,18.18
1787645669.0536325,300,11.98,229,15.82
1787645669.1918342,301,11.94,200,18.18
1787645669.3353226,306,11.74,190,19.16
1787645669.4736617,313,11.46,201,18.09
1787645669.6369689,317,11.32,223,16.26
1787645669.7959762,328,10.92,208,17.46
1787645669.9757626,330,10.85,241,15.02
1787645670.1215203,362,9.86,259,13.94
1787645670.292546,352,10.15,206,17.64
1787645670.439092,360,9.91,190,19.16
1787645670.6150327,389,9.14,209,17.38
1787645670.7560644,381,9.34,225,16.11
1787645670.8861322,393,9.05,217,16.72
1787645671.0463955,400,8.88,234,15.48
1787645671.2100763,405,8.77,195,18.66
1787645671.345418,417,8.5,185,19.69
1787645671.4950504,417,8.5,243,14.89
1787645671.655677,417,8.5,182,20.02
1787645671.7813678,422,8.4,212,17.13
1787645671.9345875,422,8.4,198,18.37
1787645672.071068,420,8.44,184,19.8
1787645672.2166197,416,8.52,188,19.37
1787645672.3946128,405,8.77,209,17.38
1787645672.5234323,431,8.21,207,17.55
1787645672.6971858,428,8.27,186,19.58
1787645672.8492637,416,8.52,238,15.21
1787645673.050474,411,8.63,177,20.6
1787645673.1846857,400,8.88,218,16.64
1787645673.3529146,394,9.02,217,16.72
1787645673.5320425,381,9.34,240,15.08
1787645673.7153864,391,9.09,218,16.64
1787645673.8543143,358,9.97,230,15.75
1787645674.0070932,352,10.15,242,14.95
1787645674.1560626,341,10.49,226,16.04
1787645674.3127117,356,10.03,229,15.82
1787645674.440126,331,10.82,258,14.0
1787645674.6261406,318,11.28,252,14.34
1787645674.7807336,310,11.58,248,14.58
1787645674.9409397,313,11.46,209,17.38
1787645675.100954,302,11.9,250,14.46
1787645675.278263,304,11.82,218,16.64
1787645675.424534,301,11.94,242,14.95
1787645675.6062508,295,12.19,250,14.46
1787645675.7725654,297,12.11,213,17.04
1787645675.916416,315,11.39,229,15.82
1787645676.0447946,296,12.15,235,15.41
1787645676.2084477,295,12.19,171,21.33
1787645676.3541899,296,12.15,212,17.13
1787645676.4839633,294,12.23,199,18.27
1787645676.6761258,295,12.19,191,19.06
1787645676.8470767,295,12.19,231,15.68
1787645676.9946578,297,12.11,181,20.13
1787645677.1387043,301,11.94,224,16.19
1787645677.3163629,306,11.74,174,20.96
1787645677.4558866,301,11.94,188,19.37
1787645677.6349967,306,11.74,172,21.21
1787645677.7748659,307,11.7,134,27.34
1787645677.9092906,312,11.5,163,22.4
1787645678.0544856,311,11.54,134,27.34
1787645678.1982896,316,11.35,141,25.96
1787645678.394591,318,11.28,149,24.55
1787645678.5356972,323,11.1,152,24.05
1787645678.6908412,345,10.36,170,21.46
1787645678.8594522,312,11.5,120,30.0
1787645679.0078251,341,10.49,147,24.89
1787645679.1666515,381,9.34,116,30.0
1787645679.3119872,411,8.63,164,22.26
1787645679.453713,456,7.74,161,22.69
1787645679.6078663,501,7.01,139,26.34
1787645679.7449193,574,6.06,171,21.33
1787645679.91764,612,5.66,166,21.99
1787645680.047171,682,5.03,153,23.89
1787645680.1911879,730,4.68,171,21.33
1787645680.336834,730,4.68,171,21.33
1787645680.492294,730,4.68,171,21.33
1787645680.6347387,730,4.68,135,27.14
1787645680.7775314,731,4.67,123,30.0
1787645680.95481,731,4.67,156,23.43
1787645681.0996773,728,4.69,145,25.24
1787645681.2548149,728,4.69,151,24.22
1787645681.3849163,713,4.8,153,23.89
1787645681.5377054,654,5.27,140,26.15
1787645681.6975007,617,5.61,152,24.05
1787645681.828217,565,6.16,168,21.72
1787645681.989413,517,6.78,140,26.15
1787645682.1373234,495,7.1,157,23.27
1787645682.2779503,479,7.35,199,18.27
1787645682.4546368,485,7.25,195,18.66
1787645682.6156054,381,9.34,217,16.72
1787645682.7575386,387,9.19,221,16.41
1787645682.886099,400,8.88,234,15.48
1787645683.0786424,358,9.97,202,18.0
1787645683.2579582,359,9.94,231,15.68
1787645683.4167323,318,11.28,234,15.48
1787645683.578201,347,10.3,229,15.82
1787645683.709841,346,10.33,225,16.11
1787645683.8865306,341,10.49,222,16.34
1787645684.045365,366,9.74,200,18.18
1787645684.2150486,318,11.28,205,17.73
1787645684.3432055,730,4.68,200,18.18
1787645684.537292,731,4.67,204,17.82
1787645684.7135956,722,4.73,202,18.0
1787645684.852038,699,4.9,212,17.13
1787645684.996999,640,5.39,230,15.75
1787645685.12808,585,5.94,207,17.55
1787645685.2776453,498,7.05,245,14.76
1787645705.3508263,271,13.31,212,17.13
1787645705.5434897,277,13.01,223,16.26
1787645705.744083,268,13.46,259,13.94
1787645705.964707,271,13.31,264,13.67
1787645706.1676352,270,13.36,233,15.55
1787645706.3748038,271,13.31,230,15.75
1787645706.5792158,278,12.96,221,16.41
1787645706.7711365,272,13.26,211,17.21
1787645706.979058,271,13.31,200,18.18
1787645707.174399,272,13.26,233,15.55
1787645707.3045332,279,12.91,152,24.05
1787645707.498576,278,12.96,173,21.08
1787645707.6625345,278,12.96,230,15.75
1787645707.8116767,285,12.63,225,16.11
1787645707.958556,289,12.45,189,19.26
1787645708.097374,288,12.5,237,15.28
1787645708.2358167,295,12.19,225,16.11
1787645708.3747764,301,11.94,194,18.76
1787645708.514825,302,11.9,236,15.34
1787645708.6539397,306,11.74,232,15.61
1787645708.789358,313,11.46,205,17.73
1787645708.9550858,317,11.32,192,18.96
1787645709.0920413,324,11.06,222,16.34
1787645709.2405837,336,10.65,197,18.46
1787645709.4182725,347,10.3,208,17.46
1787645709.5955725,377,9.45,223,16.26
1787645709.7385912,369,9.66,218,16.64
1787645709.916651,387,9.19,231,15.68
1787645710.078037,401,8.86,199,18.27
1787645710.2232385,409,8.68,211,17.21
1787645710.4176514,434,8.15,241,15.02
1787645710.5781796,447,7.9,194,18.76
1787645710.7308986,433,8.17,212,17.13
1787645710.8760574,457,7.72,200,18.18
1787645711.0059114,444,7.96,218,16.64
1787645711.1700413,444,7.96,204,17.82
1787645711.3455245,439,8.05,239,15.14
1787645711.5100846,450,7.85,235,15.41
1787645711.6935594,438,8.07,218,16.64
1787645711.8267899,427,8.29,215,16.88
1787645712.0191839,416,8.52,207,17.55
1787645712.1820362,399,8.9,215,16.88
1787645712.3386405,386,9.22,235,15.41
1787645712.472781,369,9.66,219,16.57
1787645712.6192381,357,10.0,212,17.13
1787645712.7567184,346,10.33,253,14.28
1787645712.8874547,341,10.49,241,15.02
1787645713.0798116,329,10.89,229,15.82
1787645713.20777,320,11.21,238,15.21
1787645713.39755,311,11.54,229,15.82
1787645713.5395474,301,11.94,211,17.21
1787645713.6793191,304,11.82,274,13.16
1787645713.8186488,301,11.94,211,17.21
1787645713.957206,296,12.15,234,15.48
1787645714.096135,295,12.19,254,14.23
1787645714.2275653,293,12.28,194,18.76
1787645714.3888714,289,12.45,237,15.28
1787645714.5520763,295,12.19,201,18.09
1787645714.6932487,290,12.41,207,17.55
1787645714.8387065,300,11.98,241,15.02
1787645714.979841,295,12.19,225,16.11
1787645715.1589656,294,12.23,188,19.37
1787645715.3286932,295,12.19,220,16.49
1787645715.4816785,300,11.98,223,16.26
1787645715.6598248,302,11.9,218,16.64
1787645715.79651,301,11.94,188,19.37
1787645715.9600592,306,11.74,155,23.58
1787645716.110381,307,11.7,140,26.15
1787645716.2844005,313,11.46,140,26.15
1787645716.4503355,317,11.32,158,23.12
1787645716.6110907,323,11.1,142,25.78
1787645716.758742,324,11.06,170,21.46
1787645716.918644,330,10.85,146,25.06
1787645717.060231,341,10.49,146,25.06
1787645717.1921933,340,10.52,153,23.89
1787645717.3554292,343,10.43,134,27.34
1787645717.497503,352,10.15,155,23.58
1787645717.6592956,359,9.94,158,23.12
1787645717.819403,364,9.8,168,21.72
1787645717.998744,335,10.68,147,24.89
1787645718.1297646,394,9.02,141,25.96
1787645718.321017,443,7.98,193,18.85
1787645718.4823296,522,6.71,153,23.89
1787645718.6273215,573,6.07,124,30.0
1787645718.8189085,662,5.2,140,26.15
1787645718.9806037,727,4.7,129,28.42
1787645719.1092935,728,4.69,134,27.34
1787645719.2566864,730,4.68,146,25.06
1787645719.4176297,733,4.66,165,22.13
1787645719.56186,716,4.78,153,23.89
1787645719.7269316,730,4.68,164,22.26
1787645719.9196923,729,4.68,187,19.47
1787645720.080685,684,5.02,200,18.18
1787645720.209122,574,6.06,194,18.76
1787645720.3602118,545,6.41,264,13.67
1787645720.503856,523,6.69,227,15.97
1787645720.6513748,501,7.01,212,17.13
1787645720.8308046,444,7.96,200,18.18
1787645720.9920733,363,9.83,248,14.58
1787645721.1364007,370,9.63,247,14.64
1787645721.2794018,351,10.18,233,15.55
1787645721.429183,387,9.19,241,15.02
1787645721.575243,346,10.33,212,17.13
1787645721.7150376,302,11.9,246,14.7
1787645721.8613017,341,10.49,235,15.41
1787645722.0221257,347,10.3,264,13.67
1787645722.1841378,369,9.66,237,15.28
1787645722.3634512,340,10.52,229,15.82
1787645722.5623739,364,9.8,236,15.34
1787645722.698126,349,10.24,245,14.76
1787645722.8427873,318,11.28,239,15.14
1787645722.9700515,330,10.85,213,17.04
1787645723.1423724,327,10.96,182,20.02
1787645723.3037086,730,4.68,259,13.94
1787645723.4836578,730,4.68,224,16.19
1787645723.662057,731,4.67,215,16.88
1787645723.7889786,730,4.68,241,15.02
1787645723.984215,694,4.94,236,15.34
1787645724.1623209,592,5.86,223,16.26
1787645724.303316,546,6.39,253,14.28
1787645724.449037,574,6.06,195,18.66
1787645724.629499,545,6.41,231,15.68
1787645724.7626896,473,7.44,252,14.34
1787645724.9178238,405,8.77,228,15.9
1787645725.0759425,317,11.32,200,18.18
1787645725.2135217,273,13.21,235,15.41
1787645725.3616314,221,16.41,200,18.18
1787645725.5215945,244,14.83,235,15.41
1787645725.6647482,302,11.9,235,15.41
1787645725.8028858,284,12.68,247,14.64
1787645725.9649546,233,15.55,259,13.94
1787645726.1156087,132,27.76,200,18.18
1787645726.2721844,118,30.0,214,16.96
1787645726.4366035,123,30.0,137,26.73
1787645726.6040018,254,14.23,75,30.0
1787645726.7437627,266,13.56,134,27.34
1787645726.8847966,283,12.72,194,18.76
1787645727.0414598,260,13.89,186,19.58
1787645727.1986518,277,13.01,105,30.0
1787645727.3626175,269,13.41,92,30.0
1787645727.5447612,282,12.77,134,27.34
1787645727.6977851,284,12.68,165,22.13
1787645727.8459735,273,13.21,211,17.21
1787645728.0028908,242,14.95,247,14.64
1787645728.1604767,237,15.28,292,12.32
1787645728.295962,243,14.89,363,9.83
1787645728.4476755,248,14.58,437,8.09
1787645728.603703,278,12.96,332,10.78
1787645728.7650797,261,13.83,162,22.54
1787645728.9202445,273,13.21,108,30.0
1787645729.0826874,266,13.56,91,30.0
1787645729.2393727,245,14.76,88,30.0
1787645729.3997743,260,13.89,82,30.0
1787645729.5421288,255,14.17,91,30.0
1787645729.6766424,260,13.89,81,30.0
1787645729.8242853,237,15.28,81,30.0
1787645729.9625437,267,13.51,92,30.0
1787645730.1008766,252,14.34,98,30.0
1787645730.2405827,260,13.89,96,30.0
1787645730.3728669,260,13.89,105,30.0
1787645730.5729377,263,13.72,92,30.0
1787645730.7341921,260,13.89,123,30.0
1787645730.8915894,265,13.62,135,27.14
1787645731.039349,259,13.94,140,26.15
1787645731.1833358,259,13.94,151,24.22
1787645731.3218846,260,13.89,135,27.14
1787645731.4621842,260,13.89,167,21.86
1787645731.6019776,260,13.89,76,30.0
1787645731.740346,265,13.62,34,30.0
1787645731.882026,269,13.41,51,30.0
1787645732.0218158,265,13.62,63,30.0
1787645732.159851,265,13.62,75,30.0
1787645732.312101,269,13.41,81,30.0
1787645732.4602392,239,15.14,107,30.0
1787645732.6406934,243,14.89,121,30.0
1787645732.7709947,246,14.7,165,22.13
1787645732.9343233,248,14.58,269,13.41
1787645733.090958,245,14.76,147,24.89
1787645733.2645998,251,14.4,75,30.0
1787645733.441818,178,20.48,64,30.0
1787645733.5953665,163,22.4,87,30.0
1787645733.7317016,115,30.0,103,30.0
1787645733.877309,109,30.0,146,25.06
1787645734.022758,126,29.1,365,9.77
1787645734.1626508,138,26.54,178,20.48
1787645734.3010297,153,23.89,547,6.38
1787645734.4620242,139,26.34,122,30.0
1787645734.6019833,108,30.0,72,30.0
1787645734.731664,123,30.0,188,19.37
1787645734.9241927,176,20.72,294,12.23
1787645735.0799289,195,18.66,281,12.82
1787645735.2190492,199,18.27,240,15.08
1787645735.361993,195,18.66,217,16.72
1787645735.5028045,194,18.76,214,16.96
1787645735.6410258,179,20.36,228,15.9
1787645735.7800872,188,19.37,21,30.0
1787645735.922287,189,19.26,7,30.0
1787645736.0591488,207,17.55,81,30.0
1787645751.2265785,433,8.17,218,16.64
1787645751.3826478,434,8.15,176,20.72
1787645751.6463296,434,8.15,224,16.19
1787645751.8265758,433,8.17,218,16.64
1787645752.2433395,433,8.17,204,17.82
1787645752.4546537,434,8.15,211,17.21
1787645752.6595075,433,8.17,201,18.09
1787645752.8347433,433,8.17,209,17.38
1787645753.0458596,452,7.81,183,19.91
1787645753.1835623,428,8.27,214,16.96
1787645753.3249345,427,8.29,212,17.13
1787645753.4620914,415,8.54,204,17.82
1787645753.6043518,404,8.79,193,18.85
1787645753.743192,386,9.22,227,15.97
1787645753.8892288,378,9.42,245,14.76
1787645754.0277698,370,9.63,231,15.68
1787645754.167583,368,9.69,236,15.34
1787645754.306762,352,10.15,217,16.72
1787645754.4469426,341,10.49,253,14.28
1787645754.623976,335,10.68,220,16.49
1787645754.7555346,323,11.1,210,17.29
1787645754.8970861,318,11.28,245,14.76
1787645755.0598907,314,11.43,198,18.37
1787645755.2048128,306,11.74,241,15.02
1787645755.3531501,301,11.94,229,15.82
1787645755.5274367,302,11.9,225,16.11
1787645755.6720037,308,11.66,212,17.13
1787645755.8349752,301,11.94,217,16.72
1787645756.0271823,301,11.94,222,16.34
1787645756.1558967,299,12.02,197,18.46
1787645756.321454,299,12.02,212,17.13
1787645756.5058413,300,11.98,212,17.13
1787645756.667471,300,11.98,185,19.69
1787645756.83366,304,11.82,203,17.91
1787645757.0270655,298,12.06,215,16.88
1787645757.1863015,318,11.28,229,15.82
1787645757.3669014,312,11.5,248,14.58
1787645757.5255072,318,11.28,177,20.6
1787645757.6562977,317,11.32,195,18.66
1787645757.815001,319,11.24,212,17.13
1787645757.9687405,329,10.89,224,16.19
1787645758.147199,336,10.65,204,17.82
1787645758.2814815,336,10.65,202,18.0
1787645758.423585,341,10.49,215,16.88
1787645758.5647063,339,10.55,249,14.52
1787645758.700135,346,10.33,195,18.66
1787645758.8744652,350,10.21,223,16.26
1787645759.0461788,357,10.0,188,19.37
1787645759.2074153,357,10.0,247,14.64
1787645759.381062,358,9.97,237,15.28
1787645759.5337298,365,9.77,211,17.21
1787645759.694845,364,9.8,203,17.91
1787645759.857135,383,9.29,206,17.64
1787645760.022669,370,9.63,205,17.73
1787645760.1660652,364,9.8,176,20.72
1787645760.328365,364,9.8,217,16.72
1787645760.4858096,376,9.47,223,16.26
1787645760.635885,358,9.97,215,16.88
1787645760.79729,353,10.12,212,17.13
1787645760.9871302,372,9.58,195,18.66
1787645761.137576,346,10.33,241,15.02
1787645761.283393,342,10.46,218,16.64
1787645761.43939,342,10.46,212,17.13
1787645761.6043382,334,10.72,204,17.82
1787645761.7655315,335,10.68,212,17.13
1787645761.9245133,330,10.85,217,16.72
1787645762.084923,326,10.99,194,18.76
1787645762.2639914,324,11.06,194,18.76
1787645762.4216213,325,11.03,195,18.66
1787645762.5667984,325,11.03,193,18.85
1787645762.7455392,318,11.28,217,16.72
1787645762.905586,318,11.28,165,22.13
1787645763.036782,317,11.32,171,21.33
1787645763.2171378,294,12.23,153,23.89
1787645763.3680267,299,12.02,152,24.05
1787645763.5305076,303,11.86,157,23.27
1787645763.6665168,324,11.06,139,26.34
1787645763.8483152,352,10.15,149,24.55
1787645763.9935296,381,9.34,161,22.69
1787645764.156939,410,8.65,127,28.87
1787645764.3183699,466,7.56,151,24.22
1787645764.4779916,518,6.76,140,26.15
1787645764.664588,589,5.9,178,20.48
1787645764.8219407,658,5.23,218,16.64
1787645764.9747279,726,4.7,217,16.72
1787645765.1441891,730,4.68,212,17.13
1787645765.3116114,728,4.69,194,18.76
1787645765.4678545,728,4.69,211,17.21
1787645765.6288857,734,4.65,239,15.14
1787645765.7766476,730,4.68,211,17.21
1787645765.9285479,728,4.69,250,14.46
1787645766.0742383,728,4.69,223,16.26
1787645766.235892,730,4.68,218,16.64
1787645766.4144273,703,4.87,221,16.41
1787645766.571355,601,5.77,249,14.52
1787645766.748321,523,6.69,207,17.55
1787645766.9253206,444,7.96,219,16.57
1787645767.0703053,393,9.05,254,14.23
1787645767.2154088,362,9.86,239,15.14
1787645767.3902407,307,11.7,246,14.7
1787645767.5399857,283,12.72,244,14.83
1787645767.685687,273,13.21,236,15.34
1787645767.8479223,259,13.94,211,17.21
1787645768.0096369,256,14.11,241,15.02
1787645768.1704822,254,14.23,234,15.48
1787645768.3473377,251,14.4,223,16.26
1787645768.487254,254,14.23,224,16.19
1787645768.626859,254,14.23,232,15.61
1787645768.788322,260,13.89,255,14.17
1787645768.9448144,254,14.23,237,15.28
1787645769.100648,260,13.89,228,15.9
1787645769.2644687,260,13.89,270,13.36
1787645769.4081435,266,13.56,211,17.21
1787645769.5472996,274,13.16,246,14.7
1787645769.683775,272,13.26,204,17.82
1787645769.828679,278,12.96,194,18.76
1787645769.9861233,276,13.06,182,20.02
1787645770.16858,285,12.63,231,15.68
1787645770.2952864,290,12.41,177,20.6
1787645770.467826,298,12.06,177,20.6
1787645770.6108913,306,11.74,128,28.64
1787645770.746547,301,11.94,165,22.13
1787645770.908011,303,11.86,188,19.37
1787645771.0677874,318,11.28,146,25.06
1787645771.1977332,345,10.36,152,24.05
1787645771.3898618,355,10.06,168,21.72
1787645771.5494394,347,10.3,158,23.12
1787645771.708758,352,10.15,164,22.26
1787645771.8715591,363,9.83,175,20.84
1787645772.0320675,375,9.5,145,25.24
1787645772.1929572,395,9.0,141,25.96
1787645772.3443105,399,8.9,159,22.98
1787645772.502209,410,8.65,143,25.59
1787645772.6488442,417,8.5,151,24.22
1787645772.8119688,428,8.27,139,26.34
1787645772.9526026,427,8.29,134,27.34
1787645773.1306148,420,8.44,164,22.26
1787645773.2871733,426,8.31,158,23.12
1787645773.441672,417,8.5,188,19.37
1787645773.5877073,416,8.52,222,16.34
1787645773.7476757,405,8.77,212,17.13
1787645773.894193,364,9.8,226,16.04
1787645774.071614,295,12.19,263,13.72
1787645774.2183588,352,10.15,197,18.46
1787645774.3864787,331,10.82,206,17.64
1787645774.5316968,301,11.94,206,17.64
1787645774.709898,290,12.41,218,16.64
1787645774.8519568,278,12.96,171,21.33
1787645775.0010688,265,13.62,164,22.26
1787645775.1923254,260,13.89,153,23.89
1787645775.3709905,259,13.94,159,22.98
1787645775.5307086,260,13.89,182,20.02
1787645775.6922107,254,14.23,208,17.46
1787645775.8533509,255,14.17,242,14.95
1787645775.978819,254,14.23,184,19.8
1787645776.1716838,260,13.89,199,18.27
1787645776.3325229,261,13.83,166,21.99
1787645776.4717546,266,13.56,206,17.64
1787645776.6329293,271,13.31,203,17.91
1787645776.8103383,271,13.31,230,15.75
1787645776.9529886,272,13.26,216,16.8
1787645777.1311,280,12.87,230,15.75
1787645777.2921977,284,12.68,213,17.04
1787645777.452412,289,12.45,202,18.0
1787645777.6111739,305,11.78,237,15.28
1787645777.7598774,302,11.9,217,16.72
1787645777.9014528,301,11.94,218,16.64
1787645778.0472581,306,11.74,241,15.02
1787645778.213521,332,10.78,186,19.58
1787645778.3539531,323,11.1,194,18.76
1787645778.5323327,335,10.68,247,14.64
1787645778.7119079,346,10.33,236,15.34
1787645778.8575177,353,10.12,227,15.97
1787645846.473995,418,8.48,201,18.09
1787645846.6054156,422,8.4,217,16.72
1787645846.8760953,423,8.37,185,19.69
1787645847.0147398,422,8.4,202,18.0
1787645847.2725182,425,8.33,209,17.38
1787645847.4739153,421,8.42,190,19.16
1787645847.6131206,422,8.4,207,17.55
1787645847.882996,423,8.37,219,16.57
1787645848.0510788,443,7.98,224,16.19
1787645848.213483,421,8.42,195,18.66
1787645848.4937327,422,8.4,186,19.58
1787645848.6411765,442,8.0,165,22.13
1787645848.7962437,416,8.52,212,17.13
1787645848.9421778,411,8.63,217,16.72
1787645849.1120093,405,8.77,229,15.82
1787645849.250924,394,9.02,202,18.0
1787645849.3898342,375,9.5,263,13.72
1787645849.530547,370,9.63,215,16.88
1787645849.6902237,358,9.97,218,16.64
1787645849.8336399,351,10.18,229,15.82
1787645849.976523,346,10.33,201,18.09
1787645850.1120565,340,10.52,226,16.04
1787645850.2738967,329,10.89,236,15.34
1787645850.4310453,324,11.06,218,16.64
1787645850.5763767,318,11.28,228,15.9
1787645850.7143779,312,11.5,261,13.83
1787645850.856392,305,11.78,194,18.76
1787645851.013332,306,11.74,206,17.64
1787645851.151268,306,11.74,166,21.99
1787645851.3102236,307,11.7,229,15.82
1787645851.4669785,327,10.96,182,20.02
1787645851.6115394,301,11.94,177,20.6
1787645851.753955,301,11.94,153,23.89
1787645851.896975,301,11.94,182,20.02
1787645852.0547953,301,11.94,195,18.66
1787645852.2359917,301,11.94,199,18.27
1787645852.4063919,307,11.7,233,15.55
1787645852.5529017,307,11.7,188,19.37
1787645852.6804986,300,11.98,243,14.89
1787645852.8361812,324,11.06,220,16.49
1787645853.0241573,324,11.06,198,18.37
1787645853.1666179,323,11.1,218,16.64
1787645853.3220382,328,10.92,205,17.73
1787645853.4757655,350,10.21,200,18.18
1787645853.6039135,329,10.89,183,19.91
1787645853.796473,335,10.68,244,14.83
1787645853.932281,334,10.72,176,20.72
1787645854.066037,336,10.65,225,16.11
1787645854.2392232,341,10.49,223,16.26
1787645854.3885238,341,10.49,229,15.82
1787645854.5309858,347,10.3,218,16.64
1787645854.6753318,344,10.39,212,17.13
1787645854.824506,352,10.15,227,15.97
1787645854.9934628,354,10.09,224,16.19
1787645855.1335027,359,9.94,223,16.26
1787645855.2954314,364,9.8,253,14.28
1787645855.4388762,363,9.83,217,16.72
1787645855.5826004,364,9.8,200,18.18
1787645855.7737691,363,9.83,237,15.28
1787645855.915024,359,9.94,191,19.06
1787645856.049589,357,10.0,177,20.6
1787645856.2283764,351,10.18,206,17.64
1787645856.3787556,353,10.12,253,14.28
1787645856.5139728,352,10.15,204,17.82
1787645856.6784484,353,10.12,194,18.76
1787645856.8383086,352,10.15,200,18.18
1787645856.9751582,348,10.27,186,19.58
1787645857.1149418,346,10.33,190,19.16
1787645857.2566247,346,10.33,185,19.69
1787645857.414218,341,10.49,224,16.19
1787645857.5640495,336,10.65,197,18.46
1787645857.7556236,336,10.65,160,22.83
1787645857.912528,336,10.65,151,24.22
1787645858.0562003,341,10.49,104,30.0
1787645858.235199,329,10.89,118,30.0
1787645858.3742678,329,10.89,137,26.73
1787645858.5158408,324,11.06,146,25.06
1787645858.644682,318,11.28,155,23.58
1787645858.836026,301,11.94,151,24.22
1787645858.9760032,295,12.19,183,19.91
1787645859.155751,299,12.02,117,30.0
1787645859.3154335,324,11.06,155,23.58
1787645859.468583,346,10.33,187,19.47
1787645859.6267517,381,9.34,151,24.22
1787645859.771814,404,8.79,158,23.12
1787645859.9113858,453,7.79,176,20.72
1787645860.0640705,490,7.17,170,21.46
1787645860.209397,545,6.41,164,22.26
1787645860.3570697,584,5.95,123,30.0
1787645860.495162,650,5.3,146,25.06
1787645860.6380455,720,4.75,179,20.36
1787645860.7862108,730,4.68,135,27.14
1787645860.9463964,713,4.8,147,24.89
1787645861.0913115,730,4.68,200,18.18
1787645861.2560308,731,4.67,202,18.0
1787645861.4217112,731,4.67,217,16.72
1787645861.558414,730,4.68,241,15.02
1787645861.7178962,731,4.67,238,15.21
1787645861.878983,724,4.72,221,16.41
1787645862.0271432,644,5.36,217,16.72
1787645862.1763132,567,6.14,252,14.34
1787645862.3042316,491,7.16,235,15.41
1787645862.4765482,433,8.17,217,16.72
1787645862.6556098,387,9.19,206,17.64
1787645862.8181548,346,10.33,262,13.78
1787645862.955139,324,11.06,243,14.89
1787645863.116675,294,12.23,228,15.9
1787645863.262576,303,11.86,238,15.21
1787645863.4055955,275,13.11,260,13.89
1787645863.597322,269,13.41,224,16.19
1787645863.7236662,255,14.17,259,13.94
1787645863.9113746,268,13.46,284,12.68
1787645864.0575633,252,14.34,224,16.19
1787645864.236389,255,14.17,248,14.58
1787645864.4178143,252,14.34,253,14.28
1787645864.5578523,260,13.89,206,17.64
1787645864.7178483,254,14.23,183,19.91
1787645864.8961444,261,13.83,115,30.0
1787645865.0457203,266,13.56,158,23.12
1787645865.2384481,273,13.21,217,16.72
1787645865.3969765,266,13.56,169,21.59
1787645865.5487342,279,12.91,175,20.84
1787645865.693391,283,12.72,194,18.76
1787645865.8232656,289,12.45,233,15.55
1787645865.9837885,304,11.82,197,18.46
1787645866.1486733,295,12.19,164,22.26
1787645866.2941463,304,11.82,149,24.55
1787645866.447857,302,11.9,152,24.05
1787645866.5958,332,10.78,149,24.55
1787645866.7577899,316,11.35,134,27.34
1787645866.9107242,329,10.89,146,25.06
1787645867.0884485,332,10.78,151,24.22
1787645867.233509,347,10.3,162,22.54
1787645867.3960288,359,9.94,151,24.22
1787645867.5400343,370,9.63,145,25.24
1787645867.7344506,375,9.5,167,21.86
1787645867.874191,395,9.0,158,23.12
1787645868.0168417,405,8.77,145,25.24
1787645868.1892667,419,8.46,144,25.41
1787645868.3728056,423,8.37,165,22.13
1787645868.516076,433,8.17,162,22.54
1787645868.6894464,439,8.05,164,22.26
1787645868.835133,444,7.96,163,22.4
1787645868.9783413,428,8.27,147,24.89
1787645869.1380608,423,8.37,170,21.46
1787645869.274528,416,8.52,171,21.33
1787645869.4188206,405,8.77,247,14.64
1787645869.573247,394,9.02,223,16.26
1787645869.7272894,302,11.9,224,16.19
1787645869.8788483,335,10.68,246,14.7
1787645870.0247037,346,10.33,212,17.13
1787645870.145187,318,11.28,214,16.96
1787645870.3113315,295,12.19,223,16.26
1787645870.47128,278,12.96,215,16.88
1787645870.6167302,272,13.26,184,19.8
1787645870.7480245,260,13.89,140,26.15
1787645870.8913565,253,14.28,146,25.06
1787645871.035509,254,14.23,193,18.85
1787645871.1645947,255,14.17,165,22.13
1787645871.3337128,271,13.31,185,19.69
1787645871.4857478,255,14.17,212,17.13
1787645871.680219,259,13.94,212,17.13
1787645871.845941,253,14.28,210,17.29
1787645872.0175798,261,13.83,182,20.02
1787645872.1962473,260,13.89,209,17.38
1787645872.3589108,266,13.56,203,17.91
1787645872.5178497,272,13.26,203,17.91
1787645872.6784549,274,13.16,232,15.61
1787645872.8597064,276,13.06,240,15.08
1787645872.9990895,283,12.72,215,16.88
1787645873.1416461,289,12.45,194,18.76
1787645873.289553,295,12.19,204,17.82
1787645873.4495327,301,11.94,182,20.02
1787645873.6113884,300,11.98,199,18.27
1787645873.757796,305,11.78,205,17.73
1787645873.8953614,318,11.28,212,17.13
1787645874.0279887,323,11.1,218,16.64
1787645874.1740534,328,10.92,215,16.88
1787645874.3194003,340,10.52,206,17.64
1787645874.4583967,353,10.12,194,18.76
1787645874.5845234,358,9.97,208,17.46
1787645874.776146,369,9.66,241,15.02
1787645909.121555,249,14.52,217,16.72
1787645909.2499104,248,14.58,211,17.21
1787645909.515029,247,14.64,199,18.27
1787645909.9413364,249,14.52,202,18.0
1787645910.0772395,246,14.7,224,16.19
1787645910.215771,248,14.58,188,19.37
1787645910.5112095,249,14.52,239,15.14
1787645910.6586316,257,14.05,211,17.21
1787645910.7697103,248,14.58,183,19.91
1787645910.9252634,248,14.58,207,17.55
1787645911.0595117,255,14.17,227,15.97
1787645911.2192466,255,14.17,205,17.73
1787645911.3527625,260,13.89,212,17.13
1787645911.5406394,280,12.87,207,17.55
1787645911.7353356,276,13.06,217,16.72
1787645911.8817523,277,13.01,222,16.34
1787645912.021407,290,12.41,210,17.29
1787645912.1604342,295,12.19,227,15.97
1787645912.3193007,300,11.98,218,16.64
1787645912.4587924,304,11.82,200,18.18
1787645912.6197877,318,11.28,196,18.56
1787645912.7702796,330,10.85,164,22.26
1787645912.9593081,341,10.49,172,21.21
1787645913.0876179,364,9.8,177,20.6
1787645913.254757,375,9.5,158,23.12
1787645913.4201038,399,8.9,213,17.04
1787645913.5795305,428,8.27,183,19.91
1787645913.7397895,449,7.87,164,22.26
1787645913.8792348,473,7.44,177,20.6
1787645914.0056205,502,6.99,196,18.56
1787645914.1975615,507,6.92,269,13.41
1787645914.3602998,535,6.53,218,16.64
1787645914.4995117,568,6.13,246,14.7
1787645914.6286967,560,6.22,236,15.34
1787645914.8200567,565,6.16,239,15.14
1787645914.9680512,518,6.76,188,19.37
1787645915.1293771,490,7.17,233,15.55
1787645915.276355,467,7.55,200,18.18
1787645915.4369395,433,8.17,208,17.46
1787645915.5817719,415,8.54,213,17.04
1787645915.7594564,384,9.27,259,13.94
1787645915.8942451,364,9.8,224,16.19
1787645916.0383537,346,10.33,210,17.29
1787645916.201658,320,11.21,253,14.28
1787645916.3548155,310,11.58,246,14.7
1787645916.516672,301,11.94,212,17.13
1787645916.6615605,295,12.19,226,16.04
1787645916.808727,293,12.28,198,18.37
1787645916.9982088,284,12.68,194,18.76
1787645917.16025,286,12.59,209,17.38
1787645917.3200357,277,13.01,247,14.64
1787645917.4611008,275,13.11,231,15.68
1787645917.6187575,277,13.01,258,14.0
1787645917.7516823,272,13.26,235,15.41
1787645917.9174595,276,13.06,211,17.21
1787645918.0801878,278,12.96,226,16.04
1787645918.215108,283,12.72,185,19.69
1787645918.35456,309,11.62,212,17.13
1787645918.5008028,289,12.45,224,16.19
1787645918.6266289,290,12.41,197,18.46
1787645918.7978709,295,12.19,204,17.82
1787645918.9278162,321,11.17,144,25.41
1787645919.090202,302,11.9,180,20.25
1787645919.2353392,302,11.9,177,20.6
1787645919.3783169,306,11.74,206,17.64
1787645919.5079434,329,10.89,157,23.27
1787645919.6909752,337,10.62,161,22.69
1787645919.8596401,323,11.1,155,23.58
1787645920.020894,329,10.89,155,23.58
1787645920.169324,334,10.72,138,26.54
1787645920.3290017,340,10.52,175,20.84
1787645920.521734,341,10.49,165,22.13
1787645920.6727185,347,10.3,147,24.89
1787645920.8119047,324,11.06,194,18.76
1787645920.9744174,307,11.7,164,22.26
1787645921.1202068,347,10.3,200,18.18
1787645921.2567873,393,9.05,213,17.04
1787645921.3946753,439,8.05,200,18.18
1787645921.5566466,496,7.08,203,17.91
1787645921.7189586,580,5.99,176,20.72
1787645921.8566797,668,5.15,217,16.72
1787645921.9977374,730,4.68,110,30.0
1787645922.1572278,730,4.68,163,22.4
1787645922.3215148,730,4.68,186,19.58
1787645922.4668543,722,4.73,206,17.64
1787645922.6286845,617,5.61,212,17.13
1787645963.0024564,342,10.46,163,22.4
1787645963.1860907,340,10.52,205,17.73
1787645963.3085728,338,10.59,194,18.76
1787645963.57679,342,10.46,207,17.55
1787645963.8188524,341,10.49,188,19.37
1787645964.0065715,340,10.52,198,18.37
1787645964.1383846,341,10.49,205,17.73
1787645964.4135501,341,10.49,222,16.34
1787645964.5719402,341,10.49,190,19.16
1787645964.8191211,341,10.49,226,16.04
1787645964.990475,341,10.49,206,17.64
1787645965.154651,349,10.24,200,18.18
1787645965.29734,341,10.49,182,20.02
1787645965.4291291,346,10.33,200,18.18
1787645965.5817292,347,10.3,202,18.0
1787645965.7139487,346,10.33,206,17.64
1787645965.8608787,347,10.3,188,19.37
1787645965.9996974,346,10.33,189,19.26
1787645966.138318,352,10.15,159,22.98
1787645966.277454,347,10.3,198,18.37
1787645966.4151502,353,10.12,209,17.38
1787645966.5577056,353,10.12,170,21.46
1787645966.71458,352,10.15,170,21.46
1787645966.8695865,353,10.12,228,15.9
1787645967.020126,353,10.12,200,18.18
1787645967.1814778,352,10.15,205,17.73
1787645967.3597617,352,10.15,179,20.36
1787645967.498302,357,10.0,147,24.89
1787645967.6418424,352,10.15,212,17.13
1787645967.8519099,352,10.15,212,17.13
1787645968.033752,356,10.03,218,16.64
1787645968.1797502,352,10.15,165,22.13
1787645968.3417146,338,10.59,190,19.16
1787645968.481954,351,10.18,224,16.19
1787645968.6404877,347,10.3,194,18.76
1787645968.8006785,342,10.46,201,18.09
1787645968.961523,342,10.46,264,13.67
1787645969.0903397,340,10.52,205,17.73
1787645969.2518013,335,10.68,212,17.13
1787645969.41254,341,10.49,251,14.4
1787645969.5846627,336,10.65,230,15.75
1787645969.7203505,329,10.89,214,16.96
1787645969.880348,329,10.89,242,14.95
1787645970.0216117,325,11.03,208,17.46
1787645970.1583388,347,10.3,240,15.08
1787645970.3030157,318,11.28,188,19.37
1787645970.46353,318,11.28,188,19.37
1787645970.624136,317,11.32,147,24.89
1787645970.7581275,311,11.54,217,16.72
1787645970.9032884,313,11.46,186,19.58
1787645971.045125,318,11.28,235,15.41
1787645971.181924,317,11.32,213,17.04
1787645971.3668814,312,11.5,206,17.64
1787645971.5208514,313,11.46,219,16.57
1787645971.6839585,312,11.5,240,15.08
1787645971.8112228,316,11.35,193,18.85
1787645971.979535,311,11.54,208,17.46
1787645972.1254656,318,11.28,206,17.64
1787645972.293041,312,11.5,194,18.76
1787645972.4439213,315,11.39,222,16.34
1787645972.6114073,318,11.28,212,17.13
1787645972.7580912,318,11.28,195,18.66
1787645972.91323,324,11.06,203,17.91
1787645973.0808465,324,11.06,192,18.96
1787645973.2249756,324,11.06,183,19.91
1787645973.3533332,323,11.1,212,17.13
1787645973.5442257,324,11.06,198,18.37
1787645973.7060404,331,10.82,188,19.37
1787645973.8639646,335,10.68,194,18.76
1787645974.013749,329,10.89,187,19.47
1787645974.161701,353,10.12,200,18.18
1787645974.3210158,334,10.72,183,19.91
1787645974.4491644,336,10.65,173,21.08
1787645974.609817,343,10.43,209,17.38
1787645974.7525709,341,10.49,189,19.26
1787645974.9448736,340,10.52,200,18.18
1787645975.0847504,341,10.49,171,21.33
1787645975.2154047,346,10.33,194,18.76
1787645975.3814769,344,10.39,215,16.88
1787645975.536571,348,10.27,170,21.46
1787645975.6811385,334,10.72,177,20.6
1787645975.843138,301,11.94,191,19.06
1787645976.0019643,318,11.28,140,26.15
1787645976.1402214,347,10.3,171,21.33
1787645976.315389,394,9.02,163,22.4
1787645976.4552057,400,8.88,156,23.43
1787645976.6122131,428,8.27,146,25.06
1787645976.7581098,477,7.38,134,27.34
1787645976.9048123,495,7.1,145,25.24
1787645977.0624487,534,6.55,164,22.26
1787645977.1905804,582,5.97,163,22.4
1787645977.3837585,623,5.55,158,23.12
1787645977.5426729,709,4.83,196,18.56
1787645977.7012322,730,4.68,194,18.76
1787645977.8301513,727,4.7,195,18.66
1787645977.9761288,730,4.68,208,17.46
1787645978.1260242,730,4.68,212,17.13
1787645978.2712374,731,4.67,212,17.13
1787645978.4627995,732,4.66,198,18.37
1787645978.6242883,728,4.69,241,15.02
1787645978.7576196,730,4.68,218,16.64
1787645978.9028854,730,4.68,196,18.56
1787645979.0637352,731,4.67,212,17.13
1787645979.2216017,730,4.68,241,15.02
1787645979.3963916,730,4.68,253,14.28
1787645979.544176,713,4.8,208,17.46
1787645979.7065837,726,4.7,229,15.82
1787645979.850594,672,5.12,239,15.14
1787645980.0415192,623,5.55,218,16.64
1787645980.170284,556,6.27,223,16.26
1787645980.3638308,534,6.55,232,15.61
1787645980.5215745,496,7.08,230,15.75
1787645980.6502008,461,7.65,215,16.88
1787645980.819105,428,8.27,231,15.68
1787645980.9635856,406,8.74,264,13.67
1787645981.0933938,381,9.34,235,15.41
1787645981.2378728,363,9.83,241,15.02
1787645981.378672,347,10.3,198,18.37
1787645981.5524888,330,10.85,258,14.0
1787645981.7132897,307,11.7,218,16.64
1787645981.8810196,301,11.94,228,15.9
1787645982.0199108,289,12.45,223,16.26
1787645982.1821275,286,12.59,214,16.96
1787645982.3440754,275,13.11,238,15.21
1787645982.4718237,266,13.56,207,17.55
1787645982.6640666,259,13.94,228,15.9
1787645982.7922251,254,14.23,268,13.46
1787645982.9616828,254,14.23,241,15.02
1787645983.0905783,250,14.46,235,15.41
1787645983.2598436,254,14.23,236,15.34
1787645983.4155917,246,14.7,243,14.89
1787645983.5751524,255,14.17,190,19.16
1787645983.7229543,272,13.26,209,17.38
1787645983.8655243,245,14.76,241,15.02
1787645984.0419333,248,14.58,237,15.28
1787645984.1786802,248,14.58,242,14.95
1787645984.344378,248,14.58,217,16.72
1787645984.510869,254,14.23,201,18.09
1787645984.6828275,261,13.83,221,16.41
1787645984.8118367,260,13.89,202,18.0
1787645985.006017,266,13.56,229,15.82
1787645985.1554472,265,13.62,219,16.57
1787645985.3435688,266,13.56,229,15.82
1787645985.4862916,281,12.82,206,17.64
1787645985.6141927,278,12.96,190,19.16
1787645985.7770426,289,12.45,161,22.69
1787645985.9327977,290,12.41,129,28.42
1787645986.08189,296,12.15,129,28.42
1787645986.2207184,295,12.19,132,27.76
1787645986.3665535,301,11.94,151,24.22
1787645986.492436,306,11.74,150,24.38
1787645986.6415262,307,11.7,152,24.05
1787645986.80293,319,11.24,183,19.91
1787645986.9684818,323,11.1,160,22.83
1787645987.1299508,324,11.06,150,24.38
1787645987.3240855,324,11.06,159,22.98
1787645987.4941866,254,14.23,171,21.33
1787645987.6748784,194,18.76,146,25.06
1787645987.8441358,278,12.96,164,22.26
1787645987.9987807,281,12.82,169,21.59
1787645988.168002,274,13.16,194,18.76
1787645988.3224437,266,13.56,247,14.64
1787645988.4793708,260,13.89,241,15.02
1787645988.6231256,255,14.17,224,16.19
1787645988.7615721,265,13.62,229,15.82
1787645988.9050863,254,14.23,244,14.83
1787645989.0429647,263,13.72,223,16.26
1787645989.1802588,253,14.28,211,17.21
1787645989.3359628,254,14.23,235,15.41
1787645989.482381,254,14.23,216,16.8
1787645989.622356,255,14.17,212,17.13
1787645989.7669322,261,13.83,168,21.72
1787645989.9260812,260,13.89,220,16.49
1787645990.08499,260,13.89,218,16.64
1787645990.2428658,260,13.89,215,16.88
1787645990.4281733,258,14.0,246,14.7
1787645990.5641792,266,13.56,227,15.97
1787645990.692487,273,13.21,262,13.78
1787645990.8618474,272,13.26,218,16.64
1787645991.017919,284,12.68,202,18.0
1787645991.2047408,287,12.54,205,17.73
1787645991.3654423,312,11.5,232,15.61
1787645991.5256135,317,11.32,212,17.13
1787645991.655606,301,11.94,230,15.75
1787645991.8180413,300,11.98,213,17.04
1787645991.9846842,306,11.74,224,16.19
1787645992.1281755,311,11.54,230,15.75
1787647192.504882,187,19.47,212,17.13
1787647192.6866686,186,19.58,216,16.8
1787647192.9020612,189,19.26,238,15.21
1787647193.0479102,197,18.46,242,14.95
1787647193.3114426,195,18.66,169,21.59
1787647193.5189974,191,19.06,224,16.19
1787647193.7157547,185,19.69,218,16.64
1787647193.926484,196,18.56,229,15.82
1787647194.1460607,192,18.96,211,17.21
1787647194.3284755,191,19.06,224,16.19
1787647194.4880366,190,19.16,190,19.16
1787647194.6742957,194,18.76,247,14.64
1787647194.819856,200,18.18,223,16.26
1787647194.9703808,202,18.0,205,17.73
1787647195.1097176,217,16.72,193,18.85
1787647195.2701979,211,17.21,252,14.34
1787647195.4093554,228,15.9,186,19.58
1787647195.5462418,216,16.8,220,16.49
1787647195.6927464,224,16.19,194,18.76
1787647195.840317,234,15.48,146,25.06
1787647195.9856253,236,15.34,171,21.33
1787647196.1450388,243,14.89,196,18.56
1787647196.298111,258,14.0,144,25.41
1787647196.4603198,282,12.77,140,26.15
1787647196.6199536,271,13.31,161,22.69
1787647196.7686183,284,12.68,202,18.0
1787647196.9045498,302,11.9,220,16.49
1787647197.0495026,306,11.74,194,18.76
1787647197.201765,306,11.74,191,19.06
1787647197.3496463,339,10.55,151,24.22
1787647197.5113614,334,10.72,205,17.73
1787647197.6512175,341,10.49,176,20.72
1787647197.8291302,357,10.0,163,22.4
1787647197.9912095,375,9.5,189,19.26
1787647198.14534,381,9.34,212,17.13
1787647198.2910068,411,8.63,157,23.27
1787647198.4411228,433,8.17,182,20.02
1787647198.6124194,470,7.49,198,18.37
1787647198.767904,499,7.03,205,17.73
1787647198.939455,507,6.92,195,18.66
1787647199.1120996,545,6.41,229,15.82
1787647199.2674124,579,6.0,212,17.13
1787647199.4206889,629,5.49,223,16.26
1787647199.5875754,662,5.2,208,17.46
1787647199.7326503,698,4.91,193,18.85
1787647199.9102488,730,4.68,166,21.99
1787647200.0440905,730,4.68,201,18.09
1787647200.2053256,729,4.68,206,17.64
1787647200.360787,728,4.69,152,24.05
1787647200.5524142,725,4.71,175,20.84
1787647200.6757643,727,4.7,156,23.43
1787647200.8384821,727,4.7,177,20.6
1787647201.022521,730,4.68,151,24.22
1787647201.1769643,730,4.68,134,27.34
1787647201.3387346,730,4.68,146,25.06
1787647201.5018926,712,4.8,162,22.54
1787647201.6600196,643,5.37,150,24.38
1787647201.8295465,561,6.21,125,29.34
1787647202.0097191,539,6.48,136,26.93
1787647202.1679137,500,7.02,120,30.0
1787647202.3133283,461,7.65,158,23.12
1787647202.4914224,406,8.74,153,23.89
1787647202.6301181,449,7.87,176,20.72
1787647202.771099,399,8.9,132,27.76
1787647202.9320974,422,8.4,144,25.41
1787647203.0873663,388,9.17,157,23.27
1787647203.2399075,197,18.46,158,23.12
1787647203.433704,730,4.68,128,28.64
1787647203.6112998,715,4.78,156,23.43
1787647203.773757,728,4.69,137,26.73
1787647203.9205165,729,4.68,164,22.26
1787647204.0958962,729,4.68,158,23.12
1787647204.2479427,730,4.68,135,27.14
1787647204.410097,729,4.68,152,24.05
1787647204.5389824,728,4.69,146,25.06
1787647204.691005,722,4.73,145,25.24
1787647204.8315582,702,4.88,148,24.72
1787647204.9711626,689,4.98,140,26.15
1787647205.1286867,684,5.02,143,25.59
1787647205.2720163,655,5.26,157,23.27
1787647205.413502,648,5.32,152,24.05
1787647205.5838346,628,5.5,202,18.0
1787647205.7113385,628,5.5,179,20.36
1787647205.8514678,601,5.77,199,18.27
1787647205.9897423,601,5.77,171,21.33
1787647206.1309013,590,5.89,194,18.76
1787647206.2687106,595,5.83,236,15.34
1787647206.410848,589,5.9,230,15.75
1787647206.572958,589,5.9,212,17.13
1787647206.7316465,601,5.77,224,16.19
1787647206.8715174,639,5.4,158,23.12
1787647207.0320518,622,5.56,229,15.82
1787647207.1711843,656,5.25,205,17.73
1787647207.308727,672,5.12,205,17.73
1787647207.4699218,595,5.83,190,19.16
1787647207.6075525,455,7.76,184,19.8
1787647207.7528496,290,12.41,211,17.21
1787647207.884667,190,19.16,206,17.64
1787647208.0444973,165,22.13,171,21.33
1787647208.1916437,226,16.04,188,19.37
1787647208.3304288,239,15.14,183,19.91
1787647208.4683945,256,14.11,312,11.5
1787647208.6005428,283,12.72,6,30.0
1787647208.770741,293,12.28,206,17.64
1787647208.9336977,300,11.98,150,24.38
1787647209.0706463,300,11.98,8,30.0
1787647209.2304645,312,11.5,145,25.24
1787647209.3708868,312,11.5,191,19.06
1787647209.5102367,316,11.35,204,17.82
1787647209.6516554,308,11.66,171,21.33
1787647209.7872412,301,11.94,187,19.47
1787647209.936699,288,12.5,220,16.49
1787647210.0707777,266,13.56,218,16.64
1787647210.2118163,260,13.89,259,13.94
1787647210.3613584,260,13.89,280,12.87
1787647210.498092,260,13.89,292,12.32
1787647210.6502955,260,13.89,298,12.06
1787647210.809424,259,13.94,297,12.11
1787647210.9501314,260,13.89,292,12.32
1787647211.091618,282,12.77,275,13.11
1787647211.231655,271,13.31,271,13.31
1787647211.3916314,296,12.15,264,13.67
1787647211.530837,293,12.28,269,13.41
1787647211.6842957,284,12.68,260,13.89
1787647211.8703208,277,13.01,188,19.37
1787647212.0309477,291,12.36,6,30.0
1787647212.171118,346,10.33,6,30.0
1787647212.311918,475,7.41,14,30.0
1787647212.4709892,490,7.17,17,30.0
1787647212.611402,489,7.19,39,30.0
1787647212.7486477,450,7.85,58,30.0
1787647212.9118614,422,8.4,103,30.0
1787647213.0508218,404,8.79,87,30.0
1787647213.1912577,394,9.02,98,30.0
1787647213.3698547,381,9.34,68,30.0
1787647213.524516,394,9.02,137,26.73
1787647213.692911,381,9.34,68,30.0
1787647213.827163,363,9.83,52,30.0
1787647213.971149,351,10.18,64,30.0
1787647214.1417716,342,10.46,84,30.0
1787647214.3097925,318,11.28,57,30.0
1787647214.4707801,290,12.41,21,30.0
1787647214.6124144,277,13.01,14,30.0
1787647214.742228,215,16.88,109,30.0
1787647214.9127686,219,16.57,171,21.33
1787647215.0507176,191,19.06,136,26.93
1787647215.1891146,174,20.96,157,23.27
1787647215.3289707,171,21.33,116,30.0
1787647215.4953654,172,21.21,6,30.0
1787647215.6637988,170,21.46,140,26.15
1787647215.808566,169,21.59,458,7.7
1787647215.9521408,164,22.26,568,6.13
1787647216.080782,177,20.6,610,5.68
1787647216.260781,167,21.86,636,5.43
1787647216.4046872,176,20.72,645,5.35
1787647216.550651,179,20.36,659,5.22
1787647216.692781,182,20.02,523,6.69
1787647216.871166,188,19.37,342,10.46
1787647217.052082,194,18.76,721,4.74
1787647217.2130847,199,18.27,259,3.0
1787647217.3585055,205,17.73,40,30.0
1787647217.5069592,207,17.55,39,30.0
1787647217.6614382,213,17.04,46,30.0
1787647217.8083637,219,16.57,78,30.0
1787647217.9678397,227,15.97,209,17.38
1787647218.1120453,231,15.68,130,28.2
1787647218.2472894,242,14.95,133,27.55
1787647218.391906,249,14.52,114,30.0
1787647218.5483923,256,14.11,132,27.76
1787647218.6933537,272,13.26,186,19.58
1787647218.8231695,291,12.36,135,27.14
1787647218.9679127,303,11.86,140,26.15
1787647219.1012602,332,10.78,171,21.33
1787647219.258063,324,11.06,226,16.04
1787647219.4105818,332,10.78,407,8.72
1787647219.5512376,312,11.5,194,18.76
1787647219.6910703,295,12.19,200,18.18
1787647219.819722,266,13.56,368,9.69
1787647219.9917057,248,14.58,175,20.84
1787647220.1317503,221,16.41,199,18.27
1787647220.259102,177,20.6,182,20.02
1787647220.4125524,155,23.58,111,30.0
1787647220.5588162,178,20.48,180,20.25
1787647220.7423062,232,15.61,372,9.58
1787647220.8871887,434,8.15,368,9.69
1787647221.0308537,302,11.9,255,14.17
1787647221.1737614,271,13.31,235,15.41
1787647221.3087094,283,12.72,223,16.26
1787647221.4582758,299,12.02,216,16.8
1787647221.6037345,289,12.45,303,11.86
1787647221.762846,459,7.68,384,9.27
1787647221.9107788,362,9.86,379,9.4
1787647222.0459423,312,11.5,363,9.83
1787647222.2099528,301,11.94,372,9.58
1787647222.3514655,316,11.35,211,17.21
1787647222.4875329,340,10.52,201,18.09
1787647222.626158,375,9.5,121,30.0
1787647222.7662332,400,8.88,34,30.0
1787647222.9119403,411,8.63,127,28.87
1787647223.0494287,410,8.65,163,22.4
1787647223.2078874,432,8.19,170,21.46
1787647223.3425944,443,7.98,176,20.72
1787647223.5144362,467,7.55,186,19.58
1787647223.6923742,496,7.08,176,20.72
1787647223.8211546,533,6.56,204,17.82
1787647223.9797428,580,5.99,314,11.43
1787647224.1441786,622,5.56,188,19.37
1787647224.2902687,590,5.89,163,22.4
1787647224.4414425,585,5.94,110,30.0
1787647224.6057973,632,5.47,45,30.0
1787647224.7462034,699,4.9,123,30.0
1787647224.893149,679,5.06,140,26.15
1787647225.0677848,530,6.6,155,23.58
1787647225.230208,412,8.61,117,30.0
1787647225.3843446,346,10.33,69,30.0
1787647225.5537703,301,11.94,253,14.28
1787647225.7492254,272,13.26,430,8.23
1787647225.892436,213,17.04,294,12.23
1787647226.0541935,249,14.52,496,7.08
1787647226.1907678,254,14.23,42,30.0
1787647226.3274946,267,13.51,197,18.46
1787647273.9283931,329,10.89,222,16.34
1787647274.4113996,329,10.89,199,18.27
1787647274.6259823,330,10.85,229,15.82
1787647274.8211002,330,10.85,186,19.58
1787647275.0285852,329,10.89,205,17.73
1787647275.2315776,352,10.15,215,16.88
1787647275.4343312,329,10.89,163,22.4
1787647275.5706682,330,10.85,187,19.47
1787647275.8342667,340,10.52,176,20.72
1787647275.985219,330,10.85,199,18.27
1787647276.130579,330,10.85,230,15.75
1787647276.3093677,324,11.06,182,20.02
1787647276.4522266,324,11.06,198,18.37
1787647276.591158,347,10.3,223,16.26
1787647276.7300794,318,11.28,242,14.95
1787647276.869049,324,11.06,195,18.66
1787647277.0087354,325,11.03,206,17.64
1787647277.15254,313,11.46,242,14.95
1787647277.2919168,319,11.24,235,15.41
1787647277.417916,318,11.28,212,17.13
1787647277.6093936,318,11.28,249,14.52
1787647277.7385285,317,11.32,207,17.55
1787647277.9326203,312,11.5,206,17.64
1787647278.0941007,312,11.5,168,21.72
1787647278.2410407,314,11.43,206,17.64
1787647278.401862,318,11.28,194,18.76
1787647278.5487268,317,11.32,192,18.96
1787647278.6939015,317,11.32,195,18.66
1787647278.8427522,316,11.35,185,19.69
1787647279.0324848,324,11.06,205,17.73
1787647279.192861,324,11.06,220,16.49
1787647279.3712034,324,11.06,195,18.66
1787647279.5093439,324,11.06,206,17.64
1787647279.6600327,330,10.85,206,17.64
1787647279.820962,329,10.89,205,17.73
1787647279.9663563,330,10.85,208,17.46
1787647280.124813,329,10.89,247,14.64
1787647280.270491,336,10.65,223,16.26
1787647280.4119244,336,10.65,199,18.27
1787647280.5805523,335,10.68,218,16.64
1787647280.771304,341,10.49,211,17.21
1787647280.9321077,343,10.43,212,17.13
1787647281.0624397,335,10.68,204,17.82
1787647281.2084374,329,10.89,154,23.74
1787647281.3538632,336,10.65,190,19.16
1787647281.4990394,336,10.65,221,16.41
1787647281.6598854,329,10.89,214,16.96
1787647281.8235664,329,10.89,234,15.48
1787647281.983183,345,10.36,181,20.13
1787647282.1280916,330,10.85,204,17.82
1787647282.2896147,331,10.82,230,15.75
1787647282.4598584,330,10.85,176,20.72
1787647282.6122081,329,10.89,218,16.64
1787647282.739786,334,10.72,183,19.91
1787647282.9091222,335,10.68,171,21.33
1787647283.0719347,335,10.68,208,17.46
1787647283.2133503,330,10.85,194,18.76
1787647283.3906186,330,10.85,194,18.76
1787647283.5520394,334,10.72,215,16.88
1787647283.7114263,343,10.43,224,16.19
1787647283.8542016,358,9.97,223,16.26
1787647283.999305,331,10.82,196,18.56
1787647284.17306,335,10.68,190,19.16
1787647284.328576,336,10.65,204,17.82
1787647284.490719,335,10.68,217,16.72
1787647284.6283789,334,10.72,215,16.88
1787647284.7718427,335,10.68,208,17.46
1787647284.9001427,338,10.59,227,15.97
1787647285.075842,327,10.96,217,16.72
1787647285.2211504,335,10.68,198,18.37
1787647285.3812952,360,9.91,209,17.38
1787647285.541753,336,10.65,189,19.26
1787647285.7239568,330,10.85,143,25.59
1787647285.8956895,331,10.82,218,16.64
1787647286.072928,330,10.85,176,20.72
1787647286.2345276,330,10.85,146,25.06
1787647286.3961313,330,10.85,203,17.91
1787647286.5415034,330,10.85,163,22.4
1787647286.702244,334,10.72,188,19.37
1787647286.8489134,354,10.09,171,21.33
1787647286.995172,330,10.85,174,20.96
1787647287.121461,329,10.89,180,20.25
1787647287.2957163,312,11.5,161,22.69
1787647287.4440913,213,17.04,168,21.72
1787647287.6047826,318,11.28,150,24.38
1787647287.7514694,317,11.32,138,26.54
1787647287.9178045,341,10.49,115,30.0
1787647288.074104,318,11.28,142,25.78
1787647288.2347941,301,11.94,163,22.4
1787647288.3628497,306,11.74,210,17.29
1787647288.5241525,347,10.3,188,19.37
1787647288.68343,346,10.33,205,17.73
1787647288.8765237,369,9.66,200,18.18
1787647289.0328069,381,9.34,188,19.37
1787647289.1828394,433,8.17,205,17.73
1787647289.3767996,477,7.38,158,23.12
1787647289.537424,512,6.85,137,26.73
1787647289.7138681,586,5.93,128,28.64
1787647289.8443139,644,5.36,146,25.06
1787647289.991029,725,4.71,149,24.55
1787647290.136407,726,4.7,173,21.08
1787647290.2973797,726,4.7,212,17.13
1787647290.4440584,733,4.66,220,16.49
1787647290.6376925,729,4.68,229,15.82
1787647290.7819269,730,4.68,241,15.02
1787647290.9436672,682,5.03,258,14.0
1787647291.1047487,584,5.95,249,14.52
1787647291.2674835,490,7.17,235,15.41
1787647291.4111767,405,8.77,240,15.08
1787647291.5721853,341,10.49,247,14.64
1787647291.7164583,325,11.03,154,23.74
1787647291.8462152,306,11.74,191,19.06
1787647292.0085235,265,13.62,223,16.26
1787647292.1525648,254,14.23,228,15.9
1787647292.2977333,248,14.58,211,17.21
1787647292.4430473,242,14.95,230,15.75
1787647292.6357934,239,15.14,217,16.72
1787647292.797377,248,14.58,199,18.27
1787647292.957102,249,14.52,247,14.64
1787647293.0854952,255,14.17,217,16.72
1787647293.2757895,260,13.89,196,18.56
1787647293.4366517,271,13.31,185,19.69
1787647293.6138463,277,13.01,195,18.66
1787647293.7427633,289,12.45,223,16.26
1787647293.936518,317,11.32,158,23.12
1787647294.1156545,301,11.94,134,27.34
1787647294.2954812,306,11.74,135,27.14
1787647294.4318924,343,10.43,179,20.36
1787647294.6165905,335,10.68,160,22.83
1787647294.7627435,347,10.3,122,30.0
1787647294.9341364,364,9.8,128,28.64
1787647295.1348727,387,9.19,134,27.34
1787647295.2930114,410,8.65,146,25.06
1787647295.4361722,434,8.15,146,25.06
1787647295.5869615,455,7.76,147,24.89
1787647295.7454028,466,7.56,122,30.0
1787647295.9071617,485,7.25,194,18.76
1787647296.052539,489,7.19,179,20.36
1787647296.1906943,493,7.13,258,14.0
1787647296.3780098,485,7.25,182,20.02
1787647296.5387156,462,7.63,181,20.13
1787647296.6849225,427,8.29,193,18.85
1787647296.849248,405,8.77,247,14.64
1787647296.9935033,381,9.34,223,16.26
1787647297.127066,358,9.97,212,17.13
1787647297.3179955,341,10.49,196,18.56
1787647297.4735947,318,11.28,239,15.14
1787647297.631843,307,11.7,218,16.64
1787647297.7894447,300,11.98,187,19.47
1787647297.933077,295,12.19,196,18.56
1787647298.0782168,289,12.45,227,15.97
1787647298.2389529,296,12.15,229,15.82
1787647298.399048,289,12.45,211,17.21
1787647298.5790975,279,12.91,223,16.26
1787647298.7257326,270,13.36,207,17.55
1787647298.9036613,241,15.02,192,18.96
1787647299.0982525,224,16.19,183,19.91
1787647299.2441146,206,17.64,132,27.76
1787647299.4064252,195,18.66,163,22.4
1787647299.5687103,230,15.75,192,18.96
1787647299.7140121,283,12.72,194,18.76
1787647299.8574057,301,11.94,187,19.47
1787647300.0041246,306,11.74,201,18.09
1787647300.1669173,311,11.54,195,18.66
1787647300.3273568,320,11.21,188,19.37
1787647300.4891222,310,11.58,202,18.0
1787647300.6407592,317,11.32,211,17.21
1787647300.7951705,317,11.32,212,17.13
1787647300.9253042,324,11.06,176,20.72
1787647301.0907385,324,11.06,188,19.37
1787647301.237063,329,10.89,211,17.21
1787647301.3845322,335,10.68,192,18.96
1787647301.533771,333,10.75,217,16.72
1787647301.6762884,341,10.49,201,18.09
1787647301.832082,342,10.46,195,18.66
1787647301.9779801,341,10.49,217,16.72
1787647302.1302888,341,10.49,170,21.46
1787647302.2765026,346,10.33,183,19.91
1787647302.4349673,347,10.3,182,20.02
1787647302.5862312,364,9.8,235,15.41
1787647302.7560701,357,10.0,176,20.72
1787647302.9164698,358,9.97,213,17.04
1787647303.0737476,364,9.8,215,16.88
1787647303.213852,358,9.97,203,17.91
1787647303.358354,363,9.83,198,18.37
1787647303.49739,363,9.83,230,15.75
1787647303.649989,369,9.66,224,16.19
1787647303.7955325,369,9.66,201,18.09
1787647303.931517,369,9.66,242,14.95
1787647304.0738592,363,9.83,219,16.57
1787647304.2028816,363,9.83,215,16.88
1787647304.3987381,358,9.97,217,16.72
1787647304.5338216,356,10.03,200,18.18
1787647304.6733809,353,10.12,200,18.18
1787647304.8168502,346,10.33,229,15.82
1787647304.9767094,370,9.63,197,18.46
1787647305.1176398,369,9.66,218,16.64
1787647305.299386,335,10.68,158,23.12
1787647305.4362233,336,10.65,218,16.64
1787647305.5756812,339,10.55,171,21.33
1787647305.7368033,329,10.89,209,17.38
1787647305.867105,321,11.17,217,16.72
1787647306.0571327,330,10.85,209,17.38
1787647306.2375057,330,10.85,189,19.26
1787647306.3774362,324,11.06,205,17.73
1787647306.5168986,326,10.99,232,15.61
1787647338.706832,176,20.72,189,19.26
1787647338.8585715,185,19.69,214,16.96
1787647339.320225,200,18.18,196,18.56
1787647339.459096,200,18.18,226,16.04
1787647339.7559512,178,20.48,241,15.02
1787647339.948589,179,20.36,224,16.19
1787647340.1551416,175,20.84,236,15.34
1787647340.2968843,176,20.72,226,16.04
1787647340.523315,199,18.27,197,18.46
1787647340.6803675,180,20.25,212,17.13
1787647340.855681,178,20.48,252,14.34
1787647340.9932327,189,19.26,248,14.58
1787647341.1309006,189,19.26,147,24.89
1787647341.2768028,194,18.76,215,16.88
1787647341.41631,207,17.55,199,18.27
1787647341.5551014,200,18.18,229,15.82
1787647341.6938748,208,17.46,153,23.89
1787647341.8329399,214,16.96,146,25.06
1787647341.9779973,219,16.57,174,20.96
1787647342.1545799,219,16.57,171,21.33
1787647342.290417,225,16.11,220,16.49
1787647342.4360914,231,15.68,182,20.02
1787647342.5996137,222,16.34,223,16.26
1787647342.757017,211,17.21,233,15.55
1787647342.9117646,214,16.96,234,15.48
1787647343.041971,209,17.38,194,18.76
1787647343.217519,194,18.76,181,20.13
1787647343.3552465,189,19.26,164,22.26
1787647343.5169554,278,12.96,158,23.12
1787647343.6442833,359,9.94,178,20.48
1787647355.0942633,552,6.32,218,16.64
1787647355.3170822,554,6.29,250,14.46
1787647355.4986222,576,6.04,223,16.26
1787647355.7332654,556,6.27,246,14.7
1787647355.921824,556,6.27,210,17.29
1787647356.137839,558,6.25,179,20.36
1787647356.5070682,556,6.27,221,16.41
1787647356.7063913,553,6.31,180,20.25
1787647356.8590312,556,6.27,234,15.48
1787647356.9912438,550,6.34,203,17.91
1787647357.1546595,534,6.55,227,15.97
1787647357.2954454,523,6.69,197,18.46
1787647357.4563174,501,7.01,182,20.02
1787647357.5945175,479,7.35,223,16.26
1787647357.7538052,461,7.65,195,18.66
1787647357.8946223,439,8.05,210,17.29
1787647358.0323036,416,8.52,205,17.73
1787647358.1729214,433,8.17,206,17.64
1787647358.3375807,387,9.19,221,16.41
1787647358.4779148,364,9.8,205,17.73
1787647358.6086528,357,10.0,206,17.64
1787647358.78805,341,10.49,233,15.55
1787647358.932041,324,11.06,194,18.76
1787647359.077358,312,11.5,193,18.85
1787647359.2252483,331,10.82,188,19.37
1787647359.3943756,302,11.9,194,18.76
1787647359.5388424,291,12.36,212,17.13
1787647359.684352,284,12.68,235,15.41
1787647359.831474,277,13.01,235,15.41
1787647359.975494,272,13.26,206,17.64
1787647360.1171315,274,13.16,204,17.82
1787647360.2605116,266,13.56,194,18.76
1787647360.4179633,268,13.46,200,18.18
1787647360.579728,272,13.26,177,20.6
1787647360.7482705,266,13.56,220,16.49
1787647360.884836,266,13.56,199,18.27
1787647361.0795178,266,13.56,221,16.41
1787647361.2408156,261,13.83,209,17.38
1787647361.3790755,259,13.94,206,17.64
1787647361.5238075,259,13.94,194,18.76
1787647361.6957855,266,13.56,211,17.21
1787647361.827463,266,13.56,233,15.55
1787647361.98845,263,13.72,202,18.0
1787647362.1338632,294,12.23,187,19.47
1787647362.2776122,289,12.45,206,17.64
1787647362.4181597,272,13.26,241,15.02
1787647362.5478995,277,13.01,188,19.37
1787647362.6934881,304,11.82,190,19.16
1787647362.8491628,283,12.72,212,17.13
1787647363.0178413,290,12.41,187,19.47
1787647363.1649075,290,12.41,183,19.91
1787647363.2945106,288,12.5,204,17.82
1787647363.4382582,301,11.94,195,18.66
1787647363.6236153,301,11.94,170,21.46
1787647363.7598147,301,11.94,157,23.27
1787647363.9284098,306,11.74,157,23.27
1787647364.0730438,311,11.54,135,27.14
1787647364.2373447,316,11.35,134,27.34
1787647364.368739,318,11.28,126,29.1
1787647364.543153,324,11.06,137,26.73
1787647364.7073007,330,10.85,194,18.76
1787647364.8798678,329,10.89,176,20.72
1787647365.0175104,336,10.65,158,23.12
1787647365.1502638,343,10.43,139,26.34
1787647365.3359451,346,10.33,165,22.13
1787647365.4758646,358,9.97,159,22.98
1787647365.6208377,357,10.0,166,21.99
1787647365.779486,364,9.8,135,27.14
1787647365.9154356,369,9.66,148,24.72
1787647366.0577073,375,9.5,160,22.83
1787647366.2168267,381,9.34,163,22.4
1787647366.3589883,387,9.19,149,24.55
1787647366.5165904,394,9.02,146,25.06
1787647366.6444702,402,8.83,163,22.4
1787647366.7957642,400,8.88,147,24.89
1787647366.940622,399,8.9,164,22.26
1787647367.066629,393,9.05,182,20.02
1787647367.235971,394,9.02,207,17.55
1787647367.380117,381,9.34,197,18.46
1787647367.5386536,381,9.34,242,14.95
1787647367.6815162,370,9.63,200,18.18
1787647367.8378315,371,9.61,216,16.8
1787647367.9744728,358,9.97,189,19.26
1787647368.1159616,347,10.3,229,15.82
1787647368.2450054,335,10.68,188,19.37
1787647368.4402392,318,11.28,197,18.46
1787647368.6195757,275,13.11,229,15.82
1787647368.7802122,302,11.9,218,16.64
1787647368.9560494,301,11.94,218,16.64
1787647369.1030385,312,11.5,209,17.38
1787647369.2267282,319,11.24,149,24.55
1787647369.3772235,324,11.06,199,18.27
1787647369.5383446,358,9.97,162,22.54
1787647369.7128599,340,10.52,186,19.58
1787647369.867658,352,10.15,168,21.72
1787647370.0292647,364,9.8,134,27.34
1787647370.1905723,394,9.02,141,25.96
1787647370.3582785,406,8.74,155,23.58
1787647370.487588,433,8.17,176,20.72
1787647370.6501348,461,7.65,158,23.12
1787647370.7966723,494,7.11,183,19.91
1787647370.9257717,538,6.49,158,23.12
1787647371.1182861,545,6.41,201,18.09
1787647371.3160927,562,6.2,202,18.0
1787647371.4734242,574,6.06,203,17.91
1787647371.617649,567,6.14,212,17.13
1787647371.758322,555,6.28,200,18.18
1787647371.8963828,528,6.63,237,15.28
1787647372.0255668,491,7.16,189,19.26
1787647372.2194257,439,8.05,206,17.64
1787647372.3773317,387,9.19,224,16.19
1787647372.5083394,347,10.3,212,17.13
1787647372.667243,324,11.06,253,14.28
1787647372.8798351,301,11.94,199,18.27
1787647373.0372047,292,12.32,193,18.85
1787647373.2174013,283,12.72,260,13.89
1787647373.4002519,278,12.96,224,16.19
1787647373.5250206,284,12.68,223,16.26
1787647373.6853771,278,12.96,251,14.4
1787647373.8268898,283,12.72,248,14.58
1787647373.9874291,284,12.68,211,17.21
1787647374.1335685,287,12.54,214,16.96
1787647374.2790341,289,12.45,207,17.55
1787647374.4151413,292,12.32,210,17.29
1787647374.5662277,295,12.19,247,14.64
1787647374.686859,286,12.59,253,14.28
1787647374.8346202,301,11.94,224,16.19
1787647374.9943113,289,12.45,193,18.85
1787647375.139457,290,12.41,219,16.57
1787647375.2958882,300,11.98,152,24.05
1787647375.4247622,300,11.98,197,18.46
1787647375.5714567,306,11.74,182,20.02
1787647375.7163942,318,11.28,211,17.21
1787647375.8725474,318,11.28,218,16.64
1787647376.0305703,329,10.89,122,30.0
1787647376.218271,347,10.3,122,30.0
1787647376.3737345,357,10.0,133,27.55
1787647376.558319,369,9.66,121,30.0
1787647376.705183,387,9.19,158,23.12
1787647376.8592699,404,8.79,151,24.22
1787647377.0048249,416,8.52,159,22.98
1787647377.1773565,427,8.29,171,21.33
1787647377.327595,437,8.09,229,15.82
1787647377.4897168,438,8.07,229,15.82
1787647377.6392405,442,8.0,211,17.21
1787647377.7782211,438,8.07,185,19.69
1787647377.9157002,438,8.07,216,16.8
1787647378.0614862,422,8.4,210,17.29
1787647378.1963913,404,8.79,229,15.82
1787647378.3421385,387,9.19,229,15.82
1787647378.4874835,370,9.63,200,18.18
1787647378.6532667,352,10.15,204,17.82
1787647378.8010743,341,10.49,212,17.13
1787647378.9636083,324,11.06,241,15.02
1787647379.112883,317,11.32,222,16.34
1787647379.2605262,306,11.74,212,17.13
1787647379.409937,300,11.98,164,22.26
1787647379.5697842,308,11.66,185,19.69
1787647379.715054,301,11.94,167,21.86
1787647379.8592374,294,12.23,234,15.48
1787647379.992457,301,11.94,223,16.26
1787647380.150231,300,11.98,251,14.4
1787647380.3089097,301,11.94,216,16.8
1787647380.4707665,301,11.94,183,19.91
1787647380.6165464,298,12.06,212,17.13
1787647380.746744,300,11.98,169,21.59
1787647380.9157004,297,12.11,171,21.33
1787647381.061307,258,14.0,188,19.37
1787647381.222208,213,17.04,139,26.34
1787647381.3710475,209,17.38,171,21.33
1787647381.5345054,225,16.11,173,21.08
1787647381.7003975,237,15.28,230,15.75
1787647381.8604894,346,10.33,169,21.59
1787647382.0011382,384,9.27,204,17.82
1787647382.1572871,386,9.22,183,19.91
1787647382.3269935,278,12.96,192,18.96
1787647382.4885988,266,13.56,212,17.13
1787647382.6804626,318,11.28,167,21.86
1787647382.835988,336,10.65,188,19.37
1787647382.9791286,346,10.33,200,18.18
1787647383.122777,346,10.33,217,16.72
1787647383.279398,346,10.33,229,15.82
1787647383.4110317,353,10.12,206,17.64
1787647383.5555124,352,10.15,203,17.91
1787647383.7070343,352,10.15,235,15.41
1787647383.8726978,353,10.12,206,17.64
1787647384.01636,352,10.15,176,20.72
1787647384.1456602,352,10.15,175,20.84
1787647384.31049,352,10.15,214,16.96
1787647384.431986,358,9.97,206,17.64
1787647384.5899584,353,10.12,217,16.72
1787647384.7615738,352,10.15,211,17.21
1787647384.9391215,352,10.15,210,17.29
1787647385.095278,344,10.39,208,17.46
1787647385.2301416,347,10.3,164,22.26
1787647385.4208295,346,10.33,162,22.54
1787647385.5814772,353,10.12,177,20.6
1787647385.7428515,347,10.3,206,17.64
1787647385.8819735,346,10.33,173,21.08
1787647386.0283897,347,10.3,228,15.9
1787647386.1887114,341,10.49,223,16.26
1787647386.3436372,341,10.49,210,17.29
1787647386.4883735,342,10.46,182,20.02
1787647386.6593869,341,10.49,177,20.6
1787647386.8020456,341,10.49,217,16.72
1787647386.9624908,347,10.3,200,18.18
1787647387.1415448,337,10.62,202,18.0
1787647387.2920713,335,10.68,215,16.88
1787647387.4675446,335,10.68,188,19.37
1787647387.6424723,335,10.68,208,17.46
1787647387.8079479,336,10.65,188,19.37
1787647387.932125,333,10.75,207,17.55
1787647388.1235888,329,10.89,246,14.7
1787647388.2947109,353,10.12,187,19.47
1787647388.4400876,330,10.85,212,17.13
1787647388.6028795,330,10.85,224,16.19
1787647388.7813666,329,10.89,223,16.26
1787647388.9206643,338,10.59,194,18.76
1787647389.0833526,329,10.89,200,18.18
1787647389.2387116,329,10.89,188,19.37
1787647389.3937228,327,10.96,171,21.33
1787647389.5529468,336,10.65,206,17.64
1787656039.2922194,206,17.64,51,30.0
1787656039.482176,212,17.13,46,30.0
1787656039.6938794,206,17.64,45,30.0
1787656039.8434246,212,17.13,51,30.0
1787656040.1223655,205,17.73,52,30.0
1787656040.3074625,203,17.91,52,30.0
1787656040.5124784,206,17.64,52,30.0
1787656040.7156818,205,17.73,45,30.0
1787656041.1111286,202,18.0,45,30.0
1787656041.262514,207,17.55,46,30.0
1787656041.7373722,225,16.11,46,30.0
1787656041.9458728,227,15.97,46,30.0
1787656042.1621497,203,17.91,45,30.0
1787656042.3221421,206,17.64,51,30.0
1787656042.7643247,202,18.0,45,30.0
1787656042.9223905,206,17.64,51,30.0
1787656043.171936,207,17.55,51,30.0
1787656043.3724627,206,17.64,46,30.0
1787656043.7850962,210,17.29,45,30.0
1787656043.9944391,203,17.91,56,30.0
1787656044.2000537,213,17.04,51,30.0
1787656044.4039478,206,17.64,52,30.0
1787656044.6190672,208,17.46,44,30.0
1787656044.8198736,214,16.96,45,30.0
1787656044.9626217,204,17.82,46,30.0
1787656045.1224759,210,17.29,51,30.0
1787656045.2648802,205,17.73,52,30.0
1787656045.4222972,206,17.64,51,30.0
1787656045.642324,210,17.29,52,30.0
1787656045.8644342,226,16.04,52,30.0
1787656046.043698,207,17.55,44,30.0
1787656046.2483625,209,17.38,52,30.0
1787656046.402852,208,17.46,44,30.0
1787656046.8421884,206,17.64,45,30.0
1787656047.0637856,213,17.04,51,30.0
1787656047.271966,213,17.04,45,30.0
1787656047.4041374,207,17.55,46,30.0
1787656047.702707,206,17.64,46,30.0
1787656047.8630285,204,17.82,52,30.0
1787656048.0917222,206,17.64,52,30.0
1787656048.294501,215,16.88,52,30.0
1787656048.5009315,206,17.64,47,30.0
1787656048.7232523,203,17.91,40,30.0
1787656048.9107034,206,17.64,40,30.0
1787656049.114024,206,17.64,40,30.0
1787656049.522144,200,18.18,39,30.0
1787656049.7220619,202,18.0,39,30.0
1787656049.8822103,200,18.18,34,30.0
1787656050.3431892,197,18.46,22,30.0
1787656050.555676,195,18.66,142,25.78
1787656050.754601,194,18.76,219,16.57
1787656050.9588604,207,17.55,240,15.08
1787656051.1021786,167,21.86,6,30.0
1787656051.2421775,131,27.98,133,27.55
1787656051.5740998,104,30.0,68,30.0
1787656051.7223754,182,20.02,69,30.0
1787656051.8622155,194,18.76,64,30.0
1787656052.2040524,205,17.73,69,30.0
1787656052.402771,108,30.0,133,27.55
1787656052.6037831,165,22.13,207,17.55
1787656079.02453,216,16.8,207,17.55
1787656079.217918,210,17.29,206,17.64
1787656079.4339433,195,18.66,208,17.46
1787656079.628726,190,19.16,207,17.55
1787656079.7599063,194,18.76,210,17.29
1787656080.2445788,194,18.76,206,17.64
1787656080.4042447,197,18.46,206,17.64
1787656080.544633,202,18.0,209,17.38
1787656080.8366606,196,18.56,203,17.91
1787656081.2624564,194,18.76,206,17.64
1787656081.4024658,194,18.76,217,16.72
1787656081.5632048,192,18.96,205,17.73
1787656082.086617,194,18.76,209,17.38
1787656082.2924106,194,18.76,203,17.91
1787656082.4222195,195,18.66,206,17.64
1787656082.9061735,194,18.76,206,17.64
1787656083.0632186,192,18.96,206,17.64
1787656083.202042,213,17.04,206,17.64
1787656083.4648273,199,18.27,204,17.82
1787656083.6254315,194,18.76,206,17.64
1787656083.9396734,204,17.82,206,17.64
1787656084.1444497,193,18.85,207,17.55
1787656084.3356771,194,18.76,205,17.73
1787656084.4823148,198,18.37,210,17.29
1787656084.7622225,195,18.66,211,17.21
1787656084.9622126,194,18.76,209,17.38
1787656085.3635075,198,18.37,206,17.64
1787656085.5164683,194,18.76,218,16.64
1787656085.7847266,194,18.76,207,17.55
1787656085.9422698,194,18.76,204,17.82
1787656086.0823953,195,18.66,210,17.29
1787656086.40538,195,18.66,203,17.91
1787656086.5620677,193,18.85,205,17.73
1787656087.0024734,194,18.76,203,17.91
1787656087.1613436,193,18.85,204,17.82
1787656087.302165,193,18.85,207,17.55
1787656087.6143482,201,18.09,206,17.64
1787656087.8221474,192,18.96,203,17.91
1787656088.0280056,194,18.76,205,17.73
1787656088.180811,194,18.76,206,17.64
1787656088.436953,199,18.27,206,17.64
1787656088.8426294,194,18.76,213,17.04
1787656088.9964516,194,18.76,206,17.64
1787656133.2823668,176,20.72,264,13.67
1787656133.5066886,167,21.86,270,13.36
1787656133.6645317,165,22.13,264,13.67
1787656134.1022081,172,21.21,275,13.11
1787656134.310674,165,22.13,264,13.67
1787656134.4394553,164,22.26,264,13.67
1787656134.6923647,172,21.21,264,13.67
1787656134.9119706,165,22.13,264,13.67
1787656135.1221378,165,22.13,263,13.72
1787656135.3387704,171,21.33,264,13.67
1787656135.7043443,184,19.8,264,13.67
1787656135.9478097,183,19.91,272,13.26
1787656136.152454,169,21.59,265,13.62
1787656136.282198,173,21.08,264,13.67
1787656136.5624034,164,22.26,264,13.67
1787656136.7022357,165,22.13,264,13.67
1787656136.9721696,166,21.99,264,13.67
1787656137.1746216,166,21.99,269,13.41
1787656137.3795483,174,20.96,264,13.67
1787656137.5834482,165,22.13,264,13.67
1787656137.7873871,164,22.26,262,13.78
1787656137.9202304,165,22.13,263,13.72
1787656138.4052255,167,21.86,264,13.67
1787656138.5433736,163,22.4,265,13.62
1787656138.7423346,175,20.84,264,13.67
1787656138.9021215,194,18.76,264,13.67
1787656139.2255208,166,21.99,270,13.36
1787656139.442464,163,22.4,272,13.26
1787656139.6422093,173,21.08,265,13.62
1787656139.8363147,174,20.96,275,13.11
1787656140.0025375,161,22.69,268,13.46
1787656140.2490757,186,19.58,269,13.41
1787656140.4537685,173,21.08,269,13.41
1787656140.6021547,171,21.33,265,13.62
1787656140.8625176,164,22.26,269,13.41
1787656141.0832207,165,22.13,269,13.41
1787656141.273844,170,21.46,264,13.67
1787656141.4040158,164,22.26,264,13.67
1787656141.542043,165,22.13,264,13.67
1787656141.7624211,169,21.59,263,13.72
1787656142.0932019,170,21.46,264,13.67
1787656142.244033,165,22.13,264,13.67
1787656142.3921237,171,21.33,272,13.26
1787656142.542113,183,19.91,230,15.75
1787656142.7140777,248,14.58,152,24.05
1787656142.9071076,617,5.61,99,30.0
1787656143.113062,728,4.69,110,30.0
1787656143.5251718,731,4.67,97,30.0
1787656143.7380996,728,4.69,92,30.0
1787656143.9418664,728,4.69,87,30.0
1787656144.3449667,698,4.91,96,30.0
1787656144.5633261,551,6.33,87,30.0
1787656144.7535646,495,7.1,88,30.0
1787656145.1624603,400,8.88,78,30.0
1787656145.322392,344,10.39,80,30.0
1787656145.4836485,340,10.52,88,30.0
1787656145.8025856,364,9.8,81,30.0
1787656145.982794,567,6.14,79,30.0
1787656146.1434271,544,6.42,52,30.0
1787656146.2822678,280,12.87,51,30.0
1787656146.5924144,134,27.34,57,30.0
1787656146.7652671,135,27.14,89,30.0
1787656146.9021564,131,27.98,87,30.0
1787656147.0622633,145,25.24,86,30.0
1787656147.2228603,153,23.89,86,30.0
1787656147.36244,158,23.12,78,30.0
1787656147.5437725,169,21.59,70,30.0
1787656147.7024472,166,21.99,63,30.0
1787656147.8424,183,19.91,82,30.0
1787656147.9822686,205,17.73,94,30.0
1787656148.1221614,200,18.18,115,30.0
1787656148.2822297,221,16.41,177,20.6
1787656148.4223511,216,16.8,298,12.06
1787656148.6025517,237,15.28,727,4.7
1787656148.7434397,226,16.04,606,5.72
1787656148.8823228,220,16.49,666,5.17
1787656149.063402,214,16.96,252,3.0
1787656149.2028031,211,17.21,158,3.0
1787656149.3424137,217,16.72,112,30.0
1787656149.4838128,202,18.0,82,30.0
1787656149.662541,169,21.59,70,30.0
1787656149.8239217,208,17.46,82,30.0
1787656149.9622386,207,17.55,111,30.0
1787656150.1020725,200,18.18,157,23.27
1787656150.243261,198,18.37,231,15.68
1787656150.4023848,210,17.29,463,7.61
1787656150.5835204,210,17.29,578,6.02
1787656150.72245,212,17.13,345,10.36
1787656150.8622253,221,16.41,188,19.37
1787656151.0025566,205,17.73,135,27.14
1787656151.1646733,213,17.04,124,30.0
1787656151.3227935,214,16.96,165,22.13
1787656151.4621577,237,15.28,171,21.33
1787656151.603375,324,11.06,350,10.21
1787656151.742603,287,12.54,727,4.7
1787656151.903509,260,13.89,729,4.68
1787656152.0625277,300,11.98,446,7.92
1787656152.2228346,360,9.91,225,16.11
1787656152.3637977,307,11.7,146,25.06
1787656152.5424235,408,8.7,122,30.0
1787656152.7033105,284,12.68,159,22.98
1787656152.8631148,158,23.12,306,11.74
1787656153.0284832,98,30.0,689,4.98
1787656153.202833,101,30.0,636,5.43
1787656153.3622816,99,30.0,431,3.0
1787656153.542232,70,30.0,207,3.0
1787656153.6829078,91,30.0,138,3.0
1787656153.8235514,84,30.0,99,30.0
1787656153.9822302,81,30.0,75,30.0
1787656154.1425385,105,30.0,69,30.0
1787656154.2825334,103,30.0,70,30.0
1787656154.4437451,98,30.0,70,30.0
1787656154.6045008,98,30.0,70,30.0
1787656154.782549,105,30.0,83,30.0
1787656154.9225597,123,30.0,74,30.0
1787656155.0623424,105,30.0,71,30.0
1787656155.2021396,106,30.0,70,30.0
1787656155.602097,90,30.0,81,30.0
1787656155.763014,413,8.59,128,28.64
1787656155.9034657,153,23.89,214,16.96
1787656156.0636935,95,30.0,287,12.54
1787656156.2560668,93,30.0,362,9.86
1787656156.4025083,101,30.0,365,9.77
1787656156.5429256,227,15.97,179,20.36
1787656156.8360462,242,14.95,178,20.48
1787656157.0423555,243,14.89,114,30.0
1787656157.2578351,252,14.34,249,14.52
1787656157.4024427,242,14.95,151,24.22
1787656157.8174496,237,15.28,252,14.34
1787656157.9452736,256,14.11,110,30.0
1787656158.1040719,242,14.95,507,6.92
1787656158.4720273,213,17.04,372,9.58
1787656158.6245897,243,14.89,362,9.86
1787656158.7585833,213,17.04,585,5.94
1787656158.92233,210,17.29,442,8.0
1787656159.1023612,236,15.34,723,4.73
1787656159.3052769,210,17.29,722,4.73
1787656159.4639776,230,15.75,690,4.97
1787656159.722204,248,14.58,474,7.43
1787656159.8621774,254,14.23,412,8.61
1787656160.112235,242,14.95,413,8.59
1787656160.316517,265,13.62,537,6.51
1787656160.4626544,248,14.58,491,7.16
1787656160.7424557,278,12.96,463,7.61
1787656161.1380715,253,14.28,728,4.69
1787656161.283349,271,13.31,730,4.68
1787656161.4428873,290,12.41,493,7.13
1787656161.6027575,291,12.36,469,7.51
1787656161.942202,265,13.62,473,7.44
1787656162.1602833,242,14.95,540,6.47
1787656162.3765528,248,14.58,224,16.19
1787656162.5323482,265,13.62,170,21.46
1787656162.7824636,265,13.62,82,30.0
1787656162.9222898,225,16.11,81,30.0
1787656163.2042985,219,16.57,164,22.26
1787656163.3626134,278,12.96,194,18.76
1787656163.602326,254,14.23,206,17.64
1787656163.963501,272,13.26,298,12.06
1787656164.1222677,277,13.01,654,5.27
1787656164.2620895,289,12.45,727,4.7
1787656164.4228597,320,11.21,730,4.68
1787656164.8225386,284,12.68,647,5.33
1787656164.9831705,271,13.31,541,6.46
1787656165.143365,248,14.58,727,4.7
1787656165.3024168,271,13.31,474,7.43
1787656165.642365,272,13.26,316,11.35
1787656165.822239,277,13.01,200,18.18
1787656165.9825578,278,12.96,194,18.76
1787656166.4623458,271,13.31,182,20.02
1787656166.6624885,289,12.45,182,20.02
1787656166.802457,277,13.01,182,20.02
1787656167.0763257,277,13.01,176,20.72
1787656167.3025362,289,12.45,155,23.58
1787656167.4622872,290,12.41,145,25.24
1787656167.6900015,302,11.9,141,25.96
1787656167.9024606,254,14.23,134,27.34
1787656168.3028119,347,10.3,729,4.68
1787656168.5135934,574,6.06,584,5.95
1787656168.9181175,295,12.19,663,5.19
1787656169.0623548,336,10.65,643,5.37
1787656169.34232,295,12.19,627,5.51
1787656169.502608,307,11.7,616,5.62
1787656169.642715,312,11.5,613,5.65
1787656169.9625623,289,12.45,590,5.89
1787656170.1225178,386,9.22,605,5.73
1787656170.2824507,301,11.94,589,5.9
1787656170.762321,335,10.68,579,6.0
1787656170.923224,330,10.85,601,5.77
1787656171.0623944,273,13.21,571,6.09
1787656171.5822585,347,10.3,574,6.06
1787656171.7825994,260,13.89,570,6.11
1787656172.0024111,405,8.77,568,6.13
1787656172.402596,278,12.96,568,6.13
1787656172.6025844,313,11.46,541,6.46
1787656172.802606,346,10.33,542,6.44
1787656173.0155828,278,12.96,563,6.19
1787656173.216348,381,9.34,557,6.26
1787656173.4272742,200,18.18,547,6.38
1787656173.6223314,320,11.21,530,6.6
1787656173.7834911,195,18.66,546,6.39
1787656174.2420807,290,12.41,547,6.38
1787656174.447825,387,9.19,547,6.38
1787656174.6633823,306,11.74,579,6.0
1787656174.8570857,352,10.15,629,5.49
1787656175.0556278,370,9.63,605,5.73
1787656175.2624617,473,7.44,621,5.57
1787656175.482307,514,6.82,631,5.48
1787656175.8837254,289,12.45,694,4.94
1787656176.0423667,517,6.78,631,5.48
1787656176.7029803,529,6.61,670,5.13
1787656176.914531,467,7.55,724,4.72
1787656177.0824525,730,4.68,727,4.7
1787656177.316348,729,4.68,730,4.68
1787656177.4614453,730,4.68,694,4.94
1787656177.6019363,535,6.53,424,3.0
1787656177.9297836,261,13.83,146,3.0
1787656178.0983596,266,13.56,159,3.0
1787656178.5461533,266,13.56,169,3.0
1787656178.7622883,272,13.26,140,3.0
1787656178.9522846,260,13.89,149,3.0
1787656179.1031573,260,13.89,158,3.0
1787656179.3646955,319,11.24,164,3.0
1787656179.5630534,90,30.0,146,3.0
1787656179.7122304,141,25.96,146,3.0
1787656179.975824,135,27.14,133,3.0
1787656180.1843717,271,13.31,147,3.0
1787656180.3970783,264,13.67,146,3.0
1787656180.6001494,281,12.82,163,3.0
1787656180.9121375,255,14.17,184,3.0
1787656181.0622394,266,13.56,152,3.0
1787656181.2175853,265,13.62,148,3.0
1787656181.4221063,287,12.54,152,3.0
1787656181.6163566,255,14.17,151,3.0
1787656181.7620857,256,14.11,144,3.0
1787656182.0441666,265,13.62,171,3.0
1787656182.2423768,262,13.78,161,3.0
1787656182.6413977,263,13.72,171,3.0
1787656182.8633525,263,13.72,134,3.0
1787656183.0522645,260,13.89,146,3.0
1787656183.2553854,259,13.94,142,3.0
1787656183.4610868,279,12.91,155,3.0
1787656183.662272,262,13.78,134,3.0
1787656183.8844342,268,13.46,164,3.0
1787656184.0856576,266,13.56,170,3.0
1787656184.483914,274,13.16,146,3.0
1787656184.68496,255,14.17,164,3.0
1787656184.8937886,266,13.56,168,3.0
1787656185.133846,265,13.62,146,3.0
1787656185.5090492,263,13.72,164,3.0
1787656185.6624715,273,13.21,157,3.0
1787656185.8041341,266,13.56,175,3.0
1787656186.1340833,266,13.56,149,3.0
1787656186.282018,277,13.01,174,3.0
1787656186.73448,260,13.89,161,3.0
1787656186.9423473,254,14.23,132,3.0
1787656187.0823858,253,14.28,164,3.0
1787656187.555974,277,13.01,158,3.0
1787656187.7025354,265,13.62,146,3.0
1787656187.9839149,265,13.62,152,3.0
1787656188.1225388,284,12.68,149,3.0
1787656188.3735726,269,13.41,158,3.0
1787656188.7824912,265,13.62,180,3.0
1787656188.9221244,266,13.56,153,3.0
1787656189.1622195,267,13.51,151,3.0
1787656189.395815,267,13.51,145,3.0
1787656189.6088204,254,14.23,152,3.0
1787656189.8024597,254,14.23,156,3.0
1787656189.9824433,260,13.89,158,3.0
1787656190.2197428,272,13.26,143,3.0
1787656190.4460835,194,18.76,140,3.0
1787656190.5827038,194,18.76,140,3.0
1787656190.7223985,181,20.13,164,3.0
1787656191.0379992,213,17.04,159,3.0
1787656191.2424545,278,12.96,152,3.0
1787656191.4465725,277,13.01,171,3.0
1787656191.856412,260,13.89,173,3.0
1787656192.002386,272,13.26,163,3.0
1787656192.2663982,272,13.26,148,3.0
1787656192.4663565,268,13.46,149,3.0
1787656192.6019943,255,14.17,150,3.0
1787656193.0823693,272,13.26,163,3.0
1787656193.2924647,268,13.46,164,3.0
1787656193.4435549,266,13.56,143,3.0
1787656193.9121013,251,14.4,133,3.0
1787656194.110632,277,13.01,147,3.0
1787656194.3223734,273,13.21,152,3.0
1787656194.5123382,271,13.31,162,3.0
1787656194.7307842,259,13.94,164,3.0
1787656194.8616366,266,13.56,147,3.0
1787656195.142549,265,13.62,134,3.0
1787656195.5441353,257,14.05,151,3.0
1787656195.6834378,254,14.23,171,3.0
1787656195.9541652,279,12.91,170,3.0
1787656196.236576,272,13.26,153,3.0
1787656196.5641587,272,13.26,184,3.0
1787656196.770427,250,14.46,146,3.0
1787656196.9772549,263,13.72,158,3.0
1787656197.1763883,265,13.62,162,3.0
1787656197.3919961,265,13.62,140,3.0
1787656197.5922115,266,13.56,157,3.0
1787656197.7225678,280,12.87,155,3.0
1787656197.8821425,260,13.89,164,3.0
1787656198.2229173,259,13.94,153,3.0
1787656198.4241562,266,13.56,164,3.0
1787656198.5627341,271,13.31,164,3.0
1787656199.022401,267,13.51,171,3.0
1787656199.2228534,281,12.82,153,3.0
1787656199.3831284,269,13.41,152,3.0
1787656199.8437936,268,13.46,153,3.0
1787656200.0025437,261,13.83,157,3.0
1787656200.2524111,270,13.36,146,3.0
1787656200.4586535,266,13.56,153,3.0
1787656200.6046414,265,13.62,134,3.0
1787656200.8678021,272,13.26,147,3.0
1787656201.0041232,254,14.23,165,3.0
1787656201.2821949,251,14.4,165,3.0
1787656201.4247189,275,13.11,133,3.0
1787656201.7049038,259,13.94,164,3.0
1787656201.8424022,265,13.62,164,3.0
1787656202.1023943,278,12.96,158,3.0
1787656202.242232,275,13.11,146,3.0
1787656202.5232897,262,13.78,135,3.0
1787656202.7120867,280,12.87,146,3.0
1787656202.9130087,286,12.59,173,3.0
1787656203.1206691,268,13.46,170,3.0
1787656203.322377,261,13.83,177,3.0
1787656203.528735,265,13.62,164,3.0
1787656203.663221,261,13.83,131,3.0
1787656204.1457436,272,13.26,152,3.0
1787656204.3160956,257,14.05,172,3.0
1787656204.5549994,277,13.01,166,3.0
1787656204.7593644,273,13.21,164,3.0
1787656204.9640603,272,13.26,160,3.0
1787656205.1670802,272,13.26,176,3.0
1787656205.322031,277,13.01,169,3.0
1787656205.5758116,280,12.87,153,3.0
1787656205.7840147,260,13.89,158,3.0
1787656205.9433937,273,13.21,171,3.0
1787656206.1962547,268,13.46,151,3.0
1787656206.3446457,272,13.26,146,3.0
1787656206.6025028,260,13.89,164,3.0
1787656206.8065314,266,13.56,159,3.0
1787656207.0286562,255,14.17,158,3.0
1787656207.3322852,254,14.23,152,3.0
1787656207.6425962,271,13.31,164,3.0
1787656207.8304553,260,13.89,156,3.0
1787656208.0446525,266,13.56,163,3.0
1787656208.2026143,253,14.28,147,3.0
1787656208.3440485,266,13.56,164,3.0
1787656208.650414,266,13.56,140,3.0
1787656208.8042605,268,13.46,158,3.0
1787656209.2638395,259,13.94,155,3.0
1787656209.4839644,272,13.26,171,3.0
1787656209.6724544,255,14.17,174,3.0
1787656209.8063445,260,13.89,159,3.0
1787656210.0824437,254,14.23,146,3.0
1787656210.3022914,261,13.83,162,3.0
1787656210.5022562,260,13.89,153,3.0
1787656210.6659026,265,13.62,139,3.0
1787656210.8023229,259,13.94,160,3.0
1787656211.112213,256,14.11,158,3.0
1787656211.3145628,273,13.21,158,3.0
1787656211.5125935,260,13.89,174,3.0
1787656211.9224267,262,13.78,180,3.0
1787656212.0849037,266,13.56,152,3.0
1787656212.3830152,254,14.23,164,3.0
1787656212.544524,261,13.83,142,3.0
1787656212.7435968,272,13.26,152,3.0
1787656212.9524806,266,13.56,169,3.0
1787656213.1556492,268,13.46,140,3.0
1787656213.3621857,265,13.62,147,3.0
1787656213.5025287,263,13.72,154,3.0
1787656213.7843215,261,13.83,132,3.0
1787656213.9722803,260,13.89,153,3.0
1787656214.1762304,265,13.62,146,3.0
1787656214.4042935,261,13.83,147,3.0
1787656214.6041327,266,13.56,155,3.0
1787656214.7625592,264,13.67,170,3.0
1787656214.9024315,256,14.11,152,3.0
1787656215.206369,259,13.94,164,3.0
1787656215.362481,255,14.17,164,3.0
1787656215.504808,257,14.05,165,3.0
1787656215.8221004,256,14.11,163,3.0
1787656216.0425923,251,14.4,149,3.0
1787656216.2241404,269,13.41,154,3.0
1787656216.6358337,269,13.41,141,3.0
1787656216.7840118,261,13.83,152,3.0
1787656217.0643477,258,14.0,144,3.0
1787656217.2522268,260,13.89,152,3.0
1787656217.44237,248,14.58,166,3.0
1787656217.662413,266,13.56,147,3.0
1787656217.8851755,262,13.78,164,3.0
1787656218.0879564,259,13.94,177,3.0
1787656218.2831545,259,13.94,177,3.0
1787656218.4771533,269,13.41,169,3.0
1787656218.7025962,274,13.16,136,3.0
1787656218.9043868,259,13.94,157,3.0
1787656219.0950813,265,13.62,152,3.0
1787656219.244335,247,14.64,141,3.0
1787656219.4423113,266,13.56,171,3.0
1787656219.7087617,253,14.28,150,3.0
1787656219.8444867,262,13.78,152,3.0
1787656220.002395,280,12.87,140,3.0
1787656220.3346672,255,14.17,153,3.0
1787656220.5269678,276,13.06,182,3.0
1787656220.7343068,272,13.26,153,3.0
1787656220.86229,266,13.56,164,3.0
1787656221.3468573,266,13.56,160,3.0
1787656221.5524821,260,13.89,151,3.0
1787656221.7539666,260,13.89,143,3.0
1787656221.9626064,275,13.11,159,3.0
1787656222.1029596,254,14.23,161,3.0
1787656222.372267,252,14.34,158,3.0
1787656222.5863614,264,13.67,146,3.0
1787656222.780943,274,13.16,161,3.0
1787656222.9823709,255,14.17,133,3.0
1787656223.1222181,267,13.51,152,3.0
1787656223.3922162,273,13.21,156,3.0
1787656223.802156,260,13.89,166,3.0
1787656224.007404,275,13.11,193,3.0
1787656224.1420574,264,13.67,150,3.0
1787656224.4720783,272,13.26,158,3.0
1787656224.845031,267,13.51,147,3.0
1787656225.003071,257,14.05,150,3.0
1787656225.4451928,260,13.89,146,3.0
1787656225.6622765,272,13.26,164,3.0
1787656225.8025613,261,13.83,143,3.0
1787656225.9646196,265,13.62,149,3.0
1787656226.2625477,272,13.26,173,3.0
1787656226.4032104,269,13.41,139,3.0
1787656226.6853852,275,13.11,158,3.0
1787656226.8441925,253,14.28,155,3.0
1787656227.284349,260,13.89,158,3.0
1787656227.6931643,261,13.83,171,3.0
1787656227.902516,264,13.67,178,3.0
1787656228.1132853,275,13.11,171,3.0
1787656228.3232338,261,13.83,145,3.0
1787656228.503299,272,13.26,177,3.0
1787656228.7157774,278,12.96,183,3.0
1787656228.9337246,255,14.17,205,3.0
1787656229.0629478,255,14.17,217,3.0
1787656229.2024176,280,12.87,234,3.0
1787656229.7422755,271,13.31,235,3.0
1787656229.9478064,241,15.02,195,3.0
1787656230.1525888,265,13.62,200,3.0
1787656230.3030245,258,14.0,229,3.0
1787656230.542202,151,24.22,224,3.0
1787656230.7022343,329,10.89,182,3.0
1787656230.864002,249,14.52,207,3.0
1787656231.177749,179,20.36,211,3.0
1787656231.3826776,104,30.0,212,3.0
1787656231.544538,132,27.76,169,3.0
1787656231.7922,358,9.97,182,3.0
1787656231.9921741,496,7.08,162,3.0
1787656232.2024903,174,20.96,208,3.0
1787656232.3642573,117,30.0,172,3.0
1787656232.502164,80,30.0,176,3.0
1787656233.015978,130,28.2,187,3.0
1787656233.1828618,287,12.54,154,3.0
1787656233.3224201,289,12.45,165,3.0
1787656233.563,272,13.26,117,30.0
1787656234.0444605,277,13.01,159,22.98
1787656234.2445714,252,14.34,213,17.04
1787656234.3830695,249,14.52,176,20.72
1787656234.5525167,249,14.52,135,27.14
1787656234.8837795,254,14.23,111,30.0
1787656235.0234344,200,18.18,52,30.0
1787656235.1627338,225,16.11,76,30.0
1787656235.4755442,241,15.02,80,30.0
1787656235.6822917,248,14.58,82,30.0
1787656235.9026852,249,14.52,105,30.0
1787656236.0623116,243,14.89,69,30.0
1787656236.2229998,237,15.28,64,30.0
1787656236.5728962,246,14.7,69,30.0
1787656236.9136732,262,13.78,84,30.0
1787656237.3223722,254,14.23,75,30.0
1787656237.5341015,254,14.23,104,30.0
1787656237.6825974,254,14.23,259,13.94
1787656238.1173604,260,13.89,322,11.13
1787656238.2622988,142,25.78,281,12.82
1787656238.4620934,154,23.74,271,13.31
1787656238.6021056,156,23.43,263,13.72
1787656238.7949433,158,23.12,259,13.94
1787656238.9419844,165,22.13,261,13.83
1787656239.0823665,165,22.13,263,13.72
1787656239.2237623,163,22.4,267,13.51
1787656239.482128,184,19.8,270,13.36
1787656239.6623178,165,22.13,269,13.41
1787656239.8444169,165,22.13,268,13.46
1787656240.0053372,163,22.4,272,13.26
1787656240.1622486,165,22.13,265,13.62
1787656240.322376,190,19.16,269,13.41
1787656240.4651737,165,22.13,268,13.46
1787656240.642144,162,22.54,269,13.41
1787656240.8024764,164,22.26,269,13.41
1787656240.962763,165,22.13,269,13.41
1787656241.1224868,165,22.13,274,13.16
1787656241.265263,173,21.08,269,13.41
1787656241.4041028,163,22.4,270,13.36
1787656241.5625849,165,22.13,274,13.16
1787656241.7220614,164,22.26,275,13.11
1787656241.882102,164,22.26,280,12.87
1787656242.0224812,165,22.13,279,12.91
1787656242.162154,165,22.13,270,13.36
1787656242.3230155,171,21.33,270,13.36
1787656242.4627464,172,21.21,266,13.56
1787656242.622262,168,21.72,274,13.16
1787656242.8322556,165,22.13,270,13.36
1787656243.002066,164,22.26,272,13.26
1787656243.1411438,164,22.26,272,13.26
1787656243.2818773,164,22.26,267,13.51
1787656243.42232,169,21.59,269,13.41
1787656243.5620675,172,21.21,270,13.36
1787656243.8839917,191,19.06,269,13.41
1787656244.0221632,189,19.26,272,13.26
1787656244.2822485,165,22.13,270,13.36
1787656244.4967544,161,22.69,269,13.41
1787656244.7036848,163,22.4,272,13.26
1787656244.8992445,165,22.13,270,13.36
1787656245.112473,165,22.13,270,13.36
1787656245.3080494,163,22.4,270,13.36
1787656245.4423363,171,21.33,272,13.26
1787656245.6022894,163,22.4,270,13.36
1787656245.924968,174,20.96,270,13.36
1787656246.064405,165,22.13,269,13.41
1787656246.3433795,173,21.08,270,13.36
1787656246.5353496,170,21.46,270,13.36
1787656246.682307,167,21.86,275,13.11
1787656246.955059,173,21.08,269,13.41
1787656247.1025274,164,22.26,269,13.41
1787656247.5523942,174,20.96,270,13.36
1787656247.7737305,172,21.21,271,13.31
1787656247.9425,164,22.26,270,13.36
1787656248.3770454,165,22.13,266,13.56
1787656248.6030664,161,22.69,270,13.36
1787656248.8028939,165,22.13,270,13.36
1787656248.9425051,166,21.99,270,13.36
1787656249.2226257,166,21.99,271,13.31
1787656249.3842242,161,22.69,272,13.26
1787656249.62213,165,22.13,270,13.36
1787656250.0171883,161,22.69,279,12.91
1787656250.162416,164,22.26,269,13.41
1787656250.4424887,164,22.26,270,13.36
1787656250.6421683,167,21.86,276,13.06
1787656251.0421784,187,19.47,266,13.56
1787656251.2424371,162,22.54,270,13.36
1787656251.3858697,164,22.26,269,13.41
1787656251.6598475,165,22.13,269,13.41
1787656251.8224843,158,23.12,274,13.16
1787656261.6943724,163,22.4,268,13.46
1787656262.111079,164,22.26,270,13.36
1787656262.3070328,180,20.25,279,12.91
1787656262.5132618,165,22.13,269,13.41
1787656262.6623442,165,22.13,269,13.41
1787656263.1168978,164,22.26,270,13.36
1787656263.2823458,165,22.13,279,12.91
1787656263.4225147,172,21.21,279,12.91
1787656263.5640507,164,22.26,277,13.01
1787656263.7402194,173,21.08,274,13.16
1787656263.9521754,167,21.86,270,13.36
1787656264.138117,165,22.13,269,13.41
1787656264.5621123,168,21.72,271,13.31
1787656264.7632318,164,22.26,277,13.01
1787656264.9224489,162,22.54,268,13.46
1787656265.1306834,165,22.13,270,13.36
1787656265.5835629,165,22.13,270,13.36
1787656265.8025334,164,22.26,270,13.36
1787656266.144425,168,21.72,269,13.41
1787656266.6023579,167,21.86,270,13.36
1787656266.8121264,165,22.13,269,13.41
1787656266.9425156,162,22.54,269,13.41
1787656267.152162,163,22.4,269,13.41
1787656267.4381971,165,22.13,269,13.41
1787656267.6309812,174,20.96,270,13.36
1787656268.042308,165,22.13,274,13.16
1787656268.2024815,165,22.13,270,13.36
1787656268.3426661,165,22.13,270,13.36
1787656268.4826071,164,22.26,270,13.36
1787656268.8601193,165,22.13,273,13.21
1787656269.0637686,165,22.13,271,13.31
1787656269.270045,171,21.33,266,13.56
1787656269.3925107,165,22.13,270,13.36
1787656269.54252,165,22.13,269,13.41
1787656269.9023585,161,22.69,276,13.06
1787656270.0888512,165,22.13,270,13.36
1787656270.2921681,167,21.86,268,13.46
1787656270.4970844,164,22.26,273,13.21
1787656270.7222931,165,22.13,271,13.31
1787656270.9169357,164,22.26,277,13.01
1787656271.0807118,164,22.26,268,13.46
1787656271.222927,165,22.13,264,13.67
1787656271.3723905,176,20.72,248,14.58
1787656271.5421686,182,20.02,223,16.26
1787656271.7023613,190,19.16,218,16.64
1787656271.8592703,195,18.66,210,17.29
1787656271.9980278,215,16.88,195,18.66
1787656272.158415,210,17.29,188,19.37
1787656272.3222096,207,17.55,192,18.96
1787656272.4620566,214,16.96,210,17.29
1787656272.602103,188,19.37,217,16.72
1787656272.764232,182,20.02,232,15.61
1787656272.9026113,180,20.25,228,15.9
1787656273.0626652,209,17.38,212,17.13
1787656273.2221947,204,17.82,207,17.55
1787656273.3805575,199,18.27,194,18.76
1787656273.5621026,212,17.13,187,19.47
1787656273.6954155,200,18.18,194,18.76
1787656273.852349,190,19.16,211,17.21
1787656274.042376,179,20.36,218,16.64
1787656274.202094,185,19.69,219,16.57
1787656274.3609035,220,16.49,228,15.9
1787656274.524066,225,16.11,229,15.82
1787656274.6822815,230,15.75,141,25.96
1787656275.0222132,236,15.34,85,30.0
1787656275.4142444,232,15.61,75,30.0
1787656275.5824864,239,15.14,93,30.0
1787656275.7221692,233,15.55,91,30.0
1787656275.862185,223,16.26,97,30.0
1787656276.0382726,225,16.11,88,30.0
1787656276.2328897,221,16.41,89,30.0
1787656276.4356582,227,15.97,75,30.0
1787656276.6624246,227,15.97,63,30.0
1787656276.857581,229,15.82,57,30.0
1787656277.0579555,220,16.49,51,30.0
1787656277.199948,220,16.49,50,30.0
1787656277.4622858,206,17.64,84,30.0
1787656277.6626906,115,30.0,84,30.0
1787656277.8232834,184,19.8,46,30.0
1787656278.107922,127,28.87,87,30.0
1787656278.2422214,163,22.4,89,30.0
1787656278.4224536,180,20.25,87,30.0
1787656278.5824518,176,20.72,80,30.0
1787656278.739684,158,23.12,85,30.0
1787656278.879035,215,16.88,80,30.0
1787656279.059712,165,22.13,70,30.0
1787656279.2192278,182,20.02,69,30.0
1787656279.3584688,168,21.72,64,30.0
1787656279.5023534,200,18.18,52,30.0
1787656279.6422744,240,15.08,51,30.0
1787656279.8026583,177,20.6,52,30.0
1787656279.9830308,182,20.02,6,30.0
1787656280.1422052,129,28.42,114,30.0
1787656280.3028386,105,30.0,469,7.51
1787656280.4425142,71,30.0,519,6.75
1787656280.598203,99,30.0,522,6.71
1787656280.7765102,94,30.0,337,10.62
1787656280.919307,90,30.0,321,11.17
1787656281.0808177,89,30.0,299,12.02
1787656281.2223563,93,30.0,274,13.16
1787656281.382499,95,30.0,259,13.94
1787656281.5640364,98,30.0,241,15.02
1787656281.742304,90,30.0,237,15.28
1787656281.9025574,102,30.0,218,16.64
1787656282.0323617,106,30.0,205,17.73
1787656282.1822722,101,30.0,195,18.66
1787656282.3732014,98,30.0,194,18.76
1787656282.5924525,154,23.74,179,20.36
1787656282.7874546,261,13.83,218,16.64
1787656282.921312,101,30.0,194,18.76
1787656283.1977906,92,30.0,205,17.73
1787656283.4225605,92,30.0,200,18.18
1787656283.6225078,101,30.0,203,17.91
1787656283.7824087,100,30.0,199,18.27
1787656283.9224713,91,30.0,208,17.46
1787656284.215448,97,30.0,199,18.27
1787656284.3626537,105,30.0,210,17.29
1787656284.5223467,92,30.0,205,17.73
1787656284.676398,93,30.0,185,19.69
1787656284.8219702,86,30.0,181,20.13
1787656285.0032878,105,30.0,165,22.13
1787656285.1412022,96,30.0,155,23.58
1787656285.2812138,91,30.0,151,24.22
1787656285.4203982,100,30.0,149,24.55
1787656285.5598931,93,30.0,146,25.06
1787656285.7020454,91,30.0,138,26.54
1787656285.842391,90,30.0,134,27.34
1787656285.9823914,91,30.0,140,26.15
1787656286.1423872,127,28.87,129,28.42
1787656286.2974524,367,9.72,123,30.0
1787656286.48,723,4.73,127,28.87
1787656286.61248,700,4.89,128,28.64
1787656286.7822943,731,4.67,141,25.96
1787656286.9425306,709,4.83,171,21.33
1787656287.1029277,646,5.34,286,12.59
1787656287.2624226,529,6.61,262,13.78
1787656287.4221606,462,7.63,172,21.21
1787656287.5624332,422,8.4,93,30.0
1787656287.7195098,375,9.5,69,30.0
1787656287.8624575,346,10.33,80,30.0
1787656288.0222063,318,11.28,57,30.0
1787656288.2031572,289,12.45,58,30.0
1787656288.3623865,268,13.46,58,30.0
1787656288.5021904,264,13.67,47,30.0
1787656288.6525261,234,15.48,57,30.0
1787656288.8230705,219,16.57,70,30.0
1787656288.9623156,226,16.04,88,30.0
1787656289.1223025,204,17.82,65,30.0
1787656289.2820628,218,16.64,153,23.89
1787656289.4437625,136,26.93,72,30.0
1787656289.5800972,182,20.02,14,30.0
1787656289.7455208,180,20.25,34,30.0
1787656289.960722,168,21.72,28,30.0
1787656290.1575038,170,21.46,28,30.0
1787656290.302531,171,21.33,32,30.0
1787656290.5674942,173,21.08,27,30.0
1787656290.9771788,167,21.86,28,30.0
1787656291.1223779,170,21.46,28,30.0
1787656291.2689588,175,20.84,36,30.0
1787656291.4028597,163,22.4,34,30.0
1787656291.5605884,149,24.55,36,30.0
1787656291.7187486,145,25.24,34,30.0
1787656291.877343,151,24.22,34,30.0
1787656292.023019,145,25.24,34,30.0
1787656292.1629174,135,27.14,34,30.0
1787656292.3004532,131,27.98,34,30.0
1787656292.4423442,122,30.0,32,30.0
1787656292.602573,125,29.34,34,30.0
1787656292.7422209,119,30.0,27,30.0
1787656292.902871,117,30.0,27,30.0
1787656293.0823905,123,30.0,28,30.0
1787656293.222507,117,30.0,32,30.0
1787656293.3824215,117,30.0,6,30.0
1787656293.5421367,124,30.0,635,5.44
1787656293.7246814,126,29.1,713,4.8
1787656293.8832278,114,30.0,728,4.69
1787656294.032551,129,28.42,730,4.68
1787656294.1830592,124,30.0,425,3.0
1787656294.3228853,136,26.93,244,3.0
1787656294.4590967,134,27.34,67,30.0
1787656294.642355,124,30.0,70,30.0
1787656294.802453,129,28.42,95,30.0
1787656294.9432504,133,27.55,92,30.0
1787656295.0852299,125,29.34,81,30.0
1787656295.237507,124,30.0,34,30.0
1787656295.4020035,120,30.0,34,30.0
1787656295.5622735,124,30.0,51,30.0
1787656295.721119,133,27.55,57,30.0
1787656295.864324,120,30.0,52,30.0
1787656296.0420897,128,28.64,71,30.0
1787656296.1824853,110,30.0,64,30.0
1787656296.3422065,101,30.0,45,30.0
1787656296.5035837,116,30.0,21,30.0
1787656296.682067,104,30.0,48,30.0
1787656296.822393,107,30.0,45,30.0
1787656296.9759862,114,30.0,45,30.0
1787656297.1223786,111,30.0,46,30.0
1787656297.275809,104,30.0,45,30.0
1787656297.4377625,104,30.0,38,30.0
1787656297.6036925,104,30.0,34,30.0
1787656297.76288,114,30.0,28,30.0
1787656297.923083,98,30.0,28,30.0
1787656298.0830226,105,30.0,28,30.0
1787656298.2224977,111,30.0,33,30.0
1787656298.4027658,107,30.0,22,30.0
1787656298.5625315,101,30.0,28,30.0
1787656298.7421188,104,30.0,33,30.0
1787656298.9040098,89,30.0,22,30.0
1787656299.0627496,113,30.0,22,30.0
1787656299.223127,125,29.34,28,30.0
1787656299.3757517,66,30.0,39,30.0
1787656299.543336,98,30.0,45,30.0
1787656299.7023592,106,30.0,63,30.0
1787656299.8425815,102,30.0,87,30.0
1787656299.9834726,98,30.0,63,30.0
1787656300.1427295,106,30.0,159,22.98
1787656300.3223076,103,30.0,513,6.83
1787656300.462707,109,30.0,592,5.86
1787656300.642778,99,30.0,80,30.0
1787656300.8027604,106,30.0,81,30.0
1787656300.9621058,111,30.0,139,26.34
1787656301.1009963,103,30.0,111,30.0
1787656301.2439651,107,30.0,160,22.83
1787656301.3722904,105,30.0,6,30.0
1787656301.5168226,111,30.0,6,30.0
1787656301.6719744,121,30.0,17,30.0
1787656301.8273032,120,30.0,6,30.0
1787656302.2421813,110,30.0,96,30.0
1787656302.382613,105,30.0,6,30.0
1787656302.6596613,114,30.0,70,30.0
1787656303.0578182,128,28.64,6,30.0
1787656303.272465,112,30.0,6,30.0
1787656303.4125896,109,30.0,157,23.27
1787656303.6743896,101,30.0,139,26.34
1787656304.0864992,98,30.0,8,30.0
1787656304.2434096,121,30.0,134,27.34
1787656304.4022307,113,30.0,102,30.0
1787656304.7021906,104,30.0,164,22.26
1787656304.9222348,111,30.0,6,30.0
1787656305.0825346,110,30.0,6,30.0
1787656305.2465785,108,30.0,6,30.0
1787656305.4358115,116,30.0,279,12.91
1787656305.735897,113,30.0,270,13.36
1787656305.9026635,115,30.0,128,28.64
1787656306.3359294,104,30.0,6,30.0
1787656306.5424507,111,30.0,63,30.0
1787656306.7025151,112,30.0,148,24.72
1787656306.8635647,113,30.0,138,26.54
1787656307.018732,104,30.0,158,23.12
1787656307.3634286,112,30.0,6,30.0
1787656307.7635388,105,30.0,110,30.0
1787656579.3322387,164,22.26,264,13.67
1787656579.5090635,165,22.13,264,13.67
1787656579.727306,165,22.13,264,13.67
1787656579.942471,165,22.13,263,13.72
1787656580.1571577,174,20.96,264,13.67
1787656580.5544407,165,22.13,271,13.31
1787656580.752242,164,22.26,269,13.41
1787656580.9626667,164,22.26,264,13.67
1787656581.1523652,165,22.13,264,13.67
1787656581.3724294,165,22.13,264,13.67
1787656581.582777,168,21.72,264,13.67
1787656581.754182,165,22.13,268,13.46
1787656581.989856,165,22.13,265,13.62
1787656582.1926262,165,22.13,264,13.67
1787656582.4002867,166,21.99,272,13.26
1787656582.602669,164,22.26,266,13.56
1787656582.752615,164,22.26,263,13.72
1787656583.0160031,165,22.13,264,13.67
1787656583.2239652,164,22.26,264,13.67
1787656583.422955,164,22.26,264,13.67
1787656583.6326594,183,19.91,264,13.67
1787656583.832907,168,21.72,264,13.67
1787656584.0327785,164,22.26,264,13.67
1787656584.242395,165,22.13,264,13.67
1787656584.4494843,164,22.26,265,13.62
1787656584.6525447,184,19.8,263,13.72
1787656584.9762194,166,21.99,264,13.67
1787656585.272655,170,21.46,264,13.67
1787656585.6774604,169,21.59,263,13.72
1787656585.8825428,164,22.26,275,13.11
1787656586.0938458,173,21.08,269,13.41
1787656586.2950215,164,22.26,270,13.36
1787656586.494617,164,22.26,266,13.56
1787656586.6992521,172,21.21,264,13.67
1787656586.91307,170,21.46,265,13.62
1787656587.1125915,174,20.96,264,13.67
1787656587.2328954,166,21.99,263,13.72
1787656587.518361,164,22.26,271,13.31
1787656587.7129517,165,22.13,268,13.46
1787656587.930752,166,21.99,265,13.62
1787656588.1359475,174,20.96,264,13.67
1787656588.357835,171,21.33,261,13.83
1787656588.558133,195,18.66,264,13.67
1787656588.7128005,163,22.4,270,13.36
1787656588.860074,180,20.25,259,13.94
1787656588.9997241,176,20.72,239,15.14
1787656589.1348245,180,20.25,230,15.75
1787656589.2738276,187,19.47,226,16.04
1787656589.4204504,194,18.76,212,17.13
1787656589.5582583,198,18.37,200,18.18
1787656589.6978343,213,17.04,194,18.76
1787656589.83659,218,16.64,182,20.02
1787656590.1921709,224,16.19,183,19.91
1787656590.3583622,225,16.11,182,20.02
1787656590.592853,225,16.11,181,20.13
1787656590.7882679,230,15.75,182,20.02
1787656591.0031576,230,15.75,179,20.36
1787656591.212589,237,15.28,174,20.96
1787656591.3579988,240,15.08,172,21.21
1787656591.614432,242,14.95,170,21.46
1787656591.7928207,269,13.41,174,20.96
1787656592.0237458,251,14.4,175,20.84
1787656592.2322872,248,14.58,171,21.33
1787656592.433202,255,14.17,176,20.72
1787656592.6533048,254,14.23,182,20.02
1787656593.0426655,255,14.17,195,18.66
1787656593.255387,174,20.96,116,30.0
1787656593.460445,90,30.0,52,30.0
1787656593.6757505,123,30.0,68,30.0
1787656593.817861,135,27.14,69,30.0
1787656594.0738025,132,27.76,57,30.0
1787656594.212586,172,21.21,69,30.0
1787656594.3586218,136,26.93,69,30.0
1787656594.689946,201,18.09,144,25.41
1787656594.8923323,302,11.9,97,30.0
1787656595.0996451,302,11.9,74,30.0
1787656595.3031385,300,11.98,81,30.0
1787656595.4330723,320,11.21,86,30.0
1787656595.7133138,301,11.94,89,30.0
1787656595.9143727,301,11.94,82,30.0
1787656596.058601,301,11.94,87,30.0
1787656596.1972787,301,11.94,92,30.0
1787656596.3375342,288,12.5,76,30.0
1787656596.496127,280,12.87,79,30.0
1787656596.6542099,279,12.91,70,30.0
1787656596.7944233,256,14.11,70,30.0
1787656596.9389586,247,14.64,58,30.0
1787656597.0792184,237,15.28,52,30.0
1787656597.2170937,236,15.34,52,30.0
1787656597.3593445,219,16.57,51,30.0
1787656597.538486,213,17.04,50,30.0
1787656597.6983964,204,17.82,45,30.0
1787656597.8321843,202,18.0,44,30.0
1787656598.1625144,191,19.06,40,30.0
1787656598.5780585,176,20.72,93,30.0
1787656598.7824283,88,30.0,108,30.0
1787656598.9387867,168,21.72,70,30.0
1787656599.0995293,153,23.89,82,30.0
1787656599.278082,117,30.0,70,30.0
1787656599.419154,164,22.26,79,30.0
1787656599.5571795,185,19.69,63,30.0
1787656599.6961539,129,28.42,69,30.0
1787656599.838109,147,24.89,64,30.0
1787656599.994809,181,20.13,75,30.0
1787656600.133395,194,18.76,70,30.0
1787656600.293025,194,18.76,80,30.0
1787656600.458541,318,11.28,53,30.0
1787656600.6149025,197,18.46,11,30.0
1787656600.7798088,147,24.89,5,30.0
1787656600.9161186,237,15.28,6,30.0
1787656601.0522308,352,10.15,6,30.0
1787656601.258622,375,9.5,128,28.64
1787656601.3927212,341,10.49,128,28.64
1787656601.5784814,332,10.78,140,26.15
1787656601.7394025,288,12.5,163,22.4
1787656601.9192665,244,14.83,182,20.02
1787656602.072849,78,30.0,139,26.34
1787656602.2370975,127,28.87,152,24.05
1787656602.3763716,123,30.0,153,23.89
1787656602.5370252,102,30.0,152,24.05
1787656602.673978,93,30.0,157,23.27
1787656602.8202255,89,30.0,146,25.06
1787656603.0827086,83,30.0,146,25.06
1787656603.4942756,98,30.0,152,24.05
1787656603.7182927,104,30.0,140,26.15
1787656603.858685,85,30.0,189,19.26
1787656604.1087296,168,21.72,200,18.18
1787656604.3136206,212,17.13,198,18.37
1787656604.51451,183,19.91,195,18.66
1787656604.7298505,147,24.89,200,18.18
1787656604.8757236,136,26.93,199,18.27
1787656605.1341462,144,25.41,209,17.38
1787656605.338449,148,24.72,205,17.73
1787656605.542404,140,26.15,204,17.82
1787656605.752531,139,26.34,200,18.18
1787656605.8968482,147,24.89,198,18.37
1787656606.3623278,123,30.0,200,18.18
1787656606.514816,179,20.36,200,18.18
1787656606.7726061,152,24.05,200,18.18
1787656606.9167051,152,24.05,200,18.18
1787656607.1822104,154,23.74,204,17.82
1787656607.3131797,153,23.89,202,18.0
1787656607.5922227,153,23.89,204,17.82
1787656607.794652,146,25.06,202,18.0
1787656608.2039502,178,20.48,205,17.73
1787656608.4101524,143,25.59,209,17.38
1787656928.3393898,445,7.94,362,9.86
1787656928.5127878,473,7.44,364,9.8
1787656928.6529136,451,7.83,362,9.86
1787656928.8946252,490,7.17,361,9.88
1787656929.1028953,444,7.96,362,9.86
1787656929.3389733,479,7.35,362,9.86
1787656929.5327983,444,7.96,361,9.88
1787656929.7324631,478,7.36,361,9.88
1787656929.9255743,485,7.25,360,9.91
1787656930.1585283,449,7.87,362,9.86
1787656930.2987864,501,7.01,362,9.86
1787656930.5524108,466,7.56,361,9.88
1787656930.7563844,485,7.25,362,9.86
1787656930.894662,472,7.46,363,9.83
1787656931.1787572,513,6.83,362,9.86
1787656931.574591,520,6.73,362,9.86
1787656931.792504,502,6.99,362,9.86
1787656931.937308,466,7.56,361,9.88
1787656932.1929529,462,7.63,361,9.88
1787656932.3927772,485,7.25,362,9.86
1787656932.5527387,496,7.08,362,9.86
1787656932.8037293,422,8.4,366,9.74
1787656932.9526353,497,7.06,363,9.83
1787656933.414151,473,7.44,362,9.86
1787656933.5736299,439,8.05,361,9.88
1787656933.733868,485,7.25,361,9.88
1787656933.9632535,473,7.44,361,9.88
1787656934.2386155,490,7.17,362,9.86
1787656934.4427893,468,7.53,362,9.86
1787656934.6578176,445,7.94,362,9.86
1787656934.9488971,497,7.06,361,9.88
1787656935.2753117,506,6.93,362,9.86
1787656935.4624896,438,8.07,362,9.86
1787656935.6724083,473,7.44,363,9.83
1787656935.8788316,479,7.35,362,9.86
1787656936.0988386,501,7.01,363,9.83
1787656936.2401776,462,7.63,362,9.86
1787656936.4903417,484,7.27,362,9.86
1787656936.692799,530,6.6,362,9.86
1787656936.9022589,502,6.99,359,9.94
1787656937.118768,457,7.72,363,9.83
1787656937.278509,456,7.74,362,9.86
1787656937.5123856,485,7.25,357,10.0
1787656937.6564763,446,7.92,363,9.83
1787656937.8259928,399,8.9,362,9.86
1787656937.9798436,710,4.82,384,9.27
1787656938.1364992,272,3.0,424,8.35
1787656938.2752688,261,3.0,447,7.9
1787656938.413323,219,3.0,475,7.41
1787656938.5591013,211,3.0,500,7.02
1787656938.699418,239,3.0,541,6.46
1787656938.838141,218,3.0,595,5.83
1787656939.0024998,219,3.0,663,5.19
1787656939.1561728,220,3.0,721,4.74
1787656939.3172767,226,3.0,730,4.68
1787656939.4777951,237,3.0,728,4.69
1787656939.6423116,243,3.0,700,4.89
1787656939.8165216,254,3.0,553,6.31
1787656939.979019,266,3.0,552,6.32
1787656940.1408756,265,3.0,573,6.07
1787656940.2981987,255,3.0,574,6.06
1787656940.439254,248,3.0,519,6.75
1787656940.597484,174,3.0,390,9.12
1787656940.738511,112,30.0,408,8.7
1787656940.8732588,98,30.0,414,8.57
1787656941.017338,98,30.0,441,8.02
1787656941.1527069,92,30.0,530,6.6
1787656941.2986047,95,30.0,552,6.32
1787656941.4530234,117,30.0,701,4.89
1787656941.598379,101,30.0,730,4.68
1787656941.7987723,107,30.0,729,4.68
1787656941.9750254,92,30.0,683,5.03
1787656942.114398,97,30.0,627,5.51
1787656942.2546344,96,30.0,579,6.0
1787656942.4247055,92,30.0,596,5.82
1787656942.554539,101,30.0,730,4.68
1787656942.8378253,250,14.46,442,8.0
1787656942.9830446,146,25.06,121,30.0
1787656943.2566462,91,30.0,113,30.0
1787656943.455095,86,30.0,105,30.0
1787656943.6574976,80,30.0,114,30.0
1787656943.873344,88,30.0,116,30.0
1787656944.063596,88,30.0,105,30.0
1787656944.214083,143,25.59,107,30.0
1787656944.3568783,148,24.72,105,30.0
1787656944.503006,109,30.0,120,30.0
1787656944.6600332,88,30.0,136,26.93
1787656944.8140545,103,30.0,131,27.98
1787656944.9551308,85,30.0,128,28.64
1787656945.101085,92,30.0,147,24.89
1787656945.2397778,94,30.0,153,23.89
1787656945.379054,95,30.0,150,24.38
1787656945.5381608,83,30.0,147,24.89
1787656945.6978836,96,30.0,144,25.41
1787656945.8534155,86,30.0,154,23.74
1787656946.0035565,91,30.0,146,25.06
1787656946.152516,95,30.0,152,24.05
1787656946.3181465,104,30.0,155,23.58
1787656946.4769788,110,30.0,162,22.54
1787656946.6929393,196,18.56,161,22.69
1787656946.8348503,455,7.76,165,22.13
1787656946.9994981,730,4.68,165,22.13
1787656947.1397026,729,4.68,171,21.33
1787656947.273421,699,4.9,188,19.37
1787656947.4334667,590,5.89,211,17.21
1787656947.593219,523,6.69,208,17.46
1787656947.752713,444,7.96,139,26.34
1787656947.9128869,399,8.9,206,17.64
1787656948.0532942,364,9.8,224,16.19
1787656948.3666391,329,10.89,233,15.55
1787656948.5173886,170,21.46,183,19.91
1787656948.7799237,249,14.52,112,30.0
1787656948.9826157,146,25.06,52,30.0
1787656949.135285,111,30.0,40,30.0
1787656949.598603,112,30.0,45,30.0
1787656949.8026955,168,21.72,159,22.98
1787656949.939562,266,13.56,235,15.41
1787656950.0975423,302,11.9,241,15.02
1787656950.6226823,301,11.94,224,16.19
1787656950.752747,260,13.89,127,28.87
1787656951.0327141,242,14.95,236,15.34
1787656951.2384238,256,14.11,263,13.72
1787656951.442725,264,13.67,252,14.34
1787656951.653022,302,11.9,224,16.19
1787656951.8524337,265,13.62,105,30.0
1787656952.1426778,230,15.75,206,17.64
1787656952.2988858,134,27.34,247,14.64
1787656952.4228814,146,25.06,188,19.37
1787656952.5523086,141,25.96,192,18.96
1787656952.6922674,142,25.78,158,23.12
1787656952.835792,63,30.0,175,20.84
1787656953.0024507,307,11.7,194,18.76
1787656953.29252,524,6.68,195,18.66
1787656953.432547,247,14.64,224,16.19
1787656953.6924474,234,15.48,254,14.23
1787656953.8352716,561,6.21,253,14.28
1787656954.3091292,729,4.68,184,19.8
1787656954.7191668,724,4.72,237,15.28
1787656954.929516,522,6.71,223,16.26
1787656955.0806925,522,6.71,252,14.34
1787656955.3324673,731,4.67,230,15.75
1787656955.5586903,611,5.67,188,19.37
1787656955.716999,722,4.73,242,14.95
1787656955.946068,717,4.77,242,14.95
1787656956.1537006,729,4.68,200,18.18
1787656956.299563,594,5.84,200,18.18
1787656956.5791755,730,4.68,180,20.25
1787656956.7656078,290,3.0,205,17.73
1787656956.8980181,434,3.0,176,20.72
1787656957.1170182,669,5.14,158,23.12
1787656957.3978088,130,3.0,46,30.0
1787656957.9927554,277,3.0,51,30.0
1787656958.4025524,270,3.0,51,30.0
1787656958.5561726,129,3.0,33,30.0
1787656959.0124156,127,3.0,33,30.0
1787656959.224172,198,3.0,51,30.0
1787656959.4350936,184,3.0,76,30.0
1787656959.6332445,182,3.0,70,30.0
1787656959.8384237,190,3.0,70,30.0
1787656960.0565708,188,3.0,64,30.0
1787656960.2471392,203,3.0,59,30.0
1787656960.4522634,190,3.0,67,30.0
1787656960.8627694,192,3.0,57,30.0
1787656961.0722983,195,3.0,75,30.0
1787656961.2727773,196,3.0,70,30.0
1787656961.4738944,182,3.0,64,30.0
1787656961.69353,188,3.0,69,30.0
1787656961.8928611,194,3.0,63,30.0
1787656962.143345,190,3.0,74,30.0
1787656962.4924648,182,3.0,70,30.0
1787656962.7128081,188,3.0,100,30.0
1787657026.6026738,567,6.14,218,16.64
1787657026.8033037,579,6.0,216,16.8
1787657027.0196574,535,6.53,217,16.72
1787657027.2142,568,6.13,222,16.34
1787657027.3602846,551,6.33,219,16.57
1787657027.6244683,555,6.28,217,16.72
1787657027.7529025,590,5.89,218,16.64
1787657027.915274,568,6.13,218,16.64
1787657028.0587099,550,6.34,218,16.64
1787657028.218343,555,6.28,223,16.26
1787657028.4605224,574,6.06,223,16.26
1787657028.6490333,561,6.21,219,16.57
1787657028.8544312,575,6.05,218,16.64
1787657029.0606203,534,6.55,219,16.57
1787657029.220604,527,6.64,218,16.64
1787657029.359747,556,6.27,219,16.57
1787657029.6723955,567,6.14,225,16.11
1787657029.8737328,551,6.33,218,16.64
1787657030.082367,575,6.05,229,15.82
1787657030.2407877,535,6.53,218,16.64
1787657030.392568,551,6.33,218,16.64
1787657030.7127166,567,6.14,221,16.41
1787657030.8736305,551,6.33,218,16.64
1787657031.0151658,562,6.2,217,16.72
1787657031.312592,561,6.21,218,16.64
1787657031.5127356,594,5.84,218,16.64
1787657031.7209153,551,6.33,218,16.64
1787657031.935597,552,6.32,223,16.26
1787657032.1374445,619,5.59,218,16.64
1787657032.5423436,535,6.53,223,16.26
1787657032.7602656,568,6.13,218,16.64
1787657032.9141824,556,6.27,217,16.72
1787657033.2477784,580,5.99,230,15.75
1787657033.5634785,598,5.8,220,16.49
1787657033.7725017,602,5.76,225,16.11
1787657033.8940473,503,6.98,217,16.72
1787657034.1726377,490,7.17,216,16.8
1787657034.3933597,535,6.53,217,16.72
1787657034.5882828,616,5.62,222,16.34
1787657034.792649,563,6.19,217,16.72
1787657034.938043,593,5.85,219,16.57
1787657035.2026134,580,5.99,221,16.41
1787657035.414446,590,5.89,215,16.88
1787657035.6126206,567,6.14,218,16.64
1787657035.7626662,532,6.57,223,16.26
1787657035.8938773,278,12.96,223,16.26
1787657036.081013,346,10.33,241,15.02
1787657036.2206066,219,16.57,241,15.02
1787657036.3611264,214,16.96,254,14.23
1787657036.4988637,225,16.11,257,14.05
1787657036.636901,220,16.49,243,14.89
1787657036.7758784,215,16.88,222,16.34
1787657036.9212258,226,16.04,211,17.21
1787657037.0733242,243,14.89,203,17.91
1787657037.277225,231,15.68,205,17.73
1787657037.4166534,239,15.14,212,17.13
1787657037.5536625,223,16.26,214,16.96
1787657037.7176907,225,16.11,230,15.75
1787657037.8540485,219,16.57,241,15.02
1787657037.9924886,210,17.29,235,15.41
1787657038.1360524,206,17.64,229,15.82
1787657038.3026538,207,17.55,212,17.13
1787657038.4389908,213,17.04,205,17.73
1787657038.5971866,225,16.11,195,18.66
1787657038.7331583,239,15.14,180,20.25
1787657038.876995,242,14.95,183,19.91
1787657039.038443,254,14.23,188,19.37
1787657039.1728828,195,18.66,194,18.76
1787657039.3380864,176,20.72,208,17.46
1787657039.5027738,164,22.26,206,17.64
1787657039.6537163,150,24.38,200,18.18
1787657039.799886,64,30.0,192,18.96
1787657039.9595435,77,30.0,183,19.91
1787657040.3024547,399,8.9,158,23.12
1787657040.528671,232,15.61,188,19.37
1787657040.677023,82,30.0,81,30.0
1787657040.8206081,96,30.0,81,30.0
1787657041.1424077,91,30.0,87,30.0
1787657041.3138971,206,17.64,151,24.22
1787657041.552661,161,22.69,170,21.46
1787657041.698244,102,30.0,212,17.13
1787657041.837207,97,30.0,212,17.13
1787657042.1665978,97,30.0,215,16.88
1787657042.3629332,94,30.0,213,17.04
1787657042.7735493,99,30.0,212,17.13
1787657042.9408646,92,30.0,218,16.64
1787657043.1926827,105,30.0,208,17.46
1787657043.3126242,320,11.21,158,23.12
1787657043.602432,230,15.75,117,30.0
1787657043.802318,94,30.0,144,25.41
1787657043.9530537,92,30.0,128,28.64
1787657044.1124322,92,30.0,137,26.73
1787657044.2723207,101,30.0,135,27.14
1787657044.4204211,100,30.0,135,27.14
1787657044.559365,92,30.0,146,25.06
1787657044.7200913,84,30.0,136,26.93
1787657044.8579192,84,30.0,139,26.34
1787657044.996621,92,30.0,143,25.59
1787657045.1601593,86,30.0,140,26.15
1787657045.3128386,86,30.0,140,26.15
1787657045.502305,90,30.0,140,26.15
1787657045.6408627,97,30.0,147,24.89
1787657045.8194287,108,30.0,146,25.06
1787657045.9569285,87,30.0,147,24.89
1787657046.1184788,86,30.0,152,24.05
1787657046.2788608,80,30.0,162,22.54
1787657046.4139597,87,30.0,151,24.22
1787657046.5542295,115,30.0,152,24.05
1787657046.7025816,148,24.72,167,21.86
1787657046.8531609,330,10.85,165,22.13
1787657046.996391,704,4.86,166,21.99
1787657047.1411402,676,5.08,169,21.59
1787657047.274277,645,5.35,169,21.59
1787657047.421081,669,5.14,153,23.89
1787657047.6927073,709,4.83,183,19.91
1787657047.8141277,165,3.0,91,30.0
1787657048.1140194,324,3.0,51,30.0
1787657048.2601526,110,30.0,52,30.0
1787657048.392831,111,30.0,52,30.0
1787657048.5530133,124,30.0,52,30.0
1787657048.922469,126,29.1,52,30.0
1787657049.14265,130,28.2,45,30.0
1787657049.2950413,132,27.76,50,30.0
1787657049.5378952,120,30.0,45,30.0
1787657049.7424023,123,30.0,45,30.0
1787657049.9490588,121,30.0,52,30.0
1787657050.1535337,126,29.1,45,30.0
1787657050.357424,123,30.0,46,30.0
1787657050.5727282,116,30.0,51,30.0
1787657050.7669096,133,27.55,46,30.0
1787657050.8988717,123,30.0,46,30.0
1787657051.0545857,121,30.0,45,30.0
1787657051.212531,121,30.0,45,30.0
1787657051.355894,125,29.34,45,30.0
1787657051.5925596,124,30.0,45,30.0
1787657051.799688,129,28.42,46,30.0
1787657052.2024286,123,30.0,51,30.0
1787657052.4051518,125,29.34,45,30.0
1787657052.558145,143,25.59,46,30.0
1787657052.6982265,121,30.0,45,30.0
1787657053.0211213,134,27.34,46,30.0
1787657053.1811109,121,30.0,46,30.0
1787657053.6338701,120,30.0,46,30.0
1787657053.840811,123,30.0,46,30.0
1787657054.042885,125,29.34,46,30.0
1787657054.2492774,124,30.0,52,30.0
1787657097.8723905,207,17.55,244,14.83
1787657098.280275,213,17.04,241,15.02
1787657098.475436,208,17.46,242,14.95
1787657098.6223254,223,16.26,242,14.95
1787657098.7604744,199,18.27,241,15.02
1787657099.0957289,213,17.04,243,14.89
1787657099.3092299,209,17.38,241,15.02
1787657099.4824746,199,18.27,241,15.02
1787657099.642397,236,15.34,241,15.02
1787657100.1224375,206,17.64,241,15.02
1787657100.3429654,213,17.04,247,14.64
1787657100.5040915,207,17.55,243,14.89
1787657100.7386856,215,16.88,241,15.02
1787657100.950005,216,16.8,242,14.95
1787657101.147096,200,18.18,241,15.02
1787657101.3515825,214,16.96,245,14.76
1787657101.482802,206,17.64,245,14.76
1787657101.6427982,206,17.64,242,14.95
1787657101.9825773,226,16.04,248,14.58
1787657102.164771,216,16.8,242,14.95
1787657102.38237,206,17.64,247,14.64
1787657102.7877011,224,16.19,240,15.08
1787657102.9888053,215,16.88,242,14.95
1787657103.1962276,205,17.73,242,14.95
1787657103.4052415,213,17.04,242,14.95
1787657103.6225502,206,17.64,244,14.83
1787657103.8227012,214,16.96,247,14.64
1787657103.9909558,202,18.0,244,14.83
1787657104.4225316,204,17.82,241,15.02
1787657104.632517,205,17.73,241,15.02
1787657104.8323293,215,16.88,242,14.95
1787657105.0400364,206,17.64,242,14.95
1787657105.1822217,207,17.55,244,14.83
1787657105.442212,220,16.49,241,15.02
1787657105.6524258,217,16.72,243,14.89
1787657105.856607,214,16.96,240,15.08
1787657106.0722969,227,15.97,244,14.83
1787657106.2021248,219,16.57,241,15.02
1787657106.4743114,220,16.49,242,14.95
1787657106.6758187,222,16.34,242,14.95
1787657106.8770566,206,17.64,242,14.95
1787657107.0367775,213,17.04,242,14.95
1787657107.1777923,211,17.21,234,15.48
1787657107.334028,220,16.49,217,16.72
1787657107.481318,219,16.57,212,17.13
1787657107.6204393,251,14.4,212,17.13
1787657107.7825184,271,13.31,217,16.72
1787657107.9208615,315,11.39,238,15.21
1787657108.0788667,347,10.3,247,14.64
1787657108.237384,335,10.68,262,13.78
1787657108.3998451,250,14.46,280,12.87
1787657108.562256,193,18.85,298,12.06
1787657108.7169774,162,22.54,292,12.32
1787657108.8620892,146,25.06,275,13.11
1787657108.9957528,136,26.93,266,13.56
1787657109.1524673,82,30.0,256,14.11
1787657109.3222277,66,30.0,241,15.02
1787657109.4575129,68,30.0,233,15.55
1787657109.6002495,89,30.0,188,19.37
1787657109.7373962,96,30.0,184,19.8
1787657109.8775518,86,30.0,176,20.72
1787657110.0287058,91,30.0,182,20.02
1787657110.1729755,123,30.0,182,20.02
1787657110.3126552,87,30.0,183,19.91
1787657110.4922097,93,30.0,182,20.02
1787657110.6623547,95,30.0,183,19.91
1787657110.7976987,110,30.0,182,20.02
1787657110.9375486,92,30.0,185,19.69
1787657111.102386,100,30.0,183,19.91
1787657111.2803998,98,30.0,189,19.26
1787657111.442297,111,30.0,179,20.36
1787657111.5823607,125,29.34,182,20.02
1787657111.796363,86,30.0,184,19.8
1787657111.9923196,135,27.14,140,26.15
1787657112.212269,252,14.34,205,17.73
1787657112.4123874,92,30.0,117,30.0
1787657112.5632153,100,30.0,122,30.0
1787657112.70261,91,30.0,122,30.0
1787657112.8562248,93,30.0,128,28.64
1787657113.0221906,98,30.0,133,27.55
1787657113.161164,89,30.0,128,28.64
1787657113.3209884,86,30.0,144,25.41
1787657113.4610214,89,30.0,136,26.93
1787657113.622675,86,30.0,135,27.14
1787657113.7922096,89,30.0,131,27.98
1787657113.9423044,87,30.0,135,27.14
1787657114.082793,92,30.0,141,25.96
1787657114.2426405,95,30.0,141,25.96
1787657114.4032993,92,30.0,140,26.15
1787657114.560945,120,30.0,151,24.22
1787657114.7038596,181,20.13,155,23.58
1787657114.8584967,301,11.94,153,23.89
1787657114.9926147,402,8.83,152,24.05
1787657115.1340632,370,9.63,159,22.98
1787657115.2998126,324,11.06,184,19.8
1787657115.442908,299,12.02,187,19.47
1787657115.5813367,278,12.96,210,17.29
1787657115.7419374,260,13.89,218,16.64
1787657115.8823197,243,14.89,144,25.41
1787657116.0421202,231,15.68,206,17.64
1787657116.2223496,219,16.57,230,15.75
1787657116.3570356,201,18.09,229,15.82
1787657116.5169258,200,18.18,224,16.19
1787657116.662342,207,17.55,252,14.34
1787657116.8024838,220,16.49,245,14.76
1787657116.9402678,229,15.82,199,18.27
1787657117.0827048,240,15.08,99,30.0
1787657117.263321,231,15.68,34,30.0
1787657117.4029582,218,16.64,39,30.0
1787657117.5430024,204,17.82,64,30.0
1787657117.7026734,200,18.18,87,30.0
1787657117.8430574,185,19.69,87,30.0
1787657118.162782,188,19.37,164,22.26
1787657118.3227124,219,16.57,81,30.0
1787657118.5574198,151,24.22,134,27.34
1787657118.795806,149,24.55,33,30.0
1787657118.9424243,134,27.34,33,30.0
1787657119.0984113,138,26.54,34,30.0
1787657119.2403667,139,26.34,34,30.0
1787657119.3995404,137,26.73,34,30.0
1787657119.5424573,133,27.55,34,30.0
1787657119.6812928,135,27.14,33,30.0
1787657119.8201246,135,27.14,33,30.0
1787657119.961043,139,26.34,34,30.0
1787657120.1226456,146,25.06,28,30.0
1787657120.303706,129,28.42,27,30.0
1787657120.4825559,127,28.87,29,30.0
1787657120.61249,122,30.0,27,30.0
1787657120.803333,120,30.0,33,30.0
1787657120.962781,114,30.0,6,30.0
1787657121.1232615,107,30.0,6,30.0
1787657121.2661839,72,30.0,110,30.0
1787657121.4222484,77,30.0,376,9.47
1787657121.582529,104,30.0,406,8.74
1787657121.7196279,108,30.0,407,8.72
1787657121.8628008,129,28.42,385,9.24
1787657122.0028846,220,16.49,373,9.55
1787657122.1427348,159,22.98,379,9.4
1787657122.3026006,159,22.98,728,4.69
1787657122.464024,256,14.11,705,4.86
1787657122.6029735,155,23.58,674,5.1
1787657122.7632272,152,24.05,601,5.77
1787657122.902338,287,12.54,536,6.52
1787657123.2639117,164,22.26,502,6.99
1787657123.4651763,142,25.78,322,11.13
1787657123.6224563,149,24.55,111,30.0
1787657123.7842333,147,24.89,125,29.34
1787657123.9229267,123,30.0,122,30.0
1787657124.0613089,127,28.87,122,30.0
1787657124.202643,134,27.34,129,28.42
1787657124.362543,140,26.15,123,30.0
1787657124.5022962,134,27.34,121,30.0
1787657124.6387248,143,25.59,123,30.0
1787657124.8025348,141,25.96,122,30.0
1787657124.9622643,140,26.15,134,27.34
1787657125.0964267,150,24.38,122,30.0
1787657125.2524183,151,24.22,129,28.42
1787657125.4028773,138,26.54,127,28.87
1787657125.5445242,123,30.0,128,28.64
1787657125.6822116,108,30.0,132,27.76
1787657125.8525703,98,30.0,135,27.14
1787657126.022294,90,30.0,134,27.34
1787657126.162442,145,25.24,133,27.55
1787657126.3300085,200,18.18,140,26.15
1787657126.48243,255,14.17,143,25.59
1787657126.622731,306,11.74,143,25.59
1787657126.7826483,461,7.65,147,24.89
1787657126.9637668,650,5.3,158,23.12
1787657127.1034393,545,6.41,164,22.26
1787657127.263797,485,7.25,176,20.72
1787657127.3925068,410,8.65,186,19.58
1787657127.5426424,358,9.97,200,18.18
1787657127.7024677,292,12.32,202,18.0
1787657127.8558533,301,11.94,229,15.82
1787657128.002646,286,12.59,248,14.58
1787657128.142905,266,13.56,270,13.36
1787657128.2829273,248,14.58,292,12.32
1787657128.4617202,250,14.46,333,10.75
1787657128.5954,252,14.34,264,13.67
1787657128.7429204,254,14.23,176,20.72
1787657128.8830042,265,13.62,122,30.0
1787657129.0627403,261,13.83,58,30.0
1787657129.1984956,242,14.95,51,30.0
1787657129.3424308,237,15.28,46,30.0
1787657129.4832447,219,16.57,45,30.0
1787657129.6225674,202,18.0,39,30.0
1787657129.7824392,195,18.66,45,30.0
1787657129.9627504,188,19.37,40,30.0
1787657130.102508,197,18.46,39,30.0
1787657130.2625055,184,19.8,44,30.0
1787657130.4025664,183,19.91,40,30.0
1787657130.5626853,182,20.02,35,30.0
1787657130.7380505,175,20.84,34,30.0
1787657130.90008,176,20.72,28,30.0
1787657131.041577,170,21.46,40,30.0
1787657131.182442,170,21.46,40,30.0
1787657131.3341227,173,21.08,28,30.0
1787657131.5029316,165,22.13,39,30.0
1787657131.6481743,165,22.13,27,30.0
1787657131.7824087,173,21.08,34,30.0
1787657131.9431572,165,22.13,34,30.0
1787657132.083506,160,22.83,40,30.0
1787657132.2423415,159,22.98,34,30.0
1787657132.3845816,152,24.05,34,30.0
1787657132.5431178,153,23.89,39,30.0
1787657132.7224872,179,20.36,27,30.0
1787657132.8825333,143,25.59,34,30.0
1787657133.032661,148,24.72,33,30.0
1787657133.2023654,139,26.34,33,30.0
1787657133.3626487,135,27.14,28,30.0
1787657133.502739,124,30.0,28,30.0
1787657133.6411707,85,30.0,34,30.0
1787657133.8225172,69,30.0,28,30.0
1787657133.9824083,74,30.0,34,30.0
1787657134.1225789,91,30.0,34,30.0
1787657134.2626178,114,30.0,34,30.0
1787657134.4625537,133,27.55,34,30.0
1787657134.6423092,128,28.64,33,30.0
1787657134.8206694,130,28.2,33,30.0
1787657135.003027,133,27.55,34,30.0
1787657135.1589015,141,25.96,34,30.0
1787657135.3235981,147,24.89,35,30.0
1787657135.4829826,153,23.89,33,30.0
1787657135.6426084,160,22.83,33,30.0
1787657135.782412,158,23.12,34,30.0
1787657135.983762,158,23.12,42,30.0
1787657136.1423845,187,19.47,46,30.0
1787657136.2951047,144,25.41,385,9.24
1787657136.7832057,156,23.43,51,30.0
1787657136.917135,132,27.76,56,30.0
1787657137.0825195,144,25.41,46,30.0
1787657137.2211108,140,26.15,39,30.0
1787657137.3626068,148,24.72,40,30.0
1787657137.5028121,144,25.41,34,30.0
1787657137.6624966,126,29.1,44,30.0
1787657137.7996767,148,24.72,27,30.0
1787657137.9424574,147,24.89,28,30.0
1787657138.0816438,146,25.06,38,30.0
1787657138.2224731,163,22.4,40,30.0
1787657138.3842106,161,22.69,33,30.0
1787657138.5399826,146,25.06,40,30.0
1787657138.7026691,135,27.14,15,30.0
1787657138.8624065,135,27.14,21,30.0
1787657139.0230162,134,27.34,40,30.0
1787657139.1609185,130,28.2,40,30.0
1787657139.3426082,131,27.98,57,30.0
1787657139.4829485,141,25.96,64,30.0
1787657139.6424212,129,28.42,104,30.0
1787657139.782657,134,27.34,145,25.24
1787657139.9449513,129,28.42,134,27.34
1787657140.0946317,126,29.1,127,28.87
1787657140.24258,134,27.34,140,26.15
1787657140.3791544,122,30.0,126,29.1
1787657140.5489457,126,29.1,129,28.42
1787657140.723145,120,30.0,146,25.06
1787657140.8628364,130,28.2,117,30.0
1787657141.0922976,134,27.34,6,30.0
1787657141.2439454,139,26.34,6,30.0
1787657141.4899805,134,27.34,6,30.0
1787657141.644163,152,24.05,161,22.69
1787657141.90237,122,30.0,6,30.0
1787657142.1023443,125,29.34,275,13.11
1787657142.2625768,123,30.0,158,23.12
1787657142.5128295,121,30.0,151,24.22
1787657142.717056,127,28.87,14,30.0
1787657142.8627694,125,29.34,242,14.95
1787657143.1436543,124,30.0,58,30.0
1787657143.3049035,117,30.0,6,30.0
1787657143.540889,133,27.55,6,30.0
1787657143.6843858,138,26.54,165,22.13
1787657143.822639,130,28.2,140,26.15
1787657144.1527758,130,28.2,490,7.17
1787657144.3576145,124,30.0,108,30.0
1787657144.5023522,122,30.0,164,22.26
1787657144.7854693,143,25.59,129,28.42
1787657144.9723568,125,29.34,158,23.12
1787657145.3835046,120,30.0,40,30.0
1787657145.6023803,123,30.0,156,23.43
1787657145.7923708,134,27.34,168,21.72
1787657146.2025046,126,29.1,34,30.0
1787657146.4227552,123,30.0,154,23.74
1787657146.6128907,123,30.0,149,24.55
1787657146.8224027,124,30.0,100,30.0
1787657246.9625237,585,5.94,197,18.46
1787657247.1731384,584,5.95,196,18.56
1787657247.3163388,503,6.98,194,18.76
1787657247.5798066,523,6.69,194,18.76
1787657247.7823393,496,7.08,192,18.96
1787657247.9831076,596,5.82,195,18.66
1787657248.1897032,602,5.76,201,18.09
1787657248.340139,545,6.41,194,18.76
1787657248.5763102,566,6.15,194,18.76
1787657248.7349353,574,6.06,194,18.76
1787657249.010578,614,5.64,194,18.76
1787657249.2129083,585,5.94,194,18.76
1787657249.5872023,597,5.81,194,18.76
1787657249.8228874,580,5.99,193,18.85
1787657249.961565,557,6.26,194,18.76
1787657250.2374177,585,5.94,194,18.76
1787657250.4435115,602,5.76,193,18.85
1787657250.602799,513,6.83,195,18.66
1787657250.859321,601,5.77,195,18.66
1787657251.0566492,578,6.02,192,18.96
1787657251.2626321,596,5.82,202,18.0
1787657251.5026038,636,5.43,193,18.85
1787657251.672956,556,6.27,195,18.66
1787657251.8772962,574,6.06,194,18.76
1787657252.0869882,612,5.66,195,18.66
1787657252.2827528,607,5.71,198,18.37
1787657252.4897134,601,5.77,195,18.66
1787657252.9009304,612,5.66,194,18.76
1787657253.0428045,544,6.42,194,18.76
1787657253.322657,551,6.33,198,18.37
1787657253.6355717,616,5.62,194,18.76
1787657253.9326024,601,5.77,197,18.46
1787657254.0824602,612,5.66,193,18.85
1787657254.5425224,601,5.77,194,18.76
1787657254.7428691,590,5.89,200,18.18
1787657254.8802624,595,5.83,198,18.37
1787657255.0407748,586,5.93,206,17.64
1787657255.5634475,595,5.83,193,18.85
1787657255.7687378,606,5.72,191,19.06
1787657255.9743268,614,5.64,197,18.46
1787657256.1211467,585,5.94,191,19.06
1787657256.2629926,713,4.8,198,18.37
1787657256.4225435,215,3.0,211,17.21
1787657256.5611346,242,3.0,211,17.21
1787657256.717659,228,3.0,223,16.26
1787657256.877823,224,3.0,242,14.95
1787657257.0221999,223,3.0,247,14.64
1787657257.163291,213,3.0,262,13.78
1787657257.300895,238,3.0,270,13.36
1787657257.4630353,283,3.0,286,12.59
1787657257.602643,312,3.0,299,12.02
1787657257.7427194,329,3.0,314,11.43
1787657257.9004357,314,3.0,334,10.72
1787657258.0623035,182,3.0,355,10.06
1787657258.2142994,154,3.0,381,9.34
1787657258.3574073,143,3.0,403,8.81
1787657258.5018091,125,3.0,441,8.02
1787657258.6377869,107,30.0,469,7.51
1787657258.7823098,111,30.0,512,6.85
1787657258.93406,123,30.0,390,9.12
1787657259.1229372,107,30.0,358,9.97
1787657259.2775302,93,30.0,321,11.17
1787657259.442794,102,30.0,310,11.58
1787657259.580319,99,30.0,288,12.5
1787657259.7425892,83,30.0,270,13.36
1787657259.882509,86,30.0,259,13.94
1787657260.0377755,84,30.0,243,14.89
1787657260.2224362,94,30.0,230,15.75
1787657260.3991258,99,30.0,212,17.13
1787657260.5392094,105,30.0,215,16.88
1787657260.70245,98,30.0,191,19.06
1787657260.8625863,104,30.0,188,19.37
1787657261.2964213,107,30.0,184,19.8
1787657261.511999,341,10.49,182,20.02
1787657261.6926444,97,30.0,117,30.0
1787657261.8384879,93,30.0,123,30.0
1787657262.0167575,97,30.0,132,27.76
1787657262.1623585,92,30.0,126,29.1
1787657262.3169136,90,30.0,133,27.55
1787657262.461285,95,30.0,130,28.2
1787657262.6217606,84,30.0,130,28.2
1787657262.7616084,94,30.0,129,28.42
1787657262.8984141,92,30.0,132,27.76
1787657263.039513,94,30.0,134,27.34
1787657263.2007663,86,30.0,134,27.34
1787657263.358578,93,30.0,134,27.34
1787657263.52631,96,30.0,134,27.34
1787657263.7023377,87,30.0,135,27.14
1787657263.8787832,93,30.0,135,27.14
1787657264.0625033,92,30.0,147,24.89
1787657264.2165904,119,30.0,137,26.73
1787657264.3525517,248,14.58,147,24.89
1787657264.5227296,427,8.29,153,23.89
1787657264.6603909,394,9.02,167,21.86
1787657264.794125,335,10.68,171,21.33
1787657264.9323926,307,11.7,182,20.02
1787657265.0808747,290,12.41,140,26.15
1787657265.2149088,272,13.26,172,21.21
1787657265.360903,260,13.89,188,19.37
1787657265.5152895,242,14.95,194,18.76
1787657265.6632404,236,15.34,194,18.76
1787657265.8011994,227,15.97,205,17.73
1787657265.9596963,223,16.26,253,14.28
1787657266.1404817,216,16.8,133,27.55
1787657266.2762635,210,17.29,80,30.0
1787657266.4224403,206,17.64,70,30.0
1787657266.556751,205,17.73,69,30.0
1787657266.7029598,200,18.18,80,30.0
1787657266.8328376,206,17.64,89,30.0
1787657266.997154,214,16.96,99,30.0
1787657267.1588278,224,16.19,114,30.0
1787657267.4432976,219,16.57,107,30.0
1787657267.6452663,155,23.58,175,20.84
1787657267.8615785,98,30.0,106,30.0
1787657268.2577631,152,24.05,34,30.0
1787657268.4067757,147,24.89,35,30.0
1787657268.5722961,145,25.24,33,30.0
1787657268.7157156,145,25.24,34,30.0
1787657268.8626492,149,24.55,31,30.0
1787657269.002715,153,23.89,34,30.0
1787657269.1424477,151,24.22,33,30.0
1787657269.279725,165,22.13,28,30.0
1787657269.418166,167,21.86,33,30.0
1787657269.5796392,165,22.13,27,30.0
1787657269.7124252,170,21.46,22,30.0
1787657269.882531,170,21.46,22,30.0
1787657270.0417705,177,20.6,22,30.0
1787657270.2026262,189,19.26,18,30.0
1787657270.382665,195,18.66,11,30.0
1787657270.5366707,198,18.37,6,30.0
1787657270.6781979,207,17.55,86,30.0
1787657270.8208816,201,18.09,143,25.59
1787657270.9561915,175,20.84,146,25.06
1787657271.101713,45,30.0,158,23.12
1787657271.238353,13,30.0,248,14.58
1787657271.3988047,88,30.0,255,14.17
1787657271.5343835,161,22.69,259,13.94
1787657271.6795146,145,25.24,252,14.34
1787657271.8227005,141,25.96,228,15.9
1787657271.9997141,145,25.24,225,16.11
1787657272.1365561,148,24.72,225,16.11
1787657272.3027112,146,25.06,201,18.09
1787657272.4562793,158,23.12,192,18.96
1787657272.6027153,157,23.27,194,18.76
1787657272.78259,150,24.38,193,18.85
1787657273.17618,150,24.38,166,21.99
1787657273.6005619,190,19.16,122,30.0
1787657273.7411907,136,26.93,123,30.0
1787657273.8960683,171,21.33,127,28.87
1787657274.0425513,135,27.14,122,30.0
1787657274.1824863,148,24.72,126,29.1
1787657274.3549242,138,26.54,127,28.87
1787657274.5031662,132,27.76,117,30.0
1787657274.6809871,108,30.0,122,30.0
1787657274.8222547,107,30.0,117,30.0
1787657274.9591315,119,30.0,117,30.0
1787657275.1162434,170,21.46,116,30.0
1787657275.2603955,295,12.19,118,30.0
1787657275.4227338,507,6.92,117,30.0
1787657275.5640774,731,4.67,116,30.0
1787657275.742316,730,4.68,122,30.0
1787657275.883003,609,5.69,135,27.14
1787657276.0386355,612,5.66,147,24.89
1787657276.2226346,731,4.67,146,25.06
1787657276.3823898,731,4.67,158,23.12
1787657276.5202873,617,5.61,170,21.46
1787657276.6824403,545,6.41,206,17.64
1787657276.862468,485,7.25,236,15.34
1787657277.002899,431,8.21,192,18.96
1787657277.1426444,400,8.88,129,28.42
1787657277.2830863,364,9.8,91,30.0
1787657277.4618742,345,10.36,51,30.0
1787657277.5990434,306,11.74,51,30.0
1787657277.742761,295,12.19,40,30.0
1787657277.9182935,302,11.9,40,30.0
1787657278.0627534,266,13.56,30,30.0
1787657278.2125218,248,14.58,28,30.0
1787657278.4027336,237,15.28,28,30.0
1787657278.5579808,220,16.49,34,30.0
1787657278.7035346,220,16.49,34,30.0
1787657278.8425298,206,17.64,34,30.0
1787657279.0035894,194,18.76,34,30.0
1787657279.1725848,205,17.73,22,30.0
1787657279.342746,195,18.66,35,30.0
1787657279.4925203,206,17.64,40,30.0
1787657279.662736,214,16.96,33,30.0
1787657279.8403862,219,16.57,33,30.0
1787657279.9895718,223,16.26,34,30.0
1787657280.1484978,203,17.91,33,30.0
1787657280.2996178,189,19.26,34,30.0
1787657280.4610434,185,19.69,40,30.0
1787657280.6392577,213,17.04,28,30.0
1787657280.776291,206,17.64,32,30.0
1787657280.9187257,200,18.18,34,30.0
1787657281.0823975,200,18.18,34,30.0
1787657281.242517,207,17.55,34,30.0
1787657281.4024842,223,16.26,34,30.0
1787657281.542596,214,16.96,34,30.0
1787657281.7224424,216,16.8,34,30.0
1787657281.8809364,198,18.37,38,30.0
1787657282.0426967,186,19.58,28,30.0
1787657282.1828423,170,21.46,35,30.0
1787657282.359707,124,30.0,28,30.0
1787657282.5053852,45,30.0,28,30.0
1787657282.656415,56,30.0,33,30.0
1787657282.800336,80,30.0,34,30.0
1787657282.9575431,98,30.0,33,30.0
1787657283.1203983,115,30.0,28,30.0
1787657283.2626035,104,30.0,34,30.0
1787657283.4008782,111,30.0,34,30.0
1787657283.5625355,129,28.42,28,30.0
1787657283.7400787,108,30.0,28,30.0
1787657283.882563,128,28.64,34,30.0
1787657284.0369074,132,27.76,33,30.0
1787657284.1823134,123,30.0,28,30.0
1787657284.6443744,150,24.38,28,30.0
1787657284.861438,150,24.38,52,30.0
1787657285.0010796,146,25.06,34,30.0
1787657285.16033,151,24.22,33,30.0
1787657285.3228085,137,26.73,39,30.0
1787657285.4624374,141,25.96,35,30.0
1787657285.622786,149,24.55,34,30.0
1787657285.7559826,140,26.15,34,30.0
1787657285.9023588,146,25.06,28,30.0
1787657286.0823348,150,24.38,34,30.0
1787657286.221126,147,24.89,28,30.0
1787657286.3597078,156,23.43,39,30.0
1787657286.4980648,153,23.89,36,30.0
1787657286.6422708,170,21.46,33,30.0
1787657286.79656,185,19.69,35,30.0
1787657286.9680395,179,20.36,28,30.0
1787657287.1125734,182,20.02,14,30.0
1787657287.2624164,194,18.76,22,30.0
1787657287.4004543,201,18.09,28,30.0
1787657287.562459,206,17.64,34,30.0
1787657287.6984186,215,16.88,46,30.0
1787657287.8427265,213,17.04,141,25.96
1787657288.0186536,217,16.72,129,28.42
1787657288.1625245,194,18.76,270,13.36
1787657288.3163617,188,19.37,174,20.96
1787657288.4645617,187,19.47,141,25.96
1787657288.5997007,182,20.02,138,26.54
1787657288.7433329,196,18.56,164,22.26
1787657288.9007647,193,18.85,130,28.2
1787657289.0550883,193,18.85,136,26.93
1787657289.2425115,192,18.96,67,30.0
1787657289.402497,201,18.09,110,30.0
1787657289.5349386,212,17.13,123,30.0
1787657289.6971128,225,16.11,135,27.14
1787657289.8572767,206,17.64,128,28.64
1787657289.9985929,198,18.37,130,28.2
1787657290.1626174,206,17.64,122,30.0
1787657290.5826902,205,17.73,6,30.0
1787657290.7423038,205,17.73,11,30.0
1787657290.9643874,223,16.26,130,28.2
1787657291.122444,200,18.18,140,26.15
1787657291.2564435,248,14.58,166,21.99
1787657291.6078057,206,17.64,236,15.34
1787657291.7615402,200,18.18,171,21.33
1787657291.9010792,206,17.64,98,30.0
1787657292.2227392,206,17.64,94,30.0
1787657292.422833,203,17.91,188,19.37
1787657292.6225333,205,17.73,195,18.66
1787657292.8326156,207,17.55,137,26.73
1787657293.041377,232,15.61,11,30.0
1787657293.2425551,207,17.55,284,12.68
1787657293.3997734,206,17.64,127,28.87
1787657293.6525073,230,15.75,123,30.0
1787657293.858262,225,16.11,63,30.0
1787657294.0643554,207,17.55,133,27.55
1787657294.2750773,207,17.55,6,30.0
1787657294.4784658,203,17.91,111,30.0
1787657294.6797955,205,17.73,116,30.0
1787657294.8882334,207,17.55,6,30.0
1787657295.0877435,206,17.64,200,18.18
1787657295.220625,213,17.04,6,30.0
1787657295.4974527,208,17.46,137,26.73
1787657295.7024565,217,16.72,11,30.0
1787657318.6451037,219,16.57,207,17.55
1787657318.844917,203,17.91,211,17.21
1787657319.0592499,206,17.64,203,17.91
1787657319.2205613,200,18.18,208,17.46
1787657319.6629283,225,16.11,200,18.18
1787657319.7995088,206,17.64,206,17.64
1787657320.0724475,195,18.66,206,17.64
1787657320.2725677,213,17.04,205,17.73
1787657320.462683,207,17.55,201,18.09
1787657320.6184297,200,18.18,206,17.64
1787657320.8929834,207,17.55,205,17.73
1787657321.283281,217,16.72,200,18.18
1787657321.5210094,206,17.64,206,17.64
1787657321.712575,198,18.37,200,18.18
1787657322.2942324,206,17.64,199,18.27
1787657322.5298011,197,18.46,199,18.27
1787657322.7329116,204,17.82,200,18.18
1787657322.9371252,200,18.18,206,17.64
1787657323.1427495,203,17.91,206,17.64
1787657323.3135777,206,17.64,206,17.64
1787657323.7614877,199,18.27,201,18.09
1787657323.9648612,200,18.18,206,17.64
1787657324.1745615,206,17.64,205,17.73
1787657324.372494,214,16.96,205,17.73
1787657324.785999,201,18.09,206,17.64
1787657324.9232879,210,17.29,214,16.96
1787657325.2007976,214,16.96,199,18.27
1787657325.4203644,205,17.73,200,18.18
1787657325.6027808,214,16.96,206,17.64
1787657325.812581,208,17.46,205,17.73
1787657326.0147095,217,16.72,201,18.09
1787657326.2163408,206,17.64,202,18.0
1787657326.362202,209,17.38,208,17.46
1787657326.6381915,209,17.38,198,18.37
1787657326.792805,215,16.88,216,16.8
1787657326.9527435,203,17.91,206,17.64
1787657327.1209643,222,16.34,200,18.18
1787657327.2805147,206,17.64,200,18.18
1787657327.4381058,216,16.8,200,18.18
1787657327.6626642,233,15.55,206,17.64
1787657327.7984948,212,17.13,199,18.27
1787657327.940861,204,17.82,202,18.0
1787657328.102615,201,18.09,206,17.64
1787657328.3427763,208,17.46,198,18.37
1787657328.8769715,200,18.18,206,17.64
1787657329.0405946,197,18.46,211,17.21
1787657329.1836603,219,16.57,205,17.73
1787657329.342437,215,16.88,188,19.37
1787657329.5005116,220,16.49,194,18.76
1787657329.6416547,223,16.26,200,18.18
1787657329.8011515,221,16.41,212,17.13
1787657329.9415846,227,15.97,218,16.64
1787657330.0923116,243,14.89,229,15.82
1787657330.2362242,295,12.19,244,14.83
1787657330.3924577,323,11.1,258,14.0
1787657330.5425475,342,10.46,270,13.36
1787657330.6981683,312,11.5,296,12.15
1787657330.8606372,167,21.86,310,11.58
1787657331.0241432,155,23.58,328,10.92
1787657331.1526697,148,24.72,328,10.92
1787657331.31622,142,25.78,311,11.54
1787657331.4575095,104,30.0,281,12.82
1787657331.5928087,86,30.0,270,13.36
1787657331.7635474,68,30.0,242,14.95
1787657331.9189622,92,30.0,235,15.41
1787657332.0966456,86,30.0,228,15.9
1787657332.2417045,92,30.0,206,17.64
1787657332.3964806,87,30.0,200,18.18
1787657332.5623388,95,30.0,200,18.18
1787657332.7025554,91,30.0,206,17.64
1787657332.8423307,93,30.0,224,16.19
1787657333.0022645,102,30.0,223,16.26
1787657333.1423864,107,30.0,218,16.64
1787657333.2975955,104,30.0,206,17.64
1787657333.4430583,105,30.0,200,18.18
1787657333.5820615,107,30.0,195,18.66
1787657333.797906,105,30.0,204,17.82
1787657333.9625628,230,15.75,182,20.02
1787657334.1229644,152,24.05,134,27.34
1787657334.2590508,219,16.57,198,18.37
1787657334.6162229,96,30.0,106,30.0
1787657334.7626572,85,30.0,110,30.0
1787657334.8928385,90,30.0,117,30.0
1787657335.0612772,96,30.0,124,30.0
1787657335.1999354,92,30.0,119,30.0
1787657335.3391647,106,30.0,121,30.0
1787657335.4830666,92,30.0,129,28.42
1787657335.6389623,86,30.0,123,30.0
1787657335.7767053,86,30.0,120,30.0
1787657335.943041,86,30.0,123,30.0
1787657336.077967,113,30.0,127,28.87
1787657336.2425277,97,30.0,122,30.0
1787657336.422436,93,30.0,127,28.87
1787657336.5780876,99,30.0,136,26.93
1787657336.7162201,121,30.0,129,28.42
1787657336.9025757,207,17.55,134,27.34
1787657337.0623994,411,8.63,134,27.34
1787657337.1984205,467,7.55,144,25.41
1787657337.3367639,427,8.29,141,25.96
1787657337.483224,380,9.37,153,23.89
1787657337.6389174,336,10.65,164,22.26
1787657337.772564,313,11.46,177,20.6
1787657337.9381354,295,12.19,101,30.0
1787657338.1126876,276,13.06,171,21.33
1787657338.2816317,255,14.17,189,19.26
1787657338.4425373,243,14.89,194,18.76
1787657338.576629,226,16.04,195,18.66
1787657338.7202823,212,17.13,218,16.64
1787657338.8527339,206,17.64,247,14.64
1787657339.022724,203,17.91,207,17.55
1787657339.1764283,206,17.64,97,30.0
1787657339.33795,219,16.57,40,30.0
1787657339.4827428,220,16.49,40,30.0
1787657339.6224647,219,16.57,52,30.0
1787657339.77591,205,17.73,77,30.0
1787657339.94107,195,18.66,94,30.0
1787657340.114354,193,18.85,104,30.0
1787657340.3427196,194,18.76,92,30.0
1787657340.552498,179,20.36,177,20.6
1787657340.6984763,150,24.38,98,30.0
1787657340.9641356,160,22.83,22,30.0
1787657341.1198776,140,26.15,33,30.0
1787657341.3004816,132,27.76,34,30.0
1787657341.4419692,143,25.59,28,30.0
1787657341.6127863,136,26.93,33,30.0
1787657341.7560477,135,27.14,28,30.0
1787657341.9002767,141,25.96,34,30.0
1787657342.0324016,146,25.06,34,30.0
1787657342.180714,137,26.73,28,30.0
1787657342.3401814,142,25.78,33,30.0
1787657342.4762163,131,27.98,28,30.0
1787657342.6349266,136,26.93,28,30.0
1787657342.7924407,130,28.2,29,30.0
1787657342.9622486,122,30.0,29,30.0
1787657343.1173313,121,30.0,28,30.0
1787657343.2607813,111,30.0,6,30.0
1787657343.442741,110,30.0,6,30.0
1787657343.582631,96,30.0,247,14.64
1787657343.7525764,73,30.0,298,12.06
1787657343.8988671,93,30.0,327,10.96
1787657344.0590317,90,30.0,731,4.67
1787657344.2126324,121,30.0,704,4.86
1787657344.4032562,122,30.0,631,5.48
1787657344.577126,155,23.58,568,6.13
1787657344.7428193,157,23.27,540,6.47
1787657344.8926396,156,23.43,483,7.28
1787657345.0731037,80,30.0,442,8.0
1787657345.2370448,161,22.69,412,8.61
1787657345.3789108,158,23.12,391,9.09
1787657345.6751308,81,30.0,361,9.88
1787657345.8798683,153,23.89,206,17.64
1787657346.018103,138,26.54,172,21.21
1787657346.2885575,151,24.22,115,30.0
1787657346.4545221,130,28.2,117,30.0
1787657346.622507,140,26.15,117,30.0
1787657346.7600856,151,24.22,117,30.0
1787657346.9344783,138,26.54,125,29.34
1787657347.0815406,146,25.06,123,30.0
1787657347.2214222,138,26.54,121,30.0
1787657347.3583293,129,28.42,114,30.0
1787657347.5214517,132,27.76,132,27.76
1787657347.6823568,124,30.0,128,28.64
1787657347.838352,85,30.0,123,30.0
1787657347.9964027,86,30.0,115,30.0
1787657348.1601644,120,30.0,137,26.73
1787657348.3225915,164,22.26,125,29.34
1787657348.483279,204,17.82,129,28.42
1787657348.6208885,238,15.21,129,28.42
1787657348.7813573,271,13.31,128,28.64
1787657348.9183972,329,10.89,129,28.42
1787657349.0587556,485,7.25,134,27.34
1787657349.1998224,730,4.68,140,26.15
1787657349.3597617,721,4.74,151,24.22
1787657349.5171285,607,5.71,159,22.98
1787657349.7004924,502,6.99,168,21.72
1787657349.8600266,427,8.29,179,20.36
1787657350.0123692,364,9.8,200,18.18
1787657350.1607573,336,10.65,218,16.64
1787657350.2923665,312,11.5,241,15.02
1787657350.4558702,295,12.19,280,12.87
1787657350.6026738,273,13.21,277,13.01
1787657350.7568948,248,14.58,209,17.38
1787657350.902366,248,14.58,147,24.89
1787657351.032634,244,14.83,89,30.0
1787657351.1771045,225,16.11,45,30.0
1787657351.3327446,212,17.13,40,30.0
1787657351.4923937,200,18.18,27,30.0
1787657351.6807704,193,18.85,39,30.0
1787657351.8425634,198,18.37,40,30.0
1787657351.9846995,194,18.76,33,30.0
1787657352.1204393,195,18.66,33,30.0
1787657352.2824004,201,18.09,34,30.0
1787657352.4404685,208,17.46,34,30.0
1787657352.6127186,212,17.13,34,30.0
1787657352.7566314,229,15.82,28,30.0
1787657352.900274,214,16.96,28,30.0
1787657353.062118,203,17.91,33,30.0
1787657353.2160628,193,18.85,34,30.0
1787657353.3837852,179,20.36,40,30.0
1787657353.5325055,191,19.06,34,30.0
1787657353.6823018,200,18.18,34,30.0
1787657353.832701,200,18.18,32,30.0
1787657354.0226643,207,17.55,34,30.0
1787657354.2025409,213,17.04,34,30.0
1787657354.3566604,203,17.91,34,30.0
1787657354.5382857,200,18.18,34,30.0
1787657354.6764736,196,18.56,33,30.0
1787657354.8527157,196,18.56,27,30.0
1787657355.0223203,213,17.04,34,30.0
1787657355.1585078,205,17.73,34,30.0
1787657355.2924132,200,18.18,34,30.0
1787657355.4388003,214,16.96,34,30.0
1787657355.5940185,155,23.58,34,30.0
1787657355.7424212,38,30.0,34,30.0
1787657355.87577,38,30.0,38,30.0
1787657356.0124497,75,30.0,28,30.0
1787657356.1581776,96,30.0,28,30.0
1787657356.3148842,111,30.0,33,30.0
1787657356.4570284,108,30.0,39,30.0
1787657356.5988564,113,30.0,28,30.0
1787657356.7605302,122,30.0,33,30.0
1787657356.9361787,123,30.0,29,30.0
1787657357.080026,141,25.96,29,30.0
1787657357.2364416,145,25.24,28,30.0
1787657357.378218,146,25.06,28,30.0
1787657357.519786,139,26.34,33,30.0
1787657357.6744525,158,23.12,34,30.0
1787657357.9611042,155,23.58,34,30.0
1787657358.1160972,164,22.26,38,30.0
1787657358.370583,148,24.72,111,30.0
1787657358.5725155,163,22.4,206,17.64
1787657358.7398345,146,25.06,57,30.0
1787657358.8777387,154,23.74,45,30.0
1787657359.0184174,164,22.26,52,30.0
1787657359.152533,157,23.27,35,30.0
1787657359.3178184,146,25.06,43,30.0
1787657359.4541113,152,24.05,46,30.0
1787657359.5995233,157,23.27,46,30.0
1787657359.7396219,168,21.72,40,30.0
1787657359.8776484,163,22.4,40,30.0
1787657360.038657,171,21.33,40,30.0
1787657360.2031896,177,20.6,39,30.0
1787657360.3559716,187,19.47,45,30.0
1787657360.5123348,197,18.46,34,30.0
1787657360.6676922,215,16.88,38,30.0
1787657360.8026302,222,16.34,34,30.0
1787657360.9375405,217,16.72,39,30.0
1787657361.0979235,226,16.04,29,30.0
1787657361.25624,189,19.26,14,30.0
1787657361.4409811,180,20.25,28,30.0
1787657361.599586,187,19.47,28,30.0
1787657361.740354,184,19.8,40,30.0
1787657361.872785,185,19.69,71,30.0
1787657362.0607302,202,18.0,418,8.48
1787657362.1974962,208,17.46,6,30.0
1787657362.352363,199,18.27,6,30.0
1787657362.4933722,207,17.55,6,30.0
1787657362.6523814,200,18.18,120,30.0
1787657362.8246937,212,17.13,61,30.0
1787657362.9965055,213,17.04,64,30.0
1787657363.15848,207,17.55,177,20.6
1787657363.3003824,197,18.46,164,22.26
1787657363.4609907,188,19.37,121,30.0
1787657363.6559565,183,19.91,6,30.0
1787657363.8960443,177,20.6,6,30.0
1787657364.1146827,183,19.91,6,30.0
1787657364.261103,190,19.16,141,25.96
1787657364.5150137,205,17.73,156,23.43
1787657364.659151,183,19.91,562,6.2
1787657364.8206148,185,19.69,253,14.28
1787657365.1312466,213,17.04,6,30.0
1787657365.5371811,214,16.96,134,27.34
1787657365.7412868,186,19.58,128,28.64
1787657365.9534175,189,19.26,144,25.41
1787657366.1479826,189,19.26,284,12.68
1787657366.3523393,182,20.02,107,30.0
1787657366.4987845,181,20.13,134,27.34
1787657366.6561291,188,19.37,158,23.12
1787657366.7994747,182,20.02,194,18.76
1787657367.1730888,178,20.48,146,25.06
1787657367.3349237,188,19.37,6,30.0
1787657367.5852394,188,19.37,6,30.0
1787657367.9943902,189,19.26,6,30.0
1787657368.194494,192,18.96,75,30.0
1787657368.4029212,182,20.02,161,22.69
1787657368.6085188,184,19.8,99,30.0
1787657368.7789915,187,19.47,95,30.0
1787657369.0189939,183,19.91,176,20.72
1787657369.233909,186,19.58,65,30.0
1787657369.4181259,180,20.25,178,20.48
1787657462.2124188,206,17.64,182,20.02
1787657462.4023669,200,18.18,182,20.02
1787657462.5625415,214,16.96,194,18.76
1787657462.7228544,214,16.96,182,20.02
1787657463.0181103,214,16.96,194,18.76
1787657463.224635,213,17.04,192,18.96
1787657463.3611956,216,16.8,187,19.47
1787657463.640855,218,16.64,188,19.37
1787657463.8230882,220,16.49,180,20.25
1787657464.0125027,214,16.96,182,20.02
1787657464.2612321,203,17.91,183,19.91
1787657464.6545131,212,17.13,182,20.02
1787657464.8212533,212,17.13,183,19.91
1787657465.0824628,213,17.04,182,20.02
1787657465.282603,213,17.04,183,19.91
1787657465.4425952,213,17.04,183,19.91
1787657465.6833587,213,17.04,186,19.58
1787657465.8424141,215,16.88,183,19.91
1787657466.0991333,201,18.09,183,19.91
1787657466.2926445,226,16.04,182,20.02
1787657466.518085,213,17.04,182,20.02
1787657466.692668,214,16.96,183,19.91
1787657466.8417857,214,16.96,181,20.13
1787657467.3227067,214,16.96,182,20.02
1787657467.5248816,213,17.04,182,20.02
1787657467.7375436,200,18.18,182,20.02
1787657467.9330773,214,16.96,187,19.47
1787657468.132773,216,16.8,188,19.37
1787657468.3426085,204,17.82,181,20.13
1787657468.5571764,213,17.04,181,20.13
1787657468.7624147,208,17.46,181,20.13
1787657468.9604533,213,17.04,180,20.25
1787657469.1746018,222,16.34,178,20.48
1787657469.3829205,214,16.96,182,20.02
1787657469.7788773,214,16.96,184,19.8
1787657469.9824347,212,17.13,183,19.91
1787657470.2026303,213,17.04,183,19.91
1787657470.393958,213,17.04,181,20.13
1787657470.5990126,211,17.21,183,19.91
1787657470.8021984,205,17.73,182,20.02
1787657471.022873,210,17.29,182,20.02
1787657471.209625,207,17.55,179,20.36
1787657471.3651786,213,17.04,184,19.8
1787657471.5226917,201,18.09,182,20.02
1787657471.6612911,221,16.41,187,19.47
1787657471.802632,220,16.49,192,18.96
1787657471.9619305,201,18.09,208,17.46
1787657472.0997307,219,16.57,203,17.91
1787657472.2825937,214,16.96,206,17.64
1787657472.418206,232,15.61,213,17.04
1787657472.582492,224,16.19,218,16.64
1787657472.7155995,225,16.11,227,15.97
1787657472.902474,294,12.23,235,15.41
1787657473.0406697,346,10.33,237,15.28
1787657473.1984394,369,9.66,242,14.95
1787657473.340443,335,10.68,259,13.94
1787657473.4775846,190,19.16,263,13.72
1787657473.642503,179,20.36,282,12.77
1787657473.8028514,167,21.86,283,12.72
1787657473.9806817,164,22.26,259,13.94
1787657474.1229558,109,30.0,235,15.41
1787657474.2642224,116,30.0,228,15.9
1787657474.4003496,117,30.0,211,17.21
1787657474.5604224,116,30.0,208,17.46
1787657474.7024138,118,30.0,194,18.76
1787657474.8429077,98,30.0,203,17.91
1787657475.0027585,79,30.0,194,18.76
1787657475.1626337,85,30.0,207,17.55
1787657475.3225405,80,30.0,222,16.34
1787657475.50311,93,30.0,213,17.04
1787657475.6626368,90,30.0,216,16.8
1787657475.8139217,112,30.0,194,18.76
1787657475.9760644,96,30.0,197,18.46
1787657476.3338962,100,30.0,188,19.37
1787657476.5423937,131,27.98,152,24.05
1787657476.8545809,317,11.32,147,24.89
1787657477.1625912,102,30.0,117,30.0
1787657477.2962353,91,30.0,118,30.0
1787657477.4369931,93,30.0,114,30.0
1787657477.580031,91,30.0,127,28.87
1787657477.7624502,92,30.0,122,30.0
1787657477.8985853,107,30.0,123,30.0
1787657478.0565023,87,30.0,125,29.34
1787657478.2024171,87,30.0,122,30.0
1787657478.3616726,92,30.0,122,30.0
1787657478.5207193,83,30.0,122,30.0
1787657478.662275,113,30.0,127,28.87
1787657478.7988372,85,30.0,122,30.0
1787657478.9581583,82,30.0,127,28.87
1787657479.102594,90,30.0,135,27.14
1787657479.2324607,91,30.0,134,27.34
1787657479.4182365,124,30.0,127,28.87
1787657479.5593097,311,11.54,135,27.14
1787657479.7016277,551,6.33,135,27.14
1787657479.9029453,518,6.76,139,26.34
1787657480.0569832,433,8.17,144,25.41
1787657480.2141037,394,9.02,115,30.0
1787657480.3824244,369,9.66,146,25.06
1787657480.5206454,335,10.68,164,22.26
1787657480.685262,313,11.46,157,23.27
1787657480.836442,309,11.62,176,20.72
1787657480.9932988,284,12.68,223,16.26
1787657481.1428483,269,13.41,140,26.15
1787657481.282755,255,14.17,103,30.0
1787657481.4217017,242,14.95,76,30.0
1787657481.582747,231,15.68,72,30.0
1787657481.7225242,220,16.49,75,30.0
1787657481.8626645,214,16.96,98,30.0
1787657482.0201569,206,17.64,107,30.0
1787657482.1926222,211,17.21,104,30.0
1787657482.34235,194,18.76,110,30.0
1787657482.4825583,196,18.56,111,30.0
1787657482.6798298,182,20.02,33,30.0
1787657482.8825912,171,21.33,182,20.02
1787657483.0914865,152,24.05,90,30.0
1787657483.2977002,155,23.58,33,30.0
1787657483.4371724,147,24.89,34,30.0
1787657483.6228147,145,25.24,35,30.0
1787657483.7802072,150,24.38,34,30.0
1787657483.9406035,167,21.86,28,30.0
1787657484.1176805,151,24.22,34,30.0
1787657484.2567005,161,22.69,29,30.0
1787657484.3974319,159,22.98,27,30.0
1787657484.540433,164,22.26,26,30.0
1787657484.6825788,169,21.59,22,30.0
1787657484.822666,170,21.46,19,30.0
1787657484.9625268,176,20.72,22,30.0
1787657485.1126223,192,18.96,11,30.0
1787657485.30096,191,19.06,6,30.0
1787657485.4386945,194,18.76,6,30.0
1787657485.5828328,201,18.09,81,30.0
1787657485.742849,206,17.64,116,30.0
1787657485.8817265,214,16.96,138,26.54
1787657486.0224738,205,17.73,152,24.05
1787657486.1765723,190,19.16,216,16.8
1787657486.3226318,38,30.0,241,15.02
1787657486.459466,26,30.0,252,14.34
1787657486.6029532,79,30.0,240,15.08
1787657486.762396,184,19.8,218,16.64
1787657486.90318,150,24.38,212,17.13
1787657487.0526807,140,26.15,201,18.09
1787657487.2228947,131,27.98,188,19.37
1787657487.3805096,148,24.72,194,18.76
1787657487.5192401,146,25.06,200,18.18
1787657487.8209426,213,17.04,192,18.96
1787657488.0073764,132,27.76,150,24.38
1787657488.162161,203,17.91,187,19.47
1787657488.612783,156,23.43,121,30.0
1787657488.7562017,135,27.14,127,28.87
1787657488.922642,135,27.14,117,30.0
1787657489.0769925,134,27.34,114,30.0
1787657489.2225244,131,27.98,127,28.87
1787657489.3825529,123,30.0,117,30.0
1787657489.5417144,118,30.0,123,30.0
1787657489.6815574,92,30.0,122,30.0
1787657489.838971,96,30.0,125,29.34
1787657489.9937098,111,30.0,127,28.87
1787657490.1623929,178,20.48,123,30.0
1787657490.3224356,256,14.11,123,30.0
1787657490.484143,302,11.9,133,27.55
1787657490.6328037,364,9.8,128,28.64
1787657490.8127234,731,4.67,134,27.34
1787657490.9801807,731,4.67,140,26.15
1787657491.1544938,731,4.67,148,24.72
1787657491.3027854,698,4.91,162,22.54
1787657491.4833305,580,5.99,176,20.72
1787657491.6424634,473,7.44,194,18.76
1787657491.79405,429,8.25,231,15.68
1787657491.9366157,393,9.05,248,14.58
1787657492.1012335,359,9.94,208,17.46
1787657492.2407846,330,10.85,139,26.34
1787657492.3725643,306,11.74,82,30.0
1787657492.5196009,288,12.5,64,30.0
1787657492.6723816,278,12.96,52,30.0
1787657492.8225048,279,12.91,39,30.0
1787657492.9825447,243,14.89,28,30.0
1787657493.1623206,225,16.11,28,30.0
1787657493.3007886,216,16.8,34,30.0
1787657493.4524806,200,18.18,34,30.0
1787657493.6426246,205,17.73,34,30.0
1787657493.7828255,195,18.66,28,30.0
1787657493.9387155,200,18.18,33,30.0
1787657494.0826597,206,17.64,37,30.0
1787657494.2326329,220,16.49,34,30.0
1787657494.4196575,220,16.49,34,30.0
1787657494.5524795,203,17.91,33,30.0
1787657494.6949492,197,18.46,34,30.0
1787657494.8390307,195,18.66,35,30.0
1787657494.9971893,196,18.56,34,30.0
1787657495.1424358,214,16.96,33,30.0
1787657495.2824259,238,15.21,33,30.0
1787657495.4324992,219,16.57,39,30.0
1787657495.5802186,207,17.55,28,30.0
1787657495.7230227,201,18.09,33,30.0
1787657495.8768923,194,18.76,27,30.0
1787657496.0429475,194,18.76,27,30.0
1787657496.2002778,200,18.18,33,30.0
1787657496.337576,215,16.88,34,30.0
1787657496.500264,222,16.34,28,30.0
1787657496.6382892,214,16.96,34,30.0
1787657496.7750263,199,18.27,33,30.0
1787657496.9627402,210,17.29,28,30.0
1787657497.1365585,183,19.91,28,30.0
1787657497.274642,190,19.16,35,30.0
1787657497.4327896,104,30.0,28,30.0
1787657497.5825837,45,30.0,28,30.0
1787657497.7601442,55,30.0,33,30.0
1787657497.8950849,86,30.0,34,30.0
1787657498.0424137,98,30.0,39,30.0
1787657498.177571,104,30.0,34,30.0
1787657498.3167155,105,30.0,36,30.0
1787657498.460429,103,30.0,33,30.0
1787657498.6025286,110,30.0,36,30.0
1787657498.7612085,110,30.0,28,30.0
1787657498.8967354,117,30.0,39,30.0
1787657499.0525482,117,30.0,34,30.0
1787657499.201049,146,25.06,32,30.0
1787657499.3401802,136,26.93,34,30.0
1787657499.49658,120,30.0,33,30.0
1787657499.6571572,151,24.22,28,30.0
1787657499.796175,146,25.06,39,30.0
1787657499.9407718,154,23.74,156,23.43
1787657500.1405866,147,24.89,28,30.0
1787657500.2810633,161,22.69,46,30.0
1787657500.4412644,143,25.59,30,30.0
1787657500.6025176,154,23.74,33,30.0
1787657500.7400723,153,23.89,28,30.0
1787657500.8790467,151,24.22,28,30.0
1787657501.0386353,161,22.69,28,30.0
1787657501.1774597,168,21.72,28,30.0
1787657501.3165107,166,21.99,34,30.0
1787657501.4847221,171,21.33,40,30.0
1787657501.6224751,201,18.09,34,30.0
1787657501.7623844,208,17.46,40,30.0
1787657501.9406037,194,18.76,34,30.0
1787657502.1023858,199,18.27,17,30.0
1787657502.2424932,203,17.91,28,30.0
1787657502.3824215,237,15.28,34,30.0
1787657502.5125246,247,14.64,33,30.0
1787657502.6763613,246,14.7,55,30.0
1787657502.8526416,226,16.04,114,30.0
1787657503.0126233,223,16.26,134,27.34
1787657503.1728265,201,18.09,152,24.05
1787657503.3205626,214,16.96,269,13.41
1787657503.462643,188,19.37,134,27.34
1787657503.6025965,192,18.96,133,27.55
1787657503.7730975,188,19.37,11,30.0
1787657503.9226694,200,18.18,140,26.15
1787657504.0826855,206,17.64,152,24.05
1787657504.2404523,213,17.04,98,30.0
1787657504.3825948,210,17.29,129,28.42
1787657504.5428288,201,18.09,119,30.0
1787657504.722535,201,18.09,147,24.89
1787657504.8586004,201,18.09,158,23.12
1787657504.9949808,194,18.76,116,30.0
1787657505.141976,213,17.04,104,30.0
1787657505.4133961,199,18.27,6,30.0
1787657505.6161356,201,18.09,111,30.0
1787657505.822753,196,18.56,52,30.0
1787657506.0374596,225,16.11,22,30.0
1787657506.198441,206,17.64,141,25.96
1787657506.6387565,207,17.55,128,28.64
1787657506.8432572,206,17.64,130,28.2
1787657506.982711,208,17.46,146,25.06
1787657507.2206626,208,17.46,6,30.0
1787657507.381025,204,17.82,6,30.0
1787657507.6812415,215,16.88,6,30.0
1787657507.8726218,208,17.46,183,19.91
1787657508.073634,207,17.55,89,30.0
1787657508.2805512,206,17.64,137,26.73
1787657508.5011544,213,17.04,6,30.0
1787657508.6587067,203,17.91,8,30.0
1787657509.1028533,205,17.73,114,30.0
1787657509.318201,225,16.11,6,30.0
1787657509.5026457,232,15.61,5,30.0
1787657509.6617358,225,16.11,11,30.0
1787657509.9166243,207,17.55,6,30.0
1787657510.060386,207,17.55,123,30.0
1787657510.2360952,206,17.64,111,30.0
1787657510.5340676,206,17.64,146,25.06
1787657510.678593,206,17.64,133,27.55
1787657553.3991883,194,18.76,194,18.76
1787657553.5385418,205,17.73,194,18.76
1787657553.74265,200,18.18,199,18.27
1787657553.9486876,200,18.18,193,18.85
1787657554.1526198,193,18.85,204,17.82
1787657554.5658116,200,18.18,185,19.69
1787657554.7685516,200,18.18,194,18.76
1787657554.9725869,201,18.09,195,18.66
1787657555.202755,200,18.18,199,18.27
1787657555.3606505,197,18.46,192,18.96
1787657555.586552,206,17.64,195,18.66
1787657555.732712,207,17.55,198,18.37
1787657556.0001347,200,18.18,204,17.82
1787657556.1587317,200,18.18,198,18.37
1787657556.4208686,204,17.82,195,18.66
1787657556.6138573,196,18.56,189,19.26
1787657557.0245152,207,17.55,204,17.82
1787657557.1626062,194,18.76,194,18.76
1787657557.6107655,209,17.38,188,19.37
1787657557.8337965,207,17.55,196,18.56
1787657558.0448089,203,17.91,193,18.85
1787657558.2501328,207,17.55,195,18.66
1787657558.4527175,209,17.38,196,18.56
1787657558.656014,206,17.64,194,18.76
1787657558.8026214,197,18.46,195,18.66
1787657558.9608622,205,17.73,194,18.76
1787657559.1961825,205,17.73,196,18.56
1787657559.3415818,201,18.09,195,18.66
1787657559.6961432,207,17.55,195,18.66
1787657559.8885021,215,16.88,197,18.46
1787657560.0376296,215,16.88,198,18.37
1787657560.218147,213,17.04,194,18.76
1787657560.503659,205,17.73,203,17.91
1787657560.7065628,204,17.82,187,19.47
1787657560.9136746,205,17.73,198,18.37
1787657561.1159723,203,17.91,196,18.56
1787657561.4927003,211,17.21,195,18.66
1787657561.7327712,199,18.27,194,18.76
1787657561.8643305,229,15.82,193,18.85
1787657562.1583438,206,17.64,196,18.56
1787657562.3206527,214,16.96,195,18.66
1787657562.5515327,214,16.96,199,18.27
1787657562.6812012,222,16.34,188,19.37
1787657562.813697,202,18.0,195,18.66
1787657562.952709,216,16.8,194,18.76
1787657563.1125448,208,17.46,207,17.55
1787657563.262708,213,17.04,218,16.64
1787657563.421236,220,16.49,218,16.64
1787657563.5594206,209,17.38,212,17.13
1787657563.717567,222,16.34,217,16.72
1787657563.876772,225,16.11,211,17.21
1787657564.0543313,271,13.31,211,17.21
1787657564.2000954,324,11.06,230,15.75
1787657564.3616092,352,10.15,248,14.58
1787657564.5423436,330,10.85,259,13.94
1787657564.7169812,208,17.46,280,12.87
1787657564.8568163,165,22.13,299,12.02
1787657565.0226686,150,24.38,298,12.06
1787657565.1604443,147,24.89,281,12.82
1787657565.2927945,105,30.0,281,12.82
1787657565.4527507,72,30.0,259,13.94
1787657565.6242518,69,30.0,230,15.75
1787657565.8238595,80,30.0,218,16.64
1787657565.9631593,86,30.0,220,16.49
1787657566.122454,84,30.0,194,18.76
1787657566.279139,92,30.0,188,19.37
1787657566.42258,101,30.0,193,18.85
1787657566.5812328,92,30.0,200,18.18
1787657566.7825253,92,30.0,217,16.72
1787657566.958363,98,30.0,231,15.68
1787657567.1368551,110,30.0,223,16.26
1787657567.282895,98,30.0,220,16.49
1787657567.4423919,99,30.0,200,18.18
1787657567.5824776,103,30.0,195,18.66
1787657567.8772557,99,30.0,194,18.76
1787657568.0759344,146,25.06,166,21.99
1787657568.293717,340,10.52,146,25.06
1787657568.490192,92,30.0,116,30.0
1787657568.6843717,92,30.0,135,27.14
1787657568.8203728,94,30.0,122,30.0
1787657568.954608,100,30.0,132,27.76
1787657569.123299,106,30.0,129,28.42
1787657569.2598615,96,30.0,136,26.93
1787657569.3973765,96,30.0,128,28.64
1787657569.5425115,96,30.0,135,27.14
1787657569.6999824,89,30.0,133,27.55
1787657569.8412266,98,30.0,132,27.76
1787657570.0009763,90,30.0,145,25.24
1787657570.1624863,93,30.0,140,26.15
1787657570.2970018,90,30.0,141,25.96
1787657570.4575694,105,30.0,148,24.72
1787657570.6193733,161,22.69,145,25.24
1787657570.8026967,273,13.21,156,23.43
1787657570.9525564,375,9.5,152,24.05
1787657571.101751,359,9.94,161,22.69
1787657571.2579384,311,11.54,173,21.08
1787657571.4002342,288,12.5,183,19.91
1787657571.5760715,275,13.11,200,18.18
1787657571.723147,242,14.95,212,17.13
1787657571.8732452,230,15.75,123,30.0
1787657572.0196507,219,16.57,188,19.37
1787657572.1615243,214,16.96,219,16.57
1787657572.319883,200,18.18,220,16.49
1787657572.4524143,199,18.27,224,16.19
1787657572.6224904,201,18.09,222,16.34
1787657572.8131568,213,17.04,238,15.21
1787657572.9724822,224,16.19,194,18.76
1787657573.1376355,231,15.68,113,30.0
1787657573.2786329,227,15.97,41,30.0
1787657573.4379227,216,16.8,28,30.0
1787657573.6204095,201,18.09,64,30.0
1787657573.8032563,192,18.96,82,30.0
1787657573.962642,189,19.26,96,30.0
1787657574.2225487,188,19.37,28,30.0
1787657574.4428544,206,17.64,105,30.0
1787657574.6403198,154,23.74,40,30.0
1787657574.8428564,149,24.55,34,30.0
1787657574.9923398,141,25.96,34,30.0
1787657575.1565435,138,26.54,34,30.0
1787657575.301527,142,25.78,27,30.0
1787657575.4448843,141,25.96,33,30.0
1787657575.5982754,144,25.41,34,30.0
1787657575.7393906,136,26.93,33,30.0
1787657575.892459,137,26.73,34,30.0
1787657576.0561619,143,25.59,28,30.0
1787657576.1965146,146,25.06,33,30.0
1787657576.334963,146,25.06,28,30.0
1787657576.480569,143,25.59,28,30.0
1787657576.6400836,129,28.42,23,30.0
1787657576.7767751,129,28.42,28,30.0
1787657576.9214997,135,27.14,14,30.0
1787657577.0597842,132,27.76,6,30.0
1787657577.1964812,117,30.0,6,30.0
1787657577.3326306,118,30.0,275,13.11
1787657577.5183172,124,30.0,293,12.28
1787657577.716697,57,30.0,340,10.52
1787657577.8561833,74,30.0,636,5.43
1787657577.995092,86,30.0,613,5.65
1787657578.1629093,151,24.22,547,6.38
1787657578.3267,149,24.55,480,7.33
1787657578.4930692,152,24.05,448,7.88
1787657578.6527278,157,23.27,401,8.86
1787657578.8024495,126,29.1,379,9.4
1787657578.961295,158,23.12,356,10.03
1787657579.092629,164,22.26,328,10.92
1787657579.3427598,147,24.89,311,11.54
1787657579.5608,108,30.0,212,17.13
1787657579.9590185,151,24.22,175,20.84
1787657580.1195781,129,28.42,117,30.0
1787657580.2579486,129,28.42,115,30.0
1787657580.4388359,135,27.14,122,30.0
1787657580.597759,147,24.89,120,30.0
1787657580.7585492,145,25.24,120,30.0
1787657580.920287,140,26.15,123,30.0
1787657581.0551667,129,28.42,123,30.0
1787657581.1963964,128,28.64,122,30.0
1787657581.3368351,104,30.0,133,27.55
1787657581.5007534,91,30.0,125,29.34
1787657581.6723342,91,30.0,127,28.87
1787657581.8163042,111,30.0,129,28.42
1787657581.960319,158,23.12,129,28.42
1787657582.11702,198,18.37,132,27.76
1787657582.2613263,246,14.7,132,27.76
1787657582.416046,274,13.16,122,30.0
1787657582.5675375,353,10.12,128,28.64
1787657582.7227705,557,6.26,134,27.34
1787657582.8724957,730,4.68,147,24.89
1787657583.019588,714,4.79,147,24.89
1787657583.157473,650,5.3,160,22.83
1787657583.323357,539,6.48,174,20.96
1787657583.4725714,457,7.72,186,19.58
1787657583.632788,394,9.02,194,18.76
1787657583.7728677,350,10.21,216,16.8
1787657583.939155,323,11.1,235,15.41
1787657584.0824194,306,11.74,284,12.68
1787657584.2561965,289,12.45,241,15.02
1787657584.4363086,265,13.62,177,20.6
1787657584.5725932,259,13.94,96,30.0
1787657584.7357466,229,15.82,52,30.0
1787657584.879966,216,16.8,42,30.0
1787657585.020672,206,17.64,28,30.0
1787657585.1623974,197,18.46,39,30.0
1787657585.3230214,198,18.37,34,30.0
1787657585.4952338,194,18.76,27,30.0
1787657585.6407676,203,17.91,34,30.0
1787657585.7935114,209,17.38,28,30.0
1787657585.9391634,214,16.96,28,30.0
1787657586.097963,216,16.8,34,30.0
1787657586.262757,214,16.96,33,30.0
1787657586.392777,194,18.76,28,30.0
1787657586.5556028,187,19.47,34,30.0
1787657586.7142413,181,20.13,34,30.0
1787657586.8635876,188,19.37,40,30.0
1787657587.0422251,196,18.56,33,30.0
1787657587.1970956,200,18.18,39,30.0
1787657587.3579013,226,16.04,34,30.0
1787657587.543606,215,16.88,34,30.0
1787657587.6776814,206,17.64,34,30.0
1787657587.8608525,215,16.88,34,30.0
1787657587.9960978,188,19.37,34,30.0
1787657588.1401339,188,19.37,34,30.0
1787657588.2765107,183,19.91,39,30.0
1787657588.4211922,185,19.69,34,30.0
1787657588.596447,215,16.88,33,30.0
1787657588.759488,194,18.76,34,30.0
1787657588.9425294,189,19.26,34,30.0
1787657589.102969,183,19.91,28,30.0
1787657589.2380815,192,18.96,34,30.0
1787657589.3817182,121,30.0,28,30.0
1787657589.5225224,33,30.0,34,30.0
1787657589.656225,45,30.0,33,30.0
1787657589.796567,80,30.0,34,30.0
1787657589.977337,104,30.0,33,30.0
1787657590.1223307,110,30.0,34,30.0
1787657590.2628994,110,30.0,28,30.0
1787657590.4011364,120,30.0,34,30.0
1787657590.5778842,116,30.0,28,30.0
1787657590.7125378,121,30.0,28,30.0
1787657590.8827713,129,28.42,37,30.0
1787657591.0425613,128,28.64,34,30.0
1787657591.2228603,135,27.14,27,30.0
1787657591.3594396,147,24.89,34,30.0
1787657591.6340237,163,22.4,39,30.0
1787657591.7777607,142,25.78,76,30.0
1787657592.0426633,147,24.89,75,30.0
1787657592.200143,138,26.54,28,30.0
1787657592.3372364,141,25.96,40,30.0
1787657592.4827044,139,26.34,39,30.0
1787657592.6168358,147,24.89,34,30.0
1787657592.762573,143,25.59,33,30.0
1787657592.8954053,147,24.89,31,30.0
1787657593.036379,139,26.34,28,30.0
1787657593.1789622,151,24.22,28,30.0
1787657593.3379393,151,24.22,23,30.0
1787657593.476946,162,22.54,27,30.0
1787657593.6621892,166,21.99,34,30.0
1787657593.801257,164,22.26,34,30.0
1787657593.9613695,185,19.69,47,30.0
1787657594.1161692,167,21.86,45,30.0
1787657594.2802293,176,20.72,17,30.0
1787657594.4226744,210,17.29,51,30.0
1787657594.57987,207,17.55,57,30.0
1787657594.7169008,200,18.18,26,30.0
1787657594.8605444,200,18.18,57,30.0
1787657595.0224674,210,17.29,82,30.0
1787657595.1806474,208,17.46,105,30.0
1787657595.3194757,224,16.19,116,30.0
1787657595.4570148,219,16.57,120,30.0
1787657595.6025565,205,17.73,99,30.0
1787657595.7362814,196,18.56,188,19.37
1787657595.896223,219,16.57,186,19.58
1787657596.0384238,188,19.37,6,30.0
1787657596.1777248,182,20.02,110,30.0
1787657596.3539724,191,19.06,134,27.34
1787657596.5027907,189,19.26,64,30.0
1787657596.6524482,194,18.76,92,30.0
1787657596.8004155,199,18.27,130,28.2
1787657596.976768,219,16.57,133,27.55
1787657597.165419,219,16.57,6,30.0
1787657597.3625548,221,16.41,6,30.0
1787657597.5179348,218,16.64,6,30.0
1787657597.8045146,219,16.57,2,30.0
1787657598.1846423,225,16.11,6,30.0
1787657598.3196867,225,16.11,6,30.0
1787657598.5559256,225,16.11,153,23.89
1787657598.7207735,225,16.11,142,25.78
1787657598.8828192,234,15.48,136,26.93
1787657599.2088754,236,15.34,160,22.83
1787657599.4146504,224,16.19,139,26.34
1787657599.636914,226,16.04,258,14.0
1787657599.8033729,225,16.11,6,30.0
1787657599.935955,226,16.04,6,30.0
1787657600.2326748,225,16.11,6,30.0
1787657600.372842,225,16.11,103,30.0
1787657600.5226283,225,16.11,135,27.14
1787657600.6775856,231,15.68,124,30.0
1787657600.8225272,227,15.97,135,27.14
1787657601.0538795,225,16.11,112,30.0
1787657601.2559075,247,14.64,158,23.12
1787657601.3998456,224,16.19,85,30.0
1787657601.5627952,225,16.11,129,28.42
1787657601.7228868,231,15.68,102,30.0
1787657601.872626,227,15.97,40,30.0
1787657602.072453,227,15.97,6,30.0
1787657602.2158613,224,16.19,6,30.0
1787657602.3808057,240,15.08,6,30.0
1787657602.5170846,225,16.11,6,30.0
1787657602.6965513,224,16.19,11,30.0
1787657602.8606167,229,15.82,6,30.0
1787657603.042903,225,16.11,6,30.0
1787657612.9426968,225,16.11,171,21.33
1787657613.080111,210,17.29,172,21.21
1787657613.359376,204,17.82,171,21.33
1787657613.5164044,214,16.96,173,21.08
1787657613.761238,209,17.38,179,20.36
1787657613.9009562,232,15.61,179,20.36
1787657614.3653173,200,18.18,170,21.46
1787657614.4950838,196,18.56,172,21.21
1787657614.9767482,212,17.13,179,20.36
1787657615.1926613,216,16.8,169,21.59
1787657615.3417287,203,17.91,171,21.33
1787657615.501796,213,17.04,171,21.33
1787657615.7962961,214,16.96,176,20.72
1787657616.0100322,211,17.21,171,21.33
1787657616.2039058,212,17.13,170,21.46
1787657616.3372846,200,18.18,169,21.59
1787657616.5032318,206,17.64,165,22.13
1787657616.8264084,201,18.09,170,21.46
1787657617.024729,210,17.29,168,21.72
1787657617.18268,197,18.46,175,20.84
1787657617.4341655,204,17.82,179,20.36
1787657617.6395924,206,17.64,171,21.33
1787657617.7827213,202,18.0,172,21.21
1787657617.9429655,205,17.73,174,20.96
1787657618.252877,209,17.38,171,21.33
1787657618.4627542,209,17.38,172,21.21
1787657618.6627626,197,18.46,167,21.86
1787657618.8705564,209,17.38,170,21.46
1787657619.0826752,204,17.82,175,20.84
1787657619.279703,214,16.96,178,20.48
1787657619.4829242,212,17.13,182,20.02
1787657619.6826768,206,17.64,177,20.6
1787657619.8945367,209,17.38,173,21.08
1787657620.0984492,214,16.96,176,20.72
1787657620.3027537,213,17.04,183,19.91
1787657620.4392743,205,17.73,180,20.25
1787657620.622452,193,18.85,170,21.46
1787657620.9207237,208,17.46,164,22.26
1787657621.0568078,221,16.41,170,21.46
1787657621.1923187,214,16.96,168,21.72
1787657621.542609,214,16.96,170,21.46
1787657621.9393997,206,17.64,168,21.72
1787657622.122384,206,17.64,170,21.46
1787657622.2824876,208,17.46,174,20.96
1787657622.4191408,214,16.96,186,19.58
1787657622.5704362,213,17.04,189,19.26
1787657622.7240934,209,17.38,194,18.76
1787657622.8605223,225,16.11,207,17.55
1787657623.0228636,260,13.89,214,16.96
1787657623.168019,295,12.19,232,15.61
1787657623.322421,346,10.33,242,14.95
1787657623.503026,358,9.97,253,14.28
1787657623.6592748,288,12.5,266,13.56
1787657623.8024385,175,20.84,287,12.54
1787657623.9395344,167,21.86,298,12.06
1787657624.0728033,154,23.74,298,12.06
1787657624.2378798,149,24.55,276,13.06
1787657624.3801289,111,30.0,260,13.89
1787657624.512719,96,30.0,230,15.75
1787657624.6632674,80,30.0,222,16.34
1787657624.8425796,80,30.0,212,17.13
1787657625.0089257,92,30.0,200,18.18
1787657625.1633995,97,30.0,194,18.76
1787657625.3228376,87,30.0,194,18.76
1787657625.456367,81,30.0,201,18.09
1787657625.6406255,87,30.0,212,17.13
1787657625.7940323,93,30.0,223,16.26
1787657625.9424303,94,30.0,225,16.11
1787657626.1424823,89,30.0,211,17.21
1787657626.281173,101,30.0,207,17.55
1787657626.4174566,124,30.0,200,18.18
1787657626.5830734,100,30.0,194,18.76
1787657626.7376146,96,30.0,200,18.18
1787657626.8834643,101,30.0,207,17.55
1787657627.269739,76,30.0,200,18.18
1787657627.4197605,254,14.23,188,19.37
1787657627.6815526,96,30.0,110,30.0
1787657627.812637,91,30.0,119,30.0
1787657627.9663332,92,30.0,121,30.0
1787657628.1634111,91,30.0,109,30.0
1787657628.299552,110,30.0,111,30.0
1787657628.4802186,92,30.0,107,30.0
1787657628.640544,93,30.0,111,30.0
1787657628.8203924,89,30.0,116,30.0
1787657628.9594593,93,30.0,125,29.34
1787657629.1426215,91,30.0,122,30.0
1787657629.2958474,99,30.0,117,30.0
1787657629.4429104,114,30.0,122,30.0
1787657629.5824077,161,22.69,123,30.0
1787657629.7125773,225,16.11,137,26.73
1787657629.8629174,302,11.9,128,28.64
1787657630.0002909,330,10.85,137,26.73
1787657630.1388474,313,11.46,129,28.42
1787657630.2828212,265,13.62,142,25.78
1787657630.4366193,242,14.95,147,24.89
1787657630.5825083,223,16.26,155,23.58
1787657630.7334254,216,16.8,164,22.26
1787657630.8796036,192,18.96,171,21.33
1787657631.0418303,207,17.55,182,20.02
1787657631.1829276,188,19.37,182,20.02
1787657631.3627331,180,20.25,213,17.04
1787657631.5232284,164,22.26,236,15.34
1787657631.6626246,162,22.54,242,14.95
1787657631.8230078,166,21.99,242,14.95
1787657631.982538,173,21.08,247,14.64
1787657632.112581,176,20.72,217,16.72
1787657632.2639382,176,20.72,148,24.72
1787657632.4007983,182,20.02,51,30.0
1787657632.5803742,189,19.26,18,30.0
1787657632.7200263,182,20.02,17,30.0
1787657632.8788812,185,19.69,51,30.0
1787657633.0429251,193,18.85,81,30.0
1787657633.2028174,200,18.18,87,30.0
1787657633.4201257,171,21.33,147,24.89
1787657633.5625246,80,30.0,79,30.0
1787657633.8204634,166,21.99,206,17.64
1787657633.9582849,146,25.06,34,30.0
1787657634.1002045,150,24.38,33,30.0
1787657634.2370048,149,24.55,34,30.0
1787657634.3760378,141,25.96,33,30.0
1787657634.5270116,143,25.59,34,30.0
1787657634.6626909,141,25.96,35,30.0
1787657634.7991042,173,21.08,34,30.0
1787657634.952718,141,25.96,34,30.0
1787657635.1182501,147,24.89,34,30.0
1787657635.3000824,149,24.55,38,30.0
1787657635.4425926,150,24.38,34,30.0
1787657635.5834,150,24.38,33,30.0
1787657635.7223911,158,23.12,34,30.0
1787657635.872697,158,23.12,33,30.0
1787657636.015552,170,21.46,28,30.0
1787657636.1626527,165,22.13,22,30.0
1787657636.3190575,158,23.12,27,30.0
1787657636.4627447,158,23.12,22,30.0
1787657636.6126819,154,23.74,8,30.0
1787657636.7940857,27,30.0,6,30.0
1787657636.9625907,38,30.0,230,15.75
1787657637.114722,86,30.0,258,14.0
1787657637.2607512,136,26.93,260,13.89
1787657637.4224758,141,25.96,247,14.64
1787657637.5828137,220,16.49,243,14.89
1787657637.7362523,163,22.4,223,16.26
1787657637.9228685,147,24.89,229,15.82
1787657638.082992,156,23.43,207,17.55
1787657638.2352011,191,19.06,201,18.09
1787657638.5368924,143,25.59,177,20.6
1787657638.732883,213,17.04,131,27.98
1787657638.9367487,178,20.48,140,26.15
1787657639.0992756,111,30.0,117,30.0
1787657639.2924984,134,27.34,121,30.0
1787657639.5027473,124,30.0,122,30.0
1787657639.6583424,80,30.0,121,30.0
1787657639.8223906,80,30.0,128,28.64
1787657639.962431,125,29.34,129,28.42
1787657640.121134,153,23.89,131,27.98
1787657640.276366,181,20.13,129,28.42
1787657640.416511,220,16.49,127,28.87
1787657640.601286,239,15.14,129,28.42
1787657640.7601125,289,12.45,138,26.54
1787657640.901891,364,9.8,140,26.15
1787657641.0627499,576,6.04,166,21.99
1787657641.1973073,601,5.77,158,23.12
1787657641.35285,512,6.85,172,21.21
1787657641.5163958,433,8.17,182,20.02
1787657641.6826649,381,9.34,197,18.46
1787657641.842437,329,10.89,212,17.13
1787657642.0025826,293,12.28,229,15.82
1787657642.162495,279,12.91,259,13.94
1787657642.296923,254,14.23,288,12.5
1787657642.4824839,238,15.21,321,11.17
1787657642.6403,237,15.28,310,11.58
1787657642.7810733,242,14.95,264,13.67
1787657642.9175036,248,14.58,159,22.98
1787657643.0827541,253,14.28,101,30.0
1787657643.2420895,246,14.7,75,30.0
1787657643.3935273,231,15.68,40,30.0
1787657643.5807335,232,15.61,33,30.0
1787657643.7324681,200,18.18,45,30.0
1787657643.8928216,199,18.27,34,30.0
1787657644.0390105,188,19.37,39,30.0
1787657644.2024214,194,18.76,34,30.0
1787657644.3624263,200,18.18,28,30.0
1787657644.522432,216,16.8,33,30.0
1787657644.6826189,214,16.96,33,30.0
1787657644.8409138,196,18.56,34,30.0
1787657644.9728756,196,18.56,34,30.0
1787657645.1598275,183,19.91,34,30.0
1787657645.3426034,194,18.76,34,30.0
1787657645.523883,201,18.09,28,30.0
1787657645.682636,200,18.18,34,30.0
1787657645.8432543,210,17.29,35,30.0
1787657645.9791353,206,17.64,34,30.0
1787657646.1454387,207,17.55,34,30.0
1787657646.2824862,206,17.64,34,30.0
1787657646.4624765,206,17.64,28,30.0
1787657646.6023374,203,17.91,34,30.0
1787657646.736139,195,18.66,33,30.0
1787657646.882403,194,18.76,34,30.0
1787657647.0433495,200,18.18,34,30.0
1787657647.222535,201,18.09,34,30.0
1787657647.3631458,194,18.76,34,30.0
1787657647.502817,134,27.34,27,30.0
1787657647.652811,32,30.0,33,30.0
1787657647.8226373,54,30.0,34,30.0
1787657647.962504,100,30.0,26,30.0
1787657648.1027544,110,30.0,34,30.0
1787657648.2824807,110,30.0,33,30.0
1787657648.4229038,118,30.0,34,30.0
1787657648.582436,122,30.0,28,30.0
1787657648.7174633,134,27.34,34,30.0
1787657648.8850236,141,25.96,34,30.0
1787657649.032553,142,25.78,34,30.0
1787657649.1797004,141,25.96,28,30.0
1787657649.362982,147,24.89,28,30.0
1787657649.5231476,156,23.43,34,30.0
1787657649.6634526,159,22.98,34,30.0
1787657650.0227997,132,27.76,6,30.0
1787657650.2128496,146,25.06,150,24.38
1787657650.4065585,153,23.89,35,30.0
1787657650.5957403,141,25.96,63,30.0
1787657650.7640104,138,26.54,58,30.0
1787657650.912941,141,25.96,58,30.0
1787657651.072878,141,25.96,52,30.0
1787657651.2211118,141,25.96,45,30.0
1787657651.365191,141,25.96,46,30.0
1787657651.5250757,141,25.96,40,30.0
1787657651.6623728,139,26.34,40,30.0
1787657651.823172,142,25.78,39,30.0
1787657651.9617314,141,25.96,28,30.0
1787657652.103013,141,25.96,23,30.0
1787657652.2605426,141,25.96,34,30.0
1787657652.4228098,151,24.22,27,30.0
1787657652.6038516,129,28.42,33,30.0
1787657652.7825055,165,22.13,38,30.0
1787657652.9650671,147,24.89,34,30.0
1787657653.124395,151,24.22,17,30.0
1787657653.3125205,156,23.43,22,30.0
1787657653.462524,168,21.72,34,30.0
1787657653.602918,159,22.98,40,30.0
1787657653.7439642,175,20.84,39,30.0
1787657653.9008365,170,21.46,88,30.0
1787657654.0831537,177,20.6,81,30.0
1787657654.2441828,191,19.06,6,30.0
1787657654.4229662,188,19.37,6,30.0
1787657654.5628603,193,18.85,145,25.24
1787657654.7227366,200,18.18,87,30.0
1787657654.8629184,205,17.73,134,27.34
1787657655.0164638,213,17.04,124,30.0
1787657655.1627364,215,16.88,146,25.06
1787657655.3025358,206,17.64,134,27.34
1787657655.4427514,195,18.66,6,30.0
1787657655.5827627,194,18.76,6,30.0
1787657655.742499,192,18.96,6,30.0
1787657655.935914,198,18.37,17,30.0
1787657656.1028354,195,18.66,104,30.0
1787657656.3448784,199,18.27,21,30.0
1787657656.5528717,199,18.27,150,24.38
1787657656.7562342,200,18.18,6,30.0
1787657656.95377,201,18.09,372,9.58
1787657657.1628044,200,18.18,123,30.0
1787657657.362699,200,18.18,149,24.55
1787657657.7828026,201,18.09,159,22.98
1787657657.9850352,198,18.37,134,27.34
1787657658.122721,200,18.18,144,25.41
1787657658.393005,197,18.46,131,27.98
1787657658.5998664,206,17.64,253,14.28
1787657658.816993,201,18.09,117,30.0
1787657659.0125523,202,18.0,199,18.27
1787657659.2143636,200,18.18,6,30.0
1787657659.4186459,207,17.55,150,24.38
1787657659.5629222,200,18.18,134,27.34
1787657659.70268,197,18.46,152,24.05
1787657659.8628676,201,18.09,156,23.43
1787657660.0304427,219,16.57,87,30.0
1787657660.2386703,221,16.41,88,30.0
1787657660.4433599,221,16.41,140,26.15
1787657660.6441445,200,18.18,9,30.0
1787657660.777718,206,17.64,6,30.0
1787657661.2641852,210,17.29,133,27.55
1787657661.4026234,206,17.64,121,30.0
1787657661.5633876,200,18.18,124,30.0
1787657663.9227738,210,17.29,51,30.0
1787657664.08284,197,18.46,143,25.59
1787657664.539774,200,18.18,6,30.0
1787657664.6835625,206,17.64,6,30.0
1787657664.8444636,200,18.18,6,30.0
1787657665.1625102,204,17.82,7,30.0
1787657665.3360884,202,18.0,6,30.0
1787657665.5428102,208,17.46,7,30.0
1787657665.765869,201,18.09,168,21.72
1787657665.9027529,199,18.27,155,23.58
1787657666.0628524,200,18.18,140,26.15
1787657666.342731,200,18.18,259,13.94
1787657666.5030303,202,18.0,105,30.0
1787657666.6631896,199,18.27,127,28.87
1787657666.8225117,199,18.27,69,30.0
1787657667.0026593,207,17.55,259,13.94
1787657667.1606448,202,18.0,194,18.76
1787657667.3362412,200,18.18,150,24.38
1787657667.622617,202,18.0,5,30.0
1787657667.812714,224,16.19,6,30.0
1787657668.0166502,217,16.72,6,30.0
1787657668.1628087,211,17.21,304,11.82
1787657668.3429244,201,18.09,148,24.72
1787657668.6327057,200,18.18,135,27.14
1787657668.782759,199,18.27,344,10.39
1787657668.9425685,203,17.91,14,30.0
1787657669.22488,201,18.09,177,20.6
1787657669.4743674,198,18.37,145,25.24
1787657669.656404,211,17.21,310,11.58
1787657669.8629398,201,18.09,99,30.0
1787657670.068124,209,17.38,134,27.34
1787657670.2825983,201,18.09,138,26.54
1787657670.4427571,203,17.91,69,30.0
1787657670.5848002,193,18.85,631,5.48
1787657670.884353,207,17.55,6,30.0
1787657671.0926626,200,18.18,6,30.0
1787657671.2225993,198,18.37,391,9.09
1787657671.38248,200,18.18,6,30.0
1787657671.7225134,197,18.46,221,16.41
1787657671.8636327,200,18.18,154,23.74
1787657672.0231833,197,18.46,91,30.0
1787657672.3205473,196,18.56,14,30.0
1787657672.5249367,204,17.82,58,30.0
1787657672.68249,210,17.29,6,30.0
1787657672.8228424,206,17.64,6,30.0
1787657672.962412,204,17.82,135,27.14
1787657673.0989857,194,18.76,149,24.55
1787657673.237855,199,18.27,135,27.14
1787657673.3828058,194,18.76,129,28.42
1787657673.5545666,218,16.64,171,21.33
1787657673.7624605,208,17.46,46,30.0
1787657674.162967,162,22.54,88,30.0
1787657674.3028498,195,18.66,111,30.0
1787657674.575978,198,18.37,117,30.0
1787657674.725123,179,20.36,57,30.0
1787657675.0030437,202,18.0,197,18.46
1787657675.1627448,191,19.06,226,16.04
1787657675.2976804,199,18.27,6,30.0
1787657675.8028965,211,17.21,6,30.0
1787657675.96294,181,20.13,102,30.0
1787657676.102655,179,20.36,112,30.0
1787657676.4425,201,18.09,52,30.0
1787657676.623344,206,17.64,6,30.0
1787657676.8428092,233,15.55,125,29.34
1787657677.002431,195,18.66,111,30.0
1787657677.142613,198,18.37,134,27.34
1787657677.4230118,207,17.55,11,30.0
1787657677.6627147,228,15.9,134,27.34
1787657677.8505545,219,16.57,153,23.89
1787657678.0569696,229,15.82,158,23.12
1787657678.2591918,238,15.21,6,30.0
1787657678.6624255,231,15.68,147,24.89
1787657678.8745556,224,16.19,140,26.15
1787657679.0427601,227,15.97,9,30.0
1787657679.299067,234,15.48,157,23.27
1787657679.4428663,228,15.9,147,24.89
1787657679.602638,225,16.11,142,25.78
1787657679.8968654,225,16.11,111,30.0
1787657680.114725,225,16.11,145,25.24
1787657680.3025892,229,15.82,153,23.89
1787657680.4626818,225,16.11,138,26.54
1787657680.602879,219,16.57,143,25.59
1787657680.9431105,224,16.19,132,27.76
1787657681.0976548,229,15.82,116,30.0
1787657681.3402855,228,15.9,144,25.41
1787657681.536932,225,16.11,7,30.0
1787657681.6816041,241,15.02,414,8.57
1787657681.8224247,226,16.04,6,30.0
1787657682.1455302,233,15.55,17,30.0
1787657682.3527107,226,16.04,132,27.76
1787657682.7649307,224,16.19,123,30.0
1787657682.9826884,221,16.41,99,30.0
1787657683.141046,226,16.04,45,30.0
1787657683.2986224,221,16.41,260,13.89
1787657722.9225535,153,23.89,236,15.34
1787657723.1051078,147,24.89,235,15.41
1787657723.3127234,144,25.41,236,15.34
1787657723.716561,165,22.13,242,14.95
1787657723.9257877,141,25.96,242,14.95
1787657724.1333647,141,25.96,237,15.28
1787657724.3365073,141,25.96,235,15.41
1787657724.562694,170,21.46,235,15.41
1787657724.7225447,141,25.96,236,15.34
1787657724.8825183,146,25.06,233,15.55
1787657725.0364807,141,25.96,239,15.14
1787657725.2005053,169,21.59,236,15.34
1787657725.3831646,146,25.06,236,15.34
1787657725.5725412,154,23.74,235,15.41
1787657725.7725298,162,22.54,235,15.41
1787657725.9738579,141,25.96,244,14.83
1787657726.2024758,141,25.96,234,15.48
1787657726.402816,141,25.96,236,15.34
1787657726.5926988,139,26.34,235,15.41
1787657726.795415,144,25.41,235,15.41
1787657726.9400687,141,25.96,233,15.55
1787657727.2066362,141,25.96,241,15.02
1787657727.4205334,148,24.72,242,14.95
1787657727.5769322,140,26.15,234,15.48
1787657727.742634,140,26.15,243,14.89
1787657728.0268693,141,25.96,238,15.21
1787657728.2284784,152,24.05,235,15.41
1787657728.38271,141,25.96,236,15.34
1787657728.5773914,143,25.59,236,15.34
1787657728.8445454,141,25.96,235,15.41
1787657729.0427096,141,25.96,234,15.48
1787657729.2016532,141,25.96,241,15.02
1787657729.3630009,140,26.15,235,15.41
1787657729.6734147,152,24.05,235,15.41
1787657729.868779,141,25.96,235,15.41
1787657730.0226064,142,25.78,237,15.28
1787657730.2816184,147,24.89,236,15.34
1787657730.4829953,149,24.55,236,15.34
1787657730.6887121,146,25.06,235,15.41
1787657730.892858,143,25.59,232,15.61
1787657731.3028972,141,25.96,236,15.34
1787657731.4606779,169,21.59,235,15.41
1787657731.6010115,151,24.22,235,15.41
1787657731.7729025,144,25.41,237,15.28
1787657732.3294258,147,24.89,238,15.21
1787657732.536001,150,24.38,236,15.34
1787657732.6957216,147,24.89,236,15.34
1787657732.8620856,146,25.06,236,15.34
1787657733.1513214,140,26.15,236,15.34
1787657733.3245735,143,25.59,238,15.21
1787657733.4525282,118,30.0,230,15.75
1787657733.622964,194,18.76,218,16.64
1787657733.7804778,206,17.64,201,18.09
1787657733.9167619,200,18.18,197,18.46
1787657734.0763175,126,29.1,194,18.76
1787657734.2168007,185,19.69,200,18.18
1787657734.362337,217,16.72,215,16.88
1787657734.5117536,203,17.91,214,16.96
1787657734.6807623,206,17.64,211,17.21
1787657734.8404818,215,16.88,194,18.76
1787657734.9804893,221,16.41,188,19.37
1787657735.1185606,200,18.18,190,19.16
1787657735.2627773,199,18.27,193,18.85
1787657735.4003386,213,17.04,213,17.04
1787657735.5399454,235,15.41,217,16.72
1787657735.7028327,241,15.02,218,16.64
1787657735.8825097,272,13.26,229,15.82
1787657736.022914,317,11.32,241,15.02
1787657736.160156,352,10.15,258,14.0
1787657736.2944584,352,10.15,278,12.96
1787657736.4427276,239,15.14,275,13.11
1787657736.582694,170,21.46,292,12.32
1787657736.7628906,167,21.86,287,12.54
1787657736.9025598,162,22.54,270,13.36
1787657737.0429175,138,26.54,258,14.0
1787657737.1924345,84,30.0,252,14.34
1787657737.3367453,93,30.0,229,15.82
1787657737.501178,87,30.0,224,16.19
1787657737.6628141,87,30.0,206,17.64
1787657737.8005614,92,30.0,195,18.66
1787657737.9627616,86,30.0,194,18.76
1787657738.1214428,95,30.0,199,18.27
1787657738.260801,92,30.0,211,17.21
1787657738.41705,91,30.0,218,16.64
1787657738.5726376,102,30.0,211,17.21
1787657738.7171874,98,30.0,206,17.64
1787657738.877043,98,30.0,199,18.27
1787657739.0426204,112,30.0,199,18.27
1787657739.2124841,99,30.0,206,17.64
1787657739.363146,104,30.0,226,16.04
1787657739.5227375,101,30.0,224,16.19
1787657739.7026806,115,30.0,218,16.64
1787657739.8627517,105,30.0,206,17.64
1787657740.1076806,97,30.0,238,15.21
1787657740.2607448,134,27.34,228,15.9
1787657740.7228782,178,20.48,111,30.0
1787657740.9366815,92,30.0,111,30.0
1787657741.134684,97,30.0,105,30.0
1787657741.3347726,98,30.0,117,30.0
1787657741.5425239,98,30.0,108,30.0
1787657741.752926,92,30.0,102,30.0
1787657741.9192595,101,30.0,108,30.0
1787657742.0829122,92,30.0,107,30.0
1787657742.240612,112,30.0,114,30.0
1787657742.3809583,116,30.0,111,30.0
1787657742.5198312,92,30.0,107,30.0
1787657742.6793683,91,30.0,121,30.0
1787657742.81806,94,30.0,111,30.0
1787657742.9580767,89,30.0,111,30.0
1787657743.0968843,83,30.0,115,30.0
1787657743.2789018,92,30.0,117,30.0
1787657743.4224374,92,30.0,114,30.0
1787657743.5727015,100,30.0,120,30.0
1787657743.7418985,94,30.0,125,29.34
1787657743.922685,92,30.0,136,26.93
1787657744.0814075,98,30.0,128,28.64
1787657744.2425458,123,30.0,120,30.0
1787657744.3943613,165,22.13,122,30.0
1787657744.5534701,233,15.55,123,30.0
1787657744.699821,301,11.94,129,28.42
1787657744.8385203,335,10.68,134,27.34
1787657744.9853778,295,12.19,134,27.34
1787657745.1194735,276,13.06,145,25.24
1787657745.297731,241,15.02,164,22.26
1787657745.4626465,213,17.04,169,21.59
1787657745.6161072,200,18.18,176,20.72
1787657745.7599697,188,19.37,181,20.13
1787657745.9161685,182,20.02,203,17.91
1787657746.0760407,170,21.46,206,17.64
1787657746.221573,171,21.33,211,17.21
1787657746.3625321,178,20.48,219,16.57
1787657746.537364,182,20.02,212,17.13
1787657746.6829855,196,18.56,223,16.26
1787657746.8750045,188,19.37,229,15.82
1787657747.0226035,200,18.18,164,22.26
1787657747.1805396,215,16.88,90,30.0
1787657747.3175874,204,17.82,27,30.0
1787657747.4811141,194,18.76,24,30.0
1787657747.657496,190,19.16,52,30.0
1787657747.8006868,194,18.76,69,30.0
1787657747.9417686,200,18.18,87,30.0
1787657748.2990556,196,18.56,121,30.0
1787657748.4359846,147,24.89,107,30.0
1787657748.721042,165,22.13,33,30.0
1787657748.8806274,149,24.55,33,30.0
1787657749.032405,141,25.96,34,30.0
1787657749.2186844,147,24.89,33,30.0
1787657749.376036,148,24.72,33,30.0
1787657749.5495973,146,25.06,34,30.0
1787657749.6994107,151,24.22,31,30.0
1787657749.8634737,150,24.38,34,30.0
1787657750.0190194,152,24.05,34,30.0
1787657750.1578515,163,22.4,33,30.0
1787657750.2993808,164,22.26,33,30.0
1787657750.442346,162,22.54,28,30.0
1787657750.5812132,171,21.33,28,30.0
1787657750.7588122,171,21.33,28,30.0
1787657750.8934808,176,20.72,22,30.0
1787657751.044668,186,19.58,22,30.0
1787657751.1970704,191,19.06,28,30.0
1787657751.3803988,182,20.02,27,30.0
1787657751.5325055,173,21.08,6,30.0
1787657751.719737,40,30.0,6,30.0
1787657751.864877,13,30.0,182,20.02
1787657752.040288,174,20.96,217,16.72
1787657752.2003498,144,25.41,228,15.9
1787657752.3402357,161,22.69,235,15.41
1787657752.4796042,156,23.43,227,15.97
1787657752.6384726,146,25.06,212,17.13
1787657752.778469,141,25.96,202,18.0
1787657752.9177387,180,20.25,200,18.18
1787657753.067125,154,23.74,200,18.18
1787657753.2209864,160,22.83,197,18.46
1787657753.425872,147,24.89,183,19.91
1787657753.5818868,117,30.0,158,23.12
1787657753.7159467,220,16.49,48,30.0
1787657753.9574127,177,20.6,145,25.24
1787657754.0970821,110,30.0,115,30.0
1787657754.2618651,132,27.76,131,27.98
1787657754.4527135,106,30.0,131,27.98
1787657754.6075473,102,30.0,122,30.0
1787657754.7608855,81,30.0,132,27.76
1787657754.8993936,121,30.0,139,26.34
1787657755.0383136,155,23.58,129,28.42
1787657755.177807,186,19.58,141,25.96
1787657755.3373663,206,17.64,134,27.34
1787657755.4986835,236,15.34,138,26.54
1787657755.6525767,277,13.01,137,26.73
1787657755.792862,335,10.68,136,26.93
1787657755.9427986,513,6.83,141,25.96
1787657756.0737565,713,4.8,153,23.89
1787657756.2323773,607,5.71,155,23.58
1787657756.4045043,507,6.92,171,21.33
1787657756.5530272,428,8.27,186,19.58
1787657756.6930025,387,9.19,195,18.66
1787657756.8366632,336,10.65,206,17.64
1787657756.981704,311,11.54,231,15.68
1787657757.1631541,290,12.41,254,14.23
1787657757.3211825,260,13.89,281,12.82
1787657757.4785812,264,13.67,322,11.13
1787657757.6408763,237,15.28,298,12.06
1787657757.7967715,242,14.95,217,16.72
1787657757.941337,242,14.95,118,30.0
1787657758.081612,243,14.89,93,30.0
1787657758.240096,233,15.55,52,30.0
1787657758.4040213,213,17.04,39,30.0
1787657758.5524044,220,16.49,33,30.0
1787657758.71245,199,18.27,34,30.0
1787657758.8765197,177,20.6,32,30.0
1787657759.042816,183,19.91,35,30.0
1787657759.2224548,182,20.02,40,30.0
1787657759.3819346,189,19.26,35,30.0
1787657759.5415187,189,19.26,27,30.0
1787657759.6944852,194,18.76,34,30.0
1787657759.8625088,204,17.82,28,30.0
1787657759.992814,201,18.09,34,30.0
1787657760.1626902,205,17.73,34,30.0
1787657760.2993846,220,16.49,33,30.0
1787657760.4735906,218,16.64,38,30.0
1787657760.6596062,213,17.04,28,30.0
1787657760.8129454,198,18.37,39,30.0
1787657760.9763067,181,20.13,34,30.0
1787657761.158633,182,20.02,34,30.0
1787657761.31248,188,19.37,34,30.0
1787657761.4526353,202,18.0,34,30.0
1787657761.5995939,194,18.76,34,30.0
1787657761.7597747,202,18.0,37,30.0
1787657761.8943286,210,17.29,28,30.0
1787657762.0427058,213,17.04,34,30.0
1787657762.176702,199,18.27,40,30.0
1787657762.3192263,194,18.76,34,30.0
1787657762.476675,153,23.89,28,30.0
1787657762.6427917,38,30.0,34,30.0
1787657762.8011026,44,30.0,34,30.0
1787657762.9404554,93,30.0,29,30.0
1787657763.0766654,110,30.0,27,30.0
1787657763.2234464,122,30.0,28,30.0
1787657763.377138,119,30.0,34,30.0
1787657763.5234833,118,30.0,38,30.0
1787657763.6767585,123,30.0,27,30.0
1787657763.858583,143,25.59,27,30.0
1787657763.9936676,139,26.34,34,30.0
1787657764.156232,149,24.55,28,30.0
1787657764.3224418,147,24.89,33,30.0
1787657764.4728835,157,23.27,28,30.0
1787657764.6134079,153,23.89,32,30.0
1787657764.8836055,159,22.98,34,30.0
1787657765.0560658,153,23.89,46,30.0
1787657765.296457,150,24.38,136,26.93
1787657765.5169427,153,23.89,40,30.0
1787657765.6759102,150,24.38,57,30.0
1787657765.8389354,147,24.89,52,30.0
1787657766.0039344,154,23.74,57,30.0
1787657766.1369634,163,22.4,52,30.0
1787657766.2986276,159,22.98,45,30.0
1787657766.4403734,164,22.26,39,30.0
1787657766.5796149,178,20.48,40,30.0
1787657766.7207375,177,20.6,39,30.0
1787657766.858148,175,20.84,34,30.0
1787657767.02253,182,20.02,34,30.0
1787657767.2032733,188,19.37,33,30.0
1787657767.361232,199,18.27,41,30.0
1787657767.5211687,205,17.73,45,30.0
1787657767.700914,228,15.9,46,30.0
1787657767.853188,249,14.52,40,30.0
1787657767.997203,241,15.02,17,30.0
1787657768.1412847,226,16.04,22,30.0
1787657768.293899,205,17.73,27,30.0
1787657768.459016,214,16.96,39,30.0
1787657768.6403315,196,18.56,57,30.0
1787657768.792869,218,16.64,99,30.0
1787657768.9326422,185,19.69,230,15.75
1787657769.1003187,202,18.0,8,30.0
1787657769.262702,192,18.96,5,30.0
1787657769.3930578,189,19.26,148,24.72
1787657769.5326462,189,19.26,118,30.0
1787657769.6926453,205,17.73,158,23.12
1787657769.8386023,187,19.47,153,23.89
1787657769.9765363,187,19.47,93,30.0
1787657770.1333668,182,20.02,87,30.0
1787657770.3069673,182,20.02,93,30.0
1787657770.4399133,180,20.25,6,30.0
1787657770.6403444,194,18.76,115,30.0
1787657770.776651,198,18.37,310,11.58
1787657770.912661,201,18.09,6,30.0
1787657771.1139128,203,17.91,76,30.0
1787657771.442553,201,18.09,135,27.14
1787657771.647431,206,17.64,198,18.37
1787657771.8597417,206,17.64,6,30.0
1787657772.0167158,209,17.38,146,25.06
1787657772.1584756,206,17.64,135,27.14
1787657772.4675643,221,16.41,139,26.34
1787657772.6700206,206,17.64,153,23.89
1787657772.8767526,206,17.64,133,27.55
1787657773.0924785,210,17.29,99,30.0
1787657773.2829077,212,17.13,116,30.0
1787657773.4879017,204,17.82,146,25.06
1787657773.69446,207,17.55,162,22.54
1787657773.902951,210,17.29,141,25.96
1787657774.1186154,206,17.64,123,30.0
1787657774.314825,214,16.96,6,30.0
1787657774.4770396,207,17.55,6,30.0
1787657774.9237342,216,16.8,152,24.05
1787657775.1398668,216,16.8,136,26.93
1787657775.5374796,213,17.04,490,7.17
1787657775.743569,210,17.29,92,30.0
1787657775.9426749,211,17.21,158,23.12
1787657776.1424375,213,17.04,151,24.22
1787657776.357499,213,17.04,74,30.0
1787657776.5777497,214,16.96,128,28.64
1787657821.8579621,126,29.1,224,16.19
1787657822.035653,114,30.0,223,16.26
1787657822.2321627,118,30.0,233,15.55
1787657822.37465,117,30.0,224,16.19
1787657822.6568813,117,30.0,224,16.19
1787657822.8141704,114,30.0,224,16.19
1787657823.254518,118,30.0,223,16.26
1787657823.4493818,117,30.0,231,15.68
1787657823.6628764,119,30.0,224,16.19
1787657823.8436203,116,30.0,221,16.41
1787657824.0727425,120,30.0,223,16.26
1787657824.282703,121,30.0,222,16.34
1787657824.4613194,123,30.0,224,16.19
1787657824.615359,124,30.0,229,15.82
1787657824.892707,129,28.42,224,16.19
1787657825.1083777,126,29.1,224,16.19
1787657825.3040786,118,30.0,223,16.26
1787657825.4705217,129,28.42,224,16.19
1787657825.7127464,116,30.0,224,16.19
1787657826.122963,117,30.0,223,16.26
1787657826.3276165,125,29.34,220,16.49
1787657826.473266,136,26.93,224,16.19
1787657826.7360077,118,30.0,230,15.75
1787657826.9596357,120,30.0,223,16.26
1787657827.0984914,124,30.0,223,16.26
1787657827.4829125,118,30.0,226,16.04
1787657827.7563207,129,28.42,225,16.11
1787657827.9728732,126,29.1,221,16.41
1787657828.1701708,118,30.0,225,16.11
1787657828.5013602,121,30.0,224,16.19
1787657828.7863665,114,30.0,220,16.49
1787657828.9927156,123,30.0,223,16.26
1787657829.1948757,120,30.0,229,15.82
1787657829.3928711,122,30.0,223,16.26
1787657829.5337565,117,30.0,224,16.19
1787657829.697414,123,30.0,224,16.19
1787657830.0155714,121,30.0,223,16.26
1787657830.1567807,121,30.0,228,15.9
1787657830.4328787,117,30.0,230,15.75
1787657830.6264348,121,30.0,223,16.26
1787657830.8324864,124,30.0,223,16.26
1787657831.0393054,125,29.34,230,15.75
1787657831.2199008,113,30.0,232,15.61
1787657831.372867,194,18.76,215,16.88
1787657831.5365734,219,16.57,200,18.18
1787657831.694945,200,18.18,195,18.66
1787657831.840357,116,30.0,193,18.85
1787657831.9762883,188,19.37,200,18.18
1787657832.1195836,212,17.13,205,17.73
1787657832.2572362,194,18.76,200,18.18
1787657832.4178514,205,17.73,206,17.64
1787657832.5778387,206,17.64,203,17.91
1787657832.7627838,214,16.96,200,18.18
1787657832.9166672,214,16.96,194,18.76
1787657833.0556285,223,16.26,200,18.18
1787657833.2183394,220,16.49,223,16.26
1787657833.3963385,224,16.19,230,15.75
1787657833.5525157,254,14.23,224,16.19
1787657833.6969244,298,12.06,219,16.57
1787657833.840043,361,9.88,218,16.64
1787657833.9926782,394,9.02,236,15.34
1787657834.172561,297,12.11,247,14.64
1787657834.3325472,187,19.47,259,13.94
1787657834.4929225,172,21.21,264,13.67
1787657834.6570652,165,22.13,270,13.36
1787657834.7926955,156,23.43,268,13.46
1787657834.9587624,93,30.0,251,14.4
1787657835.096905,82,30.0,218,16.64
1787657835.2583435,75,30.0,208,17.46
1787657835.4400306,86,30.0,200,18.18
1787657835.5725558,106,30.0,199,18.27
1787657835.712449,96,30.0,203,17.91
1787657835.8733902,89,30.0,204,17.82
1787657836.0168338,89,30.0,218,16.64
1787657836.1563575,84,30.0,223,16.26
1787657836.3177361,98,30.0,218,16.64
1787657836.4739308,104,30.0,206,17.64
1787657836.6175349,100,30.0,194,18.76
1787657836.7783296,98,30.0,205,17.73
1787657836.9390824,100,30.0,208,17.46
1787657837.0784483,101,30.0,205,17.73
1787657837.2365108,120,30.0,211,17.21
1787657837.3928232,103,30.0,206,17.64
1787657837.5346825,74,30.0,211,17.21
1787657838.0007882,99,30.0,210,17.29
1787657838.2126164,151,24.22,196,18.56
1787657838.409127,97,30.0,111,30.0
1787657838.5569327,93,30.0,116,30.0
1787657838.6954067,92,30.0,123,30.0
1787657838.8326626,91,30.0,114,30.0
1787657838.976421,93,30.0,122,30.0
1787657839.1326773,97,30.0,124,30.0
1787657839.3128576,91,30.0,122,30.0
1787657839.4580822,103,30.0,135,27.14
1787657839.619039,92,30.0,128,28.64
1787657839.7773473,92,30.0,127,28.87
1787657839.917936,92,30.0,127,28.87
1787657840.097734,100,30.0,131,27.98
1787657840.2528503,99,30.0,135,27.14
1787657840.3976076,115,30.0,134,27.34
1787657840.5389364,153,23.89,134,27.34
1787657840.7165253,237,15.28,133,27.55
1787657840.8729668,301,11.94,141,25.96
1787657841.038234,318,11.28,143,25.59
1787657841.1768484,254,14.23,147,24.89
1787657841.317171,227,15.97,152,24.05
1787657841.45756,213,17.04,165,22.13
1787657841.5982196,229,15.82,175,20.84
1787657841.7526922,190,19.16,183,19.91
1787657841.9382603,182,20.02,194,18.76
1787657842.0740352,173,21.08,197,18.46
1787657842.215963,170,21.46,222,16.34
1787657842.3772707,171,21.33,211,17.21
1787657842.5164108,175,20.84,212,17.13
1787657842.6574738,182,20.02,218,16.64
1787657842.8171527,185,19.69,253,14.28
1787657842.958525,220,16.49,211,17.21
1787657843.093976,200,18.18,146,25.06
1787657843.25291,196,18.56,57,30.0
1787657843.3925247,195,18.66,22,30.0
1787657843.537153,207,17.55,34,30.0
1787657843.672963,205,17.73,51,30.0
1787657843.8365016,222,16.34,70,30.0
1787657843.9989052,205,17.73,87,30.0
1787657844.1581752,206,17.64,100,30.0
1787657844.3531258,201,18.09,121,30.0
1787657844.623422,189,19.26,81,30.0
1787657844.9652023,164,22.26,141,25.96
1787657845.1184232,152,24.05,33,30.0
1787657845.2566943,151,24.22,34,30.0
1787657845.4144018,179,20.36,34,30.0
1787657845.577477,150,24.38,33,30.0
1787657845.7364218,162,22.54,33,30.0
1787657845.8945043,160,22.83,34,30.0
1787657846.0570934,163,22.4,34,30.0
1787657846.2160745,172,21.21,34,30.0
1787657846.3746784,172,21.21,27,30.0
1787657846.5410542,193,18.85,27,30.0
1787657846.6930428,186,19.58,28,30.0
1787657846.8364563,191,19.06,27,30.0
1787657846.9744575,194,18.76,22,30.0
1787657847.1129198,209,17.38,22,30.0
1787657847.2564342,214,16.96,22,30.0
1787657847.4367282,217,16.72,22,30.0
1787657847.6187735,200,18.18,28,30.0
1787657847.778211,176,20.72,14,30.0
1787657847.938891,181,20.13,6,30.0
1787657848.0769138,21,30.0,6,30.0
1787657848.2360058,7,30.0,235,15.41
1787657848.3729131,75,30.0,236,15.34
1787657848.5174458,135,27.14,237,15.28
1787657848.676365,58,30.0,229,15.82
1787657848.8352382,140,26.15,212,17.13
1787657848.9967537,148,24.72,200,18.18
1787657849.1526568,146,25.06,194,18.76
1787657849.312903,80,30.0,188,19.37
1787657849.465263,146,25.06,188,19.37
1787657849.6844618,147,24.89,194,18.76
1787657849.8927212,141,25.96,156,23.43
1787657850.0974894,221,16.41,157,23.27
1787657850.282827,186,19.58,105,30.0
1787657850.436592,123,30.0,110,30.0
1787657850.5752404,138,26.54,107,30.0
1787657850.7526402,130,28.2,125,29.34
1787657850.9163327,93,30.0,117,30.0
1787657851.077107,80,30.0,123,30.0
1787657851.2130535,86,30.0,125,29.34
1787657851.3755887,142,25.78,129,28.42
1787657851.5463872,158,23.12,129,28.42
1787657851.7133806,203,17.91,123,30.0
1787657851.856229,248,14.58,122,30.0
1787657852.0168116,260,13.89,121,30.0
1787657852.1776083,312,11.5,135,27.14
1787657852.35669,432,8.19,141,25.96
1787657852.5125365,731,4.67,146,25.06
1787657852.6587698,656,5.25,152,24.05
1787657852.8180876,540,6.47,163,22.4
1787657852.9731348,455,7.76,184,19.8
1787657853.1155531,400,8.88,197,18.46
1787657853.2979884,347,10.3,211,17.21
1787657853.455623,306,11.74,229,15.82
1787657853.593901,290,12.41,253,14.28
1787657853.737219,265,13.62,280,12.87
1787657853.9162722,249,14.52,315,11.39
1787657854.0588143,243,14.89,295,12.19
1787657854.2378516,254,14.23,218,16.64
1787657854.3964663,268,13.46,122,30.0
1787657854.5588834,260,13.89,87,30.0
1787657854.7426095,238,15.21,45,30.0
1787657854.9179945,219,16.57,40,30.0
1787657855.0727944,205,17.73,34,30.0
1787657855.2525854,201,18.09,34,30.0
1787657855.418174,213,17.04,34,30.0
1787657855.5561419,185,19.69,34,30.0
1787657855.6941302,188,19.37,33,30.0
1787657855.8784983,198,18.37,28,30.0
1787657856.0145345,213,17.04,34,30.0
1787657856.1528213,194,18.76,33,30.0
1787657856.3166149,194,18.76,33,30.0
1787657856.453798,188,19.37,28,30.0
1787657856.5925968,201,18.09,39,30.0
1787657856.7368827,206,17.64,28,30.0
1787657856.8728604,206,17.64,27,30.0
1787657857.0572636,216,16.8,34,30.0
1787657857.2171586,203,17.91,33,30.0
1787657857.3784916,200,18.18,33,30.0
1787657857.516387,200,18.18,34,30.0
1787657857.6845596,210,17.29,34,30.0
1787657857.8378694,213,17.04,34,30.0
1787657857.972607,207,17.55,34,30.0
1787657858.1335475,201,18.09,34,30.0
1787657858.2780168,195,18.66,28,30.0
1787657858.416299,198,18.37,34,30.0
1787657858.556459,203,17.91,33,30.0
1787657858.716218,193,18.85,34,30.0
1787657858.8778834,194,18.76,34,30.0
1787657859.0365996,143,25.59,28,30.0
1787657859.1966352,32,30.0,34,30.0
1787657859.3553588,58,30.0,28,30.0
1787657859.5181708,118,30.0,28,30.0
1787657859.653257,111,30.0,34,30.0
1787657859.8125846,116,30.0,34,30.0
1787657859.9761002,117,30.0,34,30.0
1787657860.1152012,132,27.76,28,30.0
1787657860.2983503,133,27.55,34,30.0
1787657860.452803,149,24.55,27,30.0
1787657860.595533,138,26.54,28,30.0
1787657860.732744,167,21.86,34,30.0
1787657860.9164705,167,21.86,22,30.0
1787657861.0566018,147,24.89,28,30.0
1787657861.213057,149,24.55,33,30.0
1787657861.756783,104,30.0,64,30.0
1787657861.8929706,170,21.46,22,30.0
1787657862.1776083,153,23.89,62,30.0
1787657862.3376274,153,23.89,51,30.0
1787657862.4928315,153,23.89,52,30.0
1787657862.656335,153,23.89,52,30.0
1787657862.8163946,167,21.86,52,30.0
1787657862.9554229,165,22.13,51,30.0
1787657863.0961752,180,20.25,47,30.0
1787657863.2560534,179,20.36,45,30.0
1787657863.4136405,184,19.8,46,30.0
1787657863.5523689,182,20.02,39,30.0
1787657863.6963878,208,17.46,39,30.0
1787657863.838954,194,18.76,45,30.0
1787657863.995919,203,17.91,38,30.0
1787657864.152804,201,18.09,40,30.0
1787657864.323715,214,16.96,40,30.0
1787657864.483305,225,16.11,28,30.0
1787657864.6565683,222,16.34,39,30.0
1787657864.793012,214,16.96,22,30.0
1787657864.9563308,195,18.66,26,30.0
1787657865.093024,189,19.26,34,30.0
1787657865.257237,182,20.02,40,30.0
1787657865.3944917,188,19.37,51,30.0
1787657865.5563657,205,17.73,82,30.0
1787657865.7151191,204,17.82,120,30.0
1787657865.8728817,217,16.72,125,29.34
1787657866.0175705,210,17.29,152,24.05
1787657866.1729996,206,17.64,109,30.0
1787657866.3364394,195,18.66,146,25.06
1787657866.4980335,200,18.18,122,30.0
1787657866.652634,199,18.27,132,27.76
1787657866.817099,200,18.18,140,26.15
1787657866.9545326,206,17.64,105,30.0
1787657867.1346483,212,17.13,161,22.69
1787657867.482819,219,16.57,144,25.41
1787657867.842834,227,15.97,39,30.0
1787657868.1062143,225,16.11,104,30.0
1787657868.3074577,227,15.97,141,25.96
1787657868.5127609,238,15.21,139,26.34
1787657868.7324731,236,15.34,153,23.89
1787657868.9228213,241,15.02,6,30.0
1787657869.0576594,249,14.52,429,8.25
1787657869.2184675,246,14.7,509,6.89
1787657869.5425239,238,15.21,6,30.0
1787657869.742776,239,15.14,6,30.0
1787657869.9534125,237,15.28,141,25.96
1787657870.3529632,237,15.28,6,30.0
1787657870.5138066,236,15.34,39,30.0
1787657870.7763155,236,15.34,144,25.41
1787657870.9180858,238,15.21,144,25.41
1787657871.1728837,246,14.7,134,27.34
1787657871.3978012,236,15.34,130,28.2
1787657871.5972357,240,15.08,183,19.91
1787657871.7585108,238,15.21,147,24.89
1787657872.203104,236,15.34,6,30.0
1787657872.4128277,237,15.28,118,30.0
1787657872.816609,243,14.89,7,30.0
1787657873.0227473,256,14.11,151,24.22
1787657873.2228527,237,15.28,144,25.41
